split_name,document_id,origin_class,generation_channel,prob_ai,decision_ai,C
holdout_author,human_hard_rusltc_0001,H,,0.0159988492,0,0.1
holdout_author,human_hard_rusltc_0002,H,,0.0013296446,0,0.1
holdout_author,human_hard_rusltc_0003,H,,0.0312843519,0,0.1
holdout_author,human_hard_rusltc_0004,H,,0.1003837491,0,0.1
holdout_author,human_hard_rusltc_0005,H,,0.0000753991,0,0.1
holdout_author,human_hard_rusltc_0006,H,,0.0083650302,0,0.1
holdout_author,human_hard_rusltc_0007,H,,0.0011675518,0,0.1
holdout_author,human_hard_rusltc_0008,H,,0.0046710469,0,0.1
holdout_author,human_hard_rusltc_0009,H,,0.0246041734,0,0.1
holdout_author,human_hard_rusltc_0010,H,,0.0084447789,0,0.1
holdout_author,human_hard_rusltc_0011,H,,0.0156439578,0,0.1
holdout_author,human_hard_rusltc_0012,H,,0.0668327331,0,0.1
holdout_author,human_hard_rusltc_0013,H,,0.6141464590,1,0.1
holdout_author,human_hard_rusltc_0014,H,,0.0286226679,0,0.1
holdout_author,human_hard_rusltc_0015,H,,0.0325672897,0,0.1
holdout_author,human_hard_rusltc_0016,H,,0.1691915460,0,0.1
holdout_author,human_hard_rusltc_0017,H,,0.2018618319,0,0.1
holdout_author,human_hard_rusltc_0018,H,,0.0398752114,0,0.1
holdout_author,human_hard_rusltc_0019,H,,0.0038161456,0,0.1
holdout_author,human_hard_rusltc_0020,H,,0.0029308703,0,0.1
holdout_author,human_hard_rusltc_0021,H,,0.0546503605,0,0.1
holdout_author,human_hard_rusltc_0022,H,,0.1127124328,0,0.1
holdout_author,human_hard_rusltc_0023,H,,0.1084566301,0,0.1
holdout_author,human_hard_rusltc_0024,H,,0.0300046731,0,0.1
holdout_author,human_hard_rusltc_0025,H,,0.1012289458,0,0.1
holdout_author,human_hard_rusltc_0026,H,,0.3249658895,0,0.1
holdout_author,human_hard_rusltc_0027,H,,0.0760394812,0,0.1
holdout_author,human_hard_rusltc_0028,H,,0.0010689022,0,0.1
holdout_author,human_hard_rusltc_0029,H,,0.3341198284,0,0.1
holdout_author,human_hard_rusltc_0030,H,,0.0018559006,0,0.1
holdout_author,human_hard_rusltc_0031,H,,0.0055010266,0,0.1
holdout_author,human_hard_rusltc_0032,H,,0.0004485443,0,0.1
holdout_author,human_hard_rusltc_0033,H,,0.0017420540,0,0.1
holdout_author,human_hard_rusltc_0034,H,,0.0202418359,0,0.1
holdout_author,human_hard_rusltc_0035,H,,0.2674677279,0,0.1
holdout_author,human_hard_rusltc_0036,H,,0.1629803447,0,0.1
holdout_author,human_hard_rusltc_0037,H,,0.1035229972,0,0.1
holdout_author,human_hard_rusltc_0038,H,,0.0183031434,0,0.1
holdout_author,human_hard_rusltc_0039,H,,0.0010400875,0,0.1
holdout_author,human_hard_rusltc_0040,H,,0.0195990004,0,0.1
holdout_author,human_hard_rusltc_0041,H,,0.0323440452,0,0.1
holdout_author,human_hard_rusltc_0042,H,,0.0000032885,0,0.1
holdout_author,human_hard_rusltc_0043,H,,0.0613311497,0,0.1
holdout_author,human_hard_rusltc_0044,H,,0.2229505265,0,0.1
holdout_author,human_hard_rusltc_0045,H,,0.0126064856,0,0.1
holdout_author,human_hard_rusltc_0046,H,,0.1329845637,0,0.1
holdout_author,human_hard_rusltc_0047,H,,0.0839534875,0,0.1
holdout_author,human_hard_rusltc_0048,H,,0.1100145413,0,0.1
holdout_author,human_hard_rusltc_0049,H,,0.0002207863,0,0.1
holdout_author,human_hard_rusltc_0050,H,,0.0045415694,0,0.1
holdout_author,human_hard_rusltc_0051,H,,0.0060550608,0,0.1
holdout_author,human_hard_rusltc_0052,H,,0.6721241470,1,0.1
holdout_author,human_hard_rusltc_0053,H,,0.0633094785,0,0.1
holdout_author,human_hard_rusltc_0054,H,,0.0010250785,0,0.1
holdout_author,human_hard_rusltc_0055,H,,0.0582199561,0,0.1
holdout_author,human_hard_rusltc_0056,H,,0.1605299960,0,0.1
holdout_author,human_hard_rusltc_0057,H,,0.0003182336,0,0.1
holdout_author,human_hard_rusltc_0058,H,,0.0452900040,0,0.1
holdout_author,human_hard_rusltc_0059,H,,0.0119638831,0,0.1
holdout_author,human_hard_rusltc_0060,H,,0.0223351220,0,0.1
holdout_author,human_hard_rusltc_0061,H,,0.0025876512,0,0.1
holdout_author,human_hard_rusltc_0062,H,,0.0664569930,0,0.1
holdout_author,human_hard_rusltc_0063,H,,0.0599867157,0,0.1
holdout_author,human_hard_rusltc_0064,H,,0.7529929176,1,0.1
holdout_author,human_hard_rusltc_0065,H,,0.0017087137,0,0.1
holdout_author,human_hard_rusltc_0066,H,,0.1225535545,0,0.1
holdout_author,human_hard_rusltc_0067,H,,0.0102628379,0,0.1
holdout_author,human_hard_rusltc_0068,H,,0.0000154530,0,0.1
holdout_author,human_hard_rusltc_0069,H,,0.0856519347,0,0.1
holdout_author,human_hard_rusltc_0070,H,,0.1872721525,0,0.1
holdout_author,human_hard_rusltc_0071,H,,0.0092710260,0,0.1
holdout_author,human_hard_rusltc_0072,H,,0.1265465945,0,0.1
holdout_author,human_hard_rusltc_0073,H,,0.0623789507,0,0.1
holdout_author,human_news_buriy_2014_0001,H,,0.0010730104,0,0.1
holdout_author,human_news_buriy_2014_0002,H,,0.0005807613,0,0.1
holdout_author,human_news_buriy_2014_0003,H,,0.0017448709,0,0.1
holdout_author,human_news_buriy_2014_0004,H,,0.0000563618,0,0.1
holdout_author,human_news_buriy_2014_0005,H,,0.0189054848,0,0.1
holdout_author,human_news_buriy_2014_0006,H,,0.0001114758,0,0.1
holdout_author,human_news_buriy_2014_0007,H,,0.0077236877,0,0.1
holdout_author,human_news_buriy_2014_0008,H,,0.0144203821,0,0.1
holdout_author,human_news_buriy_2014_0009,H,,0.0033809285,0,0.1
holdout_author,human_news_buriy_2014_0010,H,,0.0000048365,0,0.1
holdout_author,human_news_buriy_2014_0011,H,,0.0009230603,0,0.1
holdout_author,human_news_buriy_2014_0012,H,,0.0013350187,0,0.1
holdout_author,human_news_buriy_2014_0013,H,,0.0137640112,0,0.1
holdout_author,human_news_buriy_2014_0014,H,,0.0060444665,0,0.1
holdout_author,human_news_buriy_2014_0015,H,,0.0005852065,0,0.1
holdout_author,human_news_buriy_2014_0016,H,,0.0004226340,0,0.1
holdout_author,human_news_buriy_2014_0017,H,,0.3758197990,0,0.1
holdout_author,human_news_buriy_2014_0018,H,,0.0032075315,0,0.1
holdout_author,human_news_buriy_2014_0019,H,,0.0040510003,0,0.1
holdout_author,human_news_buriy_2014_0020,H,,0.0000503340,0,0.1
holdout_author,human_news_buriy_2014_0021,H,,0.3026932669,0,0.1
holdout_author,human_news_buriy_2014_0022,H,,0.0002404893,0,0.1
holdout_author,human_news_buriy_2014_0023,H,,0.0000214450,0,0.1
holdout_author,human_news_buriy_2014_0024,H,,0.0013340471,0,0.1
holdout_author,human_news_buriy_2014_0025,H,,0.0012388436,0,0.1
holdout_author,human_news_buriy_2014_0026,H,,0.0026438680,0,0.1
holdout_author,human_news_buriy_2014_0027,H,,0.0022130446,0,0.1
holdout_author,human_news_buriy_2014_0028,H,,0.0002267810,0,0.1
holdout_author,human_news_buriy_2014_0029,H,,0.0007120929,0,0.1
holdout_author,human_news_buriy_2014_0030,H,,0.0281473815,0,0.1
holdout_author,human_news_buriy_2014_0031,H,,0.0023119862,0,0.1
holdout_author,human_news_buriy_2014_0032,H,,0.0014196671,0,0.1
holdout_author,human_news_buriy_2014_0033,H,,0.0038840022,0,0.1
holdout_author,human_news_buriy_2014_0034,H,,0.0167918389,0,0.1
holdout_author,human_news_buriy_2014_0035,H,,0.0002768929,0,0.1
holdout_author,human_news_buriy_2014_0036,H,,0.0045912444,0,0.1
holdout_author,human_news_buriy_2014_0037,H,,0.0007487793,0,0.1
holdout_author,human_news_buriy_2014_0038,H,,0.0002318315,0,0.1
holdout_author,human_news_buriy_2014_0039,H,,0.0030584238,0,0.1
holdout_author,human_news_buriy_2014_0040,H,,0.0025399673,0,0.1
holdout_author,human_news_buriy_2014_0041,H,,0.0456903553,0,0.1
holdout_author,human_news_buriy_2014_0042,H,,0.0002398851,0,0.1
holdout_author,human_news_buriy_2014_0043,H,,0.0108440296,0,0.1
holdout_author,human_news_buriy_2014_0044,H,,0.0039970153,0,0.1
holdout_author,human_news_buriy_2014_0045,H,,0.0005898546,0,0.1
holdout_author,human_news_buriy_2014_0046,H,,0.0022958938,0,0.1
holdout_author,human_news_buriy_2014_0047,H,,0.0007515560,0,0.1
holdout_author,human_news_buriy_2014_0048,H,,0.0007187937,0,0.1
holdout_author,human_news_buriy_2014_0049,H,,0.0000232825,0,0.1
holdout_author,human_news_buriy_2014_0050,H,,0.0061487567,0,0.1
holdout_author,human_news_buriy_2014_0051,H,,0.6490100789,1,0.1
holdout_author,human_news_buriy_2014_0052,H,,0.0001945005,0,0.1
holdout_author,human_news_buriy_2014_0053,H,,0.0000164271,0,0.1
holdout_author,human_news_buriy_2014_0054,H,,0.1447288939,0,0.1
holdout_author,human_news_buriy_2014_0055,H,,0.0000523655,0,0.1
holdout_author,human_news_buriy_2014_0056,H,,0.2306836348,0,0.1
holdout_author,human_news_buriy_2014_0057,H,,0.0003994832,0,0.1
holdout_author,human_news_buriy_2014_0058,H,,0.0164072966,0,0.1
holdout_author,human_news_buriy_2014_0059,H,,0.0004928343,0,0.1
holdout_author,human_news_buriy_2014_0060,H,,0.0004132743,0,0.1
holdout_author,human_news_gazeta_0001,H,,0.0091058971,0,0.1
holdout_author,human_news_gazeta_0002,H,,0.2922010417,0,0.1
holdout_author,human_news_gazeta_0003,H,,0.2634967300,0,0.1
holdout_author,human_news_gazeta_0004,H,,0.0159174158,0,0.1
holdout_author,human_news_gazeta_0005,H,,0.0008761021,0,0.1
holdout_author,human_news_gazeta_0006,H,,0.0019788427,0,0.1
holdout_author,human_news_gazeta_0007,H,,0.0014055428,0,0.1
holdout_author,human_news_gazeta_0008,H,,0.0148886296,0,0.1
holdout_author,human_news_gazeta_0009,H,,0.0021795876,0,0.1
holdout_author,human_news_gazeta_0010,H,,0.0673405116,0,0.1
holdout_author,human_news_gazeta_0011,H,,0.0001846965,0,0.1
holdout_author,human_news_gazeta_0012,H,,0.0054939462,0,0.1
holdout_author,human_news_gazeta_0013,H,,0.0365176684,0,0.1
holdout_author,human_news_gazeta_0014,H,,0.0000398189,0,0.1
holdout_author,human_news_gazeta_0015,H,,0.0430153221,0,0.1
holdout_author,human_news_gazeta_0016,H,,0.0002495720,0,0.1
holdout_author,human_news_gazeta_0017,H,,0.0837164841,0,0.1
holdout_author,human_news_gazeta_0018,H,,0.0305298603,0,0.1
holdout_author,human_news_gazeta_0019,H,,0.0003734503,0,0.1
holdout_author,human_news_gazeta_0020,H,,0.0003447540,0,0.1
holdout_author,human_news_gazeta_0021,H,,0.0102529536,0,0.1
holdout_author,human_news_gazeta_0022,H,,0.0364701978,0,0.1
holdout_author,human_news_gazeta_0023,H,,0.0004637004,0,0.1
holdout_author,human_news_gazeta_0024,H,,0.0025240462,0,0.1
holdout_author,human_news_gazeta_0025,H,,0.0048968591,0,0.1
holdout_author,human_news_gazeta_0026,H,,0.0016236228,0,0.1
holdout_author,human_news_gazeta_0027,H,,0.0035609373,0,0.1
holdout_author,human_news_gazeta_0028,H,,0.0005775944,0,0.1
holdout_author,human_news_gazeta_0029,H,,0.0151047898,0,0.1
holdout_author,human_news_gazeta_0030,H,,0.4860010834,0,0.1
holdout_author,human_news_gazeta_0031,H,,0.0511927082,0,0.1
holdout_author,human_news_gazeta_0032,H,,0.0034330457,0,0.1
holdout_author,human_news_gazeta_0033,H,,0.0106772134,0,0.1
holdout_author,human_news_gazeta_0034,H,,0.1377350541,0,0.1
holdout_author,human_news_gazeta_0035,H,,0.0539775321,0,0.1
holdout_author,human_news_gazeta_0036,H,,0.0038698993,0,0.1
holdout_author,human_news_gazeta_0037,H,,0.1587034046,0,0.1
holdout_author,human_news_gazeta_0038,H,,0.4237673821,0,0.1
holdout_author,human_news_gazeta_0039,H,,0.0211464932,0,0.1
holdout_author,human_news_gazeta_0040,H,,0.0298224948,0,0.1
holdout_author,human_news_gazeta_0041,H,,0.0005965776,0,0.1
holdout_author,human_news_gazeta_0042,H,,0.0152715703,0,0.1
holdout_author,human_news_gazeta_0043,H,,0.0715445322,0,0.1
holdout_author,human_news_gazeta_0044,H,,0.0028759469,0,0.1
holdout_author,human_news_gazeta_0045,H,,0.0030757542,0,0.1
holdout_author,human_news_gazeta_0046,H,,0.0002987012,0,0.1
holdout_author,human_news_gazeta_0047,H,,0.0072450591,0,0.1
holdout_author,human_news_gazeta_0048,H,,0.1878391827,0,0.1
holdout_author,human_news_gazeta_0049,H,,0.0944174263,0,0.1
holdout_author,human_news_gazeta_0050,H,,0.0123300846,0,0.1
holdout_author,human_news_gazeta_0051,H,,0.0023816958,0,0.1
holdout_author,human_news_gazeta_0052,H,,0.1373227380,0,0.1
holdout_author,human_news_gazeta_0053,H,,0.0339739542,0,0.1
holdout_author,human_news_gazeta_0054,H,,0.0246636479,0,0.1
holdout_author,human_news_gazeta_0055,H,,0.0010845239,0,0.1
holdout_author,human_news_gazeta_0056,H,,0.0041076318,0,0.1
holdout_author,human_news_gazeta_0057,H,,0.1054471254,0,0.1
holdout_author,human_news_gazeta_0058,H,,0.0091306653,0,0.1
holdout_author,human_news_gazeta_0059,H,,0.0062418176,0,0.1
holdout_author,human_news_gazeta_0060,H,,0.0005427450,0,0.1
holdout_author,human_news_lenta_0001,H,,0.0691331544,0,0.1
holdout_author,human_news_lenta_0002,H,,0.0025411712,0,0.1
holdout_author,human_news_lenta_0004,H,,0.0680598924,0,0.1
holdout_author,human_news_lenta_0007,H,,0.0000000000,0,0.1
holdout_author,human_news_lenta_0009,H,,0.0003829785,0,0.1
holdout_author,human_news_lenta_0010,H,,0.0000000007,0,0.1
holdout_author,human_news_lenta_0012,H,,0.0017741476,0,0.1
holdout_author,human_news_lenta_0013,H,,0.0355077638,0,0.1
holdout_author,human_news_lenta_0014,H,,0.0025791225,0,0.1
holdout_author,human_news_lenta_0015,H,,0.0677295135,0,0.1
holdout_author,human_news_lenta_0016,H,,0.0010301715,0,0.1
holdout_author,human_news_lenta_0017,H,,0.0000006612,0,0.1
holdout_author,human_news_lenta_0018,H,,0.0000169338,0,0.1
holdout_author,human_news_lenta_0021,H,,0.0460692132,0,0.1
holdout_author,human_news_lenta_0022,H,,0.0002490365,0,0.1
holdout_author,human_news_lenta_0023,H,,0.1431290187,0,0.1
holdout_author,human_news_lenta_0024,H,,0.0274288023,0,0.1
holdout_author,human_news_lenta_0027,H,,0.2588087410,0,0.1
holdout_author,human_news_lenta_0029,H,,0.0868651671,0,0.1
holdout_author,human_news_lenta_0034,H,,0.0034481575,0,0.1
holdout_author,human_news_lenta_0036,H,,0.0031778043,0,0.1
holdout_author,human_news_lenta_0039,H,,0.0000000000,0,0.1
holdout_author,human_news_lenta_0040,H,,0.1244929997,0,0.1
holdout_author,human_news_lenta_0041,H,,0.0002869153,0,0.1
holdout_author,human_news_lenta_0042,H,,0.0000427410,0,0.1
holdout_author,human_news_lenta_0044,H,,0.0013672840,0,0.1
holdout_author,human_news_lenta_0045,H,,0.0488706273,0,0.1
holdout_author,human_news_lenta_0046,H,,0.0000145485,0,0.1
holdout_author,human_news_lenta_0049,H,,0.0229411700,0,0.1
holdout_author,human_news_lenta_0051,H,,0.0024222885,0,0.1
holdout_author,human_news_lenta_0053,H,,0.0003446078,0,0.1
holdout_author,human_news_lenta_0055,H,,0.2202542258,0,0.1
holdout_author,human_prose_taiga_arzamas_0027,H,,0.0090436628,0,0.1
holdout_author,human_prose_taiga_arzamas_0031,H,,0.0050735832,0,0.1
holdout_author,human_prose_taiga_arzamas_0037,H,,0.0000002661,0,0.1
holdout_author,human_prose_taiga_arzamas_0043,H,,0.0002562924,0,0.1
holdout_author,human_prose_taiga_magazines_0001,H,,0.0033731905,0,0.1
holdout_author,human_prose_taiga_magazines_0002,H,,0.0035669000,0,0.1
holdout_author,human_prose_taiga_magazines_0003,H,,0.0163424341,0,0.1
holdout_author,human_prose_taiga_magazines_0004,H,,0.0065984715,0,0.1
holdout_author,human_prose_taiga_magazines_0005,H,,0.0010541691,0,0.1
holdout_author,human_prose_taiga_magazines_0006,H,,0.0214439911,0,0.1
holdout_author,human_prose_taiga_magazines_0007,H,,0.0082555324,0,0.1
holdout_author,human_prose_taiga_magazines_0008,H,,0.0025718209,0,0.1
holdout_author,human_prose_taiga_magazines_0009,H,,0.0001739469,0,0.1
holdout_author,human_prose_taiga_magazines_0010,H,,0.0316052796,0,0.1
holdout_author,human_prose_taiga_magazines_0011,H,,0.0107471313,0,0.1
holdout_author,human_prose_taiga_magazines_0012,H,,0.0056166141,0,0.1
holdout_author,human_prose_taiga_magazines_0013,H,,0.0001904791,0,0.1
holdout_author,human_prose_taiga_magazines_0014,H,,0.1031133180,0,0.1
holdout_author,human_prose_taiga_magazines_0015,H,,0.0339592568,0,0.1
holdout_author,human_prose_taiga_magazines_0016,H,,0.0125940773,0,0.1
holdout_author,human_prose_taiga_magazines_0017,H,,0.0040832800,0,0.1
holdout_author,human_prose_taiga_magazines_0018,H,,0.0000154043,0,0.1
holdout_author,human_prose_taiga_magazines_0019,H,,0.1291741641,0,0.1
holdout_author,human_prose_taiga_magazines_0020,H,,0.0143048144,0,0.1
holdout_author,human_prose_taiga_magazines_0021,H,,0.0005674307,0,0.1
holdout_author,human_prose_taiga_magazines_0022,H,,0.0034543583,0,0.1
holdout_author,human_prose_taiga_magazines_0023,H,,0.0022274220,0,0.1
holdout_author,human_prose_taiga_magazines_0024,H,,0.1234199657,0,0.1
holdout_author,human_prose_taiga_magazines_0025,H,,0.0101225134,0,0.1
holdout_author,human_prose_taiga_magazines_0026,H,,0.1532006672,0,0.1
holdout_author,human_prose_taiga_magazines_0027,H,,0.0000055934,0,0.1
holdout_author,human_prose_taiga_magazines_0028,H,,0.0002637139,0,0.1
holdout_author,human_prose_taiga_magazines_0029,H,,0.0019347243,0,0.1
holdout_author,human_prose_taiga_magazines_0030,H,,0.0069240532,0,0.1
holdout_author,human_prose_taiga_magazines_0031,H,,0.0012697101,0,0.1
holdout_author,human_prose_taiga_magazines_0032,H,,0.0043098300,0,0.1
holdout_author,human_prose_taiga_magazines_0033,H,,0.0122279400,0,0.1
holdout_author,human_prose_taiga_magazines_0034,H,,0.0011523003,0,0.1
holdout_author,human_prose_taiga_magazines_0035,H,,0.0337269834,0,0.1
holdout_author,human_prose_taiga_magazines_0036,H,,0.0058917300,0,0.1
holdout_author,human_prose_taiga_magazines_0037,H,,0.0089557883,0,0.1
holdout_author,human_prose_taiga_magazines_0038,H,,0.0057722102,0,0.1
holdout_author,human_prose_taiga_magazines_0039,H,,0.0006456790,0,0.1
holdout_author,human_prose_taiga_magazines_0040,H,,0.0000377165,0,0.1
holdout_author,human_prose_taiga_magazines_0041,H,,0.0426663122,0,0.1
holdout_author,human_prose_taiga_magazines_0042,H,,0.3071565252,0,0.1
holdout_author,human_prose_taiga_magazines_0043,H,,0.0003759236,0,0.1
holdout_author,human_prose_taiga_magazines_0044,H,,0.0105179514,0,0.1
holdout_author,human_prose_taiga_magazines_0045,H,,0.0044273240,0,0.1
holdout_author,human_prose_taiga_magazines_0046,H,,0.0529827812,0,0.1
holdout_author,human_prose_taiga_magazines_0047,H,,0.0003028619,0,0.1
holdout_author,human_prose_taiga_magazines_0048,H,,0.0000497200,0,0.1
holdout_author,human_prose_taiga_magazines_0049,H,,0.0483943712,0,0.1
holdout_author,human_prose_taiga_magazines_0050,H,,0.0000000000,0,0.1
holdout_author,human_prose_taiga_magazines_0051,H,,0.0315165912,0,0.1
holdout_author,human_prose_taiga_magazines_0052,H,,0.0006927498,0,0.1
holdout_author,human_prose_taiga_magazines_0053,H,,0.0000255280,0,0.1
holdout_author,human_prose_taiga_magazines_0054,H,,0.0014327969,0,0.1
holdout_author,human_prose_taiga_magazines_0055,H,,0.0662070072,0,0.1
holdout_author,human_prose_taiga_magazines_0056,H,,0.0031427875,0,0.1
holdout_author,human_prose_taiga_magazines_0057,H,,0.0032306554,0,0.1
holdout_author,human_prose_taiga_magazines_0058,H,,0.0000473001,0,0.1
holdout_author,human_prose_taiga_magazines_0059,H,,0.0146561023,0,0.1
holdout_author,human_prose_taiga_magazines_0060,H,,0.0129965016,0,0.1
holdout_author,human_prose_taiga_proza_0006,H,,0.0715005482,0,0.1
holdout_author,human_prose_taiga_proza_0012,H,,0.0056925150,0,0.1
holdout_author,human_prose_taiga_proza_0028,H,,0.1663663703,0,0.1
holdout_author,human_prose_taiga_proza_0029,H,,0.0521989602,0,0.1
holdout_author,human_prose_taiga_proza_0032,H,,0.3012120589,0,0.1
holdout_author,human_prose_taiga_proza_0033,H,,0.0029723505,0,0.1
holdout_author,human_prose_taiga_proza_0040,H,,0.1109544097,0,0.1
holdout_author,human_prose_taiga_proza_0048,H,,0.0023713843,0,0.1
holdout_author,human_prose_taiga_proza_0049,H,,0.0000423441,0,0.1
holdout_author,human_prose_taiga_proza_0052,H,,0.0062002924,0,0.1
holdout_author,human_prose_taiga_proza_0054,H,,0.0130589239,0,0.1
holdout_author,human_prose_taiga_proza_0058,H,,0.0072978960,0,0.1
holdout_author,human_science_cyberleninka_0001,H,,0.0261237181,0,0.1
holdout_author,human_science_cyberleninka_0002,H,,0.5264253714,1,0.1
holdout_author,human_science_cyberleninka_0003,H,,0.0252711521,0,0.1
holdout_author,human_science_cyberleninka_0004,H,,0.0259697785,0,0.1
holdout_author,human_science_cyberleninka_0005,H,,0.0170699101,0,0.1
holdout_author,human_science_cyberleninka_0006,H,,0.1297427581,0,0.1
holdout_author,human_science_cyberleninka_0007,H,,0.3445205368,0,0.1
holdout_author,human_science_cyberleninka_0008,H,,0.0000396791,0,0.1
holdout_author,human_science_cyberleninka_0009,H,,0.0151273597,0,0.1
holdout_author,human_science_cyberleninka_0010,H,,0.0003639805,0,0.1
holdout_author,human_science_cyberleninka_0011,H,,0.0005764555,0,0.1
holdout_author,human_science_cyberleninka_0013,H,,0.3446416977,0,0.1
holdout_author,human_science_cyberleninka_0014,H,,0.2169003280,0,0.1
holdout_author,human_science_cyberleninka_0015,H,,0.0004767818,0,0.1
holdout_author,human_science_cyberleninka_0016,H,,0.0091121332,0,0.1
holdout_author,human_science_cyberleninka_0017,H,,0.0017493720,0,0.1
holdout_author,human_science_cyberleninka_0018,H,,0.7074121218,1,0.1
holdout_author,human_science_cyberleninka_0019,H,,0.5387066736,1,0.1
holdout_author,human_science_cyberleninka_0020,H,,0.0036933026,0,0.1
holdout_author,human_science_cyberleninka_0021,H,,0.6556274985,1,0.1
holdout_author,human_science_cyberleninka_0022,H,,0.0004727174,0,0.1
holdout_author,human_science_cyberleninka_0023,H,,0.7128124083,1,0.1
holdout_author,human_science_cyberleninka_0024,H,,0.4584154065,0,0.1
holdout_author,human_science_cyberleninka_0025,H,,0.0333172545,0,0.1
holdout_author,human_science_cyberleninka_0026,H,,0.0024480454,0,0.1
holdout_author,human_science_cyberleninka_0027,H,,0.0525220267,0,0.1
holdout_author,human_science_cyberleninka_0028,H,,0.0000797315,0,0.1
holdout_author,human_science_cyberleninka_0029,H,,0.0358222233,0,0.1
holdout_author,human_science_cyberleninka_0030,H,,0.0001218383,0,0.1
holdout_author,human_science_cyberleninka_0031,H,,0.0180196476,0,0.1
holdout_author,human_science_cyberleninka_0032,H,,0.0082112000,0,0.1
holdout_author,human_science_cyberleninka_0033,H,,0.8238715446,1,0.1
holdout_author,human_science_cyberleninka_0034,H,,0.0001635189,0,0.1
holdout_author,human_science_cyberleninka_0035,H,,0.0445976077,0,0.1
holdout_author,human_science_cyberleninka_0036,H,,0.4187949178,0,0.1
holdout_author,human_science_cyberleninka_0037,H,,0.0895918665,0,0.1
holdout_author,human_science_cyberleninka_0038,H,,0.0463561206,0,0.1
holdout_author,human_science_cyberleninka_0039,H,,0.0887993803,0,0.1
holdout_author,human_science_cyberleninka_0040,H,,0.0004156333,0,0.1
holdout_author,human_science_cyberleninka_0041,H,,0.0408920502,0,0.1
holdout_author,human_science_cyberleninka_0042,H,,0.0001395031,0,0.1
holdout_author,human_science_cyberleninka_0043,H,,0.0032738494,0,0.1
holdout_author,human_science_cyberleninka_0044,H,,0.7530418859,1,0.1
holdout_author,human_science_cyberleninka_0045,H,,0.0020057950,0,0.1
holdout_author,human_science_cyberleninka_0046,H,,0.0011817766,0,0.1
holdout_author,human_science_cyberleninka_0047,H,,0.0009300752,0,0.1
holdout_author,human_science_cyberleninka_0048,H,,0.0000618053,0,0.1
holdout_author,human_science_cyberleninka_0049,H,,0.0002220675,0,0.1
holdout_author,human_science_cyberleninka_0050,H,,0.0018557877,0,0.1
holdout_author,human_science_cyberleninka_0051,H,,0.1541587136,0,0.1
holdout_author,human_science_cyberleninka_0052,H,,0.1417629963,0,0.1
holdout_author,human_science_cyberleninka_0053,H,,0.0000001044,0,0.1
holdout_author,human_science_cyberleninka_0054,H,,0.0874898606,0,0.1
holdout_author,human_science_cyberleninka_0055,H,,0.0036481227,0,0.1
holdout_author,human_science_cyberleninka_0056,H,,0.0538479717,0,0.1
holdout_author,human_science_cyberleninka_0057,H,,0.2022980614,0,0.1
holdout_author,human_science_cyberleninka_0058,H,,0.6183157537,1,0.1
holdout_author,human_science_cyberleninka_0059,H,,0.7389757668,1,0.1
holdout_author,human_science_cyberleninka_0060,H,,0.0242343921,0,0.1
holdout_author,human_science_cyberleninka_0067,H,,0.3578116377,0,0.1
holdout_author,human_science_spbgu_0001,H,,0.0064991233,0,0.1
holdout_author,human_science_spbgu_0002,H,,0.0088997089,0,0.1
holdout_author,human_science_spbgu_0003,H,,0.2156971608,0,0.1
holdout_author,human_science_spbgu_0004,H,,0.0040769951,0,0.1
holdout_author,human_science_spbgu_0005,H,,0.0289983726,0,0.1
holdout_author,human_science_spbgu_0006,H,,0.0017135955,0,0.1
holdout_author,human_science_spbgu_0007,H,,0.0001445647,0,0.1
holdout_author,human_science_spbgu_0008,H,,0.0440478511,0,0.1
holdout_author,human_science_spbgu_0009,H,,0.0005587936,0,0.1
holdout_author,human_science_spbgu_0010,H,,0.0008094377,0,0.1
holdout_author,human_science_spbgu_0011,H,,0.0043068397,0,0.1
holdout_author,human_science_spbgu_0012,H,,0.0001557362,0,0.1
holdout_author,human_science_spbgu_0013,H,,0.0000670330,0,0.1
holdout_author,human_science_spbgu_0014,H,,0.0289154285,0,0.1
holdout_author,human_science_spbgu_0015,H,,0.0037902095,0,0.1
holdout_author,human_science_spbgu_0016,H,,0.0000196993,0,0.1
holdout_author,human_science_spbgu_0017,H,,0.0029008974,0,0.1
holdout_author,human_science_spbgu_0018,H,,0.0006626424,0,0.1
holdout_author,human_science_spbgu_0019,H,,0.0057152975,0,0.1
holdout_author,human_science_spbgu_0020,H,,0.0050152991,0,0.1
holdout_author,human_science_spbgu_0021,H,,0.0001149449,0,0.1
holdout_author,human_science_spbgu_0022,H,,0.0061853082,0,0.1
holdout_author,human_science_spbgu_0023,H,,0.0003439062,0,0.1
holdout_author,human_science_spbgu_0024,H,,0.0001742263,0,0.1
holdout_author,human_science_spbgu_0025,H,,0.0000304617,0,0.1
holdout_author,human_science_spbgu_0026,H,,0.0075315136,0,0.1
holdout_author,human_science_spbgu_0027,H,,0.0000074780,0,0.1
holdout_author,human_science_spbgu_0028,H,,0.0001438007,0,0.1
holdout_author,human_science_spbgu_0029,H,,0.0000369276,0,0.1
holdout_author,human_science_spbgu_0030,H,,0.0000287490,0,0.1
holdout_author,human_science_spbgu_0031,H,,0.0005356783,0,0.1
holdout_author,human_science_spbgu_0032,H,,0.0003407679,0,0.1
holdout_author,human_science_spbgu_0033,H,,0.0000445588,0,0.1
holdout_author,human_science_spbgu_0034,H,,0.0004259342,0,0.1
holdout_author,human_science_spbgu_0035,H,,0.0000374646,0,0.1
holdout_author,human_science_spbgu_0036,H,,0.0006071601,0,0.1
holdout_author,human_science_spbgu_0037,H,,0.0014451962,0,0.1
holdout_author,human_science_spbgu_0038,H,,0.0001444551,0,0.1
holdout_author,human_science_spbgu_0039,H,,0.0033352667,0,0.1
holdout_author,human_science_spbgu_0040,H,,0.0000184523,0,0.1
holdout_author,human_science_spbgu_0041,H,,0.0002181057,0,0.1
holdout_author,human_science_spbgu_0042,H,,0.0003728632,0,0.1
holdout_author,human_science_spbgu_0043,H,,0.0012794526,0,0.1
holdout_author,human_science_spbgu_0044,H,,0.0017048431,0,0.1
holdout_author,human_science_spbgu_0045,H,,0.0006779805,0,0.1
holdout_author,human_science_spbgu_0046,H,,0.0000358152,0,0.1
holdout_author,human_science_spbgu_0048,H,,0.0004277322,0,0.1
holdout_author,human_science_spbgu_0049,H,,0.0009334861,0,0.1
holdout_author,human_science_spbgu_0050,H,,0.0041562126,0,0.1
holdout_author,human_science_spbgu_0054,H,,0.0000015346,0,0.1
holdout_author,human_science_spbgu_0055,H,,0.0001786565,0,0.1
holdout_author,human_science_spbgu_0057,H,,0.0150641367,0,0.1
holdout_author,human_science_spbgu_0059,H,,0.0009173343,0,0.1
holdout_author,human_science_spbgu_0060,H,,0.0000103724,0,0.1
holdout_author,human_science_spbgu_0061,H,,0.0001745510,0,0.1
holdout_author,human_science_spbgu_0062,H,,0.0002278795,0,0.1
holdout_author,human_science_spbgu_0063,H,,0.0046523981,0,0.1
holdout_author,human_science_spbgu_0064,H,,0.0000676435,0,0.1
holdout_author,human_science_spbgu_0065,H,,0.0000803799,0,0.1
holdout_author,human_science_urfu_0001,H,,0.0871394108,0,0.1
holdout_author,human_science_urfu_0002,H,,0.0035067048,0,0.1
holdout_author,human_science_urfu_0003,H,,0.0476274141,0,0.1
holdout_author,human_science_urfu_0004,H,,0.0150777083,0,0.1
holdout_author,human_science_urfu_0005,H,,0.0233786253,0,0.1
holdout_author,human_science_urfu_0006,H,,0.0009665450,0,0.1
holdout_author,human_science_urfu_0007,H,,0.3289191063,0,0.1
holdout_author,human_science_urfu_0008,H,,0.0001198142,0,0.1
holdout_author,human_science_urfu_0009,H,,0.0009793244,0,0.1
holdout_author,human_science_urfu_0010,H,,0.0118339120,0,0.1
holdout_author,human_science_urfu_0011,H,,0.0060349962,0,0.1
holdout_author,human_science_urfu_0012,H,,0.0004961766,0,0.1
holdout_author,human_science_urfu_0013,H,,0.1268296662,0,0.1
holdout_author,human_science_urfu_0014,H,,0.0000145257,0,0.1
holdout_author,human_science_urfu_0015,H,,0.0087119395,0,0.1
holdout_author,human_science_urfu_0016,H,,0.0627821712,0,0.1
holdout_author,human_science_urfu_0017,H,,0.0167624920,0,0.1
holdout_author,human_science_urfu_0018,H,,0.0066250394,0,0.1
holdout_author,human_science_urfu_0019,H,,0.0114790206,0,0.1
holdout_author,human_science_urfu_0020,H,,0.0001922482,0,0.1
holdout_author,human_science_urfu_0021,H,,0.0024107204,0,0.1
holdout_author,human_science_urfu_0022,H,,0.0058952352,0,0.1
holdout_author,human_science_urfu_0023,H,,0.0000446064,0,0.1
holdout_author,human_science_urfu_0024,H,,0.0287581734,0,0.1
holdout_author,human_science_urfu_0025,H,,0.0521725594,0,0.1
holdout_author,human_science_urfu_0026,H,,0.0433241534,0,0.1
holdout_author,human_science_urfu_0027,H,,0.0942561107,0,0.1
holdout_author,human_science_urfu_0028,H,,0.0498320799,0,0.1
holdout_author,human_science_urfu_0029,H,,0.0038000790,0,0.1
holdout_author,human_science_urfu_0030,H,,0.1108612232,0,0.1
holdout_author,human_science_urfu_0031,H,,0.0000079254,0,0.1
holdout_author,human_science_urfu_0032,H,,0.3720847058,0,0.1
holdout_author,human_science_urfu_0033,H,,0.0046927856,0,0.1
holdout_author,human_science_urfu_0034,H,,0.0017576326,0,0.1
holdout_author,human_science_urfu_0035,H,,0.0329940779,0,0.1
holdout_author,human_science_urfu_0036,H,,0.0047833057,0,0.1
holdout_author,human_science_urfu_0037,H,,0.0111505618,0,0.1
holdout_author,human_science_urfu_0038,H,,0.0000000019,0,0.1
holdout_author,human_science_urfu_0039,H,,0.0000000129,0,0.1
holdout_author,human_science_urfu_0040,H,,0.0000000000,0,0.1
holdout_author,human_science_urfu_0041,H,,0.0000005357,0,0.1
holdout_author,human_science_urfu_0042,H,,0.0000000182,0,0.1
holdout_author,human_science_urfu_0043,H,,0.0000000299,0,0.1
holdout_author,human_science_urfu_0044,H,,0.0082423282,0,0.1
holdout_author,human_science_urfu_0045,H,,0.0002921737,0,0.1
holdout_author,human_science_urfu_0046,H,,0.0000000589,0,0.1
holdout_author,human_science_urfu_0047,H,,0.0035868616,0,0.1
holdout_author,human_science_urfu_0048,H,,0.0002135172,0,0.1
holdout_author,human_seo_labrika_0001,H,,0.0031481422,0,0.1
holdout_author,human_seo_labrika_0002,H,,0.0032088143,0,0.1
holdout_author,human_seo_labrika_0003,H,,0.4657644887,0,0.1
holdout_author,human_seo_labrika_0004,H,,0.0031494502,0,0.1
holdout_author,human_seo_madcats_0020,H,,0.1306179586,0,0.1
holdout_author,human_seo_madcats_0024,H,,0.2537939928,0,0.1
holdout_author,human_seo_madcats_0025,H,,0.5598100022,1,0.1
holdout_author,human_seo_madcats_ru_0002,H,,0.0257827335,0,0.1
holdout_author,human_seo_madcats_ru_0005,H,,0.3320989030,0,0.1
holdout_author,human_seo_madcats_ru_0006,H,,0.1909279063,0,0.1
holdout_author,human_seo_madcats_ru_0007,H,,0.0018748448,0,0.1
holdout_author,human_seo_madcats_ru_0008,H,,0.0060681211,0,0.1
holdout_author,human_seo_madcats_ru_0009,H,,0.0002920515,0,0.1
holdout_author,human_seo_madcats_ru_0010,H,,0.0010884594,0,0.1
holdout_author,human_seo_madcats_ru_0012,H,,0.0066427170,0,0.1
holdout_author,human_seo_seopulses_0003,H,,0.0114855746,0,0.1
holdout_author,human_seo_seopulses_0005,H,,0.0040993110,0,0.1
holdout_author,human_seo_seopulses_0006,H,,0.0270705060,0,0.1
holdout_author,human_seo_seopulses_0007,H,,0.0009972385,0,0.1
holdout_author,human_seo_seopulses_0012,H,,0.0002976230,0,0.1
holdout_author,human_seo_seopulses_0014,H,,0.0241150247,0,0.1
holdout_author,human_seo_seopulses_0016,H,,0.0058908422,0,0.1
holdout_author,human_seo_seopulses_0017,H,,0.0545531449,0,0.1
holdout_author,human_seo_seopulses_0018,H,,0.0110134084,0,0.1
holdout_author,human_seo_seopulses_0020,H,,0.0039782182,0,0.1
holdout_author,human_seo_seopulses_0022,H,,0.0225863369,0,0.1
holdout_author,human_seo_seopulses_0025,H,,0.0756006552,0,0.1
holdout_author,nemotron_b001_P1_r1,A,nemotron,0.9994623524,1,0.1
holdout_author,nemotron_b001_P1_r2,A,nemotron,0.9996277827,1,0.1
holdout_author,nemotron_b001_P2_r1,A,nemotron,0.9891086456,1,0.1
holdout_author,nemotron_b001_P2_r2,A,nemotron,0.9527170317,1,0.1
holdout_author,nemotron_b001_P3_r1,A,nemotron,0.6442617270,1,0.1
holdout_author,nemotron_b001_P3_r2,A,nemotron,0.9936094310,1,0.1
holdout_author,nemotron_b002_P1_r1,A,nemotron,0.9944036341,1,0.1
holdout_author,nemotron_b002_P1_r2,A,nemotron,0.9522095644,1,0.1
holdout_author,nemotron_b002_P2_r1,A,nemotron,0.9951394291,1,0.1
holdout_author,nemotron_b002_P2_r2,A,nemotron,0.9978955100,1,0.1
holdout_author,nemotron_b002_P3_r1,A,nemotron,0.5767151052,1,0.1
holdout_author,nemotron_b002_P3_r2,A,nemotron,0.4124261767,0,0.1
holdout_author,nemotron_b003_P1_r1,A,nemotron,0.9939565631,1,0.1
holdout_author,nemotron_b003_P1_r2,A,nemotron,0.9963146506,1,0.1
holdout_author,nemotron_b003_P2_r1,A,nemotron,0.9980634809,1,0.1
holdout_author,nemotron_b003_P2_r2,A,nemotron,0.9858837488,1,0.1
holdout_author,nemotron_b003_P3_r1,A,nemotron,0.9933854901,1,0.1
holdout_author,nemotron_b003_P3_r2,A,nemotron,0.1961820694,0,0.1
holdout_author,nemotron_b004_P1_r1,A,nemotron,0.9880230573,1,0.1
holdout_author,nemotron_b004_P1_r2,A,nemotron,0.9004950949,1,0.1
holdout_author,nemotron_b004_P2_r1,A,nemotron,0.9320477954,1,0.1
holdout_author,nemotron_b004_P2_r2,A,nemotron,0.9935528144,1,0.1
holdout_author,nemotron_b004_P3_r1,A,nemotron,0.5552718059,1,0.1
holdout_author,nemotron_b004_P3_r2,A,nemotron,0.6748249762,1,0.1
holdout_author,nemotron_b005_P1_r1,A,nemotron,0.9367755038,1,0.1
holdout_author,nemotron_b005_P1_r2,A,nemotron,0.9446543770,1,0.1
holdout_author,nemotron_b005_P2_r1,A,nemotron,0.9990441153,1,0.1
holdout_author,nemotron_b005_P2_r2,A,nemotron,0.9957081439,1,0.1
holdout_author,nemotron_b005_P3_r1,A,nemotron,0.8123180589,1,0.1
holdout_author,nemotron_b005_P3_r2,A,nemotron,0.9794214745,1,0.1
holdout_author,nemotron_b006_P1_r1,A,nemotron,0.9956105224,1,0.1
holdout_author,nemotron_b006_P1_r2,A,nemotron,0.9970500774,1,0.1
holdout_author,nemotron_b006_P2_r1,A,nemotron,0.9984985600,1,0.1
holdout_author,nemotron_b006_P2_r2,A,nemotron,0.9953755080,1,0.1
holdout_author,nemotron_b006_P3_r1,A,nemotron,0.9500070553,1,0.1
holdout_author,nemotron_b006_P3_r2,A,nemotron,0.8146692865,1,0.1
holdout_author,nemotron_b007_P1_r1,A,nemotron,0.9990474285,1,0.1
holdout_author,nemotron_b007_P1_r2,A,nemotron,0.9994286482,1,0.1
holdout_author,nemotron_b007_P2_r1,A,nemotron,0.9999179156,1,0.1
holdout_author,nemotron_b007_P2_r2,A,nemotron,0.9996046074,1,0.1
holdout_author,nemotron_b007_P3_r1,A,nemotron,0.9925205100,1,0.1
holdout_author,nemotron_b007_P3_r2,A,nemotron,0.9873970017,1,0.1
holdout_author,nemotron_b008_P1_r1,A,nemotron,0.9977989488,1,0.1
holdout_author,nemotron_b008_P1_r2,A,nemotron,0.9959155812,1,0.1
holdout_author,nemotron_b008_P2_r1,A,nemotron,0.9950613531,1,0.1
holdout_author,nemotron_b008_P2_r2,A,nemotron,0.9978200927,1,0.1
holdout_author,nemotron_b008_P3_r1,A,nemotron,0.7486786748,1,0.1
holdout_author,nemotron_b008_P3_r2,A,nemotron,0.9398089550,1,0.1
holdout_author,nemotron_b009_P1_r1,A,nemotron,0.9995758809,1,0.1
holdout_author,nemotron_b009_P1_r2,A,nemotron,0.9995751049,1,0.1
holdout_author,nemotron_b009_P2_r1,A,nemotron,0.9967657903,1,0.1
holdout_author,nemotron_b009_P2_r2,A,nemotron,0.9999655268,1,0.1
holdout_author,nemotron_b009_P3_r1,A,nemotron,0.7253085820,1,0.1
holdout_author,nemotron_b009_P3_r2,A,nemotron,0.9281696805,1,0.1
holdout_author,nemotron_b010_P1_r1,A,nemotron,0.9967828247,1,0.1
holdout_author,nemotron_b010_P1_r2,A,nemotron,0.9626347206,1,0.1
holdout_author,nemotron_b010_P2_r1,A,nemotron,0.9998713842,1,0.1
holdout_author,nemotron_b010_P2_r2,A,nemotron,0.9991351043,1,0.1
holdout_author,nemotron_b010_P3_r1,A,nemotron,0.9479424527,1,0.1
holdout_author,nemotron_b010_P3_r2,A,nemotron,0.9665143185,1,0.1
holdout_author,nemotron_b011_P1_r1,A,nemotron,0.9930205252,1,0.1
holdout_author,nemotron_b011_P1_r2,A,nemotron,0.9976921976,1,0.1
holdout_author,nemotron_b011_P2_r1,A,nemotron,0.9997845450,1,0.1
holdout_author,nemotron_b011_P2_r2,A,nemotron,0.9989454855,1,0.1
holdout_author,nemotron_b011_P3_r1,A,nemotron,0.9786500791,1,0.1
holdout_author,nemotron_b011_P3_r2,A,nemotron,0.8806409726,1,0.1
holdout_author,nemotron_b012_P1_r1,A,nemotron,0.9982747345,1,0.1
holdout_author,nemotron_b012_P1_r2,A,nemotron,0.9911148953,1,0.1
holdout_author,nemotron_b012_P2_r1,A,nemotron,0.9960246938,1,0.1
holdout_author,nemotron_b012_P2_r2,A,nemotron,0.9767033420,1,0.1
holdout_author,nemotron_b012_P3_r1,A,nemotron,0.9906967880,1,0.1
holdout_author,nemotron_b012_P3_r2,A,nemotron,0.8433983720,1,0.1
holdout_author,nemotron_b013_P1_r1,A,nemotron,0.9994406695,1,0.1
holdout_author,nemotron_b013_P1_r2,A,nemotron,0.8833048499,1,0.1
holdout_author,nemotron_b013_P2_r1,A,nemotron,0.9798635637,1,0.1
holdout_author,nemotron_b013_P2_r2,A,nemotron,0.9917670358,1,0.1
holdout_author,nemotron_b013_P3_r1,A,nemotron,0.4786971750,0,0.1
holdout_author,nemotron_b013_P3_r2,A,nemotron,0.7612171449,1,0.1
holdout_author,nemotron_b014_P1_r1,A,nemotron,0.9994040307,1,0.1
holdout_author,nemotron_b014_P1_r2,A,nemotron,0.9992955586,1,0.1
holdout_author,nemotron_b014_P2_r1,A,nemotron,0.9997358439,1,0.1
holdout_author,nemotron_b014_P2_r2,A,nemotron,0.9992670006,1,0.1
holdout_author,nemotron_b014_P3_r1,A,nemotron,0.9781618350,1,0.1
holdout_author,nemotron_b014_P3_r2,A,nemotron,0.9951041347,1,0.1
holdout_author,nemotron_b015_P1_r1,A,nemotron,0.9918818309,1,0.1
holdout_author,nemotron_b015_P1_r2,A,nemotron,0.8992663976,1,0.1
holdout_author,nemotron_b015_P2_r1,A,nemotron,0.9908283680,1,0.1
holdout_author,nemotron_b015_P2_r2,A,nemotron,0.9741727860,1,0.1
holdout_author,nemotron_b015_P3_r1,A,nemotron,0.0671519092,0,0.1
holdout_author,nemotron_b015_P3_r2,A,nemotron,0.0195054415,0,0.1
holdout_author,nemotron_b016_P1_r1,A,nemotron,0.9675922377,1,0.1
holdout_author,nemotron_b016_P1_r2,A,nemotron,0.9960032715,1,0.1
holdout_author,nemotron_b016_P2_r1,A,nemotron,0.9944806334,1,0.1
holdout_author,nemotron_b016_P2_r2,A,nemotron,0.9997939500,1,0.1
holdout_author,nemotron_b016_P3_r1,A,nemotron,0.9324053506,1,0.1
holdout_author,nemotron_b016_P3_r2,A,nemotron,0.9551402897,1,0.1
holdout_author,nemotron_b017_P1_r1,A,nemotron,0.9969593229,1,0.1
holdout_author,nemotron_b017_P1_r2,A,nemotron,0.9542968814,1,0.1
holdout_author,nemotron_b017_P2_r1,A,nemotron,0.9805113512,1,0.1
holdout_author,nemotron_b017_P2_r2,A,nemotron,0.9936443767,1,0.1
holdout_author,nemotron_b017_P3_r1,A,nemotron,0.8228203740,1,0.1
holdout_author,nemotron_b017_P3_r2,A,nemotron,0.9068047292,1,0.1
holdout_author,nemotron_b018_P1_r1,A,nemotron,0.8552207905,1,0.1
holdout_author,nemotron_b018_P1_r2,A,nemotron,0.9656610665,1,0.1
holdout_author,nemotron_b018_P2_r1,A,nemotron,0.9857229617,1,0.1
holdout_author,nemotron_b018_P2_r2,A,nemotron,0.9913789165,1,0.1
holdout_author,nemotron_b018_P3_r1,A,nemotron,0.7851767353,1,0.1
holdout_author,nemotron_b018_P3_r2,A,nemotron,0.4796873686,0,0.1
holdout_author,nemotron_b019_P1_r1,A,nemotron,0.9598533551,1,0.1
holdout_author,nemotron_b019_P1_r2,A,nemotron,0.8099543373,1,0.1
holdout_author,nemotron_b019_P2_r1,A,nemotron,0.9844170769,1,0.1
holdout_author,nemotron_b019_P2_r2,A,nemotron,0.9988206295,1,0.1
holdout_author,nemotron_b019_P3_r1,A,nemotron,0.6970327639,1,0.1
holdout_author,nemotron_b019_P3_r2,A,nemotron,0.1193083340,0,0.1
holdout_author,nemotron_b020_P1_r1,A,nemotron,0.4886999322,0,0.1
holdout_author,nemotron_b020_P1_r2,A,nemotron,0.9975119264,1,0.1
holdout_author,nemotron_b020_P2_r1,A,nemotron,0.9441667769,1,0.1
holdout_author,nemotron_b020_P2_r2,A,nemotron,0.9882698422,1,0.1
holdout_author,nemotron_b020_P3_r1,A,nemotron,0.7805096834,1,0.1
holdout_author,nemotron_b020_P3_r2,A,nemotron,0.5169134213,1,0.1
holdout_author,nemotron_b021_P1_r1,A,nemotron,0.6394815411,1,0.1
holdout_author,nemotron_b021_P1_r2,A,nemotron,0.5793908777,1,0.1
holdout_author,nemotron_b021_P2_r1,A,nemotron,0.9467690854,1,0.1
holdout_author,nemotron_b021_P2_r2,A,nemotron,0.9978047137,1,0.1
holdout_author,nemotron_b021_P3_r1,A,nemotron,0.0056711087,0,0.1
holdout_author,nemotron_b021_P3_r2,A,nemotron,0.3276761934,0,0.1
holdout_author,nemotron_b022_P1_r1,A,nemotron,0.9799522757,1,0.1
holdout_author,nemotron_b022_P1_r2,A,nemotron,0.9893883541,1,0.1
holdout_author,nemotron_b022_P2_r1,A,nemotron,0.9993889149,1,0.1
holdout_author,nemotron_b022_P2_r2,A,nemotron,0.9999958087,1,0.1
holdout_author,nemotron_b022_P3_r1,A,nemotron,0.9729285332,1,0.1
holdout_author,nemotron_b022_P3_r2,A,nemotron,0.9387330514,1,0.1
holdout_author,nemotron_b023_P1_r1,A,nemotron,0.4916753353,0,0.1
holdout_author,nemotron_b023_P1_r2,A,nemotron,0.9801335701,1,0.1
holdout_author,nemotron_b023_P2_r1,A,nemotron,0.9947551101,1,0.1
holdout_author,nemotron_b023_P2_r2,A,nemotron,0.9901049818,1,0.1
holdout_author,nemotron_b023_P3_r1,A,nemotron,0.9193194108,1,0.1
holdout_author,nemotron_b023_P3_r2,A,nemotron,0.8889018400,1,0.1
holdout_author,nemotron_b024_P1_r1,A,nemotron,0.9960193158,1,0.1
holdout_author,nemotron_b024_P1_r2,A,nemotron,0.9952955314,1,0.1
holdout_author,nemotron_b024_P2_r1,A,nemotron,0.9999449727,1,0.1
holdout_author,nemotron_b024_P2_r2,A,nemotron,0.9912440642,1,0.1
holdout_author,nemotron_b024_P3_r1,A,nemotron,0.9708875898,1,0.1
holdout_author,nemotron_b024_P3_r2,A,nemotron,0.9016967009,1,0.1
holdout_author,nemotron_b025_P1_r1,A,nemotron,0.9996171726,1,0.1
holdout_author,nemotron_b025_P1_r2,A,nemotron,0.9976709465,1,0.1
holdout_author,nemotron_b025_P2_r1,A,nemotron,0.9616502775,1,0.1
holdout_author,nemotron_b025_P2_r2,A,nemotron,0.9557366715,1,0.1
holdout_author,nemotron_b025_P3_r1,A,nemotron,0.9615703070,1,0.1
holdout_author,nemotron_b025_P3_r2,A,nemotron,0.9372647266,1,0.1
holdout_author,nemotron_b026_P1_r1,A,nemotron,0.9824435837,1,0.1
holdout_author,nemotron_b026_P1_r2,A,nemotron,0.9228193934,1,0.1
holdout_author,nemotron_b026_P2_r1,A,nemotron,0.9927942992,1,0.1
holdout_author,nemotron_b026_P2_r2,A,nemotron,0.9997804303,1,0.1
holdout_author,nemotron_b026_P3_r1,A,nemotron,0.5724577798,1,0.1
holdout_author,nemotron_b026_P3_r2,A,nemotron,0.9929121734,1,0.1
holdout_author,nemotron_b027_P1_r1,A,nemotron,0.9965307121,1,0.1
holdout_author,nemotron_b027_P1_r2,A,nemotron,0.9991755156,1,0.1
holdout_author,nemotron_b027_P2_r1,A,nemotron,0.9112508922,1,0.1
holdout_author,nemotron_b027_P2_r2,A,nemotron,0.9957544327,1,0.1
holdout_author,nemotron_b027_P3_r1,A,nemotron,0.4698040540,0,0.1
holdout_author,nemotron_b027_P3_r2,A,nemotron,0.8132237753,1,0.1
holdout_author,nemotron_b028_P1_r1,A,nemotron,0.9789915082,1,0.1
holdout_author,nemotron_b028_P1_r2,A,nemotron,0.9653921132,1,0.1
holdout_author,nemotron_b028_P2_r1,A,nemotron,0.9926565844,1,0.1
holdout_author,nemotron_b028_P2_r2,A,nemotron,0.9715573491,1,0.1
holdout_author,nemotron_b028_P3_r1,A,nemotron,0.1563971589,0,0.1
holdout_author,nemotron_b029_P1_r1,A,nemotron,0.8418048646,1,0.1
holdout_author,nemotron_b029_P1_r2,A,nemotron,0.7054264644,1,0.1
holdout_author,nemotron_b029_P2_r1,A,nemotron,0.9521911016,1,0.1
holdout_author,nemotron_b029_P2_r2,A,nemotron,0.9768405135,1,0.1
holdout_author,nemotron_b029_P3_r1,A,nemotron,0.4328992514,0,0.1
holdout_author,nemotron_b029_P3_r2,A,nemotron,0.6631494745,1,0.1
holdout_author,nemotron_b030_P1_r1,A,nemotron,0.9765348339,1,0.1
holdout_author,nemotron_b030_P1_r2,A,nemotron,0.9809237838,1,0.1
holdout_author,nemotron_b030_P2_r1,A,nemotron,0.9979956696,1,0.1
holdout_author,nemotron_b030_P2_r2,A,nemotron,0.9994337407,1,0.1
holdout_author,nemotron_b030_P3_r1,A,nemotron,0.9763619948,1,0.1
holdout_author,nemotron_b030_P3_r2,A,nemotron,0.9698987064,1,0.1
holdout_author,nemotron_b031_P1_r1,A,nemotron,0.9959079725,1,0.1
holdout_author,nemotron_b031_P1_r2,A,nemotron,0.9996644732,1,0.1
holdout_author,nemotron_b031_P2_r1,A,nemotron,0.9993605060,1,0.1
holdout_author,nemotron_b031_P2_r2,A,nemotron,0.9963599513,1,0.1
holdout_author,nemotron_b031_P3_r1,A,nemotron,0.9648717360,1,0.1
holdout_author,nemotron_b031_P3_r2,A,nemotron,0.9039972375,1,0.1
holdout_author,nemotron_b032_P1_r1,A,nemotron,0.9987769578,1,0.1
holdout_author,nemotron_b032_P1_r2,A,nemotron,0.9995648694,1,0.1
holdout_author,nemotron_b032_P2_r1,A,nemotron,0.9975592895,1,0.1
holdout_author,nemotron_b032_P2_r2,A,nemotron,0.9929556381,1,0.1
holdout_author,nemotron_b032_P3_r1,A,nemotron,0.7619171457,1,0.1
holdout_author,nemotron_b032_P3_r2,A,nemotron,0.9954692264,1,0.1
holdout_author,nemotron_b033_P1_r1,A,nemotron,0.9999236478,1,0.1
holdout_author,nemotron_b033_P1_r2,A,nemotron,0.9997964733,1,0.1
holdout_author,nemotron_b033_P2_r1,A,nemotron,0.9960506047,1,0.1
holdout_author,nemotron_b033_P2_r2,A,nemotron,0.9986335624,1,0.1
holdout_author,nemotron_b033_P3_r1,A,nemotron,0.8843843513,1,0.1
holdout_author,nemotron_b033_P3_r2,A,nemotron,0.2523242385,0,0.1
holdout_author,nemotron_b034_P1_r1,A,nemotron,0.9585258825,1,0.1
holdout_author,nemotron_b034_P1_r2,A,nemotron,0.9864529065,1,0.1
holdout_author,nemotron_b034_P2_r1,A,nemotron,0.9999629234,1,0.1
holdout_author,nemotron_b034_P2_r2,A,nemotron,0.9972789542,1,0.1
holdout_author,nemotron_b034_P3_r1,A,nemotron,0.9769832899,1,0.1
holdout_author,nemotron_b034_P3_r2,A,nemotron,0.9835143309,1,0.1
holdout_author,nemotron_b035_P1_r1,A,nemotron,0.9506966819,1,0.1
holdout_author,nemotron_b035_P1_r2,A,nemotron,0.9474577508,1,0.1
holdout_author,nemotron_b035_P2_r1,A,nemotron,0.9646489122,1,0.1
holdout_author,nemotron_b035_P2_r2,A,nemotron,0.9855314701,1,0.1
holdout_author,nemotron_b035_P3_r1,A,nemotron,0.0857736383,0,0.1
holdout_author,nemotron_b035_P3_r2,A,nemotron,0.2572204957,0,0.1
holdout_author,nemotron_b036_P1_r1,A,nemotron,0.9735073088,1,0.1
holdout_author,nemotron_b036_P1_r2,A,nemotron,0.9747869441,1,0.1
holdout_author,nemotron_b036_P2_r1,A,nemotron,0.9989412667,1,0.1
holdout_author,nemotron_b036_P2_r2,A,nemotron,0.9977399772,1,0.1
holdout_author,nemotron_b036_P3_r1,A,nemotron,0.9954264529,1,0.1
holdout_author,nemotron_b036_P3_r2,A,nemotron,0.9730205150,1,0.1
holdout_author,nemotron_b037_P1_r1,A,nemotron,0.9601042925,1,0.1
holdout_author,nemotron_b037_P1_r2,A,nemotron,0.9911180918,1,0.1
holdout_author,nemotron_b037_P2_r1,A,nemotron,0.9998962276,1,0.1
holdout_author,nemotron_b037_P2_r2,A,nemotron,0.9927359134,1,0.1
holdout_author,nemotron_b037_P3_r1,A,nemotron,0.7060480199,1,0.1
holdout_author,nemotron_b037_P3_r2,A,nemotron,0.5791048134,1,0.1
holdout_author,nemotron_b038_P1_r1,A,nemotron,0.9998304480,1,0.1
holdout_author,nemotron_b038_P1_r2,A,nemotron,0.9981939045,1,0.1
holdout_author,nemotron_b038_P2_r1,A,nemotron,0.9996829562,1,0.1
holdout_author,nemotron_b038_P2_r2,A,nemotron,0.9989119192,1,0.1
holdout_author,nemotron_b038_P3_r1,A,nemotron,0.9546399585,1,0.1
holdout_author,nemotron_b038_P3_r2,A,nemotron,0.9924598586,1,0.1
holdout_author,nemotron_b039_P1_r1,A,nemotron,0.9805788860,1,0.1
holdout_author,nemotron_b039_P1_r2,A,nemotron,0.9841511299,1,0.1
holdout_author,nemotron_b039_P2_r1,A,nemotron,0.9999548578,1,0.1
holdout_author,nemotron_b039_P2_r2,A,nemotron,0.9988916320,1,0.1
holdout_author,nemotron_b039_P3_r1,A,nemotron,0.9631355293,1,0.1
holdout_author,nemotron_b039_P3_r2,A,nemotron,0.9650731148,1,0.1
holdout_author,nemotron_b040_P1_r1,A,nemotron,0.9996246211,1,0.1
holdout_author,nemotron_b040_P1_r2,A,nemotron,0.9704364190,1,0.1
holdout_author,nemotron_b040_P2_r1,A,nemotron,0.9990232560,1,0.1
holdout_author,nemotron_b040_P2_r2,A,nemotron,0.9861396447,1,0.1
holdout_author,nemotron_b040_P3_r1,A,nemotron,0.9833333131,1,0.1
holdout_author,nemotron_b040_P3_r2,A,nemotron,0.9667486857,1,0.1
holdout_author,nemotron_b041_P1_r1,A,nemotron,0.9917702888,1,0.1
holdout_author,nemotron_b041_P1_r2,A,nemotron,0.9725804460,1,0.1
holdout_author,nemotron_b041_P2_r1,A,nemotron,0.9979093584,1,0.1
holdout_author,nemotron_b041_P2_r2,A,nemotron,0.9908221630,1,0.1
holdout_author,nemotron_b041_P3_r1,A,nemotron,0.8167409770,1,0.1
holdout_author,nemotron_b041_P3_r2,A,nemotron,0.9154608835,1,0.1
holdout_author,nemotron_b042_P1_r1,A,nemotron,0.9965415400,1,0.1
holdout_author,nemotron_b042_P1_r2,A,nemotron,0.9672926649,1,0.1
holdout_author,nemotron_b042_P2_r1,A,nemotron,0.9972456666,1,0.1
holdout_author,nemotron_b042_P2_r2,A,nemotron,0.9969650041,1,0.1
holdout_author,nemotron_b042_P3_r1,A,nemotron,0.9060677427,1,0.1
holdout_author,nemotron_b042_P3_r2,A,nemotron,0.9706878514,1,0.1
holdout_author,nemotron_b043_P1_r1,A,nemotron,0.9999094902,1,0.1
holdout_author,nemotron_b043_P1_r2,A,nemotron,0.9951564110,1,0.1
holdout_author,nemotron_b043_P2_r1,A,nemotron,0.9994600834,1,0.1
holdout_author,nemotron_b043_P2_r2,A,nemotron,0.9999976465,1,0.1
holdout_author,nemotron_b043_P3_r1,A,nemotron,0.0564365666,0,0.1
holdout_author,nemotron_b043_P3_r2,A,nemotron,0.9087533366,1,0.1
holdout_author,nemotron_b044_P1_r1,A,nemotron,0.9978006183,1,0.1
holdout_author,nemotron_b044_P1_r2,A,nemotron,0.9998228804,1,0.1
holdout_author,nemotron_b044_P2_r1,A,nemotron,0.9958384879,1,0.1
holdout_author,nemotron_b044_P2_r2,A,nemotron,0.9998570895,1,0.1
holdout_author,nemotron_b044_P3_r1,A,nemotron,0.9884568303,1,0.1
holdout_author,nemotron_b044_P3_r2,A,nemotron,0.9250868898,1,0.1
holdout_author,nemotron_b045_P1_r1,A,nemotron,0.9863262867,1,0.1
holdout_author,nemotron_b045_P1_r2,A,nemotron,0.9997905909,1,0.1
holdout_author,nemotron_b045_P2_r1,A,nemotron,0.9980765860,1,0.1
holdout_author,nemotron_b045_P2_r2,A,nemotron,0.9924768923,1,0.1
holdout_author,nemotron_b045_P3_r1,A,nemotron,0.9179367280,1,0.1
holdout_author,nemotron_b045_P3_r2,A,nemotron,0.8273685240,1,0.1
holdout_genre_analytics,deepseek_pro_b016_P1_r1,A,deepseek_pro,0.9766055041,1,1.0
holdout_genre_analytics,deepseek_pro_b016_P1_r2,A,deepseek_pro,0.9665475919,1,1.0
holdout_genre_analytics,deepseek_pro_b016_P2_r1,A,deepseek_pro,0.9991850782,1,1.0
holdout_genre_analytics,deepseek_pro_b016_P2_r2,A,deepseek_pro,0.9996256336,1,1.0
holdout_genre_analytics,deepseek_pro_b016_P3_r1,A,deepseek_pro,0.5350404594,1,1.0
holdout_genre_analytics,deepseek_pro_b016_P3_r2,A,deepseek_pro,0.7715226396,1,1.0
holdout_genre_analytics,deepseek_pro_b017_P1_r1,A,deepseek_pro,0.9998409209,1,1.0
holdout_genre_analytics,deepseek_pro_b017_P1_r2,A,deepseek_pro,0.9998595636,1,1.0
holdout_genre_analytics,deepseek_pro_b017_P2_r1,A,deepseek_pro,0.9990620634,1,1.0
holdout_genre_analytics,deepseek_pro_b017_P2_r2,A,deepseek_pro,0.9999890504,1,1.0
holdout_genre_analytics,deepseek_pro_b017_P3_r1,A,deepseek_pro,0.9394761594,1,1.0
holdout_genre_analytics,deepseek_pro_b017_P3_r2,A,deepseek_pro,0.8392078032,1,1.0
holdout_genre_analytics,deepseek_pro_b018_P1_r1,A,deepseek_pro,0.9999595262,1,1.0
holdout_genre_analytics,deepseek_pro_b018_P1_r2,A,deepseek_pro,0.9979908038,1,1.0
holdout_genre_analytics,deepseek_pro_b018_P2_r1,A,deepseek_pro,0.9990910140,1,1.0
holdout_genre_analytics,deepseek_pro_b018_P2_r2,A,deepseek_pro,0.9973168949,1,1.0
holdout_genre_analytics,deepseek_pro_b018_P3_r1,A,deepseek_pro,0.9706927879,1,1.0
holdout_genre_analytics,deepseek_pro_b018_P3_r2,A,deepseek_pro,0.9182177750,1,1.0
holdout_genre_analytics,deepseek_pro_b019_P1_r1,A,deepseek_pro,0.9995755691,1,1.0
holdout_genre_analytics,deepseek_pro_b019_P1_r2,A,deepseek_pro,0.9903549323,1,1.0
holdout_genre_analytics,deepseek_pro_b019_P2_r1,A,deepseek_pro,0.9999969875,1,1.0
holdout_genre_analytics,deepseek_pro_b019_P2_r2,A,deepseek_pro,0.9999968677,1,1.0
holdout_genre_analytics,deepseek_pro_b019_P3_r1,A,deepseek_pro,0.9953494496,1,1.0
holdout_genre_analytics,deepseek_pro_b019_P3_r2,A,deepseek_pro,0.9941971565,1,1.0
holdout_genre_analytics,deepseek_pro_b020_P1_r1,A,deepseek_pro,0.9981941016,1,1.0
holdout_genre_analytics,deepseek_pro_b020_P1_r2,A,deepseek_pro,0.9970831788,1,1.0
holdout_genre_analytics,deepseek_pro_b020_P2_r1,A,deepseek_pro,0.9960393977,1,1.0
holdout_genre_analytics,deepseek_pro_b020_P2_r2,A,deepseek_pro,0.9997352781,1,1.0
holdout_genre_analytics,deepseek_pro_b020_P3_r1,A,deepseek_pro,0.9952793984,1,1.0
holdout_genre_analytics,deepseek_pro_b020_P3_r2,A,deepseek_pro,0.8761087461,1,1.0
holdout_genre_analytics,deepseek_pro_b021_P1_r1,A,deepseek_pro,0.9987377646,1,1.0
holdout_genre_analytics,deepseek_pro_b021_P1_r2,A,deepseek_pro,0.9865244528,1,1.0
holdout_genre_analytics,deepseek_pro_b021_P2_r1,A,deepseek_pro,0.9974014252,1,1.0
holdout_genre_analytics,deepseek_pro_b021_P2_r2,A,deepseek_pro,0.9987461847,1,1.0
holdout_genre_analytics,deepseek_pro_b021_P3_r1,A,deepseek_pro,0.9803942419,1,1.0
holdout_genre_analytics,deepseek_pro_b021_P3_r2,A,deepseek_pro,0.8857227634,1,1.0
holdout_genre_analytics,deepseek_pro_b022_P1_r1,A,deepseek_pro,0.9989219430,1,1.0
holdout_genre_analytics,deepseek_pro_b022_P1_r2,A,deepseek_pro,0.9988411725,1,1.0
holdout_genre_analytics,deepseek_pro_b022_P2_r1,A,deepseek_pro,0.9999971052,1,1.0
holdout_genre_analytics,deepseek_pro_b022_P2_r2,A,deepseek_pro,0.9994078643,1,1.0
holdout_genre_analytics,deepseek_pro_b022_P3_r1,A,deepseek_pro,0.9474950310,1,1.0
holdout_genre_analytics,deepseek_pro_b022_P3_r2,A,deepseek_pro,0.9693826625,1,1.0
holdout_genre_analytics,deepseek_pro_b023_P1_r1,A,deepseek_pro,0.9995332927,1,1.0
holdout_genre_analytics,deepseek_pro_b023_P1_r2,A,deepseek_pro,0.9996101665,1,1.0
holdout_genre_analytics,deepseek_pro_b023_P2_r1,A,deepseek_pro,0.9999328609,1,1.0
holdout_genre_analytics,deepseek_pro_b023_P2_r2,A,deepseek_pro,0.9999969088,1,1.0
holdout_genre_analytics,deepseek_pro_b023_P3_r1,A,deepseek_pro,0.8505829926,1,1.0
holdout_genre_analytics,deepseek_pro_b023_P3_r2,A,deepseek_pro,0.9703808261,1,1.0
holdout_genre_analytics,deepseek_pro_b024_P1_r1,A,deepseek_pro,0.9999306915,1,1.0
holdout_genre_analytics,deepseek_pro_b024_P1_r2,A,deepseek_pro,0.9999339174,1,1.0
holdout_genre_analytics,deepseek_pro_b024_P2_r1,A,deepseek_pro,0.9953954215,1,1.0
holdout_genre_analytics,deepseek_pro_b024_P2_r2,A,deepseek_pro,0.9999997521,1,1.0
holdout_genre_analytics,deepseek_pro_b024_P3_r1,A,deepseek_pro,0.8562041368,1,1.0
holdout_genre_analytics,deepseek_pro_b024_P3_r2,A,deepseek_pro,0.9958486430,1,1.0
holdout_genre_analytics,deepseek_pro_b025_P1_r1,A,deepseek_pro,0.9995560672,1,1.0
holdout_genre_analytics,deepseek_pro_b025_P1_r2,A,deepseek_pro,0.9819251155,1,1.0
holdout_genre_analytics,deepseek_pro_b025_P2_r1,A,deepseek_pro,0.9998662103,1,1.0
holdout_genre_analytics,deepseek_pro_b025_P2_r2,A,deepseek_pro,0.9998081762,1,1.0
holdout_genre_analytics,deepseek_pro_b025_P3_r1,A,deepseek_pro,0.9992227774,1,1.0
holdout_genre_analytics,deepseek_pro_b025_P3_r2,A,deepseek_pro,0.9996566935,1,1.0
holdout_genre_analytics,deepseek_pro_b026_P1_r1,A,deepseek_pro,0.9995801261,1,1.0
holdout_genre_analytics,deepseek_pro_b026_P1_r2,A,deepseek_pro,0.9900985383,1,1.0
holdout_genre_analytics,deepseek_pro_b026_P2_r1,A,deepseek_pro,0.9999647439,1,1.0
holdout_genre_analytics,deepseek_pro_b026_P2_r2,A,deepseek_pro,0.9971440196,1,1.0
holdout_genre_analytics,deepseek_pro_b026_P3_r1,A,deepseek_pro,0.9292871225,1,1.0
holdout_genre_analytics,deepseek_pro_b026_P3_r2,A,deepseek_pro,0.9829639091,1,1.0
holdout_genre_analytics,deepseek_pro_b027_P1_r1,A,deepseek_pro,0.9911519822,1,1.0
holdout_genre_analytics,deepseek_pro_b027_P1_r2,A,deepseek_pro,0.9988081662,1,1.0
holdout_genre_analytics,deepseek_pro_b027_P2_r1,A,deepseek_pro,0.9991048204,1,1.0
holdout_genre_analytics,deepseek_pro_b027_P2_r2,A,deepseek_pro,0.9999777151,1,1.0
holdout_genre_analytics,deepseek_pro_b027_P3_r1,A,deepseek_pro,0.3988265757,0,1.0
holdout_genre_analytics,deepseek_pro_b027_P3_r2,A,deepseek_pro,0.9024226486,1,1.0
holdout_genre_analytics,deepseek_pro_b028_P1_r1,A,deepseek_pro,0.9986961017,1,1.0
holdout_genre_analytics,deepseek_pro_b028_P1_r2,A,deepseek_pro,0.9994912037,1,1.0
holdout_genre_analytics,deepseek_pro_b028_P2_r1,A,deepseek_pro,0.9999950210,1,1.0
holdout_genre_analytics,deepseek_pro_b028_P2_r2,A,deepseek_pro,0.9998323398,1,1.0
holdout_genre_analytics,deepseek_pro_b028_P3_r1,A,deepseek_pro,0.9643875817,1,1.0
holdout_genre_analytics,deepseek_pro_b028_P3_r2,A,deepseek_pro,0.9747345009,1,1.0
holdout_genre_analytics,deepseek_pro_b029_P1_r1,A,deepseek_pro,0.9985246750,1,1.0
holdout_genre_analytics,deepseek_pro_b029_P1_r2,A,deepseek_pro,0.9998346120,1,1.0
holdout_genre_analytics,deepseek_pro_b029_P2_r1,A,deepseek_pro,0.9997091714,1,1.0
holdout_genre_analytics,deepseek_pro_b029_P2_r2,A,deepseek_pro,0.9985287000,1,1.0
holdout_genre_analytics,deepseek_pro_b029_P3_r1,A,deepseek_pro,0.8512643967,1,1.0
holdout_genre_analytics,deepseek_pro_b029_P3_r2,A,deepseek_pro,0.8213567849,1,1.0
holdout_genre_analytics,deepseek_pro_b030_P1_r1,A,deepseek_pro,0.9752353268,1,1.0
holdout_genre_analytics,deepseek_pro_b030_P1_r2,A,deepseek_pro,0.9996732589,1,1.0
holdout_genre_analytics,deepseek_pro_b030_P2_r1,A,deepseek_pro,0.9999956115,1,1.0
holdout_genre_analytics,deepseek_pro_b030_P2_r2,A,deepseek_pro,0.9999870680,1,1.0
holdout_genre_analytics,deepseek_pro_b030_P3_r1,A,deepseek_pro,0.9961458979,1,1.0
holdout_genre_analytics,deepseek_pro_b030_P3_r2,A,deepseek_pro,0.9587878868,1,1.0
holdout_genre_analytics,gpt_b016_P1_r1,A,gpt,0.9987574664,1,1.0
holdout_genre_analytics,gpt_b016_P1_r2,A,gpt,0.9789881378,1,1.0
holdout_genre_analytics,gpt_b016_P2_r1,A,gpt,0.9999763297,1,1.0
holdout_genre_analytics,gpt_b016_P2_r2,A,gpt,0.9998859948,1,1.0
holdout_genre_analytics,gpt_b016_P3_r1,A,gpt,0.9998974460,1,1.0
holdout_genre_analytics,gpt_b016_P3_r2,A,gpt,0.9934793594,1,1.0
holdout_genre_analytics,gpt_b017_P1_r1,A,gpt,0.9919378690,1,1.0
holdout_genre_analytics,gpt_b017_P1_r2,A,gpt,0.7788539214,1,1.0
holdout_genre_analytics,gpt_b017_P2_r1,A,gpt,0.9997868972,1,1.0
holdout_genre_analytics,gpt_b017_P2_r2,A,gpt,0.9995702771,1,1.0
holdout_genre_analytics,gpt_b017_P3_r1,A,gpt,0.9998352271,1,1.0
holdout_genre_analytics,gpt_b017_P3_r2,A,gpt,0.9959862596,1,1.0
holdout_genre_analytics,gpt_b018_P1_r1,A,gpt,0.9978866783,1,1.0
holdout_genre_analytics,gpt_b018_P1_r2,A,gpt,0.9957583356,1,1.0
holdout_genre_analytics,gpt_b018_P2_r1,A,gpt,0.9999422128,1,1.0
holdout_genre_analytics,gpt_b018_P2_r2,A,gpt,0.9999461538,1,1.0
holdout_genre_analytics,gpt_b018_P3_r1,A,gpt,0.9980670267,1,1.0
holdout_genre_analytics,gpt_b018_P3_r2,A,gpt,0.9979269120,1,1.0
holdout_genre_analytics,gpt_b019_P1_r1,A,gpt,0.9951499378,1,1.0
holdout_genre_analytics,gpt_b019_P1_r2,A,gpt,0.9961834518,1,1.0
holdout_genre_analytics,gpt_b019_P2_r1,A,gpt,0.9999360820,1,1.0
holdout_genre_analytics,gpt_b019_P2_r2,A,gpt,0.9981460561,1,1.0
holdout_genre_analytics,gpt_b019_P3_r1,A,gpt,0.9885447655,1,1.0
holdout_genre_analytics,gpt_b019_P3_r2,A,gpt,0.9766807717,1,1.0
holdout_genre_analytics,gpt_b020_P1_r1,A,gpt,0.9977524767,1,1.0
holdout_genre_analytics,gpt_b020_P1_r2,A,gpt,0.9993279964,1,1.0
holdout_genre_analytics,gpt_b020_P2_r1,A,gpt,0.9994695177,1,1.0
holdout_genre_analytics,gpt_b020_P2_r2,A,gpt,0.9996366526,1,1.0
holdout_genre_analytics,gpt_b020_P3_r1,A,gpt,0.9994089459,1,1.0
holdout_genre_analytics,gpt_b020_P3_r2,A,gpt,0.9966389169,1,1.0
holdout_genre_analytics,gpt_b021_P1_r1,A,gpt,0.9883480700,1,1.0
holdout_genre_analytics,gpt_b021_P1_r2,A,gpt,0.9997827263,1,1.0
holdout_genre_analytics,gpt_b021_P2_r1,A,gpt,0.9997230740,1,1.0
holdout_genre_analytics,gpt_b021_P2_r2,A,gpt,0.9997355182,1,1.0
holdout_genre_analytics,gpt_b021_P3_r1,A,gpt,0.9986384041,1,1.0
holdout_genre_analytics,gpt_b021_P3_r2,A,gpt,0.9985229709,1,1.0
holdout_genre_analytics,gpt_b022_P1_r1,A,gpt,0.9971337724,1,1.0
holdout_genre_analytics,gpt_b022_P1_r2,A,gpt,0.9940557539,1,1.0
holdout_genre_analytics,gpt_b022_P2_r1,A,gpt,0.9999674857,1,1.0
holdout_genre_analytics,gpt_b022_P2_r2,A,gpt,0.9998817152,1,1.0
holdout_genre_analytics,gpt_b022_P3_r1,A,gpt,0.9929656120,1,1.0
holdout_genre_analytics,gpt_b022_P3_r2,A,gpt,0.9943068883,1,1.0
holdout_genre_analytics,gpt_b023_P1_r1,A,gpt,0.9893270811,1,1.0
holdout_genre_analytics,gpt_b023_P1_r2,A,gpt,0.9998054986,1,1.0
holdout_genre_analytics,gpt_b023_P2_r1,A,gpt,0.9998800714,1,1.0
holdout_genre_analytics,gpt_b023_P2_r2,A,gpt,0.9998975166,1,1.0
holdout_genre_analytics,gpt_b023_P3_r1,A,gpt,0.4639170618,0,1.0
holdout_genre_analytics,gpt_b023_P3_r2,A,gpt,0.8983637661,1,1.0
holdout_genre_analytics,gpt_b024_P1_r1,A,gpt,0.9994967038,1,1.0
holdout_genre_analytics,gpt_b024_P1_r2,A,gpt,0.9979732676,1,1.0
holdout_genre_analytics,gpt_b024_P2_r1,A,gpt,0.9998703895,1,1.0
holdout_genre_analytics,gpt_b024_P2_r2,A,gpt,0.9998880265,1,1.0
holdout_genre_analytics,gpt_b024_P3_r1,A,gpt,0.9909107090,1,1.0
holdout_genre_analytics,gpt_b024_P3_r2,A,gpt,0.9957760854,1,1.0
holdout_genre_analytics,gpt_b025_P1_r1,A,gpt,0.9995926987,1,1.0
holdout_genre_analytics,gpt_b025_P1_r2,A,gpt,0.9997652526,1,1.0
holdout_genre_analytics,gpt_b025_P2_r1,A,gpt,0.9998191043,1,1.0
holdout_genre_analytics,gpt_b025_P2_r2,A,gpt,0.9999479499,1,1.0
holdout_genre_analytics,gpt_b025_P3_r1,A,gpt,0.9999794710,1,1.0
holdout_genre_analytics,gpt_b025_P3_r2,A,gpt,0.9600281865,1,1.0
holdout_genre_analytics,gpt_b026_P1_r1,A,gpt,0.9970392415,1,1.0
holdout_genre_analytics,gpt_b026_P1_r2,A,gpt,0.6903051389,1,1.0
holdout_genre_analytics,gpt_b026_P2_r1,A,gpt,0.9999857906,1,1.0
holdout_genre_analytics,gpt_b026_P2_r2,A,gpt,0.9991590770,1,1.0
holdout_genre_analytics,gpt_b026_P3_r1,A,gpt,0.9996570194,1,1.0
holdout_genre_analytics,gpt_b026_P3_r2,A,gpt,0.9928327243,1,1.0
holdout_genre_analytics,gpt_b027_P1_r1,A,gpt,0.9990608562,1,1.0
holdout_genre_analytics,gpt_b027_P1_r2,A,gpt,0.9867609009,1,1.0
holdout_genre_analytics,gpt_b027_P2_r1,A,gpt,0.9922813443,1,1.0
holdout_genre_analytics,gpt_b027_P2_r2,A,gpt,0.9819971941,1,1.0
holdout_genre_analytics,gpt_b027_P3_r1,A,gpt,0.9996661470,1,1.0
holdout_genre_analytics,gpt_b027_P3_r2,A,gpt,0.9985923392,1,1.0
holdout_genre_analytics,gpt_b028_P1_r1,A,gpt,0.9974914264,1,1.0
holdout_genre_analytics,gpt_b028_P1_r2,A,gpt,0.9879695459,1,1.0
holdout_genre_analytics,gpt_b028_P2_r1,A,gpt,0.9995092909,1,1.0
holdout_genre_analytics,gpt_b028_P2_r2,A,gpt,0.9997208427,1,1.0
holdout_genre_analytics,gpt_b028_P3_r1,A,gpt,0.9970679864,1,1.0
holdout_genre_analytics,gpt_b028_P3_r2,A,gpt,0.8119182560,1,1.0
holdout_genre_analytics,gpt_b029_P1_r1,A,gpt,0.9535457002,1,1.0
holdout_genre_analytics,gpt_b029_P1_r2,A,gpt,0.7389315144,1,1.0
holdout_genre_analytics,gpt_b029_P2_r1,A,gpt,0.9997598322,1,1.0
holdout_genre_analytics,gpt_b029_P2_r2,A,gpt,0.9996472750,1,1.0
holdout_genre_analytics,gpt_b029_P3_r1,A,gpt,0.9798836773,1,1.0
holdout_genre_analytics,gpt_b029_P3_r2,A,gpt,0.8497810909,1,1.0
holdout_genre_analytics,gpt_b030_P1_r1,A,gpt,0.9975162041,1,1.0
holdout_genre_analytics,gpt_b030_P1_r2,A,gpt,0.9752844597,1,1.0
holdout_genre_analytics,gpt_b030_P2_r1,A,gpt,0.9999393676,1,1.0
holdout_genre_analytics,gpt_b030_P2_r2,A,gpt,0.9998747656,1,1.0
holdout_genre_analytics,gpt_b030_P3_r1,A,gpt,0.9904408725,1,1.0
holdout_genre_analytics,gpt_b030_P3_r2,A,gpt,0.9888596175,1,1.0
holdout_genre_analytics,human_hard_rusltc_0001,H,,0.0006734018,0,1.0
holdout_genre_analytics,human_hard_rusltc_0002,H,,0.0001161221,0,1.0
holdout_genre_analytics,human_hard_rusltc_0003,H,,0.0059659576,0,1.0
holdout_genre_analytics,human_hard_rusltc_0004,H,,0.0313049973,0,1.0
holdout_genre_analytics,human_hard_rusltc_0005,H,,0.0000022723,0,1.0
holdout_genre_analytics,human_hard_rusltc_0006,H,,0.0003072076,0,1.0
holdout_genre_analytics,human_hard_rusltc_0007,H,,0.0000148091,0,1.0
holdout_genre_analytics,human_hard_rusltc_0008,H,,0.0014617815,0,1.0
holdout_genre_analytics,human_hard_rusltc_0009,H,,0.0008842395,0,1.0
holdout_genre_analytics,human_hard_rusltc_0010,H,,0.0004195684,0,1.0
holdout_genre_analytics,human_hard_rusltc_0011,H,,0.0024050431,0,1.0
holdout_genre_analytics,human_hard_rusltc_0012,H,,0.0229458140,0,1.0
holdout_genre_analytics,human_hard_rusltc_0013,H,,0.4512349824,0,1.0
holdout_genre_analytics,human_hard_rusltc_0014,H,,0.0017422302,0,1.0
holdout_genre_analytics,human_hard_rusltc_0015,H,,0.0206382403,0,1.0
holdout_genre_analytics,human_hard_rusltc_0016,H,,0.1353976746,0,1.0
holdout_genre_analytics,human_hard_rusltc_0017,H,,0.0740531185,0,1.0
holdout_genre_analytics,human_hard_rusltc_0018,H,,0.0037018993,0,1.0
holdout_genre_analytics,human_hard_rusltc_0019,H,,0.0001307384,0,1.0
holdout_genre_analytics,human_hard_rusltc_0020,H,,0.0001904763,0,1.0
holdout_genre_analytics,human_hard_rusltc_0021,H,,0.0088090272,0,1.0
holdout_genre_analytics,human_hard_rusltc_0022,H,,0.0725575132,0,1.0
holdout_genre_analytics,human_hard_rusltc_0023,H,,0.0115320648,0,1.0
holdout_genre_analytics,human_hard_rusltc_0024,H,,0.0021659711,0,1.0
holdout_genre_analytics,human_hard_rusltc_0025,H,,0.0506108022,0,1.0
holdout_genre_analytics,human_hard_rusltc_0026,H,,0.1900305328,0,1.0
holdout_genre_analytics,human_hard_rusltc_0027,H,,0.0033682637,0,1.0
holdout_genre_analytics,human_hard_rusltc_0028,H,,0.0000844092,0,1.0
holdout_genre_analytics,human_hard_rusltc_0029,H,,0.1463295104,0,1.0
holdout_genre_analytics,human_hard_rusltc_0030,H,,0.0001517084,0,1.0
holdout_genre_analytics,human_hard_rusltc_0031,H,,0.0002442583,0,1.0
holdout_genre_analytics,human_hard_rusltc_0032,H,,0.0000090942,0,1.0
holdout_genre_analytics,human_hard_rusltc_0033,H,,0.0000851835,0,1.0
holdout_genre_analytics,human_hard_rusltc_0034,H,,0.0049534711,0,1.0
holdout_genre_analytics,human_hard_rusltc_0035,H,,0.1355081205,0,1.0
holdout_genre_analytics,human_hard_rusltc_0036,H,,0.0198935423,0,1.0
holdout_genre_analytics,human_hard_rusltc_0037,H,,0.0259558594,0,1.0
holdout_genre_analytics,human_hard_rusltc_0038,H,,0.0024504037,0,1.0
holdout_genre_analytics,human_hard_rusltc_0039,H,,0.0000338788,0,1.0
holdout_genre_analytics,human_hard_rusltc_0040,H,,0.0008651657,0,1.0
holdout_genre_analytics,human_hard_rusltc_0041,H,,0.0039265648,0,1.0
holdout_genre_analytics,human_hard_rusltc_0042,H,,0.0000000759,0,1.0
holdout_genre_analytics,human_hard_rusltc_0043,H,,0.0102823290,0,1.0
holdout_genre_analytics,human_hard_rusltc_0044,H,,0.0461365159,0,1.0
holdout_genre_analytics,human_hard_rusltc_0045,H,,0.0011795678,0,1.0
holdout_genre_analytics,human_hard_rusltc_0046,H,,0.0179359799,0,1.0
holdout_genre_analytics,human_hard_rusltc_0047,H,,0.0131083769,0,1.0
holdout_genre_analytics,human_hard_rusltc_0048,H,,0.0175657491,0,1.0
holdout_genre_analytics,human_hard_rusltc_0049,H,,0.0000656959,0,1.0
holdout_genre_analytics,human_hard_rusltc_0050,H,,0.0006582618,0,1.0
holdout_genre_analytics,human_hard_rusltc_0051,H,,0.0002987419,0,1.0
holdout_genre_analytics,human_hard_rusltc_0052,H,,0.4393204677,0,1.0
holdout_genre_analytics,human_hard_rusltc_0053,H,,0.0074450902,0,1.0
holdout_genre_analytics,human_hard_rusltc_0054,H,,0.0001088597,0,1.0
holdout_genre_analytics,human_hard_rusltc_0055,H,,0.0072352231,0,1.0
holdout_genre_analytics,human_hard_rusltc_0056,H,,0.0612790259,0,1.0
holdout_genre_analytics,human_hard_rusltc_0057,H,,0.0000273997,0,1.0
holdout_genre_analytics,human_hard_rusltc_0058,H,,0.0084927974,0,1.0
holdout_genre_analytics,human_hard_rusltc_0059,H,,0.0005280651,0,1.0
holdout_genre_analytics,human_hard_rusltc_0060,H,,0.0035702413,0,1.0
holdout_genre_analytics,human_hard_rusltc_0061,H,,0.0002590116,0,1.0
holdout_genre_analytics,human_hard_rusltc_0062,H,,0.0016898261,0,1.0
holdout_genre_analytics,human_hard_rusltc_0063,H,,0.0029985473,0,1.0
holdout_genre_analytics,human_hard_rusltc_0064,H,,0.6444937135,1,1.0
holdout_genre_analytics,human_hard_rusltc_0065,H,,0.0010698558,0,1.0
holdout_genre_analytics,human_hard_rusltc_0066,H,,0.0425251186,0,1.0
holdout_genre_analytics,human_hard_rusltc_0067,H,,0.0040904548,0,1.0
holdout_genre_analytics,human_hard_rusltc_0068,H,,0.0000005069,0,1.0
holdout_genre_analytics,human_hard_rusltc_0069,H,,0.0116880678,0,1.0
holdout_genre_analytics,human_hard_rusltc_0070,H,,0.2255342418,0,1.0
holdout_genre_analytics,human_hard_rusltc_0071,H,,0.0007994713,0,1.0
holdout_genre_analytics,human_hard_rusltc_0072,H,,0.0847507797,0,1.0
holdout_genre_analytics,human_hard_rusltc_0073,H,,0.0124656699,0,1.0
holdout_genre_analytics,human_news_buriy_2014_0001,H,,0.0001567247,0,1.0
holdout_genre_analytics,human_news_buriy_2014_0002,H,,0.0000114647,0,1.0
holdout_genre_analytics,human_news_buriy_2014_0003,H,,0.0001824635,0,1.0
holdout_genre_analytics,human_news_buriy_2014_0004,H,,0.0000005403,0,1.0
holdout_genre_analytics,human_news_buriy_2014_0005,H,,0.0038199935,0,1.0
holdout_genre_analytics,human_news_buriy_2014_0006,H,,0.0000415630,0,1.0
holdout_genre_analytics,human_news_buriy_2014_0007,H,,0.0038632319,0,1.0
holdout_genre_analytics,human_news_buriy_2014_0008,H,,0.0022868319,0,1.0
holdout_genre_analytics,human_news_buriy_2014_0009,H,,0.0002348463,0,1.0
holdout_genre_analytics,human_news_buriy_2014_0010,H,,0.0000002455,0,1.0
holdout_genre_analytics,human_news_buriy_2014_0011,H,,0.0000910252,0,1.0
holdout_genre_analytics,human_news_buriy_2014_0012,H,,0.0000102792,0,1.0
holdout_genre_analytics,human_news_buriy_2014_0013,H,,0.0022495935,0,1.0
holdout_genre_analytics,human_news_buriy_2014_0014,H,,0.0006811109,0,1.0
holdout_genre_analytics,human_news_buriy_2014_0015,H,,0.0000212134,0,1.0
holdout_genre_analytics,human_news_buriy_2014_0016,H,,0.0000087325,0,1.0
holdout_genre_analytics,human_news_buriy_2014_0017,H,,0.5089061552,1,1.0
holdout_genre_analytics,human_news_buriy_2014_0018,H,,0.0002607996,0,1.0
holdout_genre_analytics,human_news_buriy_2014_0019,H,,0.0062150495,0,1.0
holdout_genre_analytics,human_news_buriy_2014_0020,H,,0.0000001337,0,1.0
holdout_genre_analytics,human_news_buriy_2014_0021,H,,0.1054864553,0,1.0
holdout_genre_analytics,human_news_buriy_2014_0022,H,,0.0000155974,0,1.0
holdout_genre_analytics,human_news_buriy_2014_0023,H,,0.0000020960,0,1.0
holdout_genre_analytics,human_news_buriy_2014_0024,H,,0.0000867715,0,1.0
holdout_genre_analytics,human_news_buriy_2014_0025,H,,0.0001067557,0,1.0
holdout_genre_analytics,human_news_buriy_2014_0026,H,,0.0002087104,0,1.0
holdout_genre_analytics,human_news_buriy_2014_0027,H,,0.0000627088,0,1.0
holdout_genre_analytics,human_news_buriy_2014_0028,H,,0.0000063226,0,1.0
holdout_genre_analytics,human_news_buriy_2014_0029,H,,0.0000694414,0,1.0
holdout_genre_analytics,human_news_buriy_2014_0030,H,,0.0130275124,0,1.0
holdout_genre_analytics,human_news_buriy_2014_0031,H,,0.0000860098,0,1.0
holdout_genre_analytics,human_news_buriy_2014_0032,H,,0.0001109454,0,1.0
holdout_genre_analytics,human_news_buriy_2014_0033,H,,0.0011011289,0,1.0
holdout_genre_analytics,human_news_buriy_2014_0034,H,,0.0049374644,0,1.0
holdout_genre_analytics,human_news_buriy_2014_0035,H,,0.0000080003,0,1.0
holdout_genre_analytics,human_news_buriy_2014_0036,H,,0.0002887034,0,1.0
holdout_genre_analytics,human_news_buriy_2014_0037,H,,0.0001836869,0,1.0
holdout_genre_analytics,human_news_buriy_2014_0038,H,,0.0000087351,0,1.0
holdout_genre_analytics,human_news_buriy_2014_0039,H,,0.0002704826,0,1.0
holdout_genre_analytics,human_news_buriy_2014_0040,H,,0.0002158239,0,1.0
holdout_genre_analytics,human_news_buriy_2014_0041,H,,0.0253629602,0,1.0
holdout_genre_analytics,human_news_buriy_2014_0042,H,,0.0000219137,0,1.0
holdout_genre_analytics,human_news_buriy_2014_0043,H,,0.0007294777,0,1.0
holdout_genre_analytics,human_news_buriy_2014_0044,H,,0.0013002674,0,1.0
holdout_genre_analytics,human_news_buriy_2014_0045,H,,0.0002054873,0,1.0
holdout_genre_analytics,human_news_buriy_2014_0046,H,,0.0001194054,0,1.0
holdout_genre_analytics,human_news_buriy_2014_0047,H,,0.0000573826,0,1.0
holdout_genre_analytics,human_news_buriy_2014_0048,H,,0.0000550666,0,1.0
holdout_genre_analytics,human_news_buriy_2014_0049,H,,0.0000012760,0,1.0
holdout_genre_analytics,human_news_buriy_2014_0050,H,,0.0008563334,0,1.0
holdout_genre_analytics,human_news_buriy_2014_0051,H,,0.6052882801,1,1.0
holdout_genre_analytics,human_news_buriy_2014_0052,H,,0.0000095333,0,1.0
holdout_genre_analytics,human_news_buriy_2014_0053,H,,0.0000001205,0,1.0
holdout_genre_analytics,human_news_buriy_2014_0054,H,,0.0526919388,0,1.0
holdout_genre_analytics,human_news_buriy_2014_0055,H,,0.0000005816,0,1.0
holdout_genre_analytics,human_news_buriy_2014_0056,H,,0.0787457436,0,1.0
holdout_genre_analytics,human_news_buriy_2014_0057,H,,0.0000532128,0,1.0
holdout_genre_analytics,human_news_buriy_2014_0058,H,,0.0031164949,0,1.0
holdout_genre_analytics,human_news_buriy_2014_0059,H,,0.0000198428,0,1.0
holdout_genre_analytics,human_news_buriy_2014_0060,H,,0.0000317355,0,1.0
holdout_genre_analytics,human_news_gazeta_0001,H,,0.0037087386,0,1.0
holdout_genre_analytics,human_news_gazeta_0002,H,,0.1077818996,0,1.0
holdout_genre_analytics,human_news_gazeta_0003,H,,0.0964559221,0,1.0
holdout_genre_analytics,human_news_gazeta_0004,H,,0.0023342016,0,1.0
holdout_genre_analytics,human_news_gazeta_0005,H,,0.0000444787,0,1.0
holdout_genre_analytics,human_news_gazeta_0006,H,,0.0001616077,0,1.0
holdout_genre_analytics,human_news_gazeta_0007,H,,0.0000569616,0,1.0
holdout_genre_analytics,human_news_gazeta_0008,H,,0.0071703661,0,1.0
holdout_genre_analytics,human_news_gazeta_0009,H,,0.0001056970,0,1.0
holdout_genre_analytics,human_news_gazeta_0010,H,,0.0078934201,0,1.0
holdout_genre_analytics,human_news_gazeta_0011,H,,0.0000047164,0,1.0
holdout_genre_analytics,human_news_gazeta_0012,H,,0.0010624743,0,1.0
holdout_genre_analytics,human_news_gazeta_0013,H,,0.0105112309,0,1.0
holdout_genre_analytics,human_news_gazeta_0014,H,,0.0000015426,0,1.0
holdout_genre_analytics,human_news_gazeta_0015,H,,0.0100514555,0,1.0
holdout_genre_analytics,human_news_gazeta_0016,H,,0.0000074291,0,1.0
holdout_genre_analytics,human_news_gazeta_0017,H,,0.0268589532,0,1.0
holdout_genre_analytics,human_news_gazeta_0018,H,,0.0100473478,0,1.0
holdout_genre_analytics,human_news_gazeta_0019,H,,0.0000458276,0,1.0
holdout_genre_analytics,human_news_gazeta_0020,H,,0.0000222476,0,1.0
holdout_genre_analytics,human_news_gazeta_0021,H,,0.0060200859,0,1.0
holdout_genre_analytics,human_news_gazeta_0022,H,,0.0070695626,0,1.0
holdout_genre_analytics,human_news_gazeta_0023,H,,0.0000209388,0,1.0
holdout_genre_analytics,human_news_gazeta_0024,H,,0.0004490425,0,1.0
holdout_genre_analytics,human_news_gazeta_0025,H,,0.0008335793,0,1.0
holdout_genre_analytics,human_news_gazeta_0026,H,,0.0000728640,0,1.0
holdout_genre_analytics,human_news_gazeta_0027,H,,0.0002845948,0,1.0
holdout_genre_analytics,human_news_gazeta_0028,H,,0.0000227620,0,1.0
holdout_genre_analytics,human_news_gazeta_0029,H,,0.0066246831,0,1.0
holdout_genre_analytics,human_news_gazeta_0030,H,,0.3163909984,0,1.0
holdout_genre_analytics,human_news_gazeta_0031,H,,0.0120222429,0,1.0
holdout_genre_analytics,human_news_gazeta_0032,H,,0.0004300441,0,1.0
holdout_genre_analytics,human_news_gazeta_0033,H,,0.0018019407,0,1.0
holdout_genre_analytics,human_news_gazeta_0034,H,,0.0836499939,0,1.0
holdout_genre_analytics,human_news_gazeta_0035,H,,0.0202356213,0,1.0
holdout_genre_analytics,human_news_gazeta_0036,H,,0.0003947011,0,1.0
holdout_genre_analytics,human_news_gazeta_0037,H,,0.1323258092,0,1.0
holdout_genre_analytics,human_news_gazeta_0038,H,,0.2181517856,0,1.0
holdout_genre_analytics,human_news_gazeta_0039,H,,0.0089300923,0,1.0
holdout_genre_analytics,human_news_gazeta_0040,H,,0.0062656918,0,1.0
holdout_genre_analytics,human_news_gazeta_0041,H,,0.0000178754,0,1.0
holdout_genre_analytics,human_news_gazeta_0042,H,,0.0017216517,0,1.0
holdout_genre_analytics,human_news_gazeta_0043,H,,0.0228986562,0,1.0
holdout_genre_analytics,human_news_gazeta_0044,H,,0.0002193682,0,1.0
holdout_genre_analytics,human_news_gazeta_0045,H,,0.0001891063,0,1.0
holdout_genre_analytics,human_news_gazeta_0046,H,,0.0000097132,0,1.0
holdout_genre_analytics,human_news_gazeta_0047,H,,0.0006930280,0,1.0
holdout_genre_analytics,human_news_gazeta_0048,H,,0.0597497318,0,1.0
holdout_genre_analytics,human_news_gazeta_0049,H,,0.0610312927,0,1.0
holdout_genre_analytics,human_news_gazeta_0050,H,,0.0018912344,0,1.0
holdout_genre_analytics,human_news_gazeta_0051,H,,0.0003538308,0,1.0
holdout_genre_analytics,human_news_gazeta_0052,H,,0.0898215489,0,1.0
holdout_genre_analytics,human_news_gazeta_0053,H,,0.0191439687,0,1.0
holdout_genre_analytics,human_news_gazeta_0054,H,,0.0062489299,0,1.0
holdout_genre_analytics,human_news_gazeta_0055,H,,0.0000672810,0,1.0
holdout_genre_analytics,human_news_gazeta_0056,H,,0.0005354052,0,1.0
holdout_genre_analytics,human_news_gazeta_0057,H,,0.0459536954,0,1.0
holdout_genre_analytics,human_news_gazeta_0058,H,,0.0026402669,0,1.0
holdout_genre_analytics,human_news_gazeta_0059,H,,0.0004946709,0,1.0
holdout_genre_analytics,human_news_gazeta_0060,H,,0.0000251823,0,1.0
holdout_genre_analytics,human_news_lenta_0001,H,,0.0152511504,0,1.0
holdout_genre_analytics,human_news_lenta_0002,H,,0.0001847493,0,1.0
holdout_genre_analytics,human_news_lenta_0004,H,,0.0093629516,0,1.0
holdout_genre_analytics,human_news_lenta_0007,H,,0.0000000000,0,1.0
holdout_genre_analytics,human_news_lenta_0009,H,,0.0004004173,0,1.0
holdout_genre_analytics,human_news_lenta_0010,H,,0.0000000002,0,1.0
holdout_genre_analytics,human_news_lenta_0012,H,,0.0002663834,0,1.0
holdout_genre_analytics,human_news_lenta_0013,H,,0.0088246495,0,1.0
holdout_genre_analytics,human_news_lenta_0014,H,,0.0005231634,0,1.0
holdout_genre_analytics,human_news_lenta_0015,H,,0.0048484202,0,1.0
holdout_genre_analytics,human_news_lenta_0016,H,,0.0008407849,0,1.0
holdout_genre_analytics,human_news_lenta_0017,H,,0.0000000121,0,1.0
holdout_genre_analytics,human_news_lenta_0018,H,,0.0000001324,0,1.0
holdout_genre_analytics,human_news_lenta_0021,H,,0.0169268057,0,1.0
holdout_genre_analytics,human_news_lenta_0022,H,,0.0000294852,0,1.0
holdout_genre_analytics,human_news_lenta_0023,H,,0.0570542828,0,1.0
holdout_genre_analytics,human_news_lenta_0024,H,,0.0044301904,0,1.0
holdout_genre_analytics,human_news_lenta_0027,H,,0.1275230236,0,1.0
holdout_genre_analytics,human_news_lenta_0029,H,,0.0381034928,0,1.0
holdout_genre_analytics,human_news_lenta_0034,H,,0.0002605165,0,1.0
holdout_genre_analytics,human_news_lenta_0036,H,,0.0011710873,0,1.0
holdout_genre_analytics,human_news_lenta_0039,H,,0.0000000000,0,1.0
holdout_genre_analytics,human_news_lenta_0040,H,,0.0524200298,0,1.0
holdout_genre_analytics,human_news_lenta_0041,H,,0.0000125206,0,1.0
holdout_genre_analytics,human_news_lenta_0042,H,,0.0000009328,0,1.0
holdout_genre_analytics,human_news_lenta_0044,H,,0.0001779422,0,1.0
holdout_genre_analytics,human_news_lenta_0045,H,,0.0107154514,0,1.0
holdout_genre_analytics,human_news_lenta_0046,H,,0.0000000816,0,1.0
holdout_genre_analytics,human_news_lenta_0049,H,,0.0035236829,0,1.0
holdout_genre_analytics,human_news_lenta_0051,H,,0.0005791331,0,1.0
holdout_genre_analytics,human_news_lenta_0053,H,,0.0000056475,0,1.0
holdout_genre_analytics,human_news_lenta_0055,H,,0.0637256050,0,1.0
holdout_genre_analytics,human_science_cyberleninka_0001,H,,0.0123486265,0,1.0
holdout_genre_analytics,human_science_cyberleninka_0002,H,,0.6887937571,1,1.0
holdout_genre_analytics,human_science_cyberleninka_0003,H,,0.0095491095,0,1.0
holdout_genre_analytics,human_science_cyberleninka_0004,H,,0.0125153622,0,1.0
holdout_genre_analytics,human_science_cyberleninka_0005,H,,0.0015286141,0,1.0
holdout_genre_analytics,human_science_cyberleninka_0006,H,,0.0119868985,0,1.0
holdout_genre_analytics,human_science_cyberleninka_0007,H,,0.0515187706,0,1.0
holdout_genre_analytics,human_science_cyberleninka_0008,H,,0.0000278949,0,1.0
holdout_genre_analytics,human_science_cyberleninka_0009,H,,0.0550826223,0,1.0
holdout_genre_analytics,human_science_cyberleninka_0010,H,,0.0001507672,0,1.0
holdout_genre_analytics,human_science_cyberleninka_0011,H,,0.0001715112,0,1.0
holdout_genre_analytics,human_science_cyberleninka_0013,H,,0.2378432394,0,1.0
holdout_genre_analytics,human_science_cyberleninka_0014,H,,0.1053760607,0,1.0
holdout_genre_analytics,human_science_cyberleninka_0015,H,,0.0000147452,0,1.0
holdout_genre_analytics,human_science_cyberleninka_0016,H,,0.0030175158,0,1.0
holdout_genre_analytics,human_science_cyberleninka_0017,H,,0.0023197116,0,1.0
holdout_genre_analytics,human_science_cyberleninka_0018,H,,0.5415464049,1,1.0
holdout_genre_analytics,human_science_cyberleninka_0019,H,,0.3704601348,0,1.0
holdout_genre_analytics,human_science_cyberleninka_0020,H,,0.0002992541,0,1.0
holdout_genre_analytics,human_science_cyberleninka_0021,H,,0.4309365834,0,1.0
holdout_genre_analytics,human_science_cyberleninka_0022,H,,0.0001320089,0,1.0
holdout_genre_analytics,human_science_cyberleninka_0023,H,,0.5465790770,1,1.0
holdout_genre_analytics,human_science_cyberleninka_0024,H,,0.3693517403,0,1.0
holdout_genre_analytics,human_science_cyberleninka_0025,H,,0.0061792082,0,1.0
holdout_genre_analytics,human_science_cyberleninka_0026,H,,0.0007027499,0,1.0
holdout_genre_analytics,human_science_cyberleninka_0027,H,,0.0158654070,0,1.0
holdout_genre_analytics,human_science_cyberleninka_0028,H,,0.0000127576,0,1.0
holdout_genre_analytics,human_science_cyberleninka_0029,H,,0.0116584865,0,1.0
holdout_genre_analytics,human_science_cyberleninka_0030,H,,0.0000307939,0,1.0
holdout_genre_analytics,human_science_cyberleninka_0031,H,,0.0475945088,0,1.0
holdout_genre_analytics,human_science_cyberleninka_0032,H,,0.0126875691,0,1.0
holdout_genre_analytics,human_science_cyberleninka_0033,H,,0.6403432292,1,1.0
holdout_genre_analytics,human_science_cyberleninka_0034,H,,0.0000885247,0,1.0
holdout_genre_analytics,human_science_cyberleninka_0035,H,,0.1843833823,0,1.0
holdout_genre_analytics,human_science_cyberleninka_0036,H,,0.2371404826,0,1.0
holdout_genre_analytics,human_science_cyberleninka_0037,H,,0.0945747919,0,1.0
holdout_genre_analytics,human_science_cyberleninka_0038,H,,0.0383398377,0,1.0
holdout_genre_analytics,human_science_cyberleninka_0039,H,,0.0083846808,0,1.0
holdout_genre_analytics,human_science_cyberleninka_0040,H,,0.0001520357,0,1.0
holdout_genre_analytics,human_science_cyberleninka_0041,H,,0.0326832410,0,1.0
holdout_genre_analytics,human_science_cyberleninka_0042,H,,0.0001184254,0,1.0
holdout_genre_analytics,human_science_cyberleninka_0043,H,,0.0157970974,0,1.0
holdout_genre_analytics,human_science_cyberleninka_0044,H,,0.6952928678,1,1.0
holdout_genre_analytics,human_science_cyberleninka_0045,H,,0.0004845155,0,1.0
holdout_genre_analytics,human_science_cyberleninka_0046,H,,0.0000384450,0,1.0
holdout_genre_analytics,human_science_cyberleninka_0047,H,,0.0018465626,0,1.0
holdout_genre_analytics,human_science_cyberleninka_0048,H,,0.0000131448,0,1.0
holdout_genre_analytics,human_science_cyberleninka_0049,H,,0.0000566060,0,1.0
holdout_genre_analytics,human_science_cyberleninka_0050,H,,0.0002695248,0,1.0
holdout_genre_analytics,human_science_cyberleninka_0051,H,,0.0459557277,0,1.0
holdout_genre_analytics,human_science_cyberleninka_0052,H,,0.1685529678,0,1.0
holdout_genre_analytics,human_science_cyberleninka_0053,H,,0.0000014386,0,1.0
holdout_genre_analytics,human_science_cyberleninka_0054,H,,0.0161694207,0,1.0
holdout_genre_analytics,human_science_cyberleninka_0055,H,,0.0051531874,0,1.0
holdout_genre_analytics,human_science_cyberleninka_0056,H,,0.0167706112,0,1.0
holdout_genre_analytics,human_science_cyberleninka_0057,H,,0.0583279800,0,1.0
holdout_genre_analytics,human_science_cyberleninka_0058,H,,0.5058016864,1,1.0
holdout_genre_analytics,human_science_cyberleninka_0059,H,,0.5727638858,1,1.0
holdout_genre_analytics,human_science_cyberleninka_0060,H,,0.0067514023,0,1.0
holdout_genre_analytics,human_science_cyberleninka_0067,H,,0.2103354431,0,1.0
holdout_genre_analytics,human_science_spbgu_0001,H,,0.0013971110,0,1.0
holdout_genre_analytics,human_science_spbgu_0002,H,,0.0013920608,0,1.0
holdout_genre_analytics,human_science_spbgu_0003,H,,0.0548555977,0,1.0
holdout_genre_analytics,human_science_spbgu_0004,H,,0.0002837423,0,1.0
holdout_genre_analytics,human_science_spbgu_0005,H,,0.0039678150,0,1.0
holdout_genre_analytics,human_science_spbgu_0006,H,,0.0002716106,0,1.0
holdout_genre_analytics,human_science_spbgu_0007,H,,0.0000351648,0,1.0
holdout_genre_analytics,human_science_spbgu_0008,H,,0.0268767820,0,1.0
holdout_genre_analytics,human_science_spbgu_0009,H,,0.0000381989,0,1.0
holdout_genre_analytics,human_science_spbgu_0010,H,,0.0001740974,0,1.0
holdout_genre_analytics,human_science_spbgu_0011,H,,0.0025383218,0,1.0
holdout_genre_analytics,human_science_spbgu_0012,H,,0.0000183961,0,1.0
holdout_genre_analytics,human_science_spbgu_0013,H,,0.0000224084,0,1.0
holdout_genre_analytics,human_science_spbgu_0014,H,,0.0159806581,0,1.0
holdout_genre_analytics,human_science_spbgu_0015,H,,0.0026161064,0,1.0
holdout_genre_analytics,human_science_spbgu_0016,H,,0.0000192708,0,1.0
holdout_genre_analytics,human_science_spbgu_0017,H,,0.0017535823,0,1.0
holdout_genre_analytics,human_science_spbgu_0018,H,,0.0000736716,0,1.0
holdout_genre_analytics,human_science_spbgu_0019,H,,0.0030454152,0,1.0
holdout_genre_analytics,human_science_spbgu_0020,H,,0.0014359773,0,1.0
holdout_genre_analytics,human_science_spbgu_0021,H,,0.0000262839,0,1.0
holdout_genre_analytics,human_science_spbgu_0022,H,,0.0010782089,0,1.0
holdout_genre_analytics,human_science_spbgu_0023,H,,0.0001704510,0,1.0
holdout_genre_analytics,human_science_spbgu_0024,H,,0.0000227975,0,1.0
holdout_genre_analytics,human_science_spbgu_0025,H,,0.0000211274,0,1.0
holdout_genre_analytics,human_science_spbgu_0026,H,,0.0036391177,0,1.0
holdout_genre_analytics,human_science_spbgu_0027,H,,0.0000048687,0,1.0
holdout_genre_analytics,human_science_spbgu_0028,H,,0.0000174441,0,1.0
holdout_genre_analytics,human_science_spbgu_0029,H,,0.0000113537,0,1.0
holdout_genre_analytics,human_science_spbgu_0030,H,,0.0000129223,0,1.0
holdout_genre_analytics,human_science_spbgu_0031,H,,0.0001132059,0,1.0
holdout_genre_analytics,human_science_spbgu_0032,H,,0.0000428676,0,1.0
holdout_genre_analytics,human_science_spbgu_0033,H,,0.0000052451,0,1.0
holdout_genre_analytics,human_science_spbgu_0034,H,,0.0001112809,0,1.0
holdout_genre_analytics,human_science_spbgu_0035,H,,0.0000021309,0,1.0
holdout_genre_analytics,human_science_spbgu_0036,H,,0.0001053783,0,1.0
holdout_genre_analytics,human_science_spbgu_0037,H,,0.0007114174,0,1.0
holdout_genre_analytics,human_science_spbgu_0038,H,,0.0000124264,0,1.0
holdout_genre_analytics,human_science_spbgu_0039,H,,0.0052598969,0,1.0
holdout_genre_analytics,human_science_spbgu_0040,H,,0.0000635574,0,1.0
holdout_genre_analytics,human_science_spbgu_0041,H,,0.0000981290,0,1.0
holdout_genre_analytics,human_science_spbgu_0042,H,,0.0001563679,0,1.0
holdout_genre_analytics,human_science_spbgu_0043,H,,0.0002661748,0,1.0
holdout_genre_analytics,human_science_spbgu_0044,H,,0.0006754957,0,1.0
holdout_genre_analytics,human_science_spbgu_0045,H,,0.0000764582,0,1.0
holdout_genre_analytics,human_science_spbgu_0046,H,,0.0000049899,0,1.0
holdout_genre_analytics,human_science_spbgu_0048,H,,0.0000706000,0,1.0
holdout_genre_analytics,human_science_spbgu_0049,H,,0.0000597699,0,1.0
holdout_genre_analytics,human_science_spbgu_0050,H,,0.0013119071,0,1.0
holdout_genre_analytics,human_science_spbgu_0054,H,,0.0000005014,0,1.0
holdout_genre_analytics,human_science_spbgu_0055,H,,0.0000226823,0,1.0
holdout_genre_analytics,human_science_spbgu_0057,H,,0.0032239503,0,1.0
holdout_genre_analytics,human_science_spbgu_0059,H,,0.0001916233,0,1.0
holdout_genre_analytics,human_science_spbgu_0060,H,,0.0000002998,0,1.0
holdout_genre_analytics,human_science_spbgu_0061,H,,0.0000359975,0,1.0
holdout_genre_analytics,human_science_spbgu_0062,H,,0.0000939119,0,1.0
holdout_genre_analytics,human_science_spbgu_0063,H,,0.0053511935,0,1.0
holdout_genre_analytics,human_science_spbgu_0064,H,,0.0000086845,0,1.0
holdout_genre_analytics,human_science_spbgu_0065,H,,0.0000133145,0,1.0
holdout_genre_analytics,human_science_urfu_0001,H,,0.0267615362,0,1.0
holdout_genre_analytics,human_science_urfu_0002,H,,0.0011825970,0,1.0
holdout_genre_analytics,human_science_urfu_0003,H,,0.0139811059,0,1.0
holdout_genre_analytics,human_science_urfu_0004,H,,0.0019703276,0,1.0
holdout_genre_analytics,human_science_urfu_0005,H,,0.0048669007,0,1.0
holdout_genre_analytics,human_science_urfu_0006,H,,0.0000707965,0,1.0
holdout_genre_analytics,human_science_urfu_0007,H,,0.2121399878,0,1.0
holdout_genre_analytics,human_science_urfu_0008,H,,0.0000430705,0,1.0
holdout_genre_analytics,human_science_urfu_0009,H,,0.0005878051,0,1.0
holdout_genre_analytics,human_science_urfu_0010,H,,0.0014753842,0,1.0
holdout_genre_analytics,human_science_urfu_0011,H,,0.0024304778,0,1.0
holdout_genre_analytics,human_science_urfu_0012,H,,0.0000948188,0,1.0
holdout_genre_analytics,human_science_urfu_0013,H,,0.0365462779,0,1.0
holdout_genre_analytics,human_science_urfu_0014,H,,0.0000029245,0,1.0
holdout_genre_analytics,human_science_urfu_0015,H,,0.0013729469,0,1.0
holdout_genre_analytics,human_science_urfu_0016,H,,0.0156763572,0,1.0
holdout_genre_analytics,human_science_urfu_0017,H,,0.0015909600,0,1.0
holdout_genre_analytics,human_science_urfu_0018,H,,0.0003906811,0,1.0
holdout_genre_analytics,human_science_urfu_0019,H,,0.0019966606,0,1.0
holdout_genre_analytics,human_science_urfu_0020,H,,0.0000073255,0,1.0
holdout_genre_analytics,human_science_urfu_0021,H,,0.0014947650,0,1.0
holdout_genre_analytics,human_science_urfu_0022,H,,0.0015601903,0,1.0
holdout_genre_analytics,human_science_urfu_0023,H,,0.0000043048,0,1.0
holdout_genre_analytics,human_science_urfu_0024,H,,0.0045009738,0,1.0
holdout_genre_analytics,human_science_urfu_0025,H,,0.0133049560,0,1.0
holdout_genre_analytics,human_science_urfu_0026,H,,0.0095779955,0,1.0
holdout_genre_analytics,human_science_urfu_0027,H,,0.0266242055,0,1.0
holdout_genre_analytics,human_science_urfu_0028,H,,0.0082159912,0,1.0
holdout_genre_analytics,human_science_urfu_0029,H,,0.0003736286,0,1.0
holdout_genre_analytics,human_science_urfu_0030,H,,0.0475981922,0,1.0
holdout_genre_analytics,human_science_urfu_0031,H,,0.0000004023,0,1.0
holdout_genre_analytics,human_science_urfu_0032,H,,0.2886315247,0,1.0
holdout_genre_analytics,human_science_urfu_0033,H,,0.0018998908,0,1.0
holdout_genre_analytics,human_science_urfu_0034,H,,0.0004407496,0,1.0
holdout_genre_analytics,human_science_urfu_0035,H,,0.0059960460,0,1.0
holdout_genre_analytics,human_science_urfu_0036,H,,0.0028311061,0,1.0
holdout_genre_analytics,human_science_urfu_0037,H,,0.0068016991,0,1.0
holdout_genre_analytics,human_science_urfu_0038,H,,0.0000000027,0,1.0
holdout_genre_analytics,human_science_urfu_0039,H,,0.0000000235,0,1.0
holdout_genre_analytics,human_science_urfu_0040,H,,0.0000000000,0,1.0
holdout_genre_analytics,human_science_urfu_0041,H,,0.0000006081,0,1.0
holdout_genre_analytics,human_science_urfu_0042,H,,0.0000000260,0,1.0
holdout_genre_analytics,human_science_urfu_0043,H,,0.0000000628,0,1.0
holdout_genre_analytics,human_science_urfu_0044,H,,0.0212707505,0,1.0
holdout_genre_analytics,human_science_urfu_0045,H,,0.0018349322,0,1.0
holdout_genre_analytics,human_science_urfu_0046,H,,0.0000000627,0,1.0
holdout_genre_analytics,human_science_urfu_0047,H,,0.0081100446,0,1.0
holdout_genre_analytics,human_science_urfu_0048,H,,0.0001380023,0,1.0
holdout_genre_analytics,nemotron_b016_P1_r1,A,nemotron,0.9998965244,1,1.0
holdout_genre_analytics,nemotron_b016_P1_r2,A,nemotron,0.9999974551,1,1.0
holdout_genre_analytics,nemotron_b016_P2_r1,A,nemotron,0.9999877535,1,1.0
holdout_genre_analytics,nemotron_b016_P2_r2,A,nemotron,0.9999997501,1,1.0
holdout_genre_analytics,nemotron_b016_P3_r1,A,nemotron,0.9986857530,1,1.0
holdout_genre_analytics,nemotron_b016_P3_r2,A,nemotron,0.9995893644,1,1.0
holdout_genre_analytics,nemotron_b017_P1_r1,A,nemotron,0.9999914484,1,1.0
holdout_genre_analytics,nemotron_b017_P1_r2,A,nemotron,0.9994253186,1,1.0
holdout_genre_analytics,nemotron_b017_P2_r1,A,nemotron,0.9998300438,1,1.0
holdout_genre_analytics,nemotron_b017_P2_r2,A,nemotron,0.9999422994,1,1.0
holdout_genre_analytics,nemotron_b017_P3_r1,A,nemotron,0.9957981447,1,1.0
holdout_genre_analytics,nemotron_b017_P3_r2,A,nemotron,0.9972864927,1,1.0
holdout_genre_analytics,nemotron_b018_P1_r1,A,nemotron,0.9978789184,1,1.0
holdout_genre_analytics,nemotron_b018_P1_r2,A,nemotron,0.9997819023,1,1.0
holdout_genre_analytics,nemotron_b018_P2_r1,A,nemotron,0.9925785720,1,1.0
holdout_genre_analytics,nemotron_b018_P2_r2,A,nemotron,0.9999383241,1,1.0
holdout_genre_analytics,nemotron_b018_P3_r1,A,nemotron,0.9864881186,1,1.0
holdout_genre_analytics,nemotron_b018_P3_r2,A,nemotron,0.9473786341,1,1.0
holdout_genre_analytics,nemotron_b019_P1_r1,A,nemotron,0.9996443371,1,1.0
holdout_genre_analytics,nemotron_b019_P1_r2,A,nemotron,0.9902440148,1,1.0
holdout_genre_analytics,nemotron_b019_P2_r1,A,nemotron,0.9998533931,1,1.0
holdout_genre_analytics,nemotron_b019_P2_r2,A,nemotron,0.9999896555,1,1.0
holdout_genre_analytics,nemotron_b019_P3_r1,A,nemotron,0.9936398807,1,1.0
holdout_genre_analytics,nemotron_b019_P3_r2,A,nemotron,0.3106398069,0,1.0
holdout_genre_analytics,nemotron_b020_P1_r1,A,nemotron,0.9808582543,1,1.0
holdout_genre_analytics,nemotron_b020_P1_r2,A,nemotron,0.9999986374,1,1.0
holdout_genre_analytics,nemotron_b020_P2_r1,A,nemotron,0.9991662447,1,1.0
holdout_genre_analytics,nemotron_b020_P2_r2,A,nemotron,0.9999869876,1,1.0
holdout_genre_analytics,nemotron_b020_P3_r1,A,nemotron,0.9972491593,1,1.0
holdout_genre_analytics,nemotron_b020_P3_r2,A,nemotron,0.9822364015,1,1.0
holdout_genre_analytics,nemotron_b021_P1_r1,A,nemotron,0.9954582340,1,1.0
holdout_genre_analytics,nemotron_b021_P1_r2,A,nemotron,0.9871879402,1,1.0
holdout_genre_analytics,nemotron_b021_P2_r1,A,nemotron,0.9999015317,1,1.0
holdout_genre_analytics,nemotron_b021_P2_r2,A,nemotron,0.9999988269,1,1.0
holdout_genre_analytics,nemotron_b021_P3_r1,A,nemotron,0.0048755815,0,1.0
holdout_genre_analytics,nemotron_b021_P3_r2,A,nemotron,0.9605091990,1,1.0
holdout_genre_analytics,nemotron_b022_P1_r1,A,nemotron,0.9997687606,1,1.0
holdout_genre_analytics,nemotron_b022_P1_r2,A,nemotron,0.9999597278,1,1.0
holdout_genre_analytics,nemotron_b022_P2_r1,A,nemotron,0.9999994851,1,1.0
holdout_genre_analytics,nemotron_b022_P2_r2,A,nemotron,0.9999999996,1,1.0
holdout_genre_analytics,nemotron_b022_P3_r1,A,nemotron,0.9995420260,1,1.0
holdout_genre_analytics,nemotron_b022_P3_r2,A,nemotron,0.9972815035,1,1.0
holdout_genre_analytics,nemotron_b023_P1_r1,A,nemotron,0.9759502184,1,1.0
holdout_genre_analytics,nemotron_b023_P1_r2,A,nemotron,0.9997815194,1,1.0
holdout_genre_analytics,nemotron_b023_P2_r1,A,nemotron,0.9999968251,1,1.0
holdout_genre_analytics,nemotron_b023_P2_r2,A,nemotron,0.9999109999,1,1.0
holdout_genre_analytics,nemotron_b023_P3_r1,A,nemotron,0.9997834950,1,1.0
holdout_genre_analytics,nemotron_b023_P3_r2,A,nemotron,0.9985189581,1,1.0
holdout_genre_analytics,nemotron_b024_P1_r1,A,nemotron,0.9999974889,1,1.0
holdout_genre_analytics,nemotron_b024_P1_r2,A,nemotron,0.9999662934,1,1.0
holdout_genre_analytics,nemotron_b024_P2_r1,A,nemotron,0.9999999843,1,1.0
holdout_genre_analytics,nemotron_b024_P2_r2,A,nemotron,0.9999347600,1,1.0
holdout_genre_analytics,nemotron_b024_P3_r1,A,nemotron,0.9998783205,1,1.0
holdout_genre_analytics,nemotron_b024_P3_r2,A,nemotron,0.9999748958,1,1.0
holdout_genre_analytics,nemotron_b025_P1_r1,A,nemotron,0.9999998612,1,1.0
holdout_genre_analytics,nemotron_b025_P1_r2,A,nemotron,0.9999997845,1,1.0
holdout_genre_analytics,nemotron_b025_P2_r1,A,nemotron,0.9999008301,1,1.0
holdout_genre_analytics,nemotron_b025_P2_r2,A,nemotron,0.9996033276,1,1.0
holdout_genre_analytics,nemotron_b025_P3_r1,A,nemotron,0.9997931476,1,1.0
holdout_genre_analytics,nemotron_b025_P3_r2,A,nemotron,0.9986164117,1,1.0
holdout_genre_analytics,nemotron_b026_P1_r1,A,nemotron,0.9998100476,1,1.0
holdout_genre_analytics,nemotron_b026_P1_r2,A,nemotron,0.9980485483,1,1.0
holdout_genre_analytics,nemotron_b026_P2_r1,A,nemotron,0.9997581513,1,1.0
holdout_genre_analytics,nemotron_b026_P2_r2,A,nemotron,0.9999998581,1,1.0
holdout_genre_analytics,nemotron_b026_P3_r1,A,nemotron,0.8112224205,1,1.0
holdout_genre_analytics,nemotron_b026_P3_r2,A,nemotron,0.9998757667,1,1.0
holdout_genre_analytics,nemotron_b027_P1_r1,A,nemotron,0.9999979891,1,1.0
holdout_genre_analytics,nemotron_b027_P1_r2,A,nemotron,0.9999999615,1,1.0
holdout_genre_analytics,nemotron_b027_P2_r1,A,nemotron,0.9994273264,1,1.0
holdout_genre_analytics,nemotron_b027_P2_r2,A,nemotron,0.9999544377,1,1.0
holdout_genre_analytics,nemotron_b027_P3_r1,A,nemotron,0.9600684854,1,1.0
holdout_genre_analytics,nemotron_b027_P3_r2,A,nemotron,0.9991176267,1,1.0
holdout_genre_analytics,nemotron_b028_P1_r1,A,nemotron,0.9999322170,1,1.0
holdout_genre_analytics,nemotron_b028_P1_r2,A,nemotron,0.9999189498,1,1.0
holdout_genre_analytics,nemotron_b028_P2_r1,A,nemotron,0.9999696268,1,1.0
holdout_genre_analytics,nemotron_b028_P2_r2,A,nemotron,0.9998044455,1,1.0
holdout_genre_analytics,nemotron_b028_P3_r1,A,nemotron,0.8906225350,1,1.0
holdout_genre_analytics,nemotron_b029_P1_r1,A,nemotron,0.9996442689,1,1.0
holdout_genre_analytics,nemotron_b029_P1_r2,A,nemotron,0.9970789121,1,1.0
holdout_genre_analytics,nemotron_b029_P2_r1,A,nemotron,0.9998272675,1,1.0
holdout_genre_analytics,nemotron_b029_P2_r2,A,nemotron,0.9999694710,1,1.0
holdout_genre_analytics,nemotron_b029_P3_r1,A,nemotron,0.8596600500,1,1.0
holdout_genre_analytics,nemotron_b029_P3_r2,A,nemotron,0.9882700567,1,1.0
holdout_genre_analytics,nemotron_b030_P1_r1,A,nemotron,0.9999518039,1,1.0
holdout_genre_analytics,nemotron_b030_P1_r2,A,nemotron,0.9999754762,1,1.0
holdout_genre_analytics,nemotron_b030_P2_r1,A,nemotron,0.9999934608,1,1.0
holdout_genre_analytics,nemotron_b030_P2_r2,A,nemotron,0.9999999016,1,1.0
holdout_genre_analytics,nemotron_b030_P3_r1,A,nemotron,0.9998887293,1,1.0
holdout_genre_analytics,nemotron_b030_P3_r2,A,nemotron,0.9999560568,1,1.0
holdout_genre_analytics,real_claude_b016_P1_r1,A,real_claude,0.9999919135,1,1.0
holdout_genre_analytics,real_claude_b016_P1_r2,A,real_claude,0.9999725508,1,1.0
holdout_genre_analytics,real_claude_b016_P2_r1,A,real_claude,0.9998081076,1,1.0
holdout_genre_analytics,real_claude_b016_P2_r2,A,real_claude,0.9999908068,1,1.0
holdout_genre_analytics,real_claude_b016_P3_r1,A,real_claude,0.9995907269,1,1.0
holdout_genre_analytics,real_claude_b016_P3_r2,A,real_claude,0.9990436931,1,1.0
holdout_genre_analytics,real_claude_b017_P1_r1,A,real_claude,0.9999211241,1,1.0
holdout_genre_analytics,real_claude_b017_P1_r2,A,real_claude,0.9999707806,1,1.0
holdout_genre_analytics,real_claude_b017_P2_r1,A,real_claude,0.9999901446,1,1.0
holdout_genre_analytics,real_claude_b017_P2_r2,A,real_claude,0.9999752540,1,1.0
holdout_genre_analytics,real_claude_b017_P3_r1,A,real_claude,0.9975981450,1,1.0
holdout_genre_analytics,real_claude_b017_P3_r2,A,real_claude,0.9996716387,1,1.0
holdout_genre_analytics,real_claude_b018_P1_r1,A,real_claude,0.9999244905,1,1.0
holdout_genre_analytics,real_claude_b018_P1_r2,A,real_claude,0.9993517823,1,1.0
holdout_genre_analytics,real_claude_b018_P2_r1,A,real_claude,0.9999426401,1,1.0
holdout_genre_analytics,real_claude_b018_P2_r2,A,real_claude,0.9997773980,1,1.0
holdout_genre_analytics,real_claude_b018_P3_r1,A,real_claude,0.9992294127,1,1.0
holdout_genre_analytics,real_claude_b018_P3_r2,A,real_claude,0.9994748555,1,1.0
holdout_genre_analytics,real_claude_b019_P1_r1,A,real_claude,0.9879138615,1,1.0
holdout_genre_analytics,real_claude_b019_P1_r2,A,real_claude,0.9998907901,1,1.0
holdout_genre_analytics,real_claude_b019_P2_r1,A,real_claude,0.9993394107,1,1.0
holdout_genre_analytics,real_claude_b019_P2_r2,A,real_claude,0.9999279209,1,1.0
holdout_genre_analytics,real_claude_b019_P3_r1,A,real_claude,0.9983697646,1,1.0
holdout_genre_analytics,real_claude_b019_P3_r2,A,real_claude,0.9899136375,1,1.0
holdout_genre_analytics,real_claude_b020_P1_r1,A,real_claude,0.9991224540,1,1.0
holdout_genre_analytics,real_claude_b020_P1_r2,A,real_claude,0.9994922229,1,1.0
holdout_genre_analytics,real_claude_b020_P2_r1,A,real_claude,0.9968223117,1,1.0
holdout_genre_analytics,real_claude_b020_P2_r2,A,real_claude,0.9998722081,1,1.0
holdout_genre_analytics,real_claude_b020_P3_r1,A,real_claude,0.9992120072,1,1.0
holdout_genre_analytics,real_claude_b020_P3_r2,A,real_claude,0.9973629385,1,1.0
holdout_genre_analytics,real_claude_b021_P1_r1,A,real_claude,0.9997074834,1,1.0
holdout_genre_analytics,real_claude_b021_P1_r2,A,real_claude,0.9961301237,1,1.0
holdout_genre_analytics,real_claude_b021_P2_r1,A,real_claude,0.9999404120,1,1.0
holdout_genre_analytics,real_claude_b021_P2_r2,A,real_claude,0.9999785944,1,1.0
holdout_genre_analytics,real_claude_b021_P3_r1,A,real_claude,0.9988659547,1,1.0
holdout_genre_analytics,real_claude_b021_P3_r2,A,real_claude,0.9974457580,1,1.0
holdout_genre_analytics,real_claude_b022_P1_r1,A,real_claude,0.9999794697,1,1.0
holdout_genre_analytics,real_claude_b022_P1_r2,A,real_claude,0.9997956227,1,1.0
holdout_genre_analytics,real_claude_b022_P2_r1,A,real_claude,0.9999465507,1,1.0
holdout_genre_analytics,real_claude_b022_P2_r2,A,real_claude,0.9998853009,1,1.0
holdout_genre_analytics,real_claude_b022_P3_r1,A,real_claude,0.9995684222,1,1.0
holdout_genre_analytics,real_claude_b022_P3_r2,A,real_claude,0.9980307442,1,1.0
holdout_genre_analytics,real_claude_b023_P1_r1,A,real_claude,0.9999759385,1,1.0
holdout_genre_analytics,real_claude_b023_P1_r2,A,real_claude,0.9999924639,1,1.0
holdout_genre_analytics,real_claude_b023_P2_r1,A,real_claude,0.9995320865,1,1.0
holdout_genre_analytics,real_claude_b023_P2_r2,A,real_claude,0.9997767750,1,1.0
holdout_genre_analytics,real_claude_b023_P3_r1,A,real_claude,0.9999925468,1,1.0
holdout_genre_analytics,real_claude_b023_P3_r2,A,real_claude,0.9973672055,1,1.0
holdout_genre_analytics,real_claude_b024_P1_r1,A,real_claude,0.9999965956,1,1.0
holdout_genre_analytics,real_claude_b024_P1_r2,A,real_claude,0.9999837230,1,1.0
holdout_genre_analytics,real_claude_b024_P2_r1,A,real_claude,0.9999001471,1,1.0
holdout_genre_analytics,real_claude_b024_P2_r2,A,real_claude,0.9942825325,1,1.0
holdout_genre_analytics,real_claude_b024_P3_r1,A,real_claude,0.9999603101,1,1.0
holdout_genre_analytics,real_claude_b024_P3_r2,A,real_claude,0.9999998079,1,1.0
holdout_genre_analytics,real_claude_b025_P1_r1,A,real_claude,0.9999487885,1,1.0
holdout_genre_analytics,real_claude_b025_P1_r2,A,real_claude,0.9999800212,1,1.0
holdout_genre_analytics,real_claude_b025_P2_r1,A,real_claude,0.9999529505,1,1.0
holdout_genre_analytics,real_claude_b025_P2_r2,A,real_claude,0.9999835233,1,1.0
holdout_genre_analytics,real_claude_b025_P3_r1,A,real_claude,0.9998575697,1,1.0
holdout_genre_analytics,real_claude_b025_P3_r2,A,real_claude,0.9997761537,1,1.0
holdout_genre_analytics,real_claude_b026_P1_r1,A,real_claude,0.9999079486,1,1.0
holdout_genre_analytics,real_claude_b026_P1_r2,A,real_claude,0.9999378779,1,1.0
holdout_genre_analytics,real_claude_b026_P2_r1,A,real_claude,0.9997480128,1,1.0
holdout_genre_analytics,real_claude_b026_P2_r2,A,real_claude,0.9999899509,1,1.0
holdout_genre_analytics,real_claude_b026_P3_r1,A,real_claude,0.9987003023,1,1.0
holdout_genre_analytics,real_claude_b026_P3_r2,A,real_claude,0.9995726389,1,1.0
holdout_genre_analytics,real_claude_b027_P1_r1,A,real_claude,0.9989079184,1,1.0
holdout_genre_analytics,real_claude_b027_P1_r2,A,real_claude,0.9966278963,1,1.0
holdout_genre_analytics,real_claude_b027_P2_r1,A,real_claude,0.9968426208,1,1.0
holdout_genre_analytics,real_claude_b027_P2_r2,A,real_claude,0.9999573016,1,1.0
holdout_genre_analytics,real_claude_b027_P3_r1,A,real_claude,0.9993326994,1,1.0
holdout_genre_analytics,real_claude_b027_P3_r2,A,real_claude,0.9999869441,1,1.0
holdout_genre_analytics,real_claude_b028_P1_r1,A,real_claude,0.9996949055,1,1.0
holdout_genre_analytics,real_claude_b028_P1_r2,A,real_claude,0.9999782472,1,1.0
holdout_genre_analytics,real_claude_b028_P2_r1,A,real_claude,0.9998772246,1,1.0
holdout_genre_analytics,real_claude_b028_P2_r2,A,real_claude,0.9837820992,1,1.0
holdout_genre_analytics,real_claude_b028_P3_r1,A,real_claude,0.9990252272,1,1.0
holdout_genre_analytics,real_claude_b028_P3_r2,A,real_claude,0.9977770762,1,1.0
holdout_genre_analytics,real_claude_b029_P1_r1,A,real_claude,0.9998910939,1,1.0
holdout_genre_analytics,real_claude_b029_P1_r2,A,real_claude,0.9999903208,1,1.0
holdout_genre_analytics,real_claude_b029_P2_r1,A,real_claude,0.9997040954,1,1.0
holdout_genre_analytics,real_claude_b029_P2_r2,A,real_claude,0.9996055356,1,1.0
holdout_genre_analytics,real_claude_b029_P3_r1,A,real_claude,0.9986197016,1,1.0
holdout_genre_analytics,real_claude_b029_P3_r2,A,real_claude,0.9989670781,1,1.0
holdout_genre_analytics,real_claude_b030_P1_r1,A,real_claude,0.9999446360,1,1.0
holdout_genre_analytics,real_claude_b030_P1_r2,A,real_claude,0.9998699541,1,1.0
holdout_genre_analytics,real_claude_b030_P2_r1,A,real_claude,0.9999721647,1,1.0
holdout_genre_analytics,real_claude_b030_P2_r2,A,real_claude,0.9999476979,1,1.0
holdout_genre_analytics,real_claude_b030_P3_r1,A,real_claude,0.9998792821,1,1.0
holdout_genre_analytics,real_claude_b030_P3_r2,A,real_claude,0.9999661875,1,1.0
holdout_genre_commercial,deepseek_pro_b031_P1_r1,A,deepseek_pro,0.9999898379,1,1.0
holdout_genre_commercial,deepseek_pro_b031_P1_r2,A,deepseek_pro,0.9999917706,1,1.0
holdout_genre_commercial,deepseek_pro_b031_P2_r1,A,deepseek_pro,0.9999622543,1,1.0
holdout_genre_commercial,deepseek_pro_b031_P2_r2,A,deepseek_pro,0.9999423422,1,1.0
holdout_genre_commercial,deepseek_pro_b031_P3_r1,A,deepseek_pro,0.9998334224,1,1.0
holdout_genre_commercial,deepseek_pro_b031_P3_r2,A,deepseek_pro,0.9895835562,1,1.0
holdout_genre_commercial,deepseek_pro_b032_P1_r1,A,deepseek_pro,0.9917593516,1,1.0
holdout_genre_commercial,deepseek_pro_b032_P1_r2,A,deepseek_pro,0.9995922567,1,1.0
holdout_genre_commercial,deepseek_pro_b032_P2_r1,A,deepseek_pro,0.9999986172,1,1.0
holdout_genre_commercial,deepseek_pro_b032_P2_r2,A,deepseek_pro,0.9999999618,1,1.0
holdout_genre_commercial,deepseek_pro_b032_P3_r1,A,deepseek_pro,0.9841417061,1,1.0
holdout_genre_commercial,deepseek_pro_b032_P3_r2,A,deepseek_pro,0.9968523953,1,1.0
holdout_genre_commercial,deepseek_pro_b033_P1_r1,A,deepseek_pro,0.9999538740,1,1.0
holdout_genre_commercial,deepseek_pro_b033_P1_r2,A,deepseek_pro,0.9997929304,1,1.0
holdout_genre_commercial,deepseek_pro_b033_P2_r1,A,deepseek_pro,0.9999998253,1,1.0
holdout_genre_commercial,deepseek_pro_b033_P2_r2,A,deepseek_pro,0.9998585691,1,1.0
holdout_genre_commercial,deepseek_pro_b033_P3_r1,A,deepseek_pro,0.9961147342,1,1.0
holdout_genre_commercial,deepseek_pro_b033_P3_r2,A,deepseek_pro,0.9939677078,1,1.0
holdout_genre_commercial,deepseek_pro_b034_P1_r1,A,deepseek_pro,0.9995374911,1,1.0
holdout_genre_commercial,deepseek_pro_b034_P1_r2,A,deepseek_pro,0.9995813126,1,1.0
holdout_genre_commercial,deepseek_pro_b034_P2_r1,A,deepseek_pro,0.9997244663,1,1.0
holdout_genre_commercial,deepseek_pro_b034_P2_r2,A,deepseek_pro,0.9999844639,1,1.0
holdout_genre_commercial,deepseek_pro_b034_P3_r1,A,deepseek_pro,0.9994896017,1,1.0
holdout_genre_commercial,deepseek_pro_b034_P3_r2,A,deepseek_pro,0.9994318673,1,1.0
holdout_genre_commercial,deepseek_pro_b035_P1_r1,A,deepseek_pro,0.9998141539,1,1.0
holdout_genre_commercial,deepseek_pro_b035_P1_r2,A,deepseek_pro,0.9994589120,1,1.0
holdout_genre_commercial,deepseek_pro_b035_P2_r1,A,deepseek_pro,0.9891909643,1,1.0
holdout_genre_commercial,deepseek_pro_b035_P2_r2,A,deepseek_pro,0.9999607572,1,1.0
holdout_genre_commercial,deepseek_pro_b035_P3_r1,A,deepseek_pro,0.6436066002,1,1.0
holdout_genre_commercial,deepseek_pro_b035_P3_r2,A,deepseek_pro,0.9814597975,1,1.0
holdout_genre_commercial,deepseek_pro_b036_P1_r1,A,deepseek_pro,0.8433348732,1,1.0
holdout_genre_commercial,deepseek_pro_b036_P1_r2,A,deepseek_pro,0.9814016457,1,1.0
holdout_genre_commercial,deepseek_pro_b036_P2_r1,A,deepseek_pro,0.9999974168,1,1.0
holdout_genre_commercial,deepseek_pro_b036_P2_r2,A,deepseek_pro,0.9941453047,1,1.0
holdout_genre_commercial,deepseek_pro_b036_P3_r1,A,deepseek_pro,0.0126937665,0,1.0
holdout_genre_commercial,deepseek_pro_b036_P3_r2,A,deepseek_pro,0.9901557728,1,1.0
holdout_genre_commercial,deepseek_pro_b037_P1_r1,A,deepseek_pro,0.9994796338,1,1.0
holdout_genre_commercial,deepseek_pro_b037_P1_r2,A,deepseek_pro,0.9890850575,1,1.0
holdout_genre_commercial,deepseek_pro_b037_P2_r1,A,deepseek_pro,0.9998953000,1,1.0
holdout_genre_commercial,deepseek_pro_b037_P2_r2,A,deepseek_pro,0.9999948189,1,1.0
holdout_genre_commercial,deepseek_pro_b037_P3_r1,A,deepseek_pro,0.9856727219,1,1.0
holdout_genre_commercial,deepseek_pro_b037_P3_r2,A,deepseek_pro,0.9239526578,1,1.0
holdout_genre_commercial,deepseek_pro_b038_P1_r1,A,deepseek_pro,0.9540924806,1,1.0
holdout_genre_commercial,deepseek_pro_b038_P1_r2,A,deepseek_pro,0.9855448684,1,1.0
holdout_genre_commercial,deepseek_pro_b038_P2_r1,A,deepseek_pro,0.9996465925,1,1.0
holdout_genre_commercial,deepseek_pro_b038_P2_r2,A,deepseek_pro,0.9869271750,1,1.0
holdout_genre_commercial,deepseek_pro_b038_P3_r1,A,deepseek_pro,0.9828201303,1,1.0
holdout_genre_commercial,deepseek_pro_b038_P3_r2,A,deepseek_pro,0.9743835299,1,1.0
holdout_genre_commercial,deepseek_pro_b039_P1_r1,A,deepseek_pro,0.9999974276,1,1.0
holdout_genre_commercial,deepseek_pro_b039_P1_r2,A,deepseek_pro,0.9999882477,1,1.0
holdout_genre_commercial,deepseek_pro_b039_P2_r1,A,deepseek_pro,0.9948504742,1,1.0
holdout_genre_commercial,deepseek_pro_b039_P2_r2,A,deepseek_pro,0.9998188925,1,1.0
holdout_genre_commercial,deepseek_pro_b039_P3_r1,A,deepseek_pro,0.9695378503,1,1.0
holdout_genre_commercial,deepseek_pro_b039_P3_r2,A,deepseek_pro,0.9979909477,1,1.0
holdout_genre_commercial,deepseek_pro_b040_P1_r1,A,deepseek_pro,0.9999845567,1,1.0
holdout_genre_commercial,deepseek_pro_b040_P1_r2,A,deepseek_pro,0.9998864101,1,1.0
holdout_genre_commercial,deepseek_pro_b040_P2_r1,A,deepseek_pro,0.9999953798,1,1.0
holdout_genre_commercial,deepseek_pro_b040_P2_r2,A,deepseek_pro,0.9999945196,1,1.0
holdout_genre_commercial,deepseek_pro_b040_P3_r1,A,deepseek_pro,0.9758826051,1,1.0
holdout_genre_commercial,deepseek_pro_b040_P3_r2,A,deepseek_pro,0.9929963327,1,1.0
holdout_genre_commercial,deepseek_pro_b041_P1_r1,A,deepseek_pro,0.9269829890,1,1.0
holdout_genre_commercial,deepseek_pro_b041_P1_r2,A,deepseek_pro,0.9966251333,1,1.0
holdout_genre_commercial,deepseek_pro_b041_P2_r1,A,deepseek_pro,0.9907084417,1,1.0
holdout_genre_commercial,deepseek_pro_b041_P2_r2,A,deepseek_pro,0.9997925698,1,1.0
holdout_genre_commercial,deepseek_pro_b041_P3_r1,A,deepseek_pro,0.9974239951,1,1.0
holdout_genre_commercial,deepseek_pro_b041_P3_r2,A,deepseek_pro,0.4625260291,0,1.0
holdout_genre_commercial,deepseek_pro_b042_P1_r1,A,deepseek_pro,0.9997777305,1,1.0
holdout_genre_commercial,deepseek_pro_b042_P1_r2,A,deepseek_pro,0.9966938855,1,1.0
holdout_genre_commercial,deepseek_pro_b042_P2_r1,A,deepseek_pro,0.9998572440,1,1.0
holdout_genre_commercial,deepseek_pro_b042_P2_r2,A,deepseek_pro,0.9999747515,1,1.0
holdout_genre_commercial,deepseek_pro_b042_P3_r1,A,deepseek_pro,0.9998042998,1,1.0
holdout_genre_commercial,deepseek_pro_b042_P3_r2,A,deepseek_pro,0.9934530737,1,1.0
holdout_genre_commercial,deepseek_pro_b043_P1_r1,A,deepseek_pro,0.9990781885,1,1.0
holdout_genre_commercial,deepseek_pro_b043_P1_r2,A,deepseek_pro,0.9992423086,1,1.0
holdout_genre_commercial,deepseek_pro_b043_P2_r1,A,deepseek_pro,0.9998796302,1,1.0
holdout_genre_commercial,deepseek_pro_b043_P2_r2,A,deepseek_pro,0.9997422872,1,1.0
holdout_genre_commercial,deepseek_pro_b043_P3_r1,A,deepseek_pro,0.9899617451,1,1.0
holdout_genre_commercial,deepseek_pro_b043_P3_r2,A,deepseek_pro,0.9701622188,1,1.0
holdout_genre_commercial,deepseek_pro_b044_P1_r1,A,deepseek_pro,0.9982926333,1,1.0
holdout_genre_commercial,deepseek_pro_b044_P1_r2,A,deepseek_pro,0.9974132833,1,1.0
holdout_genre_commercial,deepseek_pro_b044_P2_r1,A,deepseek_pro,0.9999944705,1,1.0
holdout_genre_commercial,deepseek_pro_b044_P2_r2,A,deepseek_pro,0.9999996859,1,1.0
holdout_genre_commercial,deepseek_pro_b044_P3_r1,A,deepseek_pro,0.9995969593,1,1.0
holdout_genre_commercial,deepseek_pro_b044_P3_r2,A,deepseek_pro,0.9851458183,1,1.0
holdout_genre_commercial,deepseek_pro_b045_P1_r1,A,deepseek_pro,0.9999830636,1,1.0
holdout_genre_commercial,deepseek_pro_b045_P1_r2,A,deepseek_pro,0.9998021438,1,1.0
holdout_genre_commercial,deepseek_pro_b045_P2_r1,A,deepseek_pro,0.9999289125,1,1.0
holdout_genre_commercial,deepseek_pro_b045_P2_r2,A,deepseek_pro,0.9992649447,1,1.0
holdout_genre_commercial,deepseek_pro_b045_P3_r1,A,deepseek_pro,0.9929504972,1,1.0
holdout_genre_commercial,deepseek_pro_b045_P3_r2,A,deepseek_pro,0.9992114361,1,1.0
holdout_genre_commercial,gpt_b031_P1_r1,A,gpt,0.9996086043,1,1.0
holdout_genre_commercial,gpt_b031_P1_r2,A,gpt,0.9997106295,1,1.0
holdout_genre_commercial,gpt_b031_P2_r1,A,gpt,0.9999847487,1,1.0
holdout_genre_commercial,gpt_b031_P2_r2,A,gpt,0.9999187477,1,1.0
holdout_genre_commercial,gpt_b031_P3_r1,A,gpt,0.9916840747,1,1.0
holdout_genre_commercial,gpt_b031_P3_r2,A,gpt,0.9996292514,1,1.0
holdout_genre_commercial,gpt_b032_P1_r1,A,gpt,0.9999469374,1,1.0
holdout_genre_commercial,gpt_b032_P1_r2,A,gpt,0.9977061699,1,1.0
holdout_genre_commercial,gpt_b032_P2_r1,A,gpt,0.9999567127,1,1.0
holdout_genre_commercial,gpt_b032_P2_r2,A,gpt,0.9999757016,1,1.0
holdout_genre_commercial,gpt_b032_P3_r1,A,gpt,0.9997237264,1,1.0
holdout_genre_commercial,gpt_b032_P3_r2,A,gpt,0.9990754360,1,1.0
holdout_genre_commercial,gpt_b033_P1_r1,A,gpt,0.9993451647,1,1.0
holdout_genre_commercial,gpt_b033_P1_r2,A,gpt,0.9996765961,1,1.0
holdout_genre_commercial,gpt_b033_P2_r1,A,gpt,0.9999955375,1,1.0
holdout_genre_commercial,gpt_b033_P2_r2,A,gpt,0.9999957015,1,1.0
holdout_genre_commercial,gpt_b033_P3_r1,A,gpt,0.9995406910,1,1.0
holdout_genre_commercial,gpt_b033_P3_r2,A,gpt,0.9934952468,1,1.0
holdout_genre_commercial,gpt_b034_P1_r1,A,gpt,0.9999179490,1,1.0
holdout_genre_commercial,gpt_b034_P1_r2,A,gpt,0.9999284316,1,1.0
holdout_genre_commercial,gpt_b034_P2_r1,A,gpt,0.9996312926,1,1.0
holdout_genre_commercial,gpt_b034_P2_r2,A,gpt,0.9999996040,1,1.0
holdout_genre_commercial,gpt_b034_P3_r1,A,gpt,0.9897840161,1,1.0
holdout_genre_commercial,gpt_b034_P3_r2,A,gpt,0.9956537907,1,1.0
holdout_genre_commercial,gpt_b035_P1_r1,A,gpt,0.9991334543,1,1.0
holdout_genre_commercial,gpt_b035_P1_r2,A,gpt,0.9992372550,1,1.0
holdout_genre_commercial,gpt_b035_P2_r1,A,gpt,0.9999415022,1,1.0
holdout_genre_commercial,gpt_b035_P2_r2,A,gpt,0.9999968676,1,1.0
holdout_genre_commercial,gpt_b035_P3_r1,A,gpt,0.9961119371,1,1.0
holdout_genre_commercial,gpt_b035_P3_r2,A,gpt,0.9924709919,1,1.0
holdout_genre_commercial,gpt_b036_P1_r1,A,gpt,0.9996356451,1,1.0
holdout_genre_commercial,gpt_b036_P1_r2,A,gpt,0.9999353419,1,1.0
holdout_genre_commercial,gpt_b036_P2_r1,A,gpt,0.9999952735,1,1.0
holdout_genre_commercial,gpt_b036_P2_r2,A,gpt,0.9999560194,1,1.0
holdout_genre_commercial,gpt_b036_P3_r1,A,gpt,0.9972813323,1,1.0
holdout_genre_commercial,gpt_b036_P3_r2,A,gpt,0.9886510721,1,1.0
holdout_genre_commercial,gpt_b037_P1_r1,A,gpt,0.9997150237,1,1.0
holdout_genre_commercial,gpt_b037_P1_r2,A,gpt,0.9998316812,1,1.0
holdout_genre_commercial,gpt_b037_P2_r1,A,gpt,0.9999586617,1,1.0
holdout_genre_commercial,gpt_b037_P2_r2,A,gpt,0.9999757274,1,1.0
holdout_genre_commercial,gpt_b037_P3_r1,A,gpt,0.9998639259,1,1.0
holdout_genre_commercial,gpt_b037_P3_r2,A,gpt,0.9971525379,1,1.0
holdout_genre_commercial,gpt_b038_P1_r1,A,gpt,0.9941863790,1,1.0
holdout_genre_commercial,gpt_b038_P1_r2,A,gpt,0.9987350658,1,1.0
holdout_genre_commercial,gpt_b038_P2_r1,A,gpt,0.9999909504,1,1.0
holdout_genre_commercial,gpt_b038_P2_r2,A,gpt,0.9999875451,1,1.0
holdout_genre_commercial,gpt_b038_P3_r1,A,gpt,0.9895440345,1,1.0
holdout_genre_commercial,gpt_b038_P3_r2,A,gpt,0.9961193174,1,1.0
holdout_genre_commercial,gpt_b039_P1_r1,A,gpt,0.9996938857,1,1.0
holdout_genre_commercial,gpt_b039_P1_r2,A,gpt,0.9999097569,1,1.0
holdout_genre_commercial,gpt_b039_P2_r1,A,gpt,0.9999997380,1,1.0
holdout_genre_commercial,gpt_b039_P2_r2,A,gpt,0.9999778417,1,1.0
holdout_genre_commercial,gpt_b039_P3_r1,A,gpt,0.9993959160,1,1.0
holdout_genre_commercial,gpt_b039_P3_r2,A,gpt,0.9999575934,1,1.0
holdout_genre_commercial,gpt_b040_P1_r1,A,gpt,0.9999844175,1,1.0
holdout_genre_commercial,gpt_b040_P1_r2,A,gpt,0.9999245693,1,1.0
holdout_genre_commercial,gpt_b040_P2_r1,A,gpt,0.9999403631,1,1.0
holdout_genre_commercial,gpt_b040_P2_r2,A,gpt,0.9999903664,1,1.0
holdout_genre_commercial,gpt_b040_P3_r1,A,gpt,0.9983807698,1,1.0
holdout_genre_commercial,gpt_b040_P3_r2,A,gpt,0.9997442567,1,1.0
holdout_genre_commercial,gpt_b041_P1_r1,A,gpt,0.9989714543,1,1.0
holdout_genre_commercial,gpt_b041_P1_r2,A,gpt,0.9974749882,1,1.0
holdout_genre_commercial,gpt_b041_P2_r1,A,gpt,0.9999962142,1,1.0
holdout_genre_commercial,gpt_b041_P2_r2,A,gpt,0.9999971906,1,1.0
holdout_genre_commercial,gpt_b041_P3_r1,A,gpt,0.9991894608,1,1.0
holdout_genre_commercial,gpt_b041_P3_r2,A,gpt,0.9969388609,1,1.0
holdout_genre_commercial,gpt_b042_P1_r1,A,gpt,0.9985163545,1,1.0
holdout_genre_commercial,gpt_b042_P1_r2,A,gpt,0.9999185799,1,1.0
holdout_genre_commercial,gpt_b042_P2_r1,A,gpt,0.9999972648,1,1.0
holdout_genre_commercial,gpt_b042_P2_r2,A,gpt,0.9999949467,1,1.0
holdout_genre_commercial,gpt_b042_P3_r1,A,gpt,0.9979000936,1,1.0
holdout_genre_commercial,gpt_b042_P3_r2,A,gpt,0.9997138822,1,1.0
holdout_genre_commercial,gpt_b043_P1_r1,A,gpt,0.9995097560,1,1.0
holdout_genre_commercial,gpt_b043_P1_r2,A,gpt,0.9999970347,1,1.0
holdout_genre_commercial,gpt_b043_P2_r1,A,gpt,0.9999907003,1,1.0
holdout_genre_commercial,gpt_b043_P2_r2,A,gpt,0.9999960431,1,1.0
holdout_genre_commercial,gpt_b043_P3_r1,A,gpt,0.9999698452,1,1.0
holdout_genre_commercial,gpt_b043_P3_r2,A,gpt,0.9993349331,1,1.0
holdout_genre_commercial,gpt_b044_P1_r1,A,gpt,0.9992687332,1,1.0
holdout_genre_commercial,gpt_b044_P1_r2,A,gpt,0.9999398899,1,1.0
holdout_genre_commercial,gpt_b044_P2_r1,A,gpt,0.9998067271,1,1.0
holdout_genre_commercial,gpt_b044_P2_r2,A,gpt,0.9999995466,1,1.0
holdout_genre_commercial,gpt_b044_P3_r1,A,gpt,0.9993672796,1,1.0
holdout_genre_commercial,gpt_b044_P3_r2,A,gpt,0.9996104377,1,1.0
holdout_genre_commercial,gpt_b045_P1_r1,A,gpt,0.9994474747,1,1.0
holdout_genre_commercial,gpt_b045_P1_r2,A,gpt,0.9982578037,1,1.0
holdout_genre_commercial,gpt_b045_P2_r1,A,gpt,0.9999702425,1,1.0
holdout_genre_commercial,gpt_b045_P2_r2,A,gpt,0.9999500529,1,1.0
holdout_genre_commercial,gpt_b045_P3_r1,A,gpt,0.9998878417,1,1.0
holdout_genre_commercial,gpt_b045_P3_r2,A,gpt,0.9995455809,1,1.0
holdout_genre_commercial,human_hard_rusltc_0001,H,,0.0005292601,0,1.0
holdout_genre_commercial,human_hard_rusltc_0002,H,,0.0001499746,0,1.0
holdout_genre_commercial,human_hard_rusltc_0003,H,,0.0141914631,0,1.0
holdout_genre_commercial,human_hard_rusltc_0004,H,,0.0906993357,0,1.0
holdout_genre_commercial,human_hard_rusltc_0005,H,,0.0000122537,0,1.0
holdout_genre_commercial,human_hard_rusltc_0006,H,,0.0042436105,0,1.0
holdout_genre_commercial,human_hard_rusltc_0007,H,,0.0014835257,0,1.0
holdout_genre_commercial,human_hard_rusltc_0008,H,,0.0192890376,0,1.0
holdout_genre_commercial,human_hard_rusltc_0009,H,,0.0024206639,0,1.0
holdout_genre_commercial,human_hard_rusltc_0010,H,,0.0009439763,0,1.0
holdout_genre_commercial,human_hard_rusltc_0011,H,,0.0037355493,0,1.0
holdout_genre_commercial,human_hard_rusltc_0012,H,,0.0559949469,0,1.0
holdout_genre_commercial,human_hard_rusltc_0013,H,,0.6204139790,1,1.0
holdout_genre_commercial,human_hard_rusltc_0014,H,,0.0027010896,0,1.0
holdout_genre_commercial,human_hard_rusltc_0015,H,,0.0021897392,0,1.0
holdout_genre_commercial,human_hard_rusltc_0016,H,,0.2951079392,0,1.0
holdout_genre_commercial,human_hard_rusltc_0017,H,,0.0501662551,0,1.0
holdout_genre_commercial,human_hard_rusltc_0018,H,,0.0139470328,0,1.0
holdout_genre_commercial,human_hard_rusltc_0019,H,,0.0001367051,0,1.0
holdout_genre_commercial,human_hard_rusltc_0020,H,,0.0001271390,0,1.0
holdout_genre_commercial,human_hard_rusltc_0021,H,,0.0056228586,0,1.0
holdout_genre_commercial,human_hard_rusltc_0022,H,,0.0879765589,0,1.0
holdout_genre_commercial,human_hard_rusltc_0023,H,,0.0463816312,0,1.0
holdout_genre_commercial,human_hard_rusltc_0024,H,,0.0088533628,0,1.0
holdout_genre_commercial,human_hard_rusltc_0025,H,,0.2382100809,0,1.0
holdout_genre_commercial,human_hard_rusltc_0026,H,,0.3252383251,0,1.0
holdout_genre_commercial,human_hard_rusltc_0027,H,,0.0037046752,0,1.0
holdout_genre_commercial,human_hard_rusltc_0028,H,,0.0001112784,0,1.0
holdout_genre_commercial,human_hard_rusltc_0029,H,,0.6066124680,1,1.0
holdout_genre_commercial,human_hard_rusltc_0030,H,,0.0000592307,0,1.0
holdout_genre_commercial,human_hard_rusltc_0031,H,,0.0004170828,0,1.0
holdout_genre_commercial,human_hard_rusltc_0032,H,,0.0000234847,0,1.0
holdout_genre_commercial,human_hard_rusltc_0033,H,,0.0001109776,0,1.0
holdout_genre_commercial,human_hard_rusltc_0034,H,,0.0021545252,0,1.0
holdout_genre_commercial,human_hard_rusltc_0035,H,,0.1041566382,0,1.0
holdout_genre_commercial,human_hard_rusltc_0036,H,,0.0646485856,0,1.0
holdout_genre_commercial,human_hard_rusltc_0037,H,,0.0351616102,0,1.0
holdout_genre_commercial,human_hard_rusltc_0038,H,,0.0188622600,0,1.0
holdout_genre_commercial,human_hard_rusltc_0039,H,,0.0001311020,0,1.0
holdout_genre_commercial,human_hard_rusltc_0040,H,,0.0013473122,0,1.0
holdout_genre_commercial,human_hard_rusltc_0041,H,,0.0138972691,0,1.0
holdout_genre_commercial,human_hard_rusltc_0042,H,,0.0000000052,0,1.0
holdout_genre_commercial,human_hard_rusltc_0043,H,,0.0324134976,0,1.0
holdout_genre_commercial,human_hard_rusltc_0044,H,,0.1552429425,0,1.0
holdout_genre_commercial,human_hard_rusltc_0045,H,,0.0107390079,0,1.0
holdout_genre_commercial,human_hard_rusltc_0046,H,,0.0127084537,0,1.0
holdout_genre_commercial,human_hard_rusltc_0047,H,,0.0335052303,0,1.0
holdout_genre_commercial,human_hard_rusltc_0048,H,,0.0371365336,0,1.0
holdout_genre_commercial,human_hard_rusltc_0049,H,,0.0002025264,0,1.0
holdout_genre_commercial,human_hard_rusltc_0050,H,,0.0025578833,0,1.0
holdout_genre_commercial,human_hard_rusltc_0051,H,,0.0004957597,0,1.0
holdout_genre_commercial,human_hard_rusltc_0052,H,,0.4237466296,0,1.0
holdout_genre_commercial,human_hard_rusltc_0053,H,,0.0354951226,0,1.0
holdout_genre_commercial,human_hard_rusltc_0054,H,,0.0003406533,0,1.0
holdout_genre_commercial,human_hard_rusltc_0055,H,,0.0143498939,0,1.0
holdout_genre_commercial,human_hard_rusltc_0056,H,,0.3216514694,0,1.0
holdout_genre_commercial,human_hard_rusltc_0057,H,,0.0001139893,0,1.0
holdout_genre_commercial,human_hard_rusltc_0058,H,,0.0079326551,0,1.0
holdout_genre_commercial,human_hard_rusltc_0059,H,,0.0010607754,0,1.0
holdout_genre_commercial,human_hard_rusltc_0060,H,,0.0157623687,0,1.0
holdout_genre_commercial,human_hard_rusltc_0061,H,,0.0050146217,0,1.0
holdout_genre_commercial,human_hard_rusltc_0062,H,,0.0091258880,0,1.0
holdout_genre_commercial,human_hard_rusltc_0063,H,,0.0061120294,0,1.0
holdout_genre_commercial,human_hard_rusltc_0064,H,,0.7495372174,1,1.0
holdout_genre_commercial,human_hard_rusltc_0065,H,,0.0059289564,0,1.0
holdout_genre_commercial,human_hard_rusltc_0066,H,,0.1354211583,0,1.0
holdout_genre_commercial,human_hard_rusltc_0067,H,,0.0113821397,0,1.0
holdout_genre_commercial,human_hard_rusltc_0068,H,,0.0000012972,0,1.0
holdout_genre_commercial,human_hard_rusltc_0069,H,,0.0448873954,0,1.0
holdout_genre_commercial,human_hard_rusltc_0070,H,,0.2487911034,0,1.0
holdout_genre_commercial,human_hard_rusltc_0071,H,,0.0129151883,0,1.0
holdout_genre_commercial,human_hard_rusltc_0072,H,,0.0519454221,0,1.0
holdout_genre_commercial,human_hard_rusltc_0073,H,,0.0202206950,0,1.0
holdout_genre_commercial,human_news_buriy_2014_0001,H,,0.0001336662,0,1.0
holdout_genre_commercial,human_news_buriy_2014_0002,H,,0.0000110276,0,1.0
holdout_genre_commercial,human_news_buriy_2014_0003,H,,0.0001550559,0,1.0
holdout_genre_commercial,human_news_buriy_2014_0004,H,,0.0000006128,0,1.0
holdout_genre_commercial,human_news_buriy_2014_0005,H,,0.0054786748,0,1.0
holdout_genre_commercial,human_news_buriy_2014_0006,H,,0.0000324987,0,1.0
holdout_genre_commercial,human_news_buriy_2014_0007,H,,0.0091932738,0,1.0
holdout_genre_commercial,human_news_buriy_2014_0008,H,,0.0024160029,0,1.0
holdout_genre_commercial,human_news_buriy_2014_0009,H,,0.0001826722,0,1.0
holdout_genre_commercial,human_news_buriy_2014_0010,H,,0.0000013430,0,1.0
holdout_genre_commercial,human_news_buriy_2014_0011,H,,0.0001695497,0,1.0
holdout_genre_commercial,human_news_buriy_2014_0012,H,,0.0000128739,0,1.0
holdout_genre_commercial,human_news_buriy_2014_0013,H,,0.0025164243,0,1.0
holdout_genre_commercial,human_news_buriy_2014_0014,H,,0.0001059573,0,1.0
holdout_genre_commercial,human_news_buriy_2014_0015,H,,0.0000439412,0,1.0
holdout_genre_commercial,human_news_buriy_2014_0016,H,,0.0000208966,0,1.0
holdout_genre_commercial,human_news_buriy_2014_0017,H,,0.8196935528,1,1.0
holdout_genre_commercial,human_news_buriy_2014_0018,H,,0.0003629906,0,1.0
holdout_genre_commercial,human_news_buriy_2014_0019,H,,0.0175645717,0,1.0
holdout_genre_commercial,human_news_buriy_2014_0020,H,,0.0000000376,0,1.0
holdout_genre_commercial,human_news_buriy_2014_0021,H,,0.1187724355,0,1.0
holdout_genre_commercial,human_news_buriy_2014_0022,H,,0.0000070657,0,1.0
holdout_genre_commercial,human_news_buriy_2014_0023,H,,0.0000012799,0,1.0
holdout_genre_commercial,human_news_buriy_2014_0024,H,,0.0000991151,0,1.0
holdout_genre_commercial,human_news_buriy_2014_0025,H,,0.0000890314,0,1.0
holdout_genre_commercial,human_news_buriy_2014_0026,H,,0.0000714398,0,1.0
holdout_genre_commercial,human_news_buriy_2014_0027,H,,0.0000437137,0,1.0
holdout_genre_commercial,human_news_buriy_2014_0028,H,,0.0000050162,0,1.0
holdout_genre_commercial,human_news_buriy_2014_0029,H,,0.0000490193,0,1.0
holdout_genre_commercial,human_news_buriy_2014_0030,H,,0.0084771484,0,1.0
holdout_genre_commercial,human_news_buriy_2014_0031,H,,0.0000816433,0,1.0
holdout_genre_commercial,human_news_buriy_2014_0032,H,,0.0000519000,0,1.0
holdout_genre_commercial,human_news_buriy_2014_0033,H,,0.0000802063,0,1.0
holdout_genre_commercial,human_news_buriy_2014_0034,H,,0.0233626531,0,1.0
holdout_genre_commercial,human_news_buriy_2014_0035,H,,0.0000047867,0,1.0
holdout_genre_commercial,human_news_buriy_2014_0036,H,,0.0003715023,0,1.0
holdout_genre_commercial,human_news_buriy_2014_0037,H,,0.0001155828,0,1.0
holdout_genre_commercial,human_news_buriy_2014_0038,H,,0.0000041544,0,1.0
holdout_genre_commercial,human_news_buriy_2014_0039,H,,0.0001813700,0,1.0
holdout_genre_commercial,human_news_buriy_2014_0040,H,,0.0000959971,0,1.0
holdout_genre_commercial,human_news_buriy_2014_0041,H,,0.0168617446,0,1.0
holdout_genre_commercial,human_news_buriy_2014_0042,H,,0.0000128047,0,1.0
holdout_genre_commercial,human_news_buriy_2014_0043,H,,0.0004840379,0,1.0
holdout_genre_commercial,human_news_buriy_2014_0044,H,,0.0041016014,0,1.0
holdout_genre_commercial,human_news_buriy_2014_0045,H,,0.0002145229,0,1.0
holdout_genre_commercial,human_news_buriy_2014_0046,H,,0.0003663288,0,1.0
holdout_genre_commercial,human_news_buriy_2014_0047,H,,0.0000559600,0,1.0
holdout_genre_commercial,human_news_buriy_2014_0048,H,,0.0000222559,0,1.0
holdout_genre_commercial,human_news_buriy_2014_0049,H,,0.0000041382,0,1.0
holdout_genre_commercial,human_news_buriy_2014_0050,H,,0.0009007831,0,1.0
holdout_genre_commercial,human_news_buriy_2014_0051,H,,0.8495357792,1,1.0
holdout_genre_commercial,human_news_buriy_2014_0052,H,,0.0000072569,0,1.0
holdout_genre_commercial,human_news_buriy_2014_0053,H,,0.0000002099,0,1.0
holdout_genre_commercial,human_news_buriy_2014_0054,H,,0.0888886894,0,1.0
holdout_genre_commercial,human_news_buriy_2014_0055,H,,0.0000004480,0,1.0
holdout_genre_commercial,human_news_buriy_2014_0056,H,,0.0937829464,0,1.0
holdout_genre_commercial,human_news_buriy_2014_0057,H,,0.0000788947,0,1.0
holdout_genre_commercial,human_news_buriy_2014_0058,H,,0.0030137753,0,1.0
holdout_genre_commercial,human_news_buriy_2014_0059,H,,0.0000144663,0,1.0
holdout_genre_commercial,human_news_buriy_2014_0060,H,,0.0000222543,0,1.0
holdout_genre_commercial,human_news_gazeta_0001,H,,0.0015697456,0,1.0
holdout_genre_commercial,human_news_gazeta_0002,H,,0.1596521094,0,1.0
holdout_genre_commercial,human_news_gazeta_0003,H,,0.1488409838,0,1.0
holdout_genre_commercial,human_news_gazeta_0004,H,,0.0015132614,0,1.0
holdout_genre_commercial,human_news_gazeta_0005,H,,0.0000568388,0,1.0
holdout_genre_commercial,human_news_gazeta_0006,H,,0.0003381546,0,1.0
holdout_genre_commercial,human_news_gazeta_0007,H,,0.0000774959,0,1.0
holdout_genre_commercial,human_news_gazeta_0008,H,,0.0109054044,0,1.0
holdout_genre_commercial,human_news_gazeta_0009,H,,0.0000900722,0,1.0
holdout_genre_commercial,human_news_gazeta_0010,H,,0.0433400475,0,1.0
holdout_genre_commercial,human_news_gazeta_0011,H,,0.0000058762,0,1.0
holdout_genre_commercial,human_news_gazeta_0012,H,,0.0040042587,0,1.0
holdout_genre_commercial,human_news_gazeta_0013,H,,0.0114461220,0,1.0
holdout_genre_commercial,human_news_gazeta_0014,H,,0.0000035768,0,1.0
holdout_genre_commercial,human_news_gazeta_0015,H,,0.0056279451,0,1.0
holdout_genre_commercial,human_news_gazeta_0016,H,,0.0000094962,0,1.0
holdout_genre_commercial,human_news_gazeta_0017,H,,0.0730427281,0,1.0
holdout_genre_commercial,human_news_gazeta_0018,H,,0.0192406331,0,1.0
holdout_genre_commercial,human_news_gazeta_0019,H,,0.0000844430,0,1.0
holdout_genre_commercial,human_news_gazeta_0020,H,,0.0000374199,0,1.0
holdout_genre_commercial,human_news_gazeta_0021,H,,0.0063815813,0,1.0
holdout_genre_commercial,human_news_gazeta_0022,H,,0.0073912591,0,1.0
holdout_genre_commercial,human_news_gazeta_0023,H,,0.0000174653,0,1.0
holdout_genre_commercial,human_news_gazeta_0024,H,,0.0001502319,0,1.0
holdout_genre_commercial,human_news_gazeta_0025,H,,0.0007507743,0,1.0
holdout_genre_commercial,human_news_gazeta_0026,H,,0.0000895955,0,1.0
holdout_genre_commercial,human_news_gazeta_0027,H,,0.0001810675,0,1.0
holdout_genre_commercial,human_news_gazeta_0028,H,,0.0000160445,0,1.0
holdout_genre_commercial,human_news_gazeta_0029,H,,0.0090570778,0,1.0
holdout_genre_commercial,human_news_gazeta_0030,H,,0.3299917173,0,1.0
holdout_genre_commercial,human_news_gazeta_0031,H,,0.0062109517,0,1.0
holdout_genre_commercial,human_news_gazeta_0032,H,,0.0002224426,0,1.0
holdout_genre_commercial,human_news_gazeta_0033,H,,0.0015952894,0,1.0
holdout_genre_commercial,human_news_gazeta_0034,H,,0.0375537396,0,1.0
holdout_genre_commercial,human_news_gazeta_0035,H,,0.0490142710,0,1.0
holdout_genre_commercial,human_news_gazeta_0036,H,,0.0006194776,0,1.0
holdout_genre_commercial,human_news_gazeta_0037,H,,0.2869140863,0,1.0
holdout_genre_commercial,human_news_gazeta_0038,H,,0.5244806154,1,1.0
holdout_genre_commercial,human_news_gazeta_0039,H,,0.0084398205,0,1.0
holdout_genre_commercial,human_news_gazeta_0040,H,,0.0111804038,0,1.0
holdout_genre_commercial,human_news_gazeta_0041,H,,0.0000079827,0,1.0
holdout_genre_commercial,human_news_gazeta_0042,H,,0.0010045601,0,1.0
holdout_genre_commercial,human_news_gazeta_0043,H,,0.0946561661,0,1.0
holdout_genre_commercial,human_news_gazeta_0044,H,,0.0001141587,0,1.0
holdout_genre_commercial,human_news_gazeta_0045,H,,0.0001793002,0,1.0
holdout_genre_commercial,human_news_gazeta_0046,H,,0.0000126920,0,1.0
holdout_genre_commercial,human_news_gazeta_0047,H,,0.0005326516,0,1.0
holdout_genre_commercial,human_news_gazeta_0048,H,,0.1036619144,0,1.0
holdout_genre_commercial,human_news_gazeta_0049,H,,0.1229954362,0,1.0
holdout_genre_commercial,human_news_gazeta_0050,H,,0.0023202743,0,1.0
holdout_genre_commercial,human_news_gazeta_0051,H,,0.0002895540,0,1.0
holdout_genre_commercial,human_news_gazeta_0052,H,,0.0986320028,0,1.0
holdout_genre_commercial,human_news_gazeta_0053,H,,0.0560474181,0,1.0
holdout_genre_commercial,human_news_gazeta_0054,H,,0.0136230789,0,1.0
holdout_genre_commercial,human_news_gazeta_0055,H,,0.0001369429,0,1.0
holdout_genre_commercial,human_news_gazeta_0056,H,,0.0005217751,0,1.0
holdout_genre_commercial,human_news_gazeta_0057,H,,0.0407426559,0,1.0
holdout_genre_commercial,human_news_gazeta_0058,H,,0.0009338505,0,1.0
holdout_genre_commercial,human_news_gazeta_0059,H,,0.0004010226,0,1.0
holdout_genre_commercial,human_news_gazeta_0060,H,,0.0000238552,0,1.0
holdout_genre_commercial,human_news_lenta_0001,H,,0.0336643036,0,1.0
holdout_genre_commercial,human_news_lenta_0002,H,,0.0002631884,0,1.0
holdout_genre_commercial,human_news_lenta_0004,H,,0.0350360351,0,1.0
holdout_genre_commercial,human_news_lenta_0007,H,,0.0000000000,0,1.0
holdout_genre_commercial,human_news_lenta_0009,H,,0.0020800621,0,1.0
holdout_genre_commercial,human_news_lenta_0010,H,,0.0000000036,0,1.0
holdout_genre_commercial,human_news_lenta_0012,H,,0.0003149307,0,1.0
holdout_genre_commercial,human_news_lenta_0013,H,,0.0156899079,0,1.0
holdout_genre_commercial,human_news_lenta_0014,H,,0.0001069769,0,1.0
holdout_genre_commercial,human_news_lenta_0015,H,,0.0182202587,0,1.0
holdout_genre_commercial,human_news_lenta_0016,H,,0.0008357698,0,1.0
holdout_genre_commercial,human_news_lenta_0017,H,,0.0000000649,0,1.0
holdout_genre_commercial,human_news_lenta_0018,H,,0.0000000759,0,1.0
holdout_genre_commercial,human_news_lenta_0021,H,,0.0081737759,0,1.0
holdout_genre_commercial,human_news_lenta_0022,H,,0.0000245527,0,1.0
holdout_genre_commercial,human_news_lenta_0023,H,,0.1102661794,0,1.0
holdout_genre_commercial,human_news_lenta_0024,H,,0.0063868485,0,1.0
holdout_genre_commercial,human_news_lenta_0027,H,,0.3881430651,0,1.0
holdout_genre_commercial,human_news_lenta_0029,H,,0.0570694717,0,1.0
holdout_genre_commercial,human_news_lenta_0034,H,,0.0001570836,0,1.0
holdout_genre_commercial,human_news_lenta_0036,H,,0.0009858713,0,1.0
holdout_genre_commercial,human_news_lenta_0039,H,,0.0000000000,0,1.0
holdout_genre_commercial,human_news_lenta_0040,H,,0.1468792398,0,1.0
holdout_genre_commercial,human_news_lenta_0041,H,,0.0000087945,0,1.0
holdout_genre_commercial,human_news_lenta_0042,H,,0.0000034549,0,1.0
holdout_genre_commercial,human_news_lenta_0044,H,,0.0007705464,0,1.0
holdout_genre_commercial,human_news_lenta_0045,H,,0.0388046296,0,1.0
holdout_genre_commercial,human_news_lenta_0046,H,,0.0000002548,0,1.0
holdout_genre_commercial,human_news_lenta_0049,H,,0.0039245583,0,1.0
holdout_genre_commercial,human_news_lenta_0051,H,,0.0092736762,0,1.0
holdout_genre_commercial,human_news_lenta_0053,H,,0.0000043174,0,1.0
holdout_genre_commercial,human_news_lenta_0055,H,,0.0848588719,0,1.0
holdout_genre_commercial,human_science_cyberleninka_0001,H,,0.0242717294,0,1.0
holdout_genre_commercial,human_science_cyberleninka_0002,H,,0.8762316086,1,1.0
holdout_genre_commercial,human_science_cyberleninka_0003,H,,0.0466634257,0,1.0
holdout_genre_commercial,human_science_cyberleninka_0004,H,,0.0753274284,0,1.0
holdout_genre_commercial,human_science_cyberleninka_0005,H,,0.0080512401,0,1.0
holdout_genre_commercial,human_science_cyberleninka_0006,H,,0.2071133428,0,1.0
holdout_genre_commercial,human_science_cyberleninka_0007,H,,0.4329716907,0,1.0
holdout_genre_commercial,human_science_cyberleninka_0008,H,,0.0000671943,0,1.0
holdout_genre_commercial,human_science_cyberleninka_0009,H,,0.5406207717,1,1.0
holdout_genre_commercial,human_science_cyberleninka_0010,H,,0.0007022125,0,1.0
holdout_genre_commercial,human_science_cyberleninka_0011,H,,0.0003923236,0,1.0
holdout_genre_commercial,human_science_cyberleninka_0013,H,,0.5871962529,1,1.0
holdout_genre_commercial,human_science_cyberleninka_0014,H,,0.2724994144,0,1.0
holdout_genre_commercial,human_science_cyberleninka_0015,H,,0.0000234526,0,1.0
holdout_genre_commercial,human_science_cyberleninka_0016,H,,0.0344761725,0,1.0
holdout_genre_commercial,human_science_cyberleninka_0017,H,,0.0172842210,0,1.0
holdout_genre_commercial,human_science_cyberleninka_0018,H,,0.8966095830,1,1.0
holdout_genre_commercial,human_science_cyberleninka_0019,H,,0.7577046572,1,1.0
holdout_genre_commercial,human_science_cyberleninka_0020,H,,0.0066995423,0,1.0
holdout_genre_commercial,human_science_cyberleninka_0021,H,,0.7711217867,1,1.0
holdout_genre_commercial,human_science_cyberleninka_0022,H,,0.0012282606,0,1.0
holdout_genre_commercial,human_science_cyberleninka_0023,H,,0.9431932562,1,1.0
holdout_genre_commercial,human_science_cyberleninka_0024,H,,0.8388962827,1,1.0
holdout_genre_commercial,human_science_cyberleninka_0025,H,,0.0772224142,0,1.0
holdout_genre_commercial,human_science_cyberleninka_0026,H,,0.0021491886,0,1.0
holdout_genre_commercial,human_science_cyberleninka_0027,H,,0.0745725083,0,1.0
holdout_genre_commercial,human_science_cyberleninka_0028,H,,0.0000088527,0,1.0
holdout_genre_commercial,human_science_cyberleninka_0029,H,,0.0111356356,0,1.0
holdout_genre_commercial,human_science_cyberleninka_0030,H,,0.0000556759,0,1.0
holdout_genre_commercial,human_science_cyberleninka_0031,H,,0.2715890421,0,1.0
holdout_genre_commercial,human_science_cyberleninka_0032,H,,0.0596000306,0,1.0
holdout_genre_commercial,human_science_cyberleninka_0033,H,,0.8961182895,1,1.0
holdout_genre_commercial,human_science_cyberleninka_0034,H,,0.0001976509,0,1.0
holdout_genre_commercial,human_science_cyberleninka_0035,H,,0.3705813790,0,1.0
holdout_genre_commercial,human_science_cyberleninka_0036,H,,0.8250561584,1,1.0
holdout_genre_commercial,human_science_cyberleninka_0037,H,,0.2775371206,0,1.0
holdout_genre_commercial,human_science_cyberleninka_0038,H,,0.2410749164,0,1.0
holdout_genre_commercial,human_science_cyberleninka_0039,H,,0.0344463994,0,1.0
holdout_genre_commercial,human_science_cyberleninka_0040,H,,0.0001931187,0,1.0
holdout_genre_commercial,human_science_cyberleninka_0041,H,,0.1139040819,0,1.0
holdout_genre_commercial,human_science_cyberleninka_0042,H,,0.0001632938,0,1.0
holdout_genre_commercial,human_science_cyberleninka_0043,H,,0.1687683057,0,1.0
holdout_genre_commercial,human_science_cyberleninka_0044,H,,0.9596433705,1,1.0
holdout_genre_commercial,human_science_cyberleninka_0045,H,,0.0008409067,0,1.0
holdout_genre_commercial,human_science_cyberleninka_0046,H,,0.0000467814,0,1.0
holdout_genre_commercial,human_science_cyberleninka_0047,H,,0.0028502182,0,1.0
holdout_genre_commercial,human_science_cyberleninka_0048,H,,0.0000166258,0,1.0
holdout_genre_commercial,human_science_cyberleninka_0049,H,,0.0000813322,0,1.0
holdout_genre_commercial,human_science_cyberleninka_0050,H,,0.0005797029,0,1.0
holdout_genre_commercial,human_science_cyberleninka_0051,H,,0.3104765571,0,1.0
holdout_genre_commercial,human_science_cyberleninka_0052,H,,0.5322647192,1,1.0
holdout_genre_commercial,human_science_cyberleninka_0053,H,,0.0000194965,0,1.0
holdout_genre_commercial,human_science_cyberleninka_0054,H,,0.0417994214,0,1.0
holdout_genre_commercial,human_science_cyberleninka_0055,H,,0.0228966266,0,1.0
holdout_genre_commercial,human_science_cyberleninka_0056,H,,0.0590378521,0,1.0
holdout_genre_commercial,human_science_cyberleninka_0057,H,,0.3411757482,0,1.0
holdout_genre_commercial,human_science_cyberleninka_0058,H,,0.7324801213,1,1.0
holdout_genre_commercial,human_science_cyberleninka_0059,H,,0.9380524361,1,1.0
holdout_genre_commercial,human_science_cyberleninka_0060,H,,0.0820608105,0,1.0
holdout_genre_commercial,human_science_cyberleninka_0067,H,,0.6195447890,1,1.0
holdout_genre_commercial,human_science_spbgu_0001,H,,0.0011029968,0,1.0
holdout_genre_commercial,human_science_spbgu_0002,H,,0.0009663487,0,1.0
holdout_genre_commercial,human_science_spbgu_0003,H,,0.0262758951,0,1.0
holdout_genre_commercial,human_science_spbgu_0004,H,,0.0002516369,0,1.0
holdout_genre_commercial,human_science_spbgu_0005,H,,0.0424507540,0,1.0
holdout_genre_commercial,human_science_spbgu_0006,H,,0.0012175683,0,1.0
holdout_genre_commercial,human_science_spbgu_0007,H,,0.0000405054,0,1.0
holdout_genre_commercial,human_science_spbgu_0008,H,,0.0220320351,0,1.0
holdout_genre_commercial,human_science_spbgu_0009,H,,0.0000450253,0,1.0
holdout_genre_commercial,human_science_spbgu_0010,H,,0.0001770544,0,1.0
holdout_genre_commercial,human_science_spbgu_0011,H,,0.0037506738,0,1.0
holdout_genre_commercial,human_science_spbgu_0012,H,,0.0000776614,0,1.0
holdout_genre_commercial,human_science_spbgu_0013,H,,0.0000359964,0,1.0
holdout_genre_commercial,human_science_spbgu_0014,H,,0.0154582580,0,1.0
holdout_genre_commercial,human_science_spbgu_0015,H,,0.0030277907,0,1.0
holdout_genre_commercial,human_science_spbgu_0016,H,,0.0000073838,0,1.0
holdout_genre_commercial,human_science_spbgu_0017,H,,0.0009308233,0,1.0
holdout_genre_commercial,human_science_spbgu_0018,H,,0.0007463375,0,1.0
holdout_genre_commercial,human_science_spbgu_0019,H,,0.0097658042,0,1.0
holdout_genre_commercial,human_science_spbgu_0020,H,,0.0035339791,0,1.0
holdout_genre_commercial,human_science_spbgu_0021,H,,0.0000330589,0,1.0
holdout_genre_commercial,human_science_spbgu_0022,H,,0.0007369927,0,1.0
holdout_genre_commercial,human_science_spbgu_0023,H,,0.0001829843,0,1.0
holdout_genre_commercial,human_science_spbgu_0024,H,,0.0000192847,0,1.0
holdout_genre_commercial,human_science_spbgu_0025,H,,0.0000495066,0,1.0
holdout_genre_commercial,human_science_spbgu_0026,H,,0.0054669443,0,1.0
holdout_genre_commercial,human_science_spbgu_0027,H,,0.0000029070,0,1.0
holdout_genre_commercial,human_science_spbgu_0028,H,,0.0000133958,0,1.0
holdout_genre_commercial,human_science_spbgu_0029,H,,0.0000056488,0,1.0
holdout_genre_commercial,human_science_spbgu_0030,H,,0.0000207978,0,1.0
holdout_genre_commercial,human_science_spbgu_0031,H,,0.0028355782,0,1.0
holdout_genre_commercial,human_science_spbgu_0032,H,,0.0000512082,0,1.0
holdout_genre_commercial,human_science_spbgu_0033,H,,0.0000288865,0,1.0
holdout_genre_commercial,human_science_spbgu_0034,H,,0.0003202166,0,1.0
holdout_genre_commercial,human_science_spbgu_0035,H,,0.0000263085,0,1.0
holdout_genre_commercial,human_science_spbgu_0036,H,,0.0000960505,0,1.0
holdout_genre_commercial,human_science_spbgu_0037,H,,0.0006914124,0,1.0
holdout_genre_commercial,human_science_spbgu_0038,H,,0.0000387510,0,1.0
holdout_genre_commercial,human_science_spbgu_0039,H,,0.0044109882,0,1.0
holdout_genre_commercial,human_science_spbgu_0040,H,,0.0000270351,0,1.0
holdout_genre_commercial,human_science_spbgu_0041,H,,0.0003072937,0,1.0
holdout_genre_commercial,human_science_spbgu_0042,H,,0.0000702380,0,1.0
holdout_genre_commercial,human_science_spbgu_0043,H,,0.0001751587,0,1.0
holdout_genre_commercial,human_science_spbgu_0044,H,,0.0008288565,0,1.0
holdout_genre_commercial,human_science_spbgu_0045,H,,0.0000733755,0,1.0
holdout_genre_commercial,human_science_spbgu_0046,H,,0.0000060696,0,1.0
holdout_genre_commercial,human_science_spbgu_0048,H,,0.0001262858,0,1.0
holdout_genre_commercial,human_science_spbgu_0049,H,,0.0000239567,0,1.0
holdout_genre_commercial,human_science_spbgu_0050,H,,0.0038306852,0,1.0
holdout_genre_commercial,human_science_spbgu_0054,H,,0.0000001365,0,1.0
holdout_genre_commercial,human_science_spbgu_0055,H,,0.0000271042,0,1.0
holdout_genre_commercial,human_science_spbgu_0057,H,,0.0327257246,0,1.0
holdout_genre_commercial,human_science_spbgu_0059,H,,0.0004000510,0,1.0
holdout_genre_commercial,human_science_spbgu_0060,H,,0.0000002712,0,1.0
holdout_genre_commercial,human_science_spbgu_0061,H,,0.0000138448,0,1.0
holdout_genre_commercial,human_science_spbgu_0062,H,,0.0000826587,0,1.0
holdout_genre_commercial,human_science_spbgu_0063,H,,0.0035610076,0,1.0
holdout_genre_commercial,human_science_spbgu_0064,H,,0.0000029903,0,1.0
holdout_genre_commercial,human_science_spbgu_0065,H,,0.0000175186,0,1.0
holdout_genre_commercial,human_science_urfu_0001,H,,0.1861752003,0,1.0
holdout_genre_commercial,human_science_urfu_0002,H,,0.0051626751,0,1.0
holdout_genre_commercial,human_science_urfu_0003,H,,0.0894440971,0,1.0
holdout_genre_commercial,human_science_urfu_0004,H,,0.0345031573,0,1.0
holdout_genre_commercial,human_science_urfu_0005,H,,0.0226915375,0,1.0
holdout_genre_commercial,human_science_urfu_0006,H,,0.0004132965,0,1.0
holdout_genre_commercial,human_science_urfu_0007,H,,0.4290435193,0,1.0
holdout_genre_commercial,human_science_urfu_0008,H,,0.0001050507,0,1.0
holdout_genre_commercial,human_science_urfu_0009,H,,0.0028140038,0,1.0
holdout_genre_commercial,human_science_urfu_0010,H,,0.0117600005,0,1.0
holdout_genre_commercial,human_science_urfu_0011,H,,0.0072322935,0,1.0
holdout_genre_commercial,human_science_urfu_0012,H,,0.0007228571,0,1.0
holdout_genre_commercial,human_science_urfu_0013,H,,0.3825633092,0,1.0
holdout_genre_commercial,human_science_urfu_0014,H,,0.0000063993,0,1.0
holdout_genre_commercial,human_science_urfu_0015,H,,0.0124981666,0,1.0
holdout_genre_commercial,human_science_urfu_0016,H,,0.0345628126,0,1.0
holdout_genre_commercial,human_science_urfu_0017,H,,0.0262703155,0,1.0
holdout_genre_commercial,human_science_urfu_0018,H,,0.0177251271,0,1.0
holdout_genre_commercial,human_science_urfu_0019,H,,0.0182520223,0,1.0
holdout_genre_commercial,human_science_urfu_0020,H,,0.0000520548,0,1.0
holdout_genre_commercial,human_science_urfu_0021,H,,0.0066224362,0,1.0
holdout_genre_commercial,human_science_urfu_0022,H,,0.0104599467,0,1.0
holdout_genre_commercial,human_science_urfu_0023,H,,0.0000087580,0,1.0
holdout_genre_commercial,human_science_urfu_0024,H,,0.0567322497,0,1.0
holdout_genre_commercial,human_science_urfu_0025,H,,0.1150075605,0,1.0
holdout_genre_commercial,human_science_urfu_0026,H,,0.0790130893,0,1.0
holdout_genre_commercial,human_science_urfu_0027,H,,0.1618310518,0,1.0
holdout_genre_commercial,human_science_urfu_0028,H,,0.0415372525,0,1.0
holdout_genre_commercial,human_science_urfu_0029,H,,0.0102617202,0,1.0
holdout_genre_commercial,human_science_urfu_0030,H,,0.2211743143,0,1.0
holdout_genre_commercial,human_science_urfu_0031,H,,0.0000017209,0,1.0
holdout_genre_commercial,human_science_urfu_0032,H,,0.8248241440,1,1.0
holdout_genre_commercial,human_science_urfu_0033,H,,0.0136773316,0,1.0
holdout_genre_commercial,human_science_urfu_0034,H,,0.0034212969,0,1.0
holdout_genre_commercial,human_science_urfu_0035,H,,0.0510793410,0,1.0
holdout_genre_commercial,human_science_urfu_0036,H,,0.0103386851,0,1.0
holdout_genre_commercial,human_science_urfu_0037,H,,0.1120629596,0,1.0
holdout_genre_commercial,human_science_urfu_0038,H,,0.0000000003,0,1.0
holdout_genre_commercial,human_science_urfu_0039,H,,0.0000000032,0,1.0
holdout_genre_commercial,human_science_urfu_0040,H,,0.0000000000,0,1.0
holdout_genre_commercial,human_science_urfu_0041,H,,0.0000005821,0,1.0
holdout_genre_commercial,human_science_urfu_0042,H,,0.0000000063,0,1.0
holdout_genre_commercial,human_science_urfu_0043,H,,0.0000000196,0,1.0
holdout_genre_commercial,human_science_urfu_0044,H,,0.1058944446,0,1.0
holdout_genre_commercial,human_science_urfu_0045,H,,0.0205712242,0,1.0
holdout_genre_commercial,human_science_urfu_0046,H,,0.0000032425,0,1.0
holdout_genre_commercial,human_science_urfu_0047,H,,0.0158264377,0,1.0
holdout_genre_commercial,human_science_urfu_0048,H,,0.0002852701,0,1.0
holdout_genre_commercial,nemotron_b031_P1_r1,A,nemotron,0.9999827440,1,1.0
holdout_genre_commercial,nemotron_b031_P1_r2,A,nemotron,0.9999999449,1,1.0
holdout_genre_commercial,nemotron_b031_P2_r1,A,nemotron,0.9999986314,1,1.0
holdout_genre_commercial,nemotron_b031_P2_r2,A,nemotron,0.9999432607,1,1.0
holdout_genre_commercial,nemotron_b031_P3_r1,A,nemotron,0.9999158107,1,1.0
holdout_genre_commercial,nemotron_b031_P3_r2,A,nemotron,0.9992878056,1,1.0
holdout_genre_commercial,nemotron_b032_P1_r1,A,nemotron,0.9999960209,1,1.0
holdout_genre_commercial,nemotron_b032_P1_r2,A,nemotron,0.9999997315,1,1.0
holdout_genre_commercial,nemotron_b032_P2_r1,A,nemotron,0.9999888451,1,1.0
holdout_genre_commercial,nemotron_b032_P2_r2,A,nemotron,0.9999873743,1,1.0
holdout_genre_commercial,nemotron_b032_P3_r1,A,nemotron,0.9909319202,1,1.0
holdout_genre_commercial,nemotron_b032_P3_r2,A,nemotron,0.9999940712,1,1.0
holdout_genre_commercial,nemotron_b033_P1_r1,A,nemotron,0.9999999984,1,1.0
holdout_genre_commercial,nemotron_b033_P1_r2,A,nemotron,0.9999999768,1,1.0
holdout_genre_commercial,nemotron_b033_P2_r1,A,nemotron,0.9999963876,1,1.0
holdout_genre_commercial,nemotron_b033_P2_r2,A,nemotron,0.9999993657,1,1.0
holdout_genre_commercial,nemotron_b033_P3_r1,A,nemotron,0.9996673697,1,1.0
holdout_genre_commercial,nemotron_b033_P3_r2,A,nemotron,0.4680935742,0,1.0
holdout_genre_commercial,nemotron_b034_P1_r1,A,nemotron,0.9999409585,1,1.0
holdout_genre_commercial,nemotron_b034_P1_r2,A,nemotron,0.9999878045,1,1.0
holdout_genre_commercial,nemotron_b034_P2_r1,A,nemotron,0.9999999790,1,1.0
holdout_genre_commercial,nemotron_b034_P2_r2,A,nemotron,0.9999949909,1,1.0
holdout_genre_commercial,nemotron_b034_P3_r1,A,nemotron,0.9998837194,1,1.0
holdout_genre_commercial,nemotron_b034_P3_r2,A,nemotron,0.9999803525,1,1.0
holdout_genre_commercial,nemotron_b035_P1_r1,A,nemotron,0.9987545684,1,1.0
holdout_genre_commercial,nemotron_b035_P1_r2,A,nemotron,0.9986345831,1,1.0
holdout_genre_commercial,nemotron_b035_P2_r1,A,nemotron,0.9995297327,1,1.0
holdout_genre_commercial,nemotron_b035_P2_r2,A,nemotron,0.9994636951,1,1.0
holdout_genre_commercial,nemotron_b035_P3_r1,A,nemotron,0.1901914852,0,1.0
holdout_genre_commercial,nemotron_b035_P3_r2,A,nemotron,0.4414763090,0,1.0
holdout_genre_commercial,nemotron_b036_P1_r1,A,nemotron,0.9996929943,1,1.0
holdout_genre_commercial,nemotron_b036_P1_r2,A,nemotron,0.9997878852,1,1.0
holdout_genre_commercial,nemotron_b036_P2_r1,A,nemotron,0.9999974280,1,1.0
holdout_genre_commercial,nemotron_b036_P2_r2,A,nemotron,0.9999948358,1,1.0
holdout_genre_commercial,nemotron_b036_P3_r1,A,nemotron,0.9999942218,1,1.0
holdout_genre_commercial,nemotron_b036_P3_r2,A,nemotron,0.9990848175,1,1.0
holdout_genre_commercial,nemotron_b037_P1_r1,A,nemotron,0.9998661561,1,1.0
holdout_genre_commercial,nemotron_b037_P1_r2,A,nemotron,0.9999711217,1,1.0
holdout_genre_commercial,nemotron_b037_P2_r1,A,nemotron,0.9999999680,1,1.0
holdout_genre_commercial,nemotron_b037_P2_r2,A,nemotron,0.9999447786,1,1.0
holdout_genre_commercial,nemotron_b037_P3_r1,A,nemotron,0.9400520532,1,1.0
holdout_genre_commercial,nemotron_b037_P3_r2,A,nemotron,0.9862151539,1,1.0
holdout_genre_commercial,nemotron_b038_P1_r1,A,nemotron,0.9999999295,1,1.0
holdout_genre_commercial,nemotron_b038_P1_r2,A,nemotron,0.9999995715,1,1.0
holdout_genre_commercial,nemotron_b038_P2_r1,A,nemotron,0.9999995860,1,1.0
holdout_genre_commercial,nemotron_b038_P2_r2,A,nemotron,0.9999992332,1,1.0
holdout_genre_commercial,nemotron_b038_P3_r1,A,nemotron,0.9996092294,1,1.0
holdout_genre_commercial,nemotron_b038_P3_r2,A,nemotron,0.9999236469,1,1.0
holdout_genre_commercial,nemotron_b039_P1_r1,A,nemotron,0.9998156060,1,1.0
holdout_genre_commercial,nemotron_b039_P1_r2,A,nemotron,0.9999702136,1,1.0
holdout_genre_commercial,nemotron_b039_P2_r1,A,nemotron,0.9999999480,1,1.0
holdout_genre_commercial,nemotron_b039_P2_r2,A,nemotron,0.9999994111,1,1.0
holdout_genre_commercial,nemotron_b039_P3_r1,A,nemotron,0.9996630040,1,1.0
holdout_genre_commercial,nemotron_b039_P3_r2,A,nemotron,0.9996228444,1,1.0
holdout_genre_commercial,nemotron_b040_P1_r1,A,nemotron,0.9999999891,1,1.0
holdout_genre_commercial,nemotron_b040_P1_r2,A,nemotron,0.9998737300,1,1.0
holdout_genre_commercial,nemotron_b040_P2_r1,A,nemotron,0.9999977047,1,1.0
holdout_genre_commercial,nemotron_b040_P2_r2,A,nemotron,0.9999488306,1,1.0
holdout_genre_commercial,nemotron_b040_P3_r1,A,nemotron,0.9998944332,1,1.0
holdout_genre_commercial,nemotron_b040_P3_r2,A,nemotron,0.9999043206,1,1.0
holdout_genre_commercial,nemotron_b041_P1_r1,A,nemotron,0.9999429006,1,1.0
holdout_genre_commercial,nemotron_b041_P1_r2,A,nemotron,0.9996545314,1,1.0
holdout_genre_commercial,nemotron_b041_P2_r1,A,nemotron,0.9999912729,1,1.0
holdout_genre_commercial,nemotron_b041_P2_r2,A,nemotron,0.9989620574,1,1.0
holdout_genre_commercial,nemotron_b041_P3_r1,A,nemotron,0.8819534678,1,1.0
holdout_genre_commercial,nemotron_b041_P3_r2,A,nemotron,0.9991505394,1,1.0
holdout_genre_commercial,nemotron_b042_P1_r1,A,nemotron,0.9999971604,1,1.0
holdout_genre_commercial,nemotron_b042_P1_r2,A,nemotron,0.9999055457,1,1.0
holdout_genre_commercial,nemotron_b042_P2_r1,A,nemotron,0.9999893092,1,1.0
holdout_genre_commercial,nemotron_b042_P2_r2,A,nemotron,0.9999731047,1,1.0
holdout_genre_commercial,nemotron_b042_P3_r1,A,nemotron,0.9989949589,1,1.0
holdout_genre_commercial,nemotron_b042_P3_r2,A,nemotron,0.9993323453,1,1.0
holdout_genre_commercial,nemotron_b043_P1_r1,A,nemotron,0.9999999962,1,1.0
holdout_genre_commercial,nemotron_b043_P1_r2,A,nemotron,0.9999959292,1,1.0
holdout_genre_commercial,nemotron_b043_P2_r1,A,nemotron,0.9999967422,1,1.0
holdout_genre_commercial,nemotron_b043_P2_r2,A,nemotron,0.9999999999,1,1.0
holdout_genre_commercial,nemotron_b043_P3_r1,A,nemotron,0.0485095089,0,1.0
holdout_genre_commercial,nemotron_b043_P3_r2,A,nemotron,0.9966877176,1,1.0
holdout_genre_commercial,nemotron_b044_P1_r1,A,nemotron,0.9999966562,1,1.0
holdout_genre_commercial,nemotron_b044_P1_r2,A,nemotron,0.9999999694,1,1.0
holdout_genre_commercial,nemotron_b044_P2_r1,A,nemotron,0.9999934533,1,1.0
holdout_genre_commercial,nemotron_b044_P2_r2,A,nemotron,0.9999998969,1,1.0
holdout_genre_commercial,nemotron_b044_P3_r1,A,nemotron,0.9998579283,1,1.0
holdout_genre_commercial,nemotron_b044_P3_r2,A,nemotron,0.9894497554,1,1.0
holdout_genre_commercial,nemotron_b045_P1_r1,A,nemotron,0.9999193349,1,1.0
holdout_genre_commercial,nemotron_b045_P1_r2,A,nemotron,0.9999999361,1,1.0
holdout_genre_commercial,nemotron_b045_P2_r1,A,nemotron,0.9999986680,1,1.0
holdout_genre_commercial,nemotron_b045_P2_r2,A,nemotron,0.9999720661,1,1.0
holdout_genre_commercial,nemotron_b045_P3_r1,A,nemotron,0.9984779517,1,1.0
holdout_genre_commercial,nemotron_b045_P3_r2,A,nemotron,0.9971254326,1,1.0
holdout_genre_commercial,real_claude_b031_P1_r1,A,real_claude,0.9999767529,1,1.0
holdout_genre_commercial,real_claude_b031_P1_r2,A,real_claude,0.9999906790,1,1.0
holdout_genre_commercial,real_claude_b031_P2_r1,A,real_claude,0.9999882059,1,1.0
holdout_genre_commercial,real_claude_b031_P2_r2,A,real_claude,0.9999139412,1,1.0
holdout_genre_commercial,real_claude_b031_P3_r1,A,real_claude,0.9999845511,1,1.0
holdout_genre_commercial,real_claude_b031_P3_r2,A,real_claude,0.9999905221,1,1.0
holdout_genre_commercial,real_claude_b032_P1_r1,A,real_claude,0.9999092945,1,1.0
holdout_genre_commercial,real_claude_b032_P1_r2,A,real_claude,0.9999733073,1,1.0
holdout_genre_commercial,real_claude_b032_P2_r1,A,real_claude,0.9994272862,1,1.0
holdout_genre_commercial,real_claude_b032_P2_r2,A,real_claude,0.9999967931,1,1.0
holdout_genre_commercial,real_claude_b032_P3_r1,A,real_claude,0.9993966093,1,1.0
holdout_genre_commercial,real_claude_b032_P3_r2,A,real_claude,0.9996274912,1,1.0
holdout_genre_commercial,real_claude_b033_P1_r1,A,real_claude,0.9999978488,1,1.0
holdout_genre_commercial,real_claude_b033_P1_r2,A,real_claude,0.9998897022,1,1.0
holdout_genre_commercial,real_claude_b033_P2_r1,A,real_claude,0.9996217604,1,1.0
holdout_genre_commercial,real_claude_b033_P2_r2,A,real_claude,0.9996926319,1,1.0
holdout_genre_commercial,real_claude_b033_P3_r1,A,real_claude,0.9999983502,1,1.0
holdout_genre_commercial,real_claude_b033_P3_r2,A,real_claude,0.9989522287,1,1.0
holdout_genre_commercial,real_claude_b034_P1_r1,A,real_claude,0.9999924887,1,1.0
holdout_genre_commercial,real_claude_b034_P1_r2,A,real_claude,0.9999832253,1,1.0
holdout_genre_commercial,real_claude_b034_P2_r1,A,real_claude,0.9998738903,1,1.0
holdout_genre_commercial,real_claude_b034_P2_r2,A,real_claude,0.9999323767,1,1.0
holdout_genre_commercial,real_claude_b034_P3_r1,A,real_claude,0.9996857081,1,1.0
holdout_genre_commercial,real_claude_b034_P3_r2,A,real_claude,0.9998679339,1,1.0
holdout_genre_commercial,real_claude_b035_P1_r1,A,real_claude,0.9999934176,1,1.0
holdout_genre_commercial,real_claude_b035_P1_r2,A,real_claude,0.9999569314,1,1.0
holdout_genre_commercial,real_claude_b035_P2_r1,A,real_claude,0.9999553067,1,1.0
holdout_genre_commercial,real_claude_b035_P2_r2,A,real_claude,0.9999680248,1,1.0
holdout_genre_commercial,real_claude_b035_P3_r1,A,real_claude,0.9997642849,1,1.0
holdout_genre_commercial,real_claude_b035_P3_r2,A,real_claude,0.9985291051,1,1.0
holdout_genre_commercial,real_claude_b036_P1_r1,A,real_claude,0.9997133952,1,1.0
holdout_genre_commercial,real_claude_b036_P1_r2,A,real_claude,0.9991357242,1,1.0
holdout_genre_commercial,real_claude_b036_P2_r1,A,real_claude,0.9940743294,1,1.0
holdout_genre_commercial,real_claude_b036_P2_r2,A,real_claude,0.9999953505,1,1.0
holdout_genre_commercial,real_claude_b036_P3_r1,A,real_claude,0.9997613209,1,1.0
holdout_genre_commercial,real_claude_b036_P3_r2,A,real_claude,0.9980839505,1,1.0
holdout_genre_commercial,real_claude_b037_P1_r1,A,real_claude,0.9987442206,1,1.0
holdout_genre_commercial,real_claude_b037_P1_r2,A,real_claude,0.9999635854,1,1.0
holdout_genre_commercial,real_claude_b037_P2_r1,A,real_claude,0.9999815731,1,1.0
holdout_genre_commercial,real_claude_b037_P2_r2,A,real_claude,0.9998779303,1,1.0
holdout_genre_commercial,real_claude_b037_P3_r1,A,real_claude,0.9999685796,1,1.0
holdout_genre_commercial,real_claude_b037_P3_r2,A,real_claude,0.9999948555,1,1.0
holdout_genre_commercial,real_claude_b038_P1_r1,A,real_claude,0.9996507923,1,1.0
holdout_genre_commercial,real_claude_b038_P1_r2,A,real_claude,0.9999523132,1,1.0
holdout_genre_commercial,real_claude_b038_P2_r1,A,real_claude,0.9968198110,1,1.0
holdout_genre_commercial,real_claude_b038_P2_r2,A,real_claude,0.9999282725,1,1.0
holdout_genre_commercial,real_claude_b038_P3_r1,A,real_claude,0.9999736451,1,1.0
holdout_genre_commercial,real_claude_b038_P3_r2,A,real_claude,0.9985434205,1,1.0
holdout_genre_commercial,real_claude_b039_P1_r1,A,real_claude,0.9999593015,1,1.0
holdout_genre_commercial,real_claude_b039_P1_r2,A,real_claude,0.9997671689,1,1.0
holdout_genre_commercial,real_claude_b039_P2_r1,A,real_claude,0.9999997275,1,1.0
holdout_genre_commercial,real_claude_b039_P2_r2,A,real_claude,0.9999997893,1,1.0
holdout_genre_commercial,real_claude_b039_P3_r1,A,real_claude,0.9998880260,1,1.0
holdout_genre_commercial,real_claude_b039_P3_r2,A,real_claude,0.9987946215,1,1.0
holdout_genre_commercial,real_claude_b040_P1_r1,A,real_claude,0.9999826101,1,1.0
holdout_genre_commercial,real_claude_b040_P1_r2,A,real_claude,0.9999765107,1,1.0
holdout_genre_commercial,real_claude_b040_P2_r1,A,real_claude,0.9999108077,1,1.0
holdout_genre_commercial,real_claude_b040_P2_r2,A,real_claude,0.9999855429,1,1.0
holdout_genre_commercial,real_claude_b040_P3_r1,A,real_claude,0.9999088325,1,1.0
holdout_genre_commercial,real_claude_b040_P3_r2,A,real_claude,0.9998749574,1,1.0
holdout_genre_commercial,real_claude_b041_P1_r1,A,real_claude,0.9997097763,1,1.0
holdout_genre_commercial,real_claude_b041_P1_r2,A,real_claude,0.9998145478,1,1.0
holdout_genre_commercial,real_claude_b041_P2_r1,A,real_claude,0.9999974889,1,1.0
holdout_genre_commercial,real_claude_b041_P2_r2,A,real_claude,0.9994352897,1,1.0
holdout_genre_commercial,real_claude_b041_P3_r1,A,real_claude,0.9872189597,1,1.0
holdout_genre_commercial,real_claude_b041_P3_r2,A,real_claude,0.9628717709,1,1.0
holdout_genre_commercial,real_claude_b042_P1_r1,A,real_claude,0.9999950297,1,1.0
holdout_genre_commercial,real_claude_b042_P1_r2,A,real_claude,0.9999717614,1,1.0
holdout_genre_commercial,real_claude_b042_P2_r1,A,real_claude,0.9999841971,1,1.0
holdout_genre_commercial,real_claude_b042_P2_r2,A,real_claude,0.9999345052,1,1.0
holdout_genre_commercial,real_claude_b042_P3_r1,A,real_claude,0.9993336711,1,1.0
holdout_genre_commercial,real_claude_b042_P3_r2,A,real_claude,0.9994525562,1,1.0
holdout_genre_commercial,real_claude_b043_P1_r1,A,real_claude,0.9999961052,1,1.0
holdout_genre_commercial,real_claude_b043_P1_r2,A,real_claude,0.9999873619,1,1.0
holdout_genre_commercial,real_claude_b043_P2_r1,A,real_claude,0.9968962902,1,1.0
holdout_genre_commercial,real_claude_b043_P2_r2,A,real_claude,0.9999922822,1,1.0
holdout_genre_commercial,real_claude_b043_P3_r1,A,real_claude,0.9999444078,1,1.0
holdout_genre_commercial,real_claude_b043_P3_r2,A,real_claude,0.9994721213,1,1.0
holdout_genre_commercial,real_claude_b044_P1_r1,A,real_claude,0.9999218537,1,1.0
holdout_genre_commercial,real_claude_b044_P1_r2,A,real_claude,0.9999791109,1,1.0
holdout_genre_commercial,real_claude_b044_P2_r1,A,real_claude,0.9999712897,1,1.0
holdout_genre_commercial,real_claude_b044_P2_r2,A,real_claude,0.9999785683,1,1.0
holdout_genre_commercial,real_claude_b044_P3_r1,A,real_claude,0.9999167199,1,1.0
holdout_genre_commercial,real_claude_b044_P3_r2,A,real_claude,0.9999585153,1,1.0
holdout_genre_commercial,real_claude_b045_P1_r1,A,real_claude,0.9999806689,1,1.0
holdout_genre_commercial,real_claude_b045_P1_r2,A,real_claude,0.9998990313,1,1.0
holdout_genre_commercial,real_claude_b045_P2_r1,A,real_claude,0.9999898362,1,1.0
holdout_genre_commercial,real_claude_b045_P2_r2,A,real_claude,0.9999818912,1,1.0
holdout_genre_commercial,real_claude_b045_P3_r1,A,real_claude,0.9994951803,1,1.0
holdout_genre_commercial,real_claude_b045_P3_r2,A,real_claude,0.9988188019,1,1.0
holdout_genre_news,human_hard_rusltc_0001,H,,0.0065516677,0,0.1
holdout_genre_news,human_hard_rusltc_0002,H,,0.0012190808,0,0.1
holdout_genre_news,human_hard_rusltc_0003,H,,0.0268210652,0,0.1
holdout_genre_news,human_hard_rusltc_0004,H,,0.1833883509,0,0.1
holdout_genre_news,human_hard_rusltc_0005,H,,0.0001134782,0,0.1
holdout_genre_news,human_hard_rusltc_0006,H,,0.0150894929,0,0.1
holdout_genre_news,human_hard_rusltc_0007,H,,0.0009645276,0,0.1
holdout_genre_news,human_hard_rusltc_0008,H,,0.0208272355,0,0.1
holdout_genre_news,human_hard_rusltc_0009,H,,0.0133227008,0,0.1
holdout_genre_news,human_hard_rusltc_0010,H,,0.0056011598,0,0.1
holdout_genre_news,human_hard_rusltc_0011,H,,0.0109188272,0,0.1
holdout_genre_news,human_hard_rusltc_0012,H,,0.0745646075,0,0.1
holdout_genre_news,human_hard_rusltc_0013,H,,0.5572831528,1,0.1
holdout_genre_news,human_hard_rusltc_0014,H,,0.0086619227,0,0.1
holdout_genre_news,human_hard_rusltc_0015,H,,0.0139326819,0,0.1
holdout_genre_news,human_hard_rusltc_0016,H,,0.2577260385,0,0.1
holdout_genre_news,human_hard_rusltc_0017,H,,0.1260205141,0,0.1
holdout_genre_news,human_hard_rusltc_0018,H,,0.0246358636,0,0.1
holdout_genre_news,human_hard_rusltc_0019,H,,0.0028161046,0,0.1
holdout_genre_news,human_hard_rusltc_0020,H,,0.0045501965,0,0.1
holdout_genre_news,human_hard_rusltc_0021,H,,0.0263940088,0,0.1
holdout_genre_news,human_hard_rusltc_0022,H,,0.1260668973,0,0.1
holdout_genre_news,human_hard_rusltc_0023,H,,0.0616064064,0,0.1
holdout_genre_news,human_hard_rusltc_0024,H,,0.0171833423,0,0.1
holdout_genre_news,human_hard_rusltc_0025,H,,0.1545776713,0,0.1
holdout_genre_news,human_hard_rusltc_0026,H,,0.3427127566,0,0.1
holdout_genre_news,human_hard_rusltc_0027,H,,0.0210608441,0,0.1
holdout_genre_news,human_hard_rusltc_0028,H,,0.0009703741,0,0.1
holdout_genre_news,human_hard_rusltc_0029,H,,0.2583128042,0,0.1
holdout_genre_news,human_hard_rusltc_0030,H,,0.0010672802,0,0.1
holdout_genre_news,human_hard_rusltc_0031,H,,0.0028148757,0,0.1
holdout_genre_news,human_hard_rusltc_0032,H,,0.0002393210,0,0.1
holdout_genre_news,human_hard_rusltc_0033,H,,0.0010304251,0,0.1
holdout_genre_news,human_hard_rusltc_0034,H,,0.0111990159,0,0.1
holdout_genre_news,human_hard_rusltc_0035,H,,0.1955149250,0,0.1
holdout_genre_news,human_hard_rusltc_0036,H,,0.0813584562,0,0.1
holdout_genre_news,human_hard_rusltc_0037,H,,0.0732388744,0,0.1
holdout_genre_news,human_hard_rusltc_0038,H,,0.0155367369,0,0.1
holdout_genre_news,human_hard_rusltc_0039,H,,0.0007767588,0,0.1
holdout_genre_news,human_hard_rusltc_0040,H,,0.0093912023,0,0.1
holdout_genre_news,human_hard_rusltc_0041,H,,0.0280345873,0,0.1
holdout_genre_news,human_hard_rusltc_0042,H,,0.0000033146,0,0.1
holdout_genre_news,human_hard_rusltc_0043,H,,0.0567129833,0,0.1
holdout_genre_news,human_hard_rusltc_0044,H,,0.1333694891,0,0.1
holdout_genre_news,human_hard_rusltc_0045,H,,0.0110813297,0,0.1
holdout_genre_news,human_hard_rusltc_0046,H,,0.0457261835,0,0.1
holdout_genre_news,human_hard_rusltc_0047,H,,0.0410788910,0,0.1
holdout_genre_news,human_hard_rusltc_0048,H,,0.0820107266,0,0.1
holdout_genre_news,human_hard_rusltc_0049,H,,0.0016495357,0,0.1
holdout_genre_news,human_hard_rusltc_0050,H,,0.0066440263,0,0.1
holdout_genre_news,human_hard_rusltc_0051,H,,0.0024487140,0,0.1
holdout_genre_news,human_hard_rusltc_0052,H,,0.5200345816,1,0.1
holdout_genre_news,human_hard_rusltc_0053,H,,0.0440785737,0,0.1
holdout_genre_news,human_hard_rusltc_0054,H,,0.0015903178,0,0.1
holdout_genre_news,human_hard_rusltc_0055,H,,0.0277511730,0,0.1
holdout_genre_news,human_hard_rusltc_0056,H,,0.1479714265,0,0.1
holdout_genre_news,human_hard_rusltc_0057,H,,0.0004106410,0,0.1
holdout_genre_news,human_hard_rusltc_0058,H,,0.0283085739,0,0.1
holdout_genre_news,human_hard_rusltc_0059,H,,0.0062815765,0,0.1
holdout_genre_news,human_hard_rusltc_0060,H,,0.0246660075,0,0.1
holdout_genre_news,human_hard_rusltc_0061,H,,0.0065079159,0,0.1
holdout_genre_news,human_hard_rusltc_0062,H,,0.0203306058,0,0.1
holdout_genre_news,human_hard_rusltc_0063,H,,0.0292928403,0,0.1
holdout_genre_news,human_hard_rusltc_0064,H,,0.6378016013,1,0.1
holdout_genre_news,human_hard_rusltc_0065,H,,0.0131997911,0,0.1
holdout_genre_news,human_hard_rusltc_0066,H,,0.1267226699,0,0.1
holdout_genre_news,human_hard_rusltc_0067,H,,0.0207182273,0,0.1
holdout_genre_news,human_hard_rusltc_0068,H,,0.0000457593,0,0.1
holdout_genre_news,human_hard_rusltc_0069,H,,0.0640450433,0,0.1
holdout_genre_news,human_hard_rusltc_0070,H,,0.1962992570,0,0.1
holdout_genre_news,human_hard_rusltc_0071,H,,0.0162489726,0,0.1
holdout_genre_news,human_hard_rusltc_0072,H,,0.0775694234,0,0.1
holdout_genre_news,human_hard_rusltc_0073,H,,0.0439062499,0,0.1
holdout_genre_news,human_news_buriy_2014_0001,H,,0.0008414703,0,0.1
holdout_genre_news,human_news_buriy_2014_0002,H,,0.0002568912,0,0.1
holdout_genre_news,human_news_buriy_2014_0003,H,,0.0014455065,0,0.1
holdout_genre_news,human_news_buriy_2014_0004,H,,0.0000582020,0,0.1
holdout_genre_news,human_news_buriy_2014_0005,H,,0.0197072522,0,0.1
holdout_genre_news,human_news_buriy_2014_0006,H,,0.0010218771,0,0.1
holdout_genre_news,human_news_buriy_2014_0007,H,,0.0323005577,0,0.1
holdout_genre_news,human_news_buriy_2014_0008,H,,0.0131839644,0,0.1
holdout_genre_news,human_news_buriy_2014_0009,H,,0.0013930744,0,0.1
holdout_genre_news,human_news_buriy_2014_0010,H,,0.0000255488,0,0.1
holdout_genre_news,human_news_buriy_2014_0011,H,,0.0010720688,0,0.1
holdout_genre_news,human_news_buriy_2014_0012,H,,0.0005075861,0,0.1
holdout_genre_news,human_news_buriy_2014_0013,H,,0.0100751717,0,0.1
holdout_genre_news,human_news_buriy_2014_0014,H,,0.0036338438,0,0.1
holdout_genre_news,human_news_buriy_2014_0015,H,,0.0002832758,0,0.1
holdout_genre_news,human_news_buriy_2014_0016,H,,0.0003298076,0,0.1
holdout_genre_news,human_news_buriy_2014_0017,H,,0.6031931011,1,0.1
holdout_genre_news,human_news_buriy_2014_0018,H,,0.0030189894,0,0.1
holdout_genre_news,human_news_buriy_2014_0019,H,,0.0384629346,0,0.1
holdout_genre_news,human_news_buriy_2014_0020,H,,0.0000162707,0,0.1
holdout_genre_news,human_news_buriy_2014_0021,H,,0.1979752743,0,0.1
holdout_genre_news,human_news_buriy_2014_0022,H,,0.0003154986,0,0.1
holdout_genre_news,human_news_buriy_2014_0023,H,,0.0000665348,0,0.1
holdout_genre_news,human_news_buriy_2014_0024,H,,0.0015732030,0,0.1
holdout_genre_news,human_news_buriy_2014_0025,H,,0.0010640998,0,0.1
holdout_genre_news,human_news_buriy_2014_0026,H,,0.0014957635,0,0.1
holdout_genre_news,human_news_buriy_2014_0027,H,,0.0008139916,0,0.1
holdout_genre_news,human_news_buriy_2014_0028,H,,0.0001194265,0,0.1
holdout_genre_news,human_news_buriy_2014_0029,H,,0.0006290554,0,0.1
holdout_genre_news,human_news_buriy_2014_0030,H,,0.0208065469,0,0.1
holdout_genre_news,human_news_buriy_2014_0031,H,,0.0014937262,0,0.1
holdout_genre_news,human_news_buriy_2014_0032,H,,0.0009075069,0,0.1
holdout_genre_news,human_news_buriy_2014_0033,H,,0.0020004132,0,0.1
holdout_genre_news,human_news_buriy_2014_0034,H,,0.0251726682,0,0.1
holdout_genre_news,human_news_buriy_2014_0035,H,,0.0001475747,0,0.1
holdout_genre_news,human_news_buriy_2014_0036,H,,0.0027775693,0,0.1
holdout_genre_news,human_news_buriy_2014_0037,H,,0.0011148620,0,0.1
holdout_genre_news,human_news_buriy_2014_0038,H,,0.0001241104,0,0.1
holdout_genre_news,human_news_buriy_2014_0039,H,,0.0025745544,0,0.1
holdout_genre_news,human_news_buriy_2014_0040,H,,0.0022510085,0,0.1
holdout_genre_news,human_news_buriy_2014_0041,H,,0.0403005147,0,0.1
holdout_genre_news,human_news_buriy_2014_0042,H,,0.0003554593,0,0.1
holdout_genre_news,human_news_buriy_2014_0043,H,,0.0045107043,0,0.1
holdout_genre_news,human_news_buriy_2014_0044,H,,0.0102045427,0,0.1
holdout_genre_news,human_news_buriy_2014_0045,H,,0.0035054122,0,0.1
holdout_genre_news,human_news_buriy_2014_0046,H,,0.0021957697,0,0.1
holdout_genre_news,human_news_buriy_2014_0047,H,,0.0006628518,0,0.1
holdout_genre_news,human_news_buriy_2014_0048,H,,0.0005901262,0,0.1
holdout_genre_news,human_news_buriy_2014_0049,H,,0.0000612665,0,0.1
holdout_genre_news,human_news_buriy_2014_0050,H,,0.0057612500,0,0.1
holdout_genre_news,human_news_buriy_2014_0051,H,,0.6708629771,1,0.1
holdout_genre_news,human_news_buriy_2014_0052,H,,0.0002420411,0,0.1
holdout_genre_news,human_news_buriy_2014_0053,H,,0.0000129620,0,0.1
holdout_genre_news,human_news_buriy_2014_0054,H,,0.1157861681,0,0.1
holdout_genre_news,human_news_buriy_2014_0055,H,,0.0000313933,0,0.1
holdout_genre_news,human_news_buriy_2014_0056,H,,0.1510713823,0,0.1
holdout_genre_news,human_news_buriy_2014_0057,H,,0.0005173937,0,0.1
holdout_genre_news,human_news_buriy_2014_0058,H,,0.0155844789,0,0.1
holdout_genre_news,human_news_buriy_2014_0059,H,,0.0002586167,0,0.1
holdout_genre_news,human_news_buriy_2014_0060,H,,0.0004261190,0,0.1
holdout_genre_news,human_news_gazeta_0001,H,,0.0104652713,0,0.1
holdout_genre_news,human_news_gazeta_0002,H,,0.1934517332,0,0.1
holdout_genre_news,human_news_gazeta_0003,H,,0.1621619176,0,0.1
holdout_genre_news,human_news_gazeta_0004,H,,0.0112293511,0,0.1
holdout_genre_news,human_news_gazeta_0005,H,,0.0004393112,0,0.1
holdout_genre_news,human_news_gazeta_0006,H,,0.0017809141,0,0.1
holdout_genre_news,human_news_gazeta_0007,H,,0.0007300253,0,0.1
holdout_genre_news,human_news_gazeta_0008,H,,0.0297816220,0,0.1
holdout_genre_news,human_news_gazeta_0009,H,,0.0011530266,0,0.1
holdout_genre_news,human_news_gazeta_0010,H,,0.0478746510,0,0.1
holdout_genre_news,human_news_gazeta_0011,H,,0.0001196049,0,0.1
holdout_genre_news,human_news_gazeta_0012,H,,0.0108998617,0,0.1
holdout_genre_news,human_news_gazeta_0013,H,,0.0321204060,0,0.1
holdout_genre_news,human_news_gazeta_0014,H,,0.0000514189,0,0.1
holdout_genre_news,human_news_gazeta_0015,H,,0.0188921455,0,0.1
holdout_genre_news,human_news_gazeta_0016,H,,0.0001224842,0,0.1
holdout_genre_news,human_news_gazeta_0017,H,,0.0888459408,0,0.1
holdout_genre_news,human_news_gazeta_0018,H,,0.0413964309,0,0.1
holdout_genre_news,human_news_gazeta_0019,H,,0.0007493186,0,0.1
holdout_genre_news,human_news_gazeta_0020,H,,0.0004283520,0,0.1
holdout_genre_news,human_news_gazeta_0021,H,,0.0183153761,0,0.1
holdout_genre_news,human_news_gazeta_0022,H,,0.0208212975,0,0.1
holdout_genre_news,human_news_gazeta_0023,H,,0.0003616001,0,0.1
holdout_genre_news,human_news_gazeta_0024,H,,0.0038479333,0,0.1
holdout_genre_news,human_news_gazeta_0025,H,,0.0056498276,0,0.1
holdout_genre_news,human_news_gazeta_0026,H,,0.0008482718,0,0.1
holdout_genre_news,human_news_gazeta_0027,H,,0.0014370392,0,0.1
holdout_genre_news,human_news_gazeta_0028,H,,0.0003036686,0,0.1
holdout_genre_news,human_news_gazeta_0029,H,,0.0400635330,0,0.1
holdout_genre_news,human_news_gazeta_0030,H,,0.3700613528,0,0.1
holdout_genre_news,human_news_gazeta_0031,H,,0.0324939844,0,0.1
holdout_genre_news,human_news_gazeta_0032,H,,0.0017036330,0,0.1
holdout_genre_news,human_news_gazeta_0033,H,,0.0066572947,0,0.1
holdout_genre_news,human_news_gazeta_0034,H,,0.1285622017,0,0.1
holdout_genre_news,human_news_gazeta_0035,H,,0.0599455199,0,0.1
holdout_genre_news,human_news_gazeta_0036,H,,0.0032316929,0,0.1
holdout_genre_news,human_news_gazeta_0037,H,,0.2377013958,0,0.1
holdout_genre_news,human_news_gazeta_0038,H,,0.2790832429,0,0.1
holdout_genre_news,human_news_gazeta_0039,H,,0.0313810364,0,0.1
holdout_genre_news,human_news_gazeta_0040,H,,0.0192485111,0,0.1
holdout_genre_news,human_news_gazeta_0041,H,,0.0002172591,0,0.1
holdout_genre_news,human_news_gazeta_0042,H,,0.0072675734,0,0.1
holdout_genre_news,human_news_gazeta_0043,H,,0.0743750974,0,0.1
holdout_genre_news,human_news_gazeta_0044,H,,0.0011294199,0,0.1
holdout_genre_news,human_news_gazeta_0045,H,,0.0015489871,0,0.1
holdout_genre_news,human_news_gazeta_0046,H,,0.0002554153,0,0.1
holdout_genre_news,human_news_gazeta_0047,H,,0.0052127724,0,0.1
holdout_genre_news,human_news_gazeta_0048,H,,0.1004177878,0,0.1
holdout_genre_news,human_news_gazeta_0049,H,,0.1134723894,0,0.1
holdout_genre_news,human_news_gazeta_0050,H,,0.0069429098,0,0.1
holdout_genre_news,human_news_gazeta_0051,H,,0.0019713221,0,0.1
holdout_genre_news,human_news_gazeta_0052,H,,0.1534881623,0,0.1
holdout_genre_news,human_news_gazeta_0053,H,,0.0449253864,0,0.1
holdout_genre_news,human_news_gazeta_0054,H,,0.0381788030,0,0.1
holdout_genre_news,human_news_gazeta_0055,H,,0.0007178264,0,0.1
holdout_genre_news,human_news_gazeta_0056,H,,0.0033873824,0,0.1
holdout_genre_news,human_news_gazeta_0057,H,,0.0758702970,0,0.1
holdout_genre_news,human_news_gazeta_0058,H,,0.0084366822,0,0.1
holdout_genre_news,human_news_gazeta_0059,H,,0.0028448253,0,0.1
holdout_genre_news,human_news_gazeta_0060,H,,0.0004565348,0,0.1
holdout_genre_news,human_news_lenta_0001,H,,0.0519090441,0,0.1
holdout_genre_news,human_news_lenta_0002,H,,0.0018965595,0,0.1
holdout_genre_news,human_news_lenta_0004,H,,0.0369553550,0,0.1
holdout_genre_news,human_news_lenta_0007,H,,0.0000000000,0,0.1
holdout_genre_news,human_news_lenta_0009,H,,0.0074791167,0,0.1
holdout_genre_news,human_news_lenta_0010,H,,0.0000002328,0,0.1
holdout_genre_news,human_news_lenta_0012,H,,0.0027906971,0,0.1
holdout_genre_news,human_news_lenta_0013,H,,0.0445618856,0,0.1
holdout_genre_news,human_news_lenta_0014,H,,0.0042485896,0,0.1
holdout_genre_news,human_news_lenta_0015,H,,0.0458591438,0,0.1
holdout_genre_news,human_news_lenta_0016,H,,0.0088620986,0,0.1
holdout_genre_news,human_news_lenta_0017,H,,0.0000016895,0,0.1
holdout_genre_news,human_news_lenta_0018,H,,0.0000107380,0,0.1
holdout_genre_news,human_news_lenta_0021,H,,0.0534449236,0,0.1
holdout_genre_news,human_news_lenta_0022,H,,0.0007498163,0,0.1
holdout_genre_news,human_news_lenta_0023,H,,0.1041343010,0,0.1
holdout_genre_news,human_news_lenta_0024,H,,0.0219384224,0,0.1
holdout_genre_news,human_news_lenta_0027,H,,0.2570363490,0,0.1
holdout_genre_news,human_news_lenta_0029,H,,0.0998773659,0,0.1
holdout_genre_news,human_news_lenta_0034,H,,0.0021053907,0,0.1
holdout_genre_news,human_news_lenta_0036,H,,0.0069418972,0,0.1
holdout_genre_news,human_news_lenta_0039,H,,0.0000000005,0,0.1
holdout_genre_news,human_news_lenta_0040,H,,0.1717968314,0,0.1
holdout_genre_news,human_news_lenta_0041,H,,0.0001634393,0,0.1
holdout_genre_news,human_news_lenta_0042,H,,0.0000506941,0,0.1
holdout_genre_news,human_news_lenta_0044,H,,0.0025685244,0,0.1
holdout_genre_news,human_news_lenta_0045,H,,0.0490520665,0,0.1
holdout_genre_news,human_news_lenta_0046,H,,0.0000133910,0,0.1
holdout_genre_news,human_news_lenta_0049,H,,0.0113033438,0,0.1
holdout_genre_news,human_news_lenta_0051,H,,0.0101101234,0,0.1
holdout_genre_news,human_news_lenta_0053,H,,0.0003079232,0,0.1
holdout_genre_news,human_news_lenta_0055,H,,0.1310671485,0,0.1
holdout_genre_news,human_science_cyberleninka_0001,H,,0.0592182672,0,0.1
holdout_genre_news,human_science_cyberleninka_0002,H,,0.7382061479,1,0.1
holdout_genre_news,human_science_cyberleninka_0003,H,,0.0620374360,0,0.1
holdout_genre_news,human_science_cyberleninka_0004,H,,0.0851125218,0,0.1
holdout_genre_news,human_science_cyberleninka_0005,H,,0.0197706786,0,0.1
holdout_genre_news,human_science_cyberleninka_0006,H,,0.1506567434,0,0.1
holdout_genre_news,human_science_cyberleninka_0007,H,,0.2393298595,0,0.1
holdout_genre_news,human_science_cyberleninka_0008,H,,0.0010393325,0,0.1
holdout_genre_news,human_science_cyberleninka_0009,H,,0.3456719249,0,0.1
holdout_genre_news,human_science_cyberleninka_0010,H,,0.0033723058,0,0.1
holdout_genre_news,human_science_cyberleninka_0011,H,,0.0100481694,0,0.1
holdout_genre_news,human_science_cyberleninka_0013,H,,0.4637777728,0,0.1
holdout_genre_news,human_science_cyberleninka_0014,H,,0.2347215585,0,0.1
holdout_genre_news,human_science_cyberleninka_0015,H,,0.0009018819,0,0.1
holdout_genre_news,human_science_cyberleninka_0016,H,,0.0326688579,0,0.1
holdout_genre_news,human_science_cyberleninka_0017,H,,0.0262615027,0,0.1
holdout_genre_news,human_science_cyberleninka_0018,H,,0.6852056264,1,0.1
holdout_genre_news,human_science_cyberleninka_0019,H,,0.5490022863,1,0.1
holdout_genre_news,human_science_cyberleninka_0020,H,,0.0098543048,0,0.1
holdout_genre_news,human_science_cyberleninka_0021,H,,0.6196342376,1,0.1
holdout_genre_news,human_science_cyberleninka_0022,H,,0.0032189904,0,0.1
holdout_genre_news,human_science_cyberleninka_0023,H,,0.7665439035,1,0.1
holdout_genre_news,human_science_cyberleninka_0024,H,,0.6150610313,1,0.1
holdout_genre_news,human_science_cyberleninka_0025,H,,0.0571673948,0,0.1
holdout_genre_news,human_science_cyberleninka_0026,H,,0.0151053620,0,0.1
holdout_genre_news,human_science_cyberleninka_0027,H,,0.1284346023,0,0.1
holdout_genre_news,human_science_cyberleninka_0028,H,,0.0002999305,0,0.1
holdout_genre_news,human_science_cyberleninka_0029,H,,0.0624484683,0,0.1
holdout_genre_news,human_science_cyberleninka_0030,H,,0.0012093467,0,0.1
holdout_genre_news,human_science_cyberleninka_0031,H,,0.1927190590,0,0.1
holdout_genre_news,human_science_cyberleninka_0032,H,,0.0647242694,0,0.1
holdout_genre_news,human_science_cyberleninka_0033,H,,0.7697332441,1,0.1
holdout_genre_news,human_science_cyberleninka_0034,H,,0.0018310792,0,0.1
holdout_genre_news,human_science_cyberleninka_0035,H,,0.4420785872,0,0.1
holdout_genre_news,human_science_cyberleninka_0036,H,,0.4044833629,0,0.1
holdout_genre_news,human_science_cyberleninka_0037,H,,0.3416354492,0,0.1
holdout_genre_news,human_science_cyberleninka_0038,H,,0.1816424818,0,0.1
holdout_genre_news,human_science_cyberleninka_0039,H,,0.0654057951,0,0.1
holdout_genre_news,human_science_cyberleninka_0040,H,,0.0044058016,0,0.1
holdout_genre_news,human_science_cyberleninka_0041,H,,0.1307095296,0,0.1
holdout_genre_news,human_science_cyberleninka_0042,H,,0.0014154300,0,0.1
holdout_genre_news,human_science_cyberleninka_0043,H,,0.1482237707,0,0.1
holdout_genre_news,human_science_cyberleninka_0044,H,,0.7867921678,1,0.1
holdout_genre_news,human_science_cyberleninka_0045,H,,0.0046342533,0,0.1
holdout_genre_news,human_science_cyberleninka_0046,H,,0.0009953480,0,0.1
holdout_genre_news,human_science_cyberleninka_0047,H,,0.0126032150,0,0.1
holdout_genre_news,human_science_cyberleninka_0048,H,,0.0003709982,0,0.1
holdout_genre_news,human_science_cyberleninka_0049,H,,0.0012856710,0,0.1
holdout_genre_news,human_science_cyberleninka_0050,H,,0.0028169861,0,0.1
holdout_genre_news,human_science_cyberleninka_0051,H,,0.2088535246,0,0.1
holdout_genre_news,human_science_cyberleninka_0052,H,,0.2795610642,0,0.1
holdout_genre_news,human_science_cyberleninka_0053,H,,0.0002474616,0,0.1
holdout_genre_news,human_science_cyberleninka_0054,H,,0.0686122037,0,0.1
holdout_genre_news,human_science_cyberleninka_0055,H,,0.0311806343,0,0.1
holdout_genre_news,human_science_cyberleninka_0056,H,,0.0754800088,0,0.1
holdout_genre_news,human_science_cyberleninka_0057,H,,0.2057827024,0,0.1
holdout_genre_news,human_science_cyberleninka_0058,H,,0.5938570363,1,0.1
holdout_genre_news,human_science_cyberleninka_0059,H,,0.7283546400,1,0.1
holdout_genre_news,human_science_cyberleninka_0060,H,,0.0762793851,0,0.1
holdout_genre_news,human_science_cyberleninka_0067,H,,0.4230239797,0,0.1
holdout_genre_news,human_science_spbgu_0001,H,,0.0044218441,0,0.1
holdout_genre_news,human_science_spbgu_0002,H,,0.0070327386,0,0.1
holdout_genre_news,human_science_spbgu_0003,H,,0.2138522523,0,0.1
holdout_genre_news,human_science_spbgu_0004,H,,0.0154630011,0,0.1
holdout_genre_news,human_science_spbgu_0005,H,,0.0434279409,0,0.1
holdout_genre_news,human_science_spbgu_0006,H,,0.0060963593,0,0.1
holdout_genre_news,human_science_spbgu_0007,H,,0.0014608495,0,0.1
holdout_genre_news,human_science_spbgu_0008,H,,0.0513471697,0,0.1
holdout_genre_news,human_science_spbgu_0009,H,,0.0012461368,0,0.1
holdout_genre_news,human_science_spbgu_0010,H,,0.0041172855,0,0.1
holdout_genre_news,human_science_spbgu_0011,H,,0.0203597353,0,0.1
holdout_genre_news,human_science_spbgu_0012,H,,0.0011151737,0,0.1
holdout_genre_news,human_science_spbgu_0013,H,,0.0009673757,0,0.1
holdout_genre_news,human_science_spbgu_0014,H,,0.1067547029,0,0.1
holdout_genre_news,human_science_spbgu_0015,H,,0.0304933342,0,0.1
holdout_genre_news,human_science_spbgu_0016,H,,0.0004754486,0,0.1
holdout_genre_news,human_science_spbgu_0017,H,,0.0121169075,0,0.1
holdout_genre_news,human_science_spbgu_0018,H,,0.0030734856,0,0.1
holdout_genre_news,human_science_spbgu_0019,H,,0.0490327932,0,0.1
holdout_genre_news,human_science_spbgu_0020,H,,0.0187844457,0,0.1
holdout_genre_news,human_science_spbgu_0021,H,,0.0009145531,0,0.1
holdout_genre_news,human_science_spbgu_0022,H,,0.0092111823,0,0.1
holdout_genre_news,human_science_spbgu_0023,H,,0.0064034310,0,0.1
holdout_genre_news,human_science_spbgu_0024,H,,0.0007387462,0,0.1
holdout_genre_news,human_science_spbgu_0025,H,,0.0012501145,0,0.1
holdout_genre_news,human_science_spbgu_0026,H,,0.0368355335,0,0.1
holdout_genre_news,human_science_spbgu_0027,H,,0.0002635485,0,0.1
holdout_genre_news,human_science_spbgu_0028,H,,0.0003677490,0,0.1
holdout_genre_news,human_science_spbgu_0029,H,,0.0003581343,0,0.1
holdout_genre_news,human_science_spbgu_0030,H,,0.0006484604,0,0.1
holdout_genre_news,human_science_spbgu_0031,H,,0.0056920385,0,0.1
holdout_genre_news,human_science_spbgu_0032,H,,0.0007724980,0,0.1
holdout_genre_news,human_science_spbgu_0033,H,,0.0001979724,0,0.1
holdout_genre_news,human_science_spbgu_0034,H,,0.0024480995,0,0.1
holdout_genre_news,human_science_spbgu_0035,H,,0.0002160418,0,0.1
holdout_genre_news,human_science_spbgu_0036,H,,0.0034255902,0,0.1
holdout_genre_news,human_science_spbgu_0037,H,,0.0115839173,0,0.1
holdout_genre_news,human_science_spbgu_0038,H,,0.0004826393,0,0.1
holdout_genre_news,human_science_spbgu_0039,H,,0.0467775949,0,0.1
holdout_genre_news,human_science_spbgu_0040,H,,0.0016518488,0,0.1
holdout_genre_news,human_science_spbgu_0041,H,,0.0013652685,0,0.1
holdout_genre_news,human_science_spbgu_0042,H,,0.0037989166,0,0.1
holdout_genre_news,human_science_spbgu_0043,H,,0.0029444865,0,0.1
holdout_genre_news,human_science_spbgu_0044,H,,0.0118222594,0,0.1
holdout_genre_news,human_science_spbgu_0045,H,,0.0017515226,0,0.1
holdout_genre_news,human_science_spbgu_0046,H,,0.0001506835,0,0.1
holdout_genre_news,human_science_spbgu_0048,H,,0.0014898008,0,0.1
holdout_genre_news,human_science_spbgu_0049,H,,0.0008107645,0,0.1
holdout_genre_news,human_science_spbgu_0050,H,,0.0147946808,0,0.1
holdout_genre_news,human_science_spbgu_0054,H,,0.0000353896,0,0.1
holdout_genre_news,human_science_spbgu_0055,H,,0.0009336015,0,0.1
holdout_genre_news,human_science_spbgu_0057,H,,0.0462504326,0,0.1
holdout_genre_news,human_science_spbgu_0059,H,,0.0039141915,0,0.1
holdout_genre_news,human_science_spbgu_0060,H,,0.0000115364,0,0.1
holdout_genre_news,human_science_spbgu_0061,H,,0.0006670472,0,0.1
holdout_genre_news,human_science_spbgu_0062,H,,0.0035931772,0,0.1
holdout_genre_news,human_science_spbgu_0063,H,,0.0384391676,0,0.1
holdout_genre_news,human_science_spbgu_0064,H,,0.0003096354,0,0.1
holdout_genre_news,human_science_spbgu_0065,H,,0.0005436342,0,0.1
holdout_genre_news,human_science_urfu_0001,H,,0.1551186915,0,0.1
holdout_genre_news,human_science_urfu_0002,H,,0.0116985273,0,0.1
holdout_genre_news,human_science_urfu_0003,H,,0.0845404245,0,0.1
holdout_genre_news,human_science_urfu_0004,H,,0.0319192192,0,0.1
holdout_genre_news,human_science_urfu_0005,H,,0.0308197225,0,0.1
holdout_genre_news,human_science_urfu_0006,H,,0.0028155663,0,0.1
holdout_genre_news,human_science_urfu_0007,H,,0.4222464192,0,0.1
holdout_genre_news,human_science_urfu_0008,H,,0.0012880481,0,0.1
holdout_genre_news,human_science_urfu_0009,H,,0.0115537167,0,0.1
holdout_genre_news,human_science_urfu_0010,H,,0.0216433661,0,0.1
holdout_genre_news,human_science_urfu_0011,H,,0.0257546259,0,0.1
holdout_genre_news,human_science_urfu_0012,H,,0.0042783478,0,0.1
holdout_genre_news,human_science_urfu_0013,H,,0.1890947753,0,0.1
holdout_genre_news,human_science_urfu_0014,H,,0.0001976095,0,0.1
holdout_genre_news,human_science_urfu_0015,H,,0.0132952168,0,0.1
holdout_genre_news,human_science_urfu_0016,H,,0.0416384770,0,0.1
holdout_genre_news,human_science_urfu_0017,H,,0.0277986498,0,0.1
holdout_genre_news,human_science_urfu_0018,H,,0.0143639404,0,0.1
holdout_genre_news,human_science_urfu_0019,H,,0.0291023079,0,0.1
holdout_genre_news,human_science_urfu_0020,H,,0.0003264836,0,0.1
holdout_genre_news,human_science_urfu_0021,H,,0.0204928146,0,0.1
holdout_genre_news,human_science_urfu_0022,H,,0.0210457501,0,0.1
holdout_genre_news,human_science_urfu_0023,H,,0.0001732638,0,0.1
holdout_genre_news,human_science_urfu_0024,H,,0.0563573428,0,0.1
holdout_genre_news,human_science_urfu_0025,H,,0.1018222009,0,0.1
holdout_genre_news,human_science_urfu_0026,H,,0.0744101636,0,0.1
holdout_genre_news,human_science_urfu_0027,H,,0.1235887440,0,0.1
holdout_genre_news,human_science_urfu_0028,H,,0.0622221385,0,0.1
holdout_genre_news,human_science_urfu_0029,H,,0.0101445694,0,0.1
holdout_genre_news,human_science_urfu_0030,H,,0.1848809800,0,0.1
holdout_genre_news,human_science_urfu_0031,H,,0.0000469480,0,0.1
holdout_genre_news,human_science_urfu_0032,H,,0.5598493983,1,0.1
holdout_genre_news,human_science_urfu_0033,H,,0.0243405043,0,0.1
holdout_genre_news,human_science_urfu_0034,H,,0.0103664412,0,0.1
holdout_genre_news,human_science_urfu_0035,H,,0.0559640261,0,0.1
holdout_genre_news,human_science_urfu_0036,H,,0.0338471108,0,0.1
holdout_genre_news,human_science_urfu_0037,H,,0.0688847846,0,0.1
holdout_genre_news,human_science_urfu_0038,H,,0.0000004392,0,0.1
holdout_genre_news,human_science_urfu_0039,H,,0.0000032103,0,0.1
holdout_genre_news,human_science_urfu_0040,H,,0.0000000013,0,0.1
holdout_genre_news,human_science_urfu_0041,H,,0.0000433641,0,0.1
holdout_genre_news,human_science_urfu_0042,H,,0.0000020164,0,0.1
holdout_genre_news,human_science_urfu_0043,H,,0.0000067982,0,0.1
holdout_genre_news,human_science_urfu_0044,H,,0.1366170340,0,0.1
holdout_genre_news,human_science_urfu_0045,H,,0.0236495292,0,0.1
holdout_genre_news,human_science_urfu_0046,H,,0.0000218203,0,0.1
holdout_genre_news,human_science_urfu_0047,H,,0.0257865832,0,0.1
holdout_genre_news,human_science_urfu_0048,H,,0.0019924764,0,0.1
holdout_genre_prose,human_hard_rusltc_0001,H,,0.2022503757,0,0.01
holdout_genre_prose,human_hard_rusltc_0002,H,,0.0243980505,0,0.01
holdout_genre_prose,human_hard_rusltc_0003,H,,0.3560151828,0,0.01
holdout_genre_prose,human_hard_rusltc_0004,H,,0.2036869491,0,0.01
holdout_genre_prose,human_hard_rusltc_0005,H,,0.0056932755,0,0.01
holdout_genre_prose,human_hard_rusltc_0006,H,,0.1113790959,0,0.01
holdout_genre_prose,human_hard_rusltc_0007,H,,0.0174047622,0,0.01
holdout_genre_prose,human_hard_rusltc_0008,H,,0.0662011974,0,0.01
holdout_genre_prose,human_hard_rusltc_0009,H,,0.2193390409,0,0.01
holdout_genre_prose,human_hard_rusltc_0010,H,,0.1081429995,0,0.01
holdout_genre_prose,human_hard_rusltc_0011,H,,0.1790028068,0,0.01
holdout_genre_prose,human_hard_rusltc_0012,H,,0.2238145789,0,0.01
holdout_genre_prose,human_hard_rusltc_0013,H,,0.7322832573,1,0.01
holdout_genre_prose,human_hard_rusltc_0014,H,,0.1127730822,0,0.01
holdout_genre_prose,human_hard_rusltc_0015,H,,0.0486244351,0,0.01
holdout_genre_prose,human_hard_rusltc_0016,H,,0.3123052057,0,0.01
holdout_genre_prose,human_hard_rusltc_0017,H,,0.3786308041,0,0.01
holdout_genre_prose,human_hard_rusltc_0018,H,,0.1985041169,0,0.01
holdout_genre_prose,human_hard_rusltc_0019,H,,0.0579723125,0,0.01
holdout_genre_prose,human_hard_rusltc_0020,H,,0.0309016419,0,0.01
holdout_genre_prose,human_hard_rusltc_0021,H,,0.3435531995,0,0.01
holdout_genre_prose,human_hard_rusltc_0022,H,,0.4216065924,0,0.01
holdout_genre_prose,human_hard_rusltc_0023,H,,0.3340818834,0,0.01
holdout_genre_prose,human_hard_rusltc_0024,H,,0.2154374661,0,0.01
holdout_genre_prose,human_hard_rusltc_0025,H,,0.1811292097,0,0.01
holdout_genre_prose,human_hard_rusltc_0026,H,,0.7073241030,1,0.01
holdout_genre_prose,human_hard_rusltc_0027,H,,0.1465459908,0,0.01
holdout_genre_prose,human_hard_rusltc_0028,H,,0.0368263775,0,0.01
holdout_genre_prose,human_hard_rusltc_0029,H,,0.3822205547,0,0.01
holdout_genre_prose,human_hard_rusltc_0030,H,,0.0389728317,0,0.01
holdout_genre_prose,human_hard_rusltc_0031,H,,0.0843184351,0,0.01
holdout_genre_prose,human_hard_rusltc_0032,H,,0.0128483139,0,0.01
holdout_genre_prose,human_hard_rusltc_0033,H,,0.0595632763,0,0.01
holdout_genre_prose,human_hard_rusltc_0034,H,,0.0949149771,0,0.01
holdout_genre_prose,human_hard_rusltc_0035,H,,0.6450988551,1,0.01
holdout_genre_prose,human_hard_rusltc_0036,H,,0.5510642394,1,0.01
holdout_genre_prose,human_hard_rusltc_0037,H,,0.3687162758,0,0.01
holdout_genre_prose,human_hard_rusltc_0038,H,,0.1247054319,0,0.01
holdout_genre_prose,human_hard_rusltc_0039,H,,0.0691248434,0,0.01
holdout_genre_prose,human_hard_rusltc_0040,H,,0.2094935127,0,0.01
holdout_genre_prose,human_hard_rusltc_0041,H,,0.3137658178,0,0.01
holdout_genre_prose,human_hard_rusltc_0042,H,,0.0030786430,0,0.01
holdout_genre_prose,human_hard_rusltc_0043,H,,0.6231694154,1,0.01
holdout_genre_prose,human_hard_rusltc_0044,H,,0.4980134887,0,0.01
holdout_genre_prose,human_hard_rusltc_0045,H,,0.1455853607,0,0.01
holdout_genre_prose,human_hard_rusltc_0046,H,,0.2309597065,0,0.01
holdout_genre_prose,human_hard_rusltc_0047,H,,0.1428986784,0,0.01
holdout_genre_prose,human_hard_rusltc_0048,H,,0.4846911862,0,0.01
holdout_genre_prose,human_hard_rusltc_0049,H,,0.0123113928,0,0.01
holdout_genre_prose,human_hard_rusltc_0050,H,,0.0672863033,0,0.01
holdout_genre_prose,human_hard_rusltc_0051,H,,0.0366963698,0,0.01
holdout_genre_prose,human_hard_rusltc_0052,H,,0.2778492566,0,0.01
holdout_genre_prose,human_hard_rusltc_0053,H,,0.1965937265,0,0.01
holdout_genre_prose,human_hard_rusltc_0054,H,,0.0322244772,0,0.01
holdout_genre_prose,human_hard_rusltc_0055,H,,0.1062311658,0,0.01
holdout_genre_prose,human_hard_rusltc_0056,H,,0.2132404485,0,0.01
holdout_genre_prose,human_hard_rusltc_0057,H,,0.0130060807,0,0.01
holdout_genre_prose,human_hard_rusltc_0058,H,,0.2544889300,0,0.01
holdout_genre_prose,human_hard_rusltc_0059,H,,0.1629063957,0,0.01
holdout_genre_prose,human_hard_rusltc_0060,H,,0.1189250689,0,0.01
holdout_genre_prose,human_hard_rusltc_0061,H,,0.1114307361,0,0.01
holdout_genre_prose,human_hard_rusltc_0062,H,,0.1593043813,0,0.01
holdout_genre_prose,human_hard_rusltc_0063,H,,0.1614241143,0,0.01
holdout_genre_prose,human_hard_rusltc_0064,H,,0.8052153668,1,0.01
holdout_genre_prose,human_hard_rusltc_0065,H,,0.0281104326,0,0.01
holdout_genre_prose,human_hard_rusltc_0066,H,,0.1827206915,0,0.01
holdout_genre_prose,human_hard_rusltc_0067,H,,0.1030022116,0,0.01
holdout_genre_prose,human_hard_rusltc_0068,H,,0.0059221771,0,0.01
holdout_genre_prose,human_hard_rusltc_0069,H,,0.2324741790,0,0.01
holdout_genre_prose,human_hard_rusltc_0070,H,,0.4152498173,0,0.01
holdout_genre_prose,human_hard_rusltc_0071,H,,0.0626279169,0,0.01
holdout_genre_prose,human_hard_rusltc_0072,H,,0.3358969443,0,0.01
holdout_genre_prose,human_hard_rusltc_0073,H,,0.2510364876,0,0.01
holdout_genre_prose,human_news_buriy_2014_0001,H,,0.0448646879,0,0.01
holdout_genre_prose,human_news_buriy_2014_0002,H,,0.0504336320,0,0.01
holdout_genre_prose,human_news_buriy_2014_0003,H,,0.1540173055,0,0.01
holdout_genre_prose,human_news_buriy_2014_0004,H,,0.0033188447,0,0.01
holdout_genre_prose,human_news_buriy_2014_0005,H,,0.2813569381,0,0.01
holdout_genre_prose,human_news_buriy_2014_0006,H,,0.0170740001,0,0.01
holdout_genre_prose,human_news_buriy_2014_0007,H,,0.2314024328,0,0.01
holdout_genre_prose,human_news_buriy_2014_0008,H,,0.0800775614,0,0.01
holdout_genre_prose,human_news_buriy_2014_0009,H,,0.0813372292,0,0.01
holdout_genre_prose,human_news_buriy_2014_0010,H,,0.0041677153,0,0.01
holdout_genre_prose,human_news_buriy_2014_0011,H,,0.0190274551,0,0.01
holdout_genre_prose,human_news_buriy_2014_0012,H,,0.0402489538,0,0.01
holdout_genre_prose,human_news_buriy_2014_0013,H,,0.1019179960,0,0.01
holdout_genre_prose,human_news_buriy_2014_0014,H,,0.0460853910,0,0.01
holdout_genre_prose,human_news_buriy_2014_0015,H,,0.0302251976,0,0.01
holdout_genre_prose,human_news_buriy_2014_0016,H,,0.1035030039,0,0.01
holdout_genre_prose,human_news_buriy_2014_0017,H,,0.5670185757,1,0.01
holdout_genre_prose,human_news_buriy_2014_0018,H,,0.0681540798,0,0.01
holdout_genre_prose,human_news_buriy_2014_0019,H,,0.0632537710,0,0.01
holdout_genre_prose,human_news_buriy_2014_0020,H,,0.0026645582,0,0.01
holdout_genre_prose,human_news_buriy_2014_0021,H,,0.4931042491,0,0.01
holdout_genre_prose,human_news_buriy_2014_0022,H,,0.0329855935,0,0.01
holdout_genre_prose,human_news_buriy_2014_0023,H,,0.0153503497,0,0.01
holdout_genre_prose,human_news_buriy_2014_0024,H,,0.0413450095,0,0.01
holdout_genre_prose,human_news_buriy_2014_0025,H,,0.0767178274,0,0.01
holdout_genre_prose,human_news_buriy_2014_0026,H,,0.0693747397,0,0.01
holdout_genre_prose,human_news_buriy_2014_0027,H,,0.0438359312,0,0.01
holdout_genre_prose,human_news_buriy_2014_0028,H,,0.0182668452,0,0.01
holdout_genre_prose,human_news_buriy_2014_0029,H,,0.0463927453,0,0.01
holdout_genre_prose,human_news_buriy_2014_0030,H,,0.2745589297,0,0.01
holdout_genre_prose,human_news_buriy_2014_0031,H,,0.0597577188,0,0.01
holdout_genre_prose,human_news_buriy_2014_0032,H,,0.0380956409,0,0.01
holdout_genre_prose,human_news_buriy_2014_0033,H,,0.0231797437,0,0.01
holdout_genre_prose,human_news_buriy_2014_0034,H,,0.1909913671,0,0.01
holdout_genre_prose,human_news_buriy_2014_0035,H,,0.0120330471,0,0.01
holdout_genre_prose,human_news_buriy_2014_0036,H,,0.1389515202,0,0.01
holdout_genre_prose,human_news_buriy_2014_0037,H,,0.0141804596,0,0.01
holdout_genre_prose,human_news_buriy_2014_0038,H,,0.0177779910,0,0.01
holdout_genre_prose,human_news_buriy_2014_0039,H,,0.0729061039,0,0.01
holdout_genre_prose,human_news_buriy_2014_0040,H,,0.0516035368,0,0.01
holdout_genre_prose,human_news_buriy_2014_0041,H,,0.2728234688,0,0.01
holdout_genre_prose,human_news_buriy_2014_0042,H,,0.0145924479,0,0.01
holdout_genre_prose,human_news_buriy_2014_0043,H,,0.0544072184,0,0.01
holdout_genre_prose,human_news_buriy_2014_0044,H,,0.1072937867,0,0.01
holdout_genre_prose,human_news_buriy_2014_0045,H,,0.0111339530,0,0.01
holdout_genre_prose,human_news_buriy_2014_0046,H,,0.0800382185,0,0.01
holdout_genre_prose,human_news_buriy_2014_0047,H,,0.0470142747,0,0.01
holdout_genre_prose,human_news_buriy_2014_0048,H,,0.0391374395,0,0.01
holdout_genre_prose,human_news_buriy_2014_0049,H,,0.0085573778,0,0.01
holdout_genre_prose,human_news_buriy_2014_0050,H,,0.1081216306,0,0.01
holdout_genre_prose,human_news_buriy_2014_0051,H,,0.5599487960,1,0.01
holdout_genre_prose,human_news_buriy_2014_0052,H,,0.0368789532,0,0.01
holdout_genre_prose,human_news_buriy_2014_0053,H,,0.0078098116,0,0.01
holdout_genre_prose,human_news_buriy_2014_0054,H,,0.2786655104,0,0.01
holdout_genre_prose,human_news_buriy_2014_0055,H,,0.0068787630,0,0.01
holdout_genre_prose,human_news_buriy_2014_0056,H,,0.4691083433,0,0.01
holdout_genre_prose,human_news_buriy_2014_0057,H,,0.0158714591,0,0.01
holdout_genre_prose,human_news_buriy_2014_0058,H,,0.1688761596,0,0.01
holdout_genre_prose,human_news_buriy_2014_0059,H,,0.0225177305,0,0.01
holdout_genre_prose,human_news_buriy_2014_0060,H,,0.0348259456,0,0.01
holdout_genre_prose,human_news_gazeta_0001,H,,0.1399166858,0,0.01
holdout_genre_prose,human_news_gazeta_0002,H,,0.7309444864,1,0.01
holdout_genre_prose,human_news_gazeta_0003,H,,0.5078075705,1,0.01
holdout_genre_prose,human_news_gazeta_0004,H,,0.1411229440,0,0.01
holdout_genre_prose,human_news_gazeta_0005,H,,0.0499168276,0,0.01
holdout_genre_prose,human_news_gazeta_0006,H,,0.0780480765,0,0.01
holdout_genre_prose,human_news_gazeta_0007,H,,0.0676481362,0,0.01
holdout_genre_prose,human_news_gazeta_0008,H,,0.1489404787,0,0.01
holdout_genre_prose,human_news_gazeta_0009,H,,0.0662457130,0,0.01
holdout_genre_prose,human_news_gazeta_0010,H,,0.2859597291,0,0.01
holdout_genre_prose,human_news_gazeta_0011,H,,0.0154246005,0,0.01
holdout_genre_prose,human_news_gazeta_0012,H,,0.2238195275,0,0.01
holdout_genre_prose,human_news_gazeta_0013,H,,0.2423895689,0,0.01
holdout_genre_prose,human_news_gazeta_0014,H,,0.0049509039,0,0.01
holdout_genre_prose,human_news_gazeta_0015,H,,0.1694428697,0,0.01
holdout_genre_prose,human_news_gazeta_0016,H,,0.0186363844,0,0.01
holdout_genre_prose,human_news_gazeta_0017,H,,0.4001870288,0,0.01
holdout_genre_prose,human_news_gazeta_0018,H,,0.3859504849,0,0.01
holdout_genre_prose,human_news_gazeta_0019,H,,0.0414521404,0,0.01
holdout_genre_prose,human_news_gazeta_0020,H,,0.0239398539,0,0.01
holdout_genre_prose,human_news_gazeta_0021,H,,0.1411433589,0,0.01
holdout_genre_prose,human_news_gazeta_0022,H,,0.1795294654,0,0.01
holdout_genre_prose,human_news_gazeta_0023,H,,0.0285805825,0,0.01
holdout_genre_prose,human_news_gazeta_0024,H,,0.1026338154,0,0.01
holdout_genre_prose,human_news_gazeta_0025,H,,0.0669555059,0,0.01
holdout_genre_prose,human_news_gazeta_0026,H,,0.0697741075,0,0.01
holdout_genre_prose,human_news_gazeta_0027,H,,0.0736672073,0,0.01
holdout_genre_prose,human_news_gazeta_0028,H,,0.0363361169,0,0.01
holdout_genre_prose,human_news_gazeta_0029,H,,0.3714758996,0,0.01
holdout_genre_prose,human_news_gazeta_0030,H,,0.6244219957,1,0.01
holdout_genre_prose,human_news_gazeta_0031,H,,0.1604583837,0,0.01
holdout_genre_prose,human_news_gazeta_0032,H,,0.0452202208,0,0.01
holdout_genre_prose,human_news_gazeta_0033,H,,0.0978317125,0,0.01
holdout_genre_prose,human_news_gazeta_0034,H,,0.5181663780,1,0.01
holdout_genre_prose,human_news_gazeta_0035,H,,0.2175658407,0,0.01
holdout_genre_prose,human_news_gazeta_0036,H,,0.0972102455,0,0.01
holdout_genre_prose,human_news_gazeta_0037,H,,0.4058065970,0,0.01
holdout_genre_prose,human_news_gazeta_0038,H,,0.5554421360,1,0.01
holdout_genre_prose,human_news_gazeta_0039,H,,0.2370931286,0,0.01
holdout_genre_prose,human_news_gazeta_0040,H,,0.2138567267,0,0.01
holdout_genre_prose,human_news_gazeta_0041,H,,0.0213137227,0,0.01
holdout_genre_prose,human_news_gazeta_0042,H,,0.1267953308,0,0.01
holdout_genre_prose,human_news_gazeta_0043,H,,0.3434241044,0,0.01
holdout_genre_prose,human_news_gazeta_0044,H,,0.0256170227,0,0.01
holdout_genre_prose,human_news_gazeta_0045,H,,0.0423231196,0,0.01
holdout_genre_prose,human_news_gazeta_0046,H,,0.0341783583,0,0.01
holdout_genre_prose,human_news_gazeta_0047,H,,0.2332754786,0,0.01
holdout_genre_prose,human_news_gazeta_0048,H,,0.3334922052,0,0.01
holdout_genre_prose,human_news_gazeta_0049,H,,0.3018729747,0,0.01
holdout_genre_prose,human_news_gazeta_0050,H,,0.1152173037,0,0.01
holdout_genre_prose,human_news_gazeta_0051,H,,0.0451022535,0,0.01
holdout_genre_prose,human_news_gazeta_0052,H,,0.6514876788,1,0.01
holdout_genre_prose,human_news_gazeta_0053,H,,0.1884996521,0,0.01
holdout_genre_prose,human_news_gazeta_0054,H,,0.2169574309,0,0.01
holdout_genre_prose,human_news_gazeta_0055,H,,0.0452500956,0,0.01
holdout_genre_prose,human_news_gazeta_0056,H,,0.0520728093,0,0.01
holdout_genre_prose,human_news_gazeta_0057,H,,0.3106742823,0,0.01
holdout_genre_prose,human_news_gazeta_0058,H,,0.0790187184,0,0.01
holdout_genre_prose,human_news_gazeta_0059,H,,0.1219244859,0,0.01
holdout_genre_prose,human_news_gazeta_0060,H,,0.0492810937,0,0.01
holdout_genre_prose,human_news_lenta_0001,H,,0.3436539542,0,0.01
holdout_genre_prose,human_news_lenta_0002,H,,0.0824908029,0,0.01
holdout_genre_prose,human_news_lenta_0004,H,,0.2999313365,0,0.01
holdout_genre_prose,human_news_lenta_0007,H,,0.0000052305,0,0.01
holdout_genre_prose,human_news_lenta_0009,H,,0.0334833953,0,0.01
holdout_genre_prose,human_news_lenta_0010,H,,0.0000346186,0,0.01
holdout_genre_prose,human_news_lenta_0012,H,,0.1561229298,0,0.01
holdout_genre_prose,human_news_lenta_0013,H,,0.4976061600,0,0.01
holdout_genre_prose,human_news_lenta_0014,H,,0.3581664994,0,0.01
holdout_genre_prose,human_news_lenta_0015,H,,0.4249844562,0,0.01
holdout_genre_prose,human_news_lenta_0016,H,,0.1100014858,0,0.01
holdout_genre_prose,human_news_lenta_0017,H,,0.0005408808,0,0.01
holdout_genre_prose,human_news_lenta_0018,H,,0.0031812396,0,0.01
holdout_genre_prose,human_news_lenta_0021,H,,0.5470235390,1,0.01
holdout_genre_prose,human_news_lenta_0022,H,,0.0615211905,0,0.01
holdout_genre_prose,human_news_lenta_0023,H,,0.2011721660,0,0.01
holdout_genre_prose,human_news_lenta_0024,H,,0.1524293936,0,0.01
holdout_genre_prose,human_news_lenta_0027,H,,0.4169906517,0,0.01
holdout_genre_prose,human_news_lenta_0029,H,,0.3636197088,0,0.01
holdout_genre_prose,human_news_lenta_0034,H,,0.0450726345,0,0.01
holdout_genre_prose,human_news_lenta_0036,H,,0.0972895612,0,0.01
holdout_genre_prose,human_news_lenta_0039,H,,0.0000038375,0,0.01
holdout_genre_prose,human_news_lenta_0040,H,,0.5690093037,1,0.01
holdout_genre_prose,human_news_lenta_0041,H,,0.0224993160,0,0.01
holdout_genre_prose,human_news_lenta_0042,H,,0.0073899208,0,0.01
holdout_genre_prose,human_news_lenta_0044,H,,0.0835798638,0,0.01
holdout_genre_prose,human_news_lenta_0045,H,,0.4433998958,0,0.01
holdout_genre_prose,human_news_lenta_0046,H,,0.0079469650,0,0.01
holdout_genre_prose,human_news_lenta_0049,H,,0.2358819591,0,0.01
holdout_genre_prose,human_news_lenta_0051,H,,0.0574427486,0,0.01
holdout_genre_prose,human_news_lenta_0053,H,,0.0089528018,0,0.01
holdout_genre_prose,human_news_lenta_0055,H,,0.4044611906,0,0.01
holdout_genre_prose,human_prose_taiga_arzamas_0001,H,,0.0254357493,0,0.01
holdout_genre_prose,human_prose_taiga_arzamas_0002,H,,0.0215705148,0,0.01
holdout_genre_prose,human_prose_taiga_arzamas_0003,H,,0.3702306061,0,0.01
holdout_genre_prose,human_prose_taiga_arzamas_0004,H,,0.3895956326,0,0.01
holdout_genre_prose,human_prose_taiga_arzamas_0005,H,,0.4684334726,0,0.01
holdout_genre_prose,human_prose_taiga_arzamas_0006,H,,0.2512419046,0,0.01
holdout_genre_prose,human_prose_taiga_arzamas_0007,H,,0.0501640083,0,0.01
holdout_genre_prose,human_prose_taiga_arzamas_0008,H,,0.1040025675,0,0.01
holdout_genre_prose,human_prose_taiga_arzamas_0009,H,,0.1291396400,0,0.01
holdout_genre_prose,human_prose_taiga_arzamas_0010,H,,0.6120594872,1,0.01
holdout_genre_prose,human_prose_taiga_arzamas_0011,H,,0.1789218707,0,0.01
holdout_genre_prose,human_prose_taiga_arzamas_0012,H,,0.0233079100,0,0.01
holdout_genre_prose,human_prose_taiga_arzamas_0013,H,,0.2198845703,0,0.01
holdout_genre_prose,human_prose_taiga_arzamas_0014,H,,0.0440128045,0,0.01
holdout_genre_prose,human_prose_taiga_arzamas_0015,H,,0.0052102782,0,0.01
holdout_genre_prose,human_prose_taiga_arzamas_0016,H,,0.0823369147,0,0.01
holdout_genre_prose,human_prose_taiga_arzamas_0017,H,,0.6909592497,1,0.01
holdout_genre_prose,human_prose_taiga_arzamas_0018,H,,0.5359561632,1,0.01
holdout_genre_prose,human_prose_taiga_arzamas_0019,H,,0.0169479667,0,0.01
holdout_genre_prose,human_prose_taiga_arzamas_0020,H,,0.2808634609,0,0.01
holdout_genre_prose,human_prose_taiga_arzamas_0021,H,,0.0028936369,0,0.01
holdout_genre_prose,human_prose_taiga_arzamas_0022,H,,0.0311869327,0,0.01
holdout_genre_prose,human_prose_taiga_arzamas_0023,H,,0.7345187775,1,0.01
holdout_genre_prose,human_prose_taiga_arzamas_0024,H,,0.0116074476,0,0.01
holdout_genre_prose,human_prose_taiga_arzamas_0025,H,,0.3153762960,0,0.01
holdout_genre_prose,human_prose_taiga_arzamas_0026,H,,0.0765393175,0,0.01
holdout_genre_prose,human_prose_taiga_arzamas_0027,H,,0.3244360712,0,0.01
holdout_genre_prose,human_prose_taiga_arzamas_0028,H,,0.1638215258,0,0.01
holdout_genre_prose,human_prose_taiga_arzamas_0029,H,,0.0118378064,0,0.01
holdout_genre_prose,human_prose_taiga_arzamas_0030,H,,0.5362290725,1,0.01
holdout_genre_prose,human_prose_taiga_arzamas_0031,H,,0.2326355601,0,0.01
holdout_genre_prose,human_prose_taiga_arzamas_0032,H,,0.0043056207,0,0.01
holdout_genre_prose,human_prose_taiga_arzamas_0033,H,,0.0078605081,0,0.01
holdout_genre_prose,human_prose_taiga_arzamas_0034,H,,0.8677806587,1,0.01
holdout_genre_prose,human_prose_taiga_arzamas_0035,H,,0.0048244789,0,0.01
holdout_genre_prose,human_prose_taiga_arzamas_0036,H,,0.0100384381,0,0.01
holdout_genre_prose,human_prose_taiga_arzamas_0037,H,,0.0004492963,0,0.01
holdout_genre_prose,human_prose_taiga_arzamas_0038,H,,0.0447542581,0,0.01
holdout_genre_prose,human_prose_taiga_arzamas_0039,H,,0.2425212376,0,0.01
holdout_genre_prose,human_prose_taiga_arzamas_0040,H,,0.0338149029,0,0.01
holdout_genre_prose,human_prose_taiga_arzamas_0041,H,,0.5942654984,1,0.01
holdout_genre_prose,human_prose_taiga_arzamas_0042,H,,0.0501567094,0,0.01
holdout_genre_prose,human_prose_taiga_arzamas_0043,H,,0.0325578629,0,0.01
holdout_genre_prose,human_prose_taiga_arzamas_0044,H,,0.1042712581,0,0.01
holdout_genre_prose,human_prose_taiga_arzamas_0045,H,,0.6485099495,1,0.01
holdout_genre_prose,human_prose_taiga_arzamas_0046,H,,0.2688478919,0,0.01
holdout_genre_prose,human_prose_taiga_arzamas_0047,H,,0.4791098734,0,0.01
holdout_genre_prose,human_prose_taiga_arzamas_0048,H,,0.2992189499,0,0.01
holdout_genre_prose,human_prose_taiga_arzamas_0049,H,,0.5630657923,1,0.01
holdout_genre_prose,human_prose_taiga_arzamas_0050,H,,0.1545077474,0,0.01
holdout_genre_prose,human_prose_taiga_arzamas_0051,H,,0.0876685377,0,0.01
holdout_genre_prose,human_prose_taiga_arzamas_0052,H,,0.2394788613,0,0.01
holdout_genre_prose,human_prose_taiga_arzamas_0053,H,,0.0490303094,0,0.01
holdout_genre_prose,human_prose_taiga_arzamas_0054,H,,0.0997020894,0,0.01
holdout_genre_prose,human_prose_taiga_arzamas_0055,H,,0.3397339359,0,0.01
holdout_genre_prose,human_prose_taiga_arzamas_0056,H,,0.1015218692,0,0.01
holdout_genre_prose,human_prose_taiga_arzamas_0057,H,,0.0085572107,0,0.01
holdout_genre_prose,human_prose_taiga_arzamas_0058,H,,0.5097730492,1,0.01
holdout_genre_prose,human_prose_taiga_arzamas_0059,H,,0.0151487153,0,0.01
holdout_genre_prose,human_prose_taiga_arzamas_0060,H,,0.1268736320,0,0.01
holdout_genre_prose,human_prose_taiga_magazines_0001,H,,0.1070743683,0,0.01
holdout_genre_prose,human_prose_taiga_magazines_0002,H,,0.1118919617,0,0.01
holdout_genre_prose,human_prose_taiga_magazines_0003,H,,0.1120452357,0,0.01
holdout_genre_prose,human_prose_taiga_magazines_0004,H,,0.0774931936,0,0.01
holdout_genre_prose,human_prose_taiga_magazines_0005,H,,0.0772438683,0,0.01
holdout_genre_prose,human_prose_taiga_magazines_0006,H,,0.1606768566,0,0.01
holdout_genre_prose,human_prose_taiga_magazines_0007,H,,0.0616452570,0,0.01
holdout_genre_prose,human_prose_taiga_magazines_0008,H,,0.1378062594,0,0.01
holdout_genre_prose,human_prose_taiga_magazines_0009,H,,0.0149084414,0,0.01
holdout_genre_prose,human_prose_taiga_magazines_0010,H,,0.1892482617,0,0.01
holdout_genre_prose,human_prose_taiga_magazines_0011,H,,0.0940991009,0,0.01
holdout_genre_prose,human_prose_taiga_magazines_0012,H,,0.1308788294,0,0.01
holdout_genre_prose,human_prose_taiga_magazines_0013,H,,0.0265202491,0,0.01
holdout_genre_prose,human_prose_taiga_magazines_0014,H,,0.6214386742,1,0.01
holdout_genre_prose,human_prose_taiga_magazines_0015,H,,0.1901091650,0,0.01
holdout_genre_prose,human_prose_taiga_magazines_0016,H,,0.0948178368,0,0.01
holdout_genre_prose,human_prose_taiga_magazines_0017,H,,0.1112079939,0,0.01
holdout_genre_prose,human_prose_taiga_magazines_0018,H,,0.0072922245,0,0.01
holdout_genre_prose,human_prose_taiga_magazines_0019,H,,0.4817646433,0,0.01
holdout_genre_prose,human_prose_taiga_magazines_0020,H,,0.2924494202,0,0.01
holdout_genre_prose,human_prose_taiga_magazines_0021,H,,0.0285382240,0,0.01
holdout_genre_prose,human_prose_taiga_magazines_0022,H,,0.0449751995,0,0.01
holdout_genre_prose,human_prose_taiga_magazines_0023,H,,0.2516154983,0,0.01
holdout_genre_prose,human_prose_taiga_magazines_0024,H,,0.2619747147,0,0.01
holdout_genre_prose,human_prose_taiga_magazines_0025,H,,0.1700127757,0,0.01
holdout_genre_prose,human_prose_taiga_magazines_0026,H,,0.5108964325,1,0.01
holdout_genre_prose,human_prose_taiga_magazines_0027,H,,0.0014043232,0,0.01
holdout_genre_prose,human_prose_taiga_magazines_0028,H,,0.0063267768,0,0.01
holdout_genre_prose,human_prose_taiga_magazines_0029,H,,0.2834732985,0,0.01
holdout_genre_prose,human_prose_taiga_magazines_0030,H,,0.0485149423,0,0.01
holdout_genre_prose,human_prose_taiga_magazines_0031,H,,0.0231999304,0,0.01
holdout_genre_prose,human_prose_taiga_magazines_0032,H,,0.1613076457,0,0.01
holdout_genre_prose,human_prose_taiga_magazines_0033,H,,0.0783400928,0,0.01
holdout_genre_prose,human_prose_taiga_magazines_0034,H,,0.0559171366,0,0.01
holdout_genre_prose,human_prose_taiga_magazines_0035,H,,0.2048609547,0,0.01
holdout_genre_prose,human_prose_taiga_magazines_0036,H,,0.1009482553,0,0.01
holdout_genre_prose,human_prose_taiga_magazines_0037,H,,0.1282412325,0,0.01
holdout_genre_prose,human_prose_taiga_magazines_0038,H,,0.1431893353,0,0.01
holdout_genre_prose,human_prose_taiga_magazines_0039,H,,0.0141454592,0,0.01
holdout_genre_prose,human_prose_taiga_magazines_0040,H,,0.0063710249,0,0.01
holdout_genre_prose,human_prose_taiga_magazines_0041,H,,0.4797241156,0,0.01
holdout_genre_prose,human_prose_taiga_magazines_0042,H,,0.6195970351,1,0.01
holdout_genre_prose,human_prose_taiga_magazines_0043,H,,0.0263230355,0,0.01
holdout_genre_prose,human_prose_taiga_magazines_0044,H,,0.2279795993,0,0.01
holdout_genre_prose,human_prose_taiga_magazines_0045,H,,0.0946253401,0,0.01
holdout_genre_prose,human_prose_taiga_magazines_0046,H,,0.4792908427,0,0.01
holdout_genre_prose,human_prose_taiga_magazines_0047,H,,0.0205152580,0,0.01
holdout_genre_prose,human_prose_taiga_magazines_0048,H,,0.0074062244,0,0.01
holdout_genre_prose,human_prose_taiga_magazines_0049,H,,0.4507596250,0,0.01
holdout_genre_prose,human_prose_taiga_magazines_0050,H,,0.0000003544,0,0.01
holdout_genre_prose,human_prose_taiga_magazines_0051,H,,0.2927294583,0,0.01
holdout_genre_prose,human_prose_taiga_magazines_0052,H,,0.0208108776,0,0.01
holdout_genre_prose,human_prose_taiga_magazines_0053,H,,0.0304791111,0,0.01
holdout_genre_prose,human_prose_taiga_magazines_0054,H,,0.0680371717,0,0.01
holdout_genre_prose,human_prose_taiga_magazines_0055,H,,0.5051126977,1,0.01
holdout_genre_prose,human_prose_taiga_magazines_0056,H,,0.0875804375,0,0.01
holdout_genre_prose,human_prose_taiga_magazines_0057,H,,0.0786599707,0,0.01
holdout_genre_prose,human_prose_taiga_magazines_0058,H,,0.0058738606,0,0.01
holdout_genre_prose,human_prose_taiga_magazines_0059,H,,0.1358725973,0,0.01
holdout_genre_prose,human_prose_taiga_magazines_0060,H,,0.1236992544,0,0.01
holdout_genre_prose,human_prose_taiga_proza_0001,H,,0.0718929167,0,0.01
holdout_genre_prose,human_prose_taiga_proza_0002,H,,0.4000299060,0,0.01
holdout_genre_prose,human_prose_taiga_proza_0003,H,,0.0036976510,0,0.01
holdout_genre_prose,human_prose_taiga_proza_0004,H,,0.0473382444,0,0.01
holdout_genre_prose,human_prose_taiga_proza_0005,H,,0.1122922176,0,0.01
holdout_genre_prose,human_prose_taiga_proza_0006,H,,0.4676871803,0,0.01
holdout_genre_prose,human_prose_taiga_proza_0007,H,,0.7862602500,1,0.01
holdout_genre_prose,human_prose_taiga_proza_0008,H,,0.3699747169,0,0.01
holdout_genre_prose,human_prose_taiga_proza_0009,H,,0.0588447940,0,0.01
holdout_genre_prose,human_prose_taiga_proza_0010,H,,0.0068424240,0,0.01
holdout_genre_prose,human_prose_taiga_proza_0011,H,,0.3336883236,0,0.01
holdout_genre_prose,human_prose_taiga_proza_0012,H,,0.1917938020,0,0.01
holdout_genre_prose,human_prose_taiga_proza_0013,H,,0.0403424937,0,0.01
holdout_genre_prose,human_prose_taiga_proza_0014,H,,0.0487932431,0,0.01
holdout_genre_prose,human_prose_taiga_proza_0015,H,,0.3047711272,0,0.01
holdout_genre_prose,human_prose_taiga_proza_0016,H,,0.1300443750,0,0.01
holdout_genre_prose,human_prose_taiga_proza_0017,H,,0.0342192244,0,0.01
holdout_genre_prose,human_prose_taiga_proza_0018,H,,0.0066833348,0,0.01
holdout_genre_prose,human_prose_taiga_proza_0019,H,,0.1806726561,0,0.01
holdout_genre_prose,human_prose_taiga_proza_0020,H,,0.2581590273,0,0.01
holdout_genre_prose,human_prose_taiga_proza_0021,H,,0.1834064370,0,0.01
holdout_genre_prose,human_prose_taiga_proza_0022,H,,0.0907624490,0,0.01
holdout_genre_prose,human_prose_taiga_proza_0023,H,,0.9080037355,1,0.01
holdout_genre_prose,human_prose_taiga_proza_0024,H,,0.1180428185,0,0.01
holdout_genre_prose,human_prose_taiga_proza_0025,H,,0.1541339704,0,0.01
holdout_genre_prose,human_prose_taiga_proza_0026,H,,0.0298345160,0,0.01
holdout_genre_prose,human_prose_taiga_proza_0027,H,,0.0619934279,0,0.01
holdout_genre_prose,human_prose_taiga_proza_0028,H,,0.8648843330,1,0.01
holdout_genre_prose,human_prose_taiga_proza_0029,H,,0.4974528967,0,0.01
holdout_genre_prose,human_prose_taiga_proza_0030,H,,0.3472247368,0,0.01
holdout_genre_prose,human_prose_taiga_proza_0031,H,,0.0063678688,0,0.01
holdout_genre_prose,human_prose_taiga_proza_0032,H,,0.3925799405,0,0.01
holdout_genre_prose,human_prose_taiga_proza_0033,H,,0.1311926045,0,0.01
holdout_genre_prose,human_prose_taiga_proza_0034,H,,0.0313231676,0,0.01
holdout_genre_prose,human_prose_taiga_proza_0035,H,,0.4401577901,0,0.01
holdout_genre_prose,human_prose_taiga_proza_0036,H,,0.0602369534,0,0.01
holdout_genre_prose,human_prose_taiga_proza_0037,H,,0.4704112114,0,0.01
holdout_genre_prose,human_prose_taiga_proza_0038,H,,0.5030630584,1,0.01
holdout_genre_prose,human_prose_taiga_proza_0039,H,,0.0844771395,0,0.01
holdout_genre_prose,human_prose_taiga_proza_0040,H,,0.5104715853,1,0.01
holdout_genre_prose,human_prose_taiga_proza_0041,H,,0.0046885398,0,0.01
holdout_genre_prose,human_prose_taiga_proza_0042,H,,0.5424861959,1,0.01
holdout_genre_prose,human_prose_taiga_proza_0043,H,,0.1750038437,0,0.01
holdout_genre_prose,human_prose_taiga_proza_0044,H,,0.1617892924,0,0.01
holdout_genre_prose,human_prose_taiga_proza_0045,H,,0.8034864080,1,0.01
holdout_genre_prose,human_prose_taiga_proza_0046,H,,0.2869963526,0,0.01
holdout_genre_prose,human_prose_taiga_proza_0047,H,,0.0253112488,0,0.01
holdout_genre_prose,human_prose_taiga_proza_0048,H,,0.1193486913,0,0.01
holdout_genre_prose,human_prose_taiga_proza_0049,H,,0.0063227778,0,0.01
holdout_genre_prose,human_prose_taiga_proza_0050,H,,0.2621618469,0,0.01
holdout_genre_prose,human_prose_taiga_proza_0051,H,,0.8110575043,1,0.01
holdout_genre_prose,human_prose_taiga_proza_0052,H,,0.1168172035,0,0.01
holdout_genre_prose,human_prose_taiga_proza_0053,H,,0.1044424501,0,0.01
holdout_genre_prose,human_prose_taiga_proza_0054,H,,0.1885641531,0,0.01
holdout_genre_prose,human_prose_taiga_proza_0055,H,,0.3308185750,0,0.01
holdout_genre_prose,human_prose_taiga_proza_0056,H,,0.1754387548,0,0.01
holdout_genre_prose,human_prose_taiga_proza_0057,H,,0.1045351923,0,0.01
holdout_genre_prose,human_prose_taiga_proza_0058,H,,0.5365016398,1,0.01
holdout_genre_prose,human_prose_taiga_proza_0059,H,,0.1216692980,0,0.01
holdout_genre_prose,human_prose_taiga_proza_0060,H,,0.0000380332,0,0.01
holdout_genre_prose,human_science_cyberleninka_0001,H,,0.2326237343,0,0.01
holdout_genre_prose,human_science_cyberleninka_0002,H,,0.6242679184,1,0.01
holdout_genre_prose,human_science_cyberleninka_0003,H,,0.1842460077,0,0.01
holdout_genre_prose,human_science_cyberleninka_0004,H,,0.1208385296,0,0.01
holdout_genre_prose,human_science_cyberleninka_0005,H,,0.1492571893,0,0.01
holdout_genre_prose,human_science_cyberleninka_0006,H,,0.3514100507,0,0.01
holdout_genre_prose,human_science_cyberleninka_0007,H,,0.5137972967,1,0.01
holdout_genre_prose,human_science_cyberleninka_0008,H,,0.0049820688,0,0.01
holdout_genre_prose,human_science_cyberleninka_0009,H,,0.1944374252,0,0.01
holdout_genre_prose,human_science_cyberleninka_0010,H,,0.0498225935,0,0.01
holdout_genre_prose,human_science_cyberleninka_0011,H,,0.0368839402,0,0.01
holdout_genre_prose,human_science_cyberleninka_0013,H,,0.4013498845,0,0.01
holdout_genre_prose,human_science_cyberleninka_0014,H,,0.3366286955,0,0.01
holdout_genre_prose,human_science_cyberleninka_0015,H,,0.0241447013,0,0.01
holdout_genre_prose,human_science_cyberleninka_0016,H,,0.0655669363,0,0.01
holdout_genre_prose,human_science_cyberleninka_0017,H,,0.0540102756,0,0.01
holdout_genre_prose,human_science_cyberleninka_0018,H,,0.6841902262,1,0.01
holdout_genre_prose,human_science_cyberleninka_0019,H,,0.5078057497,1,0.01
holdout_genre_prose,human_science_cyberleninka_0020,H,,0.0647055881,0,0.01
holdout_genre_prose,human_science_cyberleninka_0021,H,,0.6033964319,1,0.01
holdout_genre_prose,human_science_cyberleninka_0022,H,,0.0140885365,0,0.01
holdout_genre_prose,human_science_cyberleninka_0023,H,,0.6992058711,1,0.01
holdout_genre_prose,human_science_cyberleninka_0024,H,,0.5776404372,1,0.01
holdout_genre_prose,human_science_cyberleninka_0025,H,,0.1313310284,0,0.01
holdout_genre_prose,human_science_cyberleninka_0026,H,,0.1212863802,0,0.01
holdout_genre_prose,human_science_cyberleninka_0027,H,,0.1546830661,0,0.01
holdout_genre_prose,human_science_cyberleninka_0028,H,,0.0145487010,0,0.01
holdout_genre_prose,human_science_cyberleninka_0029,H,,0.0838108747,0,0.01
holdout_genre_prose,human_science_cyberleninka_0030,H,,0.0129047644,0,0.01
holdout_genre_prose,human_science_cyberleninka_0031,H,,0.0965436657,0,0.01
holdout_genre_prose,human_science_cyberleninka_0032,H,,0.0551392307,0,0.01
holdout_genre_prose,human_science_cyberleninka_0033,H,,0.7223770335,1,0.01
holdout_genre_prose,human_science_cyberleninka_0034,H,,0.0073864677,0,0.01
holdout_genre_prose,human_science_cyberleninka_0035,H,,0.2200350668,0,0.01
holdout_genre_prose,human_science_cyberleninka_0036,H,,0.4674438569,0,0.01
holdout_genre_prose,human_science_cyberleninka_0037,H,,0.6751614661,1,0.01
holdout_genre_prose,human_science_cyberleninka_0038,H,,0.1490402725,0,0.01
holdout_genre_prose,human_science_cyberleninka_0039,H,,0.2562886920,0,0.01
holdout_genre_prose,human_science_cyberleninka_0040,H,,0.0308140175,0,0.01
holdout_genre_prose,human_science_cyberleninka_0041,H,,0.1728752310,0,0.01
holdout_genre_prose,human_science_cyberleninka_0042,H,,0.0024480897,0,0.01
holdout_genre_prose,human_science_cyberleninka_0043,H,,0.1079634413,0,0.01
holdout_genre_prose,human_science_cyberleninka_0044,H,,0.8139612207,1,0.01
holdout_genre_prose,human_science_cyberleninka_0045,H,,0.0811645921,0,0.01
holdout_genre_prose,human_science_cyberleninka_0046,H,,0.1006805068,0,0.01
holdout_genre_prose,human_science_cyberleninka_0047,H,,0.0254107488,0,0.01
holdout_genre_prose,human_science_cyberleninka_0048,H,,0.0087553845,0,0.01
holdout_genre_prose,human_science_cyberleninka_0049,H,,0.0424932172,0,0.01
holdout_genre_prose,human_science_cyberleninka_0050,H,,0.0669532391,0,0.01
holdout_genre_prose,human_science_cyberleninka_0051,H,,0.3125905817,0,0.01
holdout_genre_prose,human_science_cyberleninka_0052,H,,0.3790050797,0,0.01
holdout_genre_prose,human_science_cyberleninka_0053,H,,0.0005184920,0,0.01
holdout_genre_prose,human_science_cyberleninka_0054,H,,0.2260492816,0,0.01
holdout_genre_prose,human_science_cyberleninka_0055,H,,0.0682083403,0,0.01
holdout_genre_prose,human_science_cyberleninka_0056,H,,0.2415798675,0,0.01
holdout_genre_prose,human_science_cyberleninka_0057,H,,0.2581784481,0,0.01
holdout_genre_prose,human_science_cyberleninka_0058,H,,0.5526614516,1,0.01
holdout_genre_prose,human_science_cyberleninka_0059,H,,0.8124358190,1,0.01
holdout_genre_prose,human_science_cyberleninka_0060,H,,0.2846056449,0,0.01
holdout_genre_prose,human_science_cyberleninka_0067,H,,0.4964688638,0,0.01
holdout_genre_prose,human_science_spbgu_0001,H,,0.0472895371,0,0.01
holdout_genre_prose,human_science_spbgu_0002,H,,0.0527240926,0,0.01
holdout_genre_prose,human_science_spbgu_0003,H,,0.3416036071,0,0.01
holdout_genre_prose,human_science_spbgu_0004,H,,0.0870274017,0,0.01
holdout_genre_prose,human_science_spbgu_0005,H,,0.0606998594,0,0.01
holdout_genre_prose,human_science_spbgu_0006,H,,0.0610679926,0,0.01
holdout_genre_prose,human_science_spbgu_0007,H,,0.0409468385,0,0.01
holdout_genre_prose,human_science_spbgu_0008,H,,0.1904968253,0,0.01
holdout_genre_prose,human_science_spbgu_0009,H,,0.1670785766,0,0.01
holdout_genre_prose,human_science_spbgu_0010,H,,0.0700241335,0,0.01
holdout_genre_prose,human_science_spbgu_0011,H,,0.0859686000,0,0.01
holdout_genre_prose,human_science_spbgu_0012,H,,0.0128099011,0,0.01
holdout_genre_prose,human_science_spbgu_0013,H,,0.0216052905,0,0.01
holdout_genre_prose,human_science_spbgu_0014,H,,0.4601043323,0,0.01
holdout_genre_prose,human_science_spbgu_0015,H,,0.1072699158,0,0.01
holdout_genre_prose,human_science_spbgu_0016,H,,0.0026183702,0,0.01
holdout_genre_prose,human_science_spbgu_0017,H,,0.0727219948,0,0.01
holdout_genre_prose,human_science_spbgu_0018,H,,0.0100771181,0,0.01
holdout_genre_prose,human_science_spbgu_0019,H,,0.1367343693,0,0.01
holdout_genre_prose,human_science_spbgu_0020,H,,0.1840859812,0,0.01
holdout_genre_prose,human_science_spbgu_0021,H,,0.0132188115,0,0.01
holdout_genre_prose,human_science_spbgu_0022,H,,0.0895868054,0,0.01
holdout_genre_prose,human_science_spbgu_0023,H,,0.0619069374,0,0.01
holdout_genre_prose,human_science_spbgu_0024,H,,0.0168607288,0,0.01
holdout_genre_prose,human_science_spbgu_0025,H,,0.0038829672,0,0.01
holdout_genre_prose,human_science_spbgu_0026,H,,0.0824819104,0,0.01
holdout_genre_prose,human_science_spbgu_0027,H,,0.0016690525,0,0.01
holdout_genre_prose,human_science_spbgu_0028,H,,0.0117666111,0,0.01
holdout_genre_prose,human_science_spbgu_0029,H,,0.0058175514,0,0.01
holdout_genre_prose,human_science_spbgu_0030,H,,0.0110053728,0,0.01
holdout_genre_prose,human_science_spbgu_0031,H,,0.0216636740,0,0.01
holdout_genre_prose,human_science_spbgu_0032,H,,0.0165855732,0,0.01
holdout_genre_prose,human_science_spbgu_0033,H,,0.0068581059,0,0.01
holdout_genre_prose,human_science_spbgu_0034,H,,0.0200940744,0,0.01
holdout_genre_prose,human_science_spbgu_0035,H,,0.0040646879,0,0.01
holdout_genre_prose,human_science_spbgu_0036,H,,0.0442694448,0,0.01
holdout_genre_prose,human_science_spbgu_0037,H,,0.0397393105,0,0.01
holdout_genre_prose,human_science_spbgu_0038,H,,0.0096875387,0,0.01
holdout_genre_prose,human_science_spbgu_0039,H,,0.0597022859,0,0.01
holdout_genre_prose,human_science_spbgu_0040,H,,0.0025937817,0,0.01
holdout_genre_prose,human_science_spbgu_0041,H,,0.0129699939,0,0.01
holdout_genre_prose,human_science_spbgu_0042,H,,0.0238264517,0,0.01
holdout_genre_prose,human_science_spbgu_0043,H,,0.0295189781,0,0.01
holdout_genre_prose,human_science_spbgu_0044,H,,0.0397018479,0,0.01
holdout_genre_prose,human_science_spbgu_0045,H,,0.0303979530,0,0.01
holdout_genre_prose,human_science_spbgu_0046,H,,0.0064419997,0,0.01
holdout_genre_prose,human_science_spbgu_0048,H,,0.0198183357,0,0.01
holdout_genre_prose,human_science_spbgu_0049,H,,0.0258022386,0,0.01
holdout_genre_prose,human_science_spbgu_0050,H,,0.0869386562,0,0.01
holdout_genre_prose,human_science_spbgu_0054,H,,0.0004457795,0,0.01
holdout_genre_prose,human_science_spbgu_0055,H,,0.0263339595,0,0.01
holdout_genre_prose,human_science_spbgu_0057,H,,0.1611511442,0,0.01
holdout_genre_prose,human_science_spbgu_0059,H,,0.0243033225,0,0.01
holdout_genre_prose,human_science_spbgu_0060,H,,0.0022630272,0,0.01
holdout_genre_prose,human_science_spbgu_0061,H,,0.0161851309,0,0.01
holdout_genre_prose,human_science_spbgu_0062,H,,0.0195210737,0,0.01
holdout_genre_prose,human_science_spbgu_0063,H,,0.0572921137,0,0.01
holdout_genre_prose,human_science_spbgu_0064,H,,0.0081003220,0,0.01
holdout_genre_prose,human_science_spbgu_0065,H,,0.0106618509,0,0.01
holdout_genre_prose,human_science_urfu_0001,H,,0.3075075865,0,0.01
holdout_genre_prose,human_science_urfu_0002,H,,0.0405380605,0,0.01
holdout_genre_prose,human_science_urfu_0003,H,,0.1657603572,0,0.01
holdout_genre_prose,human_science_urfu_0004,H,,0.0893199002,0,0.01
holdout_genre_prose,human_science_urfu_0005,H,,0.1247847018,0,0.01
holdout_genre_prose,human_science_urfu_0006,H,,0.0387805329,0,0.01
holdout_genre_prose,human_science_urfu_0007,H,,0.6427036282,1,0.01
holdout_genre_prose,human_science_urfu_0008,H,,0.0093189006,0,0.01
holdout_genre_prose,human_science_urfu_0009,H,,0.0235808138,0,0.01
holdout_genre_prose,human_science_urfu_0010,H,,0.1597736679,0,0.01
holdout_genre_prose,human_science_urfu_0011,H,,0.0778574706,0,0.01
holdout_genre_prose,human_science_urfu_0012,H,,0.0144965984,0,0.01
holdout_genre_prose,human_science_urfu_0013,H,,0.2955066847,0,0.01
holdout_genre_prose,human_science_urfu_0014,H,,0.0039425976,0,0.01
holdout_genre_prose,human_science_urfu_0015,H,,0.0665742402,0,0.01
holdout_genre_prose,human_science_urfu_0016,H,,0.1299727400,0,0.01
holdout_genre_prose,human_science_urfu_0017,H,,0.1202073560,0,0.01
holdout_genre_prose,human_science_urfu_0018,H,,0.0960934655,0,0.01
holdout_genre_prose,human_science_urfu_0019,H,,0.1497994674,0,0.01
holdout_genre_prose,human_science_urfu_0020,H,,0.0142379771,0,0.01
holdout_genre_prose,human_science_urfu_0021,H,,0.0263375307,0,0.01
holdout_genre_prose,human_science_urfu_0022,H,,0.0497631519,0,0.01
holdout_genre_prose,human_science_urfu_0023,H,,0.0041864932,0,0.01
holdout_genre_prose,human_science_urfu_0024,H,,0.1948322866,0,0.01
holdout_genre_prose,human_science_urfu_0025,H,,0.1698038221,0,0.01
holdout_genre_prose,human_science_urfu_0026,H,,0.2341406282,0,0.01
holdout_genre_prose,human_science_urfu_0027,H,,0.2323602836,0,0.01
holdout_genre_prose,human_science_urfu_0028,H,,0.1537542093,0,0.01
holdout_genre_prose,human_science_urfu_0029,H,,0.0606505429,0,0.01
holdout_genre_prose,human_science_urfu_0030,H,,0.2737553658,0,0.01
holdout_genre_prose,human_science_urfu_0031,H,,0.0014234079,0,0.01
holdout_genre_prose,human_science_urfu_0032,H,,0.5084987513,1,0.01
holdout_genre_prose,human_science_urfu_0033,H,,0.0464037168,0,0.01
holdout_genre_prose,human_science_urfu_0034,H,,0.0308060526,0,0.01
holdout_genre_prose,human_science_urfu_0035,H,,0.1521915962,0,0.01
holdout_genre_prose,human_science_urfu_0036,H,,0.0640492255,0,0.01
holdout_genre_prose,human_science_urfu_0037,H,,0.0875617163,0,0.01
holdout_genre_prose,human_science_urfu_0038,H,,0.0000095621,0,0.01
holdout_genre_prose,human_science_urfu_0039,H,,0.0000177704,0,0.01
holdout_genre_prose,human_science_urfu_0040,H,,0.0000002182,0,0.01
holdout_genre_prose,human_science_urfu_0041,H,,0.0002820554,0,0.01
holdout_genre_prose,human_science_urfu_0042,H,,0.0000484994,0,0.01
holdout_genre_prose,human_science_urfu_0043,H,,0.0001018907,0,0.01
holdout_genre_prose,human_science_urfu_0044,H,,0.0693155479,0,0.01
holdout_genre_prose,human_science_urfu_0045,H,,0.0124650823,0,0.01
holdout_genre_prose,human_science_urfu_0046,H,,0.0000667471,0,0.01
holdout_genre_prose,human_science_urfu_0047,H,,0.0120081489,0,0.01
holdout_genre_prose,human_science_urfu_0048,H,,0.0058556315,0,0.01
holdout_genre_science,human_hard_rusltc_0001,H,,0.0065516677,0,0.1
holdout_genre_science,human_hard_rusltc_0002,H,,0.0012190808,0,0.1
holdout_genre_science,human_hard_rusltc_0003,H,,0.0268210652,0,0.1
holdout_genre_science,human_hard_rusltc_0004,H,,0.1833883509,0,0.1
holdout_genre_science,human_hard_rusltc_0005,H,,0.0001134782,0,0.1
holdout_genre_science,human_hard_rusltc_0006,H,,0.0150894929,0,0.1
holdout_genre_science,human_hard_rusltc_0007,H,,0.0009645276,0,0.1
holdout_genre_science,human_hard_rusltc_0008,H,,0.0208272355,0,0.1
holdout_genre_science,human_hard_rusltc_0009,H,,0.0133227008,0,0.1
holdout_genre_science,human_hard_rusltc_0010,H,,0.0056011598,0,0.1
holdout_genre_science,human_hard_rusltc_0011,H,,0.0109188272,0,0.1
holdout_genre_science,human_hard_rusltc_0012,H,,0.0745646075,0,0.1
holdout_genre_science,human_hard_rusltc_0013,H,,0.5572831528,1,0.1
holdout_genre_science,human_hard_rusltc_0014,H,,0.0086619227,0,0.1
holdout_genre_science,human_hard_rusltc_0015,H,,0.0139326819,0,0.1
holdout_genre_science,human_hard_rusltc_0016,H,,0.2577260385,0,0.1
holdout_genre_science,human_hard_rusltc_0017,H,,0.1260205141,0,0.1
holdout_genre_science,human_hard_rusltc_0018,H,,0.0246358636,0,0.1
holdout_genre_science,human_hard_rusltc_0019,H,,0.0028161046,0,0.1
holdout_genre_science,human_hard_rusltc_0020,H,,0.0045501965,0,0.1
holdout_genre_science,human_hard_rusltc_0021,H,,0.0263940088,0,0.1
holdout_genre_science,human_hard_rusltc_0022,H,,0.1260668973,0,0.1
holdout_genre_science,human_hard_rusltc_0023,H,,0.0616064064,0,0.1
holdout_genre_science,human_hard_rusltc_0024,H,,0.0171833423,0,0.1
holdout_genre_science,human_hard_rusltc_0025,H,,0.1545776713,0,0.1
holdout_genre_science,human_hard_rusltc_0026,H,,0.3427127566,0,0.1
holdout_genre_science,human_hard_rusltc_0027,H,,0.0210608441,0,0.1
holdout_genre_science,human_hard_rusltc_0028,H,,0.0009703741,0,0.1
holdout_genre_science,human_hard_rusltc_0029,H,,0.2583128042,0,0.1
holdout_genre_science,human_hard_rusltc_0030,H,,0.0010672802,0,0.1
holdout_genre_science,human_hard_rusltc_0031,H,,0.0028148757,0,0.1
holdout_genre_science,human_hard_rusltc_0032,H,,0.0002393210,0,0.1
holdout_genre_science,human_hard_rusltc_0033,H,,0.0010304251,0,0.1
holdout_genre_science,human_hard_rusltc_0034,H,,0.0111990159,0,0.1
holdout_genre_science,human_hard_rusltc_0035,H,,0.1955149250,0,0.1
holdout_genre_science,human_hard_rusltc_0036,H,,0.0813584562,0,0.1
holdout_genre_science,human_hard_rusltc_0037,H,,0.0732388744,0,0.1
holdout_genre_science,human_hard_rusltc_0038,H,,0.0155367369,0,0.1
holdout_genre_science,human_hard_rusltc_0039,H,,0.0007767588,0,0.1
holdout_genre_science,human_hard_rusltc_0040,H,,0.0093912023,0,0.1
holdout_genre_science,human_hard_rusltc_0041,H,,0.0280345873,0,0.1
holdout_genre_science,human_hard_rusltc_0042,H,,0.0000033146,0,0.1
holdout_genre_science,human_hard_rusltc_0043,H,,0.0567129833,0,0.1
holdout_genre_science,human_hard_rusltc_0044,H,,0.1333694891,0,0.1
holdout_genre_science,human_hard_rusltc_0045,H,,0.0110813297,0,0.1
holdout_genre_science,human_hard_rusltc_0046,H,,0.0457261835,0,0.1
holdout_genre_science,human_hard_rusltc_0047,H,,0.0410788910,0,0.1
holdout_genre_science,human_hard_rusltc_0048,H,,0.0820107266,0,0.1
holdout_genre_science,human_hard_rusltc_0049,H,,0.0016495357,0,0.1
holdout_genre_science,human_hard_rusltc_0050,H,,0.0066440263,0,0.1
holdout_genre_science,human_hard_rusltc_0051,H,,0.0024487140,0,0.1
holdout_genre_science,human_hard_rusltc_0052,H,,0.5200345816,1,0.1
holdout_genre_science,human_hard_rusltc_0053,H,,0.0440785737,0,0.1
holdout_genre_science,human_hard_rusltc_0054,H,,0.0015903178,0,0.1
holdout_genre_science,human_hard_rusltc_0055,H,,0.0277511730,0,0.1
holdout_genre_science,human_hard_rusltc_0056,H,,0.1479714265,0,0.1
holdout_genre_science,human_hard_rusltc_0057,H,,0.0004106410,0,0.1
holdout_genre_science,human_hard_rusltc_0058,H,,0.0283085739,0,0.1
holdout_genre_science,human_hard_rusltc_0059,H,,0.0062815765,0,0.1
holdout_genre_science,human_hard_rusltc_0060,H,,0.0246660075,0,0.1
holdout_genre_science,human_hard_rusltc_0061,H,,0.0065079159,0,0.1
holdout_genre_science,human_hard_rusltc_0062,H,,0.0203306058,0,0.1
holdout_genre_science,human_hard_rusltc_0063,H,,0.0292928403,0,0.1
holdout_genre_science,human_hard_rusltc_0064,H,,0.6378016013,1,0.1
holdout_genre_science,human_hard_rusltc_0065,H,,0.0131997911,0,0.1
holdout_genre_science,human_hard_rusltc_0066,H,,0.1267226699,0,0.1
holdout_genre_science,human_hard_rusltc_0067,H,,0.0207182273,0,0.1
holdout_genre_science,human_hard_rusltc_0068,H,,0.0000457593,0,0.1
holdout_genre_science,human_hard_rusltc_0069,H,,0.0640450433,0,0.1
holdout_genre_science,human_hard_rusltc_0070,H,,0.1962992570,0,0.1
holdout_genre_science,human_hard_rusltc_0071,H,,0.0162489726,0,0.1
holdout_genre_science,human_hard_rusltc_0072,H,,0.0775694234,0,0.1
holdout_genre_science,human_hard_rusltc_0073,H,,0.0439062499,0,0.1
holdout_genre_science,human_news_buriy_2014_0001,H,,0.0008414703,0,0.1
holdout_genre_science,human_news_buriy_2014_0002,H,,0.0002568912,0,0.1
holdout_genre_science,human_news_buriy_2014_0003,H,,0.0014455065,0,0.1
holdout_genre_science,human_news_buriy_2014_0004,H,,0.0000582020,0,0.1
holdout_genre_science,human_news_buriy_2014_0005,H,,0.0197072522,0,0.1
holdout_genre_science,human_news_buriy_2014_0006,H,,0.0010218771,0,0.1
holdout_genre_science,human_news_buriy_2014_0007,H,,0.0323005577,0,0.1
holdout_genre_science,human_news_buriy_2014_0008,H,,0.0131839644,0,0.1
holdout_genre_science,human_news_buriy_2014_0009,H,,0.0013930744,0,0.1
holdout_genre_science,human_news_buriy_2014_0010,H,,0.0000255488,0,0.1
holdout_genre_science,human_news_buriy_2014_0011,H,,0.0010720688,0,0.1
holdout_genre_science,human_news_buriy_2014_0012,H,,0.0005075861,0,0.1
holdout_genre_science,human_news_buriy_2014_0013,H,,0.0100751717,0,0.1
holdout_genre_science,human_news_buriy_2014_0014,H,,0.0036338438,0,0.1
holdout_genre_science,human_news_buriy_2014_0015,H,,0.0002832758,0,0.1
holdout_genre_science,human_news_buriy_2014_0016,H,,0.0003298076,0,0.1
holdout_genre_science,human_news_buriy_2014_0017,H,,0.6031931011,1,0.1
holdout_genre_science,human_news_buriy_2014_0018,H,,0.0030189894,0,0.1
holdout_genre_science,human_news_buriy_2014_0019,H,,0.0384629346,0,0.1
holdout_genre_science,human_news_buriy_2014_0020,H,,0.0000162707,0,0.1
holdout_genre_science,human_news_buriy_2014_0021,H,,0.1979752743,0,0.1
holdout_genre_science,human_news_buriy_2014_0022,H,,0.0003154986,0,0.1
holdout_genre_science,human_news_buriy_2014_0023,H,,0.0000665348,0,0.1
holdout_genre_science,human_news_buriy_2014_0024,H,,0.0015732030,0,0.1
holdout_genre_science,human_news_buriy_2014_0025,H,,0.0010640998,0,0.1
holdout_genre_science,human_news_buriy_2014_0026,H,,0.0014957635,0,0.1
holdout_genre_science,human_news_buriy_2014_0027,H,,0.0008139916,0,0.1
holdout_genre_science,human_news_buriy_2014_0028,H,,0.0001194265,0,0.1
holdout_genre_science,human_news_buriy_2014_0029,H,,0.0006290554,0,0.1
holdout_genre_science,human_news_buriy_2014_0030,H,,0.0208065469,0,0.1
holdout_genre_science,human_news_buriy_2014_0031,H,,0.0014937262,0,0.1
holdout_genre_science,human_news_buriy_2014_0032,H,,0.0009075069,0,0.1
holdout_genre_science,human_news_buriy_2014_0033,H,,0.0020004132,0,0.1
holdout_genre_science,human_news_buriy_2014_0034,H,,0.0251726682,0,0.1
holdout_genre_science,human_news_buriy_2014_0035,H,,0.0001475747,0,0.1
holdout_genre_science,human_news_buriy_2014_0036,H,,0.0027775693,0,0.1
holdout_genre_science,human_news_buriy_2014_0037,H,,0.0011148620,0,0.1
holdout_genre_science,human_news_buriy_2014_0038,H,,0.0001241104,0,0.1
holdout_genre_science,human_news_buriy_2014_0039,H,,0.0025745544,0,0.1
holdout_genre_science,human_news_buriy_2014_0040,H,,0.0022510085,0,0.1
holdout_genre_science,human_news_buriy_2014_0041,H,,0.0403005147,0,0.1
holdout_genre_science,human_news_buriy_2014_0042,H,,0.0003554593,0,0.1
holdout_genre_science,human_news_buriy_2014_0043,H,,0.0045107043,0,0.1
holdout_genre_science,human_news_buriy_2014_0044,H,,0.0102045427,0,0.1
holdout_genre_science,human_news_buriy_2014_0045,H,,0.0035054122,0,0.1
holdout_genre_science,human_news_buriy_2014_0046,H,,0.0021957697,0,0.1
holdout_genre_science,human_news_buriy_2014_0047,H,,0.0006628518,0,0.1
holdout_genre_science,human_news_buriy_2014_0048,H,,0.0005901262,0,0.1
holdout_genre_science,human_news_buriy_2014_0049,H,,0.0000612665,0,0.1
holdout_genre_science,human_news_buriy_2014_0050,H,,0.0057612500,0,0.1
holdout_genre_science,human_news_buriy_2014_0051,H,,0.6708629771,1,0.1
holdout_genre_science,human_news_buriy_2014_0052,H,,0.0002420411,0,0.1
holdout_genre_science,human_news_buriy_2014_0053,H,,0.0000129620,0,0.1
holdout_genre_science,human_news_buriy_2014_0054,H,,0.1157861681,0,0.1
holdout_genre_science,human_news_buriy_2014_0055,H,,0.0000313933,0,0.1
holdout_genre_science,human_news_buriy_2014_0056,H,,0.1510713823,0,0.1
holdout_genre_science,human_news_buriy_2014_0057,H,,0.0005173937,0,0.1
holdout_genre_science,human_news_buriy_2014_0058,H,,0.0155844789,0,0.1
holdout_genre_science,human_news_buriy_2014_0059,H,,0.0002586167,0,0.1
holdout_genre_science,human_news_buriy_2014_0060,H,,0.0004261190,0,0.1
holdout_genre_science,human_news_gazeta_0001,H,,0.0104652713,0,0.1
holdout_genre_science,human_news_gazeta_0002,H,,0.1934517332,0,0.1
holdout_genre_science,human_news_gazeta_0003,H,,0.1621619176,0,0.1
holdout_genre_science,human_news_gazeta_0004,H,,0.0112293511,0,0.1
holdout_genre_science,human_news_gazeta_0005,H,,0.0004393112,0,0.1
holdout_genre_science,human_news_gazeta_0006,H,,0.0017809141,0,0.1
holdout_genre_science,human_news_gazeta_0007,H,,0.0007300253,0,0.1
holdout_genre_science,human_news_gazeta_0008,H,,0.0297816220,0,0.1
holdout_genre_science,human_news_gazeta_0009,H,,0.0011530266,0,0.1
holdout_genre_science,human_news_gazeta_0010,H,,0.0478746510,0,0.1
holdout_genre_science,human_news_gazeta_0011,H,,0.0001196049,0,0.1
holdout_genre_science,human_news_gazeta_0012,H,,0.0108998617,0,0.1
holdout_genre_science,human_news_gazeta_0013,H,,0.0321204060,0,0.1
holdout_genre_science,human_news_gazeta_0014,H,,0.0000514189,0,0.1
holdout_genre_science,human_news_gazeta_0015,H,,0.0188921455,0,0.1
holdout_genre_science,human_news_gazeta_0016,H,,0.0001224842,0,0.1
holdout_genre_science,human_news_gazeta_0017,H,,0.0888459408,0,0.1
holdout_genre_science,human_news_gazeta_0018,H,,0.0413964309,0,0.1
holdout_genre_science,human_news_gazeta_0019,H,,0.0007493186,0,0.1
holdout_genre_science,human_news_gazeta_0020,H,,0.0004283520,0,0.1
holdout_genre_science,human_news_gazeta_0021,H,,0.0183153761,0,0.1
holdout_genre_science,human_news_gazeta_0022,H,,0.0208212975,0,0.1
holdout_genre_science,human_news_gazeta_0023,H,,0.0003616001,0,0.1
holdout_genre_science,human_news_gazeta_0024,H,,0.0038479333,0,0.1
holdout_genre_science,human_news_gazeta_0025,H,,0.0056498276,0,0.1
holdout_genre_science,human_news_gazeta_0026,H,,0.0008482718,0,0.1
holdout_genre_science,human_news_gazeta_0027,H,,0.0014370392,0,0.1
holdout_genre_science,human_news_gazeta_0028,H,,0.0003036686,0,0.1
holdout_genre_science,human_news_gazeta_0029,H,,0.0400635330,0,0.1
holdout_genre_science,human_news_gazeta_0030,H,,0.3700613528,0,0.1
holdout_genre_science,human_news_gazeta_0031,H,,0.0324939844,0,0.1
holdout_genre_science,human_news_gazeta_0032,H,,0.0017036330,0,0.1
holdout_genre_science,human_news_gazeta_0033,H,,0.0066572947,0,0.1
holdout_genre_science,human_news_gazeta_0034,H,,0.1285622017,0,0.1
holdout_genre_science,human_news_gazeta_0035,H,,0.0599455199,0,0.1
holdout_genre_science,human_news_gazeta_0036,H,,0.0032316929,0,0.1
holdout_genre_science,human_news_gazeta_0037,H,,0.2377013958,0,0.1
holdout_genre_science,human_news_gazeta_0038,H,,0.2790832429,0,0.1
holdout_genre_science,human_news_gazeta_0039,H,,0.0313810364,0,0.1
holdout_genre_science,human_news_gazeta_0040,H,,0.0192485111,0,0.1
holdout_genre_science,human_news_gazeta_0041,H,,0.0002172591,0,0.1
holdout_genre_science,human_news_gazeta_0042,H,,0.0072675734,0,0.1
holdout_genre_science,human_news_gazeta_0043,H,,0.0743750974,0,0.1
holdout_genre_science,human_news_gazeta_0044,H,,0.0011294199,0,0.1
holdout_genre_science,human_news_gazeta_0045,H,,0.0015489871,0,0.1
holdout_genre_science,human_news_gazeta_0046,H,,0.0002554153,0,0.1
holdout_genre_science,human_news_gazeta_0047,H,,0.0052127724,0,0.1
holdout_genre_science,human_news_gazeta_0048,H,,0.1004177878,0,0.1
holdout_genre_science,human_news_gazeta_0049,H,,0.1134723894,0,0.1
holdout_genre_science,human_news_gazeta_0050,H,,0.0069429098,0,0.1
holdout_genre_science,human_news_gazeta_0051,H,,0.0019713221,0,0.1
holdout_genre_science,human_news_gazeta_0052,H,,0.1534881623,0,0.1
holdout_genre_science,human_news_gazeta_0053,H,,0.0449253864,0,0.1
holdout_genre_science,human_news_gazeta_0054,H,,0.0381788030,0,0.1
holdout_genre_science,human_news_gazeta_0055,H,,0.0007178264,0,0.1
holdout_genre_science,human_news_gazeta_0056,H,,0.0033873824,0,0.1
holdout_genre_science,human_news_gazeta_0057,H,,0.0758702970,0,0.1
holdout_genre_science,human_news_gazeta_0058,H,,0.0084366822,0,0.1
holdout_genre_science,human_news_gazeta_0059,H,,0.0028448253,0,0.1
holdout_genre_science,human_news_gazeta_0060,H,,0.0004565348,0,0.1
holdout_genre_science,human_news_lenta_0001,H,,0.0519090441,0,0.1
holdout_genre_science,human_news_lenta_0002,H,,0.0018965595,0,0.1
holdout_genre_science,human_news_lenta_0004,H,,0.0369553550,0,0.1
holdout_genre_science,human_news_lenta_0007,H,,0.0000000000,0,0.1
holdout_genre_science,human_news_lenta_0009,H,,0.0074791167,0,0.1
holdout_genre_science,human_news_lenta_0010,H,,0.0000002328,0,0.1
holdout_genre_science,human_news_lenta_0012,H,,0.0027906971,0,0.1
holdout_genre_science,human_news_lenta_0013,H,,0.0445618856,0,0.1
holdout_genre_science,human_news_lenta_0014,H,,0.0042485896,0,0.1
holdout_genre_science,human_news_lenta_0015,H,,0.0458591438,0,0.1
holdout_genre_science,human_news_lenta_0016,H,,0.0088620986,0,0.1
holdout_genre_science,human_news_lenta_0017,H,,0.0000016895,0,0.1
holdout_genre_science,human_news_lenta_0018,H,,0.0000107380,0,0.1
holdout_genre_science,human_news_lenta_0021,H,,0.0534449236,0,0.1
holdout_genre_science,human_news_lenta_0022,H,,0.0007498163,0,0.1
holdout_genre_science,human_news_lenta_0023,H,,0.1041343010,0,0.1
holdout_genre_science,human_news_lenta_0024,H,,0.0219384224,0,0.1
holdout_genre_science,human_news_lenta_0027,H,,0.2570363490,0,0.1
holdout_genre_science,human_news_lenta_0029,H,,0.0998773659,0,0.1
holdout_genre_science,human_news_lenta_0034,H,,0.0021053907,0,0.1
holdout_genre_science,human_news_lenta_0036,H,,0.0069418972,0,0.1
holdout_genre_science,human_news_lenta_0039,H,,0.0000000005,0,0.1
holdout_genre_science,human_news_lenta_0040,H,,0.1717968314,0,0.1
holdout_genre_science,human_news_lenta_0041,H,,0.0001634393,0,0.1
holdout_genre_science,human_news_lenta_0042,H,,0.0000506941,0,0.1
holdout_genre_science,human_news_lenta_0044,H,,0.0025685244,0,0.1
holdout_genre_science,human_news_lenta_0045,H,,0.0490520665,0,0.1
holdout_genre_science,human_news_lenta_0046,H,,0.0000133910,0,0.1
holdout_genre_science,human_news_lenta_0049,H,,0.0113033438,0,0.1
holdout_genre_science,human_news_lenta_0051,H,,0.0101101234,0,0.1
holdout_genre_science,human_news_lenta_0053,H,,0.0003079232,0,0.1
holdout_genre_science,human_news_lenta_0055,H,,0.1310671485,0,0.1
holdout_genre_science,human_science_cyberleninka_0001,H,,0.0592182672,0,0.1
holdout_genre_science,human_science_cyberleninka_0002,H,,0.7382061479,1,0.1
holdout_genre_science,human_science_cyberleninka_0003,H,,0.0620374360,0,0.1
holdout_genre_science,human_science_cyberleninka_0004,H,,0.0851125218,0,0.1
holdout_genre_science,human_science_cyberleninka_0005,H,,0.0197706786,0,0.1
holdout_genre_science,human_science_cyberleninka_0006,H,,0.1506567434,0,0.1
holdout_genre_science,human_science_cyberleninka_0007,H,,0.2393298595,0,0.1
holdout_genre_science,human_science_cyberleninka_0008,H,,0.0010393325,0,0.1
holdout_genre_science,human_science_cyberleninka_0009,H,,0.3456719249,0,0.1
holdout_genre_science,human_science_cyberleninka_0010,H,,0.0033723058,0,0.1
holdout_genre_science,human_science_cyberleninka_0011,H,,0.0100481694,0,0.1
holdout_genre_science,human_science_cyberleninka_0013,H,,0.4637777728,0,0.1
holdout_genre_science,human_science_cyberleninka_0014,H,,0.2347215585,0,0.1
holdout_genre_science,human_science_cyberleninka_0015,H,,0.0009018819,0,0.1
holdout_genre_science,human_science_cyberleninka_0016,H,,0.0326688579,0,0.1
holdout_genre_science,human_science_cyberleninka_0017,H,,0.0262615027,0,0.1
holdout_genre_science,human_science_cyberleninka_0018,H,,0.6852056264,1,0.1
holdout_genre_science,human_science_cyberleninka_0019,H,,0.5490022863,1,0.1
holdout_genre_science,human_science_cyberleninka_0020,H,,0.0098543048,0,0.1
holdout_genre_science,human_science_cyberleninka_0021,H,,0.6196342376,1,0.1
holdout_genre_science,human_science_cyberleninka_0022,H,,0.0032189904,0,0.1
holdout_genre_science,human_science_cyberleninka_0023,H,,0.7665439035,1,0.1
holdout_genre_science,human_science_cyberleninka_0024,H,,0.6150610313,1,0.1
holdout_genre_science,human_science_cyberleninka_0025,H,,0.0571673948,0,0.1
holdout_genre_science,human_science_cyberleninka_0026,H,,0.0151053620,0,0.1
holdout_genre_science,human_science_cyberleninka_0027,H,,0.1284346023,0,0.1
holdout_genre_science,human_science_cyberleninka_0028,H,,0.0002999305,0,0.1
holdout_genre_science,human_science_cyberleninka_0029,H,,0.0624484683,0,0.1
holdout_genre_science,human_science_cyberleninka_0030,H,,0.0012093467,0,0.1
holdout_genre_science,human_science_cyberleninka_0031,H,,0.1927190590,0,0.1
holdout_genre_science,human_science_cyberleninka_0032,H,,0.0647242694,0,0.1
holdout_genre_science,human_science_cyberleninka_0033,H,,0.7697332441,1,0.1
holdout_genre_science,human_science_cyberleninka_0034,H,,0.0018310792,0,0.1
holdout_genre_science,human_science_cyberleninka_0035,H,,0.4420785872,0,0.1
holdout_genre_science,human_science_cyberleninka_0036,H,,0.4044833629,0,0.1
holdout_genre_science,human_science_cyberleninka_0037,H,,0.3416354492,0,0.1
holdout_genre_science,human_science_cyberleninka_0038,H,,0.1816424818,0,0.1
holdout_genre_science,human_science_cyberleninka_0039,H,,0.0654057951,0,0.1
holdout_genre_science,human_science_cyberleninka_0040,H,,0.0044058016,0,0.1
holdout_genre_science,human_science_cyberleninka_0041,H,,0.1307095296,0,0.1
holdout_genre_science,human_science_cyberleninka_0042,H,,0.0014154300,0,0.1
holdout_genre_science,human_science_cyberleninka_0043,H,,0.1482237707,0,0.1
holdout_genre_science,human_science_cyberleninka_0044,H,,0.7867921678,1,0.1
holdout_genre_science,human_science_cyberleninka_0045,H,,0.0046342533,0,0.1
holdout_genre_science,human_science_cyberleninka_0046,H,,0.0009953480,0,0.1
holdout_genre_science,human_science_cyberleninka_0047,H,,0.0126032150,0,0.1
holdout_genre_science,human_science_cyberleninka_0048,H,,0.0003709982,0,0.1
holdout_genre_science,human_science_cyberleninka_0049,H,,0.0012856710,0,0.1
holdout_genre_science,human_science_cyberleninka_0050,H,,0.0028169861,0,0.1
holdout_genre_science,human_science_cyberleninka_0051,H,,0.2088535246,0,0.1
holdout_genre_science,human_science_cyberleninka_0052,H,,0.2795610642,0,0.1
holdout_genre_science,human_science_cyberleninka_0053,H,,0.0002474616,0,0.1
holdout_genre_science,human_science_cyberleninka_0054,H,,0.0686122037,0,0.1
holdout_genre_science,human_science_cyberleninka_0055,H,,0.0311806343,0,0.1
holdout_genre_science,human_science_cyberleninka_0056,H,,0.0754800088,0,0.1
holdout_genre_science,human_science_cyberleninka_0057,H,,0.2057827024,0,0.1
holdout_genre_science,human_science_cyberleninka_0058,H,,0.5938570363,1,0.1
holdout_genre_science,human_science_cyberleninka_0059,H,,0.7283546400,1,0.1
holdout_genre_science,human_science_cyberleninka_0060,H,,0.0762793851,0,0.1
holdout_genre_science,human_science_cyberleninka_0067,H,,0.4230239797,0,0.1
holdout_genre_science,human_science_spbgu_0001,H,,0.0044218441,0,0.1
holdout_genre_science,human_science_spbgu_0002,H,,0.0070327386,0,0.1
holdout_genre_science,human_science_spbgu_0003,H,,0.2138522523,0,0.1
holdout_genre_science,human_science_spbgu_0004,H,,0.0154630011,0,0.1
holdout_genre_science,human_science_spbgu_0005,H,,0.0434279409,0,0.1
holdout_genre_science,human_science_spbgu_0006,H,,0.0060963593,0,0.1
holdout_genre_science,human_science_spbgu_0007,H,,0.0014608495,0,0.1
holdout_genre_science,human_science_spbgu_0008,H,,0.0513471697,0,0.1
holdout_genre_science,human_science_spbgu_0009,H,,0.0012461368,0,0.1
holdout_genre_science,human_science_spbgu_0010,H,,0.0041172855,0,0.1
holdout_genre_science,human_science_spbgu_0011,H,,0.0203597353,0,0.1
holdout_genre_science,human_science_spbgu_0012,H,,0.0011151737,0,0.1
holdout_genre_science,human_science_spbgu_0013,H,,0.0009673757,0,0.1
holdout_genre_science,human_science_spbgu_0014,H,,0.1067547029,0,0.1
holdout_genre_science,human_science_spbgu_0015,H,,0.0304933342,0,0.1
holdout_genre_science,human_science_spbgu_0016,H,,0.0004754486,0,0.1
holdout_genre_science,human_science_spbgu_0017,H,,0.0121169075,0,0.1
holdout_genre_science,human_science_spbgu_0018,H,,0.0030734856,0,0.1
holdout_genre_science,human_science_spbgu_0019,H,,0.0490327932,0,0.1
holdout_genre_science,human_science_spbgu_0020,H,,0.0187844457,0,0.1
holdout_genre_science,human_science_spbgu_0021,H,,0.0009145531,0,0.1
holdout_genre_science,human_science_spbgu_0022,H,,0.0092111823,0,0.1
holdout_genre_science,human_science_spbgu_0023,H,,0.0064034310,0,0.1
holdout_genre_science,human_science_spbgu_0024,H,,0.0007387462,0,0.1
holdout_genre_science,human_science_spbgu_0025,H,,0.0012501145,0,0.1
holdout_genre_science,human_science_spbgu_0026,H,,0.0368355335,0,0.1
holdout_genre_science,human_science_spbgu_0027,H,,0.0002635485,0,0.1
holdout_genre_science,human_science_spbgu_0028,H,,0.0003677490,0,0.1
holdout_genre_science,human_science_spbgu_0029,H,,0.0003581343,0,0.1
holdout_genre_science,human_science_spbgu_0030,H,,0.0006484604,0,0.1
holdout_genre_science,human_science_spbgu_0031,H,,0.0056920385,0,0.1
holdout_genre_science,human_science_spbgu_0032,H,,0.0007724980,0,0.1
holdout_genre_science,human_science_spbgu_0033,H,,0.0001979724,0,0.1
holdout_genre_science,human_science_spbgu_0034,H,,0.0024480995,0,0.1
holdout_genre_science,human_science_spbgu_0035,H,,0.0002160418,0,0.1
holdout_genre_science,human_science_spbgu_0036,H,,0.0034255902,0,0.1
holdout_genre_science,human_science_spbgu_0037,H,,0.0115839173,0,0.1
holdout_genre_science,human_science_spbgu_0038,H,,0.0004826393,0,0.1
holdout_genre_science,human_science_spbgu_0039,H,,0.0467775949,0,0.1
holdout_genre_science,human_science_spbgu_0040,H,,0.0016518488,0,0.1
holdout_genre_science,human_science_spbgu_0041,H,,0.0013652685,0,0.1
holdout_genre_science,human_science_spbgu_0042,H,,0.0037989166,0,0.1
holdout_genre_science,human_science_spbgu_0043,H,,0.0029444865,0,0.1
holdout_genre_science,human_science_spbgu_0044,H,,0.0118222594,0,0.1
holdout_genre_science,human_science_spbgu_0045,H,,0.0017515226,0,0.1
holdout_genre_science,human_science_spbgu_0046,H,,0.0001506835,0,0.1
holdout_genre_science,human_science_spbgu_0048,H,,0.0014898008,0,0.1
holdout_genre_science,human_science_spbgu_0049,H,,0.0008107645,0,0.1
holdout_genre_science,human_science_spbgu_0050,H,,0.0147946808,0,0.1
holdout_genre_science,human_science_spbgu_0054,H,,0.0000353896,0,0.1
holdout_genre_science,human_science_spbgu_0055,H,,0.0009336015,0,0.1
holdout_genre_science,human_science_spbgu_0057,H,,0.0462504326,0,0.1
holdout_genre_science,human_science_spbgu_0059,H,,0.0039141915,0,0.1
holdout_genre_science,human_science_spbgu_0060,H,,0.0000115364,0,0.1
holdout_genre_science,human_science_spbgu_0061,H,,0.0006670472,0,0.1
holdout_genre_science,human_science_spbgu_0062,H,,0.0035931772,0,0.1
holdout_genre_science,human_science_spbgu_0063,H,,0.0384391676,0,0.1
holdout_genre_science,human_science_spbgu_0064,H,,0.0003096354,0,0.1
holdout_genre_science,human_science_spbgu_0065,H,,0.0005436342,0,0.1
holdout_genre_science,human_science_urfu_0001,H,,0.1551186915,0,0.1
holdout_genre_science,human_science_urfu_0002,H,,0.0116985273,0,0.1
holdout_genre_science,human_science_urfu_0003,H,,0.0845404245,0,0.1
holdout_genre_science,human_science_urfu_0004,H,,0.0319192192,0,0.1
holdout_genre_science,human_science_urfu_0005,H,,0.0308197225,0,0.1
holdout_genre_science,human_science_urfu_0006,H,,0.0028155663,0,0.1
holdout_genre_science,human_science_urfu_0007,H,,0.4222464192,0,0.1
holdout_genre_science,human_science_urfu_0008,H,,0.0012880481,0,0.1
holdout_genre_science,human_science_urfu_0009,H,,0.0115537167,0,0.1
holdout_genre_science,human_science_urfu_0010,H,,0.0216433661,0,0.1
holdout_genre_science,human_science_urfu_0011,H,,0.0257546259,0,0.1
holdout_genre_science,human_science_urfu_0012,H,,0.0042783478,0,0.1
holdout_genre_science,human_science_urfu_0013,H,,0.1890947753,0,0.1
holdout_genre_science,human_science_urfu_0014,H,,0.0001976095,0,0.1
holdout_genre_science,human_science_urfu_0015,H,,0.0132952168,0,0.1
holdout_genre_science,human_science_urfu_0016,H,,0.0416384770,0,0.1
holdout_genre_science,human_science_urfu_0017,H,,0.0277986498,0,0.1
holdout_genre_science,human_science_urfu_0018,H,,0.0143639404,0,0.1
holdout_genre_science,human_science_urfu_0019,H,,0.0291023079,0,0.1
holdout_genre_science,human_science_urfu_0020,H,,0.0003264836,0,0.1
holdout_genre_science,human_science_urfu_0021,H,,0.0204928146,0,0.1
holdout_genre_science,human_science_urfu_0022,H,,0.0210457501,0,0.1
holdout_genre_science,human_science_urfu_0023,H,,0.0001732638,0,0.1
holdout_genre_science,human_science_urfu_0024,H,,0.0563573428,0,0.1
holdout_genre_science,human_science_urfu_0025,H,,0.1018222009,0,0.1
holdout_genre_science,human_science_urfu_0026,H,,0.0744101636,0,0.1
holdout_genre_science,human_science_urfu_0027,H,,0.1235887440,0,0.1
holdout_genre_science,human_science_urfu_0028,H,,0.0622221385,0,0.1
holdout_genre_science,human_science_urfu_0029,H,,0.0101445694,0,0.1
holdout_genre_science,human_science_urfu_0030,H,,0.1848809800,0,0.1
holdout_genre_science,human_science_urfu_0031,H,,0.0000469480,0,0.1
holdout_genre_science,human_science_urfu_0032,H,,0.5598493983,1,0.1
holdout_genre_science,human_science_urfu_0033,H,,0.0243405043,0,0.1
holdout_genre_science,human_science_urfu_0034,H,,0.0103664412,0,0.1
holdout_genre_science,human_science_urfu_0035,H,,0.0559640261,0,0.1
holdout_genre_science,human_science_urfu_0036,H,,0.0338471108,0,0.1
holdout_genre_science,human_science_urfu_0037,H,,0.0688847846,0,0.1
holdout_genre_science,human_science_urfu_0038,H,,0.0000004392,0,0.1
holdout_genre_science,human_science_urfu_0039,H,,0.0000032103,0,0.1
holdout_genre_science,human_science_urfu_0040,H,,0.0000000013,0,0.1
holdout_genre_science,human_science_urfu_0041,H,,0.0000433641,0,0.1
holdout_genre_science,human_science_urfu_0042,H,,0.0000020164,0,0.1
holdout_genre_science,human_science_urfu_0043,H,,0.0000067982,0,0.1
holdout_genre_science,human_science_urfu_0044,H,,0.1366170340,0,0.1
holdout_genre_science,human_science_urfu_0045,H,,0.0236495292,0,0.1
holdout_genre_science,human_science_urfu_0046,H,,0.0000218203,0,0.1
holdout_genre_science,human_science_urfu_0047,H,,0.0257865832,0,0.1
holdout_genre_science,human_science_urfu_0048,H,,0.0019924764,0,0.1
holdout_genre_seo,deepseek_pro_b001_P1_r1,A,deepseek_pro,0.9999949867,1,10.0
holdout_genre_seo,deepseek_pro_b001_P1_r2,A,deepseek_pro,0.9999987904,1,10.0
holdout_genre_seo,deepseek_pro_b001_P2_r1,A,deepseek_pro,0.9999999870,1,10.0
holdout_genre_seo,deepseek_pro_b001_P2_r2,A,deepseek_pro,0.9999977961,1,10.0
holdout_genre_seo,deepseek_pro_b001_P3_r1,A,deepseek_pro,0.1276898866,0,10.0
holdout_genre_seo,deepseek_pro_b001_P3_r2,A,deepseek_pro,0.3042054475,0,10.0
holdout_genre_seo,deepseek_pro_b002_P1_r1,A,deepseek_pro,0.9999984138,1,10.0
holdout_genre_seo,deepseek_pro_b002_P1_r2,A,deepseek_pro,0.9999983595,1,10.0
holdout_genre_seo,deepseek_pro_b002_P2_r1,A,deepseek_pro,0.9999996733,1,10.0
holdout_genre_seo,deepseek_pro_b002_P2_r2,A,deepseek_pro,0.9999999002,1,10.0
holdout_genre_seo,deepseek_pro_b002_P3_r1,A,deepseek_pro,0.9384346476,1,10.0
holdout_genre_seo,deepseek_pro_b002_P3_r2,A,deepseek_pro,0.9999999079,1,10.0
holdout_genre_seo,deepseek_pro_b003_P1_r1,A,deepseek_pro,0.9999999919,1,10.0
holdout_genre_seo,deepseek_pro_b003_P1_r2,A,deepseek_pro,0.9999999466,1,10.0
holdout_genre_seo,deepseek_pro_b003_P2_r1,A,deepseek_pro,0.9999999942,1,10.0
holdout_genre_seo,deepseek_pro_b003_P2_r2,A,deepseek_pro,1.0000000000,1,10.0
holdout_genre_seo,deepseek_pro_b003_P3_r1,A,deepseek_pro,0.9999961900,1,10.0
holdout_genre_seo,deepseek_pro_b003_P3_r2,A,deepseek_pro,0.9999981536,1,10.0
holdout_genre_seo,deepseek_pro_b004_P1_r1,A,deepseek_pro,0.9999906170,1,10.0
holdout_genre_seo,deepseek_pro_b004_P1_r2,A,deepseek_pro,0.9999803917,1,10.0
holdout_genre_seo,deepseek_pro_b004_P2_r1,A,deepseek_pro,0.9999996946,1,10.0
holdout_genre_seo,deepseek_pro_b004_P2_r2,A,deepseek_pro,0.9999973664,1,10.0
holdout_genre_seo,deepseek_pro_b004_P3_r1,A,deepseek_pro,0.9973611642,1,10.0
holdout_genre_seo,deepseek_pro_b004_P3_r2,A,deepseek_pro,0.9976604611,1,10.0
holdout_genre_seo,deepseek_pro_b005_P1_r1,A,deepseek_pro,0.9999321038,1,10.0
holdout_genre_seo,deepseek_pro_b005_P1_r2,A,deepseek_pro,0.9999989795,1,10.0
holdout_genre_seo,deepseek_pro_b005_P2_r1,A,deepseek_pro,0.9999999978,1,10.0
holdout_genre_seo,deepseek_pro_b005_P2_r2,A,deepseek_pro,0.9999983640,1,10.0
holdout_genre_seo,deepseek_pro_b005_P3_r1,A,deepseek_pro,0.9999253226,1,10.0
holdout_genre_seo,deepseek_pro_b005_P3_r2,A,deepseek_pro,0.9968843183,1,10.0
holdout_genre_seo,deepseek_pro_b006_P1_r1,A,deepseek_pro,0.9998994676,1,10.0
holdout_genre_seo,deepseek_pro_b006_P1_r2,A,deepseek_pro,0.9999448711,1,10.0
holdout_genre_seo,deepseek_pro_b006_P2_r1,A,deepseek_pro,0.9999979904,1,10.0
holdout_genre_seo,deepseek_pro_b006_P2_r2,A,deepseek_pro,0.9999996911,1,10.0
holdout_genre_seo,deepseek_pro_b006_P3_r1,A,deepseek_pro,0.9999062574,1,10.0
holdout_genre_seo,deepseek_pro_b006_P3_r2,A,deepseek_pro,0.9648334197,1,10.0
holdout_genre_seo,deepseek_pro_b007_P1_r1,A,deepseek_pro,0.9999986169,1,10.0
holdout_genre_seo,deepseek_pro_b007_P1_r2,A,deepseek_pro,0.9999921077,1,10.0
holdout_genre_seo,deepseek_pro_b007_P2_r1,A,deepseek_pro,0.9999113798,1,10.0
holdout_genre_seo,deepseek_pro_b007_P2_r2,A,deepseek_pro,0.9999993448,1,10.0
holdout_genre_seo,deepseek_pro_b007_P3_r1,A,deepseek_pro,0.9999830870,1,10.0
holdout_genre_seo,deepseek_pro_b007_P3_r2,A,deepseek_pro,0.9971750847,1,10.0
holdout_genre_seo,deepseek_pro_b008_P1_r1,A,deepseek_pro,0.9999999991,1,10.0
holdout_genre_seo,deepseek_pro_b008_P1_r2,A,deepseek_pro,0.9999700359,1,10.0
holdout_genre_seo,deepseek_pro_b008_P2_r1,A,deepseek_pro,0.9999994961,1,10.0
holdout_genre_seo,deepseek_pro_b008_P2_r2,A,deepseek_pro,0.9999966588,1,10.0
holdout_genre_seo,deepseek_pro_b008_P3_r1,A,deepseek_pro,0.9999948836,1,10.0
holdout_genre_seo,deepseek_pro_b008_P3_r2,A,deepseek_pro,0.9998785369,1,10.0
holdout_genre_seo,deepseek_pro_b009_P1_r1,A,deepseek_pro,0.9999993006,1,10.0
holdout_genre_seo,deepseek_pro_b009_P1_r2,A,deepseek_pro,0.9999987360,1,10.0
holdout_genre_seo,deepseek_pro_b009_P2_r1,A,deepseek_pro,0.9999999997,1,10.0
holdout_genre_seo,deepseek_pro_b009_P2_r2,A,deepseek_pro,0.9999996684,1,10.0
holdout_genre_seo,deepseek_pro_b009_P3_r1,A,deepseek_pro,0.9999385045,1,10.0
holdout_genre_seo,deepseek_pro_b009_P3_r2,A,deepseek_pro,0.9983336529,1,10.0
holdout_genre_seo,deepseek_pro_b010_P1_r1,A,deepseek_pro,0.9996138339,1,10.0
holdout_genre_seo,deepseek_pro_b010_P1_r2,A,deepseek_pro,0.9999164451,1,10.0
holdout_genre_seo,deepseek_pro_b010_P2_r1,A,deepseek_pro,0.9815786351,1,10.0
holdout_genre_seo,deepseek_pro_b010_P2_r2,A,deepseek_pro,0.9999893779,1,10.0
holdout_genre_seo,deepseek_pro_b010_P3_r1,A,deepseek_pro,0.8621733031,1,10.0
holdout_genre_seo,deepseek_pro_b010_P3_r2,A,deepseek_pro,0.9992547407,1,10.0
holdout_genre_seo,deepseek_pro_b011_P1_r1,A,deepseek_pro,0.9998420813,1,10.0
holdout_genre_seo,deepseek_pro_b011_P1_r2,A,deepseek_pro,0.9999970159,1,10.0
holdout_genre_seo,deepseek_pro_b011_P2_r1,A,deepseek_pro,0.9999999959,1,10.0
holdout_genre_seo,deepseek_pro_b011_P2_r2,A,deepseek_pro,0.9999993650,1,10.0
holdout_genre_seo,deepseek_pro_b011_P3_r1,A,deepseek_pro,0.9999999676,1,10.0
holdout_genre_seo,deepseek_pro_b011_P3_r2,A,deepseek_pro,0.9999968138,1,10.0
holdout_genre_seo,deepseek_pro_b012_P1_r1,A,deepseek_pro,0.9999994878,1,10.0
holdout_genre_seo,deepseek_pro_b012_P1_r2,A,deepseek_pro,0.9999995362,1,10.0
holdout_genre_seo,deepseek_pro_b012_P2_r1,A,deepseek_pro,0.9999997804,1,10.0
holdout_genre_seo,deepseek_pro_b012_P2_r2,A,deepseek_pro,0.9999992547,1,10.0
holdout_genre_seo,deepseek_pro_b012_P3_r1,A,deepseek_pro,0.9988702357,1,10.0
holdout_genre_seo,deepseek_pro_b012_P3_r2,A,deepseek_pro,0.9998489386,1,10.0
holdout_genre_seo,deepseek_pro_b013_P1_r1,A,deepseek_pro,0.9999956867,1,10.0
holdout_genre_seo,deepseek_pro_b013_P1_r2,A,deepseek_pro,0.9999991737,1,10.0
holdout_genre_seo,deepseek_pro_b013_P2_r1,A,deepseek_pro,0.9999982784,1,10.0
holdout_genre_seo,deepseek_pro_b013_P2_r2,A,deepseek_pro,0.9998028526,1,10.0
holdout_genre_seo,deepseek_pro_b013_P3_r1,A,deepseek_pro,0.9995467376,1,10.0
holdout_genre_seo,deepseek_pro_b013_P3_r2,A,deepseek_pro,0.9999862043,1,10.0
holdout_genre_seo,deepseek_pro_b014_P1_r1,A,deepseek_pro,0.9992649500,1,10.0
holdout_genre_seo,deepseek_pro_b014_P1_r2,A,deepseek_pro,0.9999951679,1,10.0
holdout_genre_seo,deepseek_pro_b014_P2_r1,A,deepseek_pro,0.9999988322,1,10.0
holdout_genre_seo,deepseek_pro_b014_P2_r2,A,deepseek_pro,0.9999993926,1,10.0
holdout_genre_seo,deepseek_pro_b014_P3_r1,A,deepseek_pro,0.9999534414,1,10.0
holdout_genre_seo,deepseek_pro_b014_P3_r2,A,deepseek_pro,0.9988826569,1,10.0
holdout_genre_seo,deepseek_pro_b015_P1_r1,A,deepseek_pro,0.9999978947,1,10.0
holdout_genre_seo,deepseek_pro_b015_P1_r2,A,deepseek_pro,0.9999999497,1,10.0
holdout_genre_seo,deepseek_pro_b015_P2_r1,A,deepseek_pro,0.9999999986,1,10.0
holdout_genre_seo,deepseek_pro_b015_P2_r2,A,deepseek_pro,0.9999131003,1,10.0
holdout_genre_seo,deepseek_pro_b015_P3_r1,A,deepseek_pro,0.9989740885,1,10.0
holdout_genre_seo,deepseek_pro_b015_P3_r2,A,deepseek_pro,0.4271731916,0,10.0
holdout_genre_seo,gpt_b001_P1_r1,A,gpt,0.9997397010,1,10.0
holdout_genre_seo,gpt_b001_P1_r2,A,gpt,0.8297550817,1,10.0
holdout_genre_seo,gpt_b001_P2_r1,A,gpt,0.9999999016,1,10.0
holdout_genre_seo,gpt_b001_P2_r2,A,gpt,0.9999993097,1,10.0
holdout_genre_seo,gpt_b001_P3_r1,A,gpt,0.9999785765,1,10.0
holdout_genre_seo,gpt_b001_P3_r2,A,gpt,0.9398188825,1,10.0
holdout_genre_seo,gpt_b002_P1_r1,A,gpt,0.9999940592,1,10.0
holdout_genre_seo,gpt_b002_P1_r2,A,gpt,0.9805418280,1,10.0
holdout_genre_seo,gpt_b002_P2_r1,A,gpt,0.9999999827,1,10.0
holdout_genre_seo,gpt_b002_P2_r2,A,gpt,0.9999931615,1,10.0
holdout_genre_seo,gpt_b002_P3_r1,A,gpt,0.9999983312,1,10.0
holdout_genre_seo,gpt_b002_P3_r2,A,gpt,0.9513138124,1,10.0
holdout_genre_seo,gpt_b003_P1_r1,A,gpt,0.9999999252,1,10.0
holdout_genre_seo,gpt_b003_P1_r2,A,gpt,0.9999997743,1,10.0
holdout_genre_seo,gpt_b003_P2_r1,A,gpt,0.9999999856,1,10.0
holdout_genre_seo,gpt_b003_P2_r2,A,gpt,0.9999999985,1,10.0
holdout_genre_seo,gpt_b003_P3_r1,A,gpt,0.9999978658,1,10.0
holdout_genre_seo,gpt_b003_P3_r2,A,gpt,0.9999999300,1,10.0
holdout_genre_seo,gpt_b004_P1_r1,A,gpt,0.9984377477,1,10.0
holdout_genre_seo,gpt_b004_P1_r2,A,gpt,0.9996623075,1,10.0
holdout_genre_seo,gpt_b004_P2_r1,A,gpt,0.9999999697,1,10.0
holdout_genre_seo,gpt_b004_P2_r2,A,gpt,0.9999443030,1,10.0
holdout_genre_seo,gpt_b004_P3_r1,A,gpt,0.9995901439,1,10.0
holdout_genre_seo,gpt_b004_P3_r2,A,gpt,0.0077613811,0,10.0
holdout_genre_seo,gpt_b005_P1_r1,A,gpt,0.9999975744,1,10.0
holdout_genre_seo,gpt_b005_P1_r2,A,gpt,0.9999565702,1,10.0
holdout_genre_seo,gpt_b005_P2_r1,A,gpt,0.9999999325,1,10.0
holdout_genre_seo,gpt_b005_P2_r2,A,gpt,0.9999997249,1,10.0
holdout_genre_seo,gpt_b005_P3_r1,A,gpt,0.9999942810,1,10.0
holdout_genre_seo,gpt_b005_P3_r2,A,gpt,0.9999998271,1,10.0
holdout_genre_seo,gpt_b006_P1_r1,A,gpt,0.9999077271,1,10.0
holdout_genre_seo,gpt_b006_P1_r2,A,gpt,0.9649849350,1,10.0
holdout_genre_seo,gpt_b006_P2_r1,A,gpt,0.9999995359,1,10.0
holdout_genre_seo,gpt_b006_P2_r2,A,gpt,0.9999911849,1,10.0
holdout_genre_seo,gpt_b006_P3_r1,A,gpt,0.9994520852,1,10.0
holdout_genre_seo,gpt_b006_P3_r2,A,gpt,0.9999038014,1,10.0
holdout_genre_seo,gpt_b007_P1_r1,A,gpt,0.9999567040,1,10.0
holdout_genre_seo,gpt_b007_P1_r2,A,gpt,0.9999998626,1,10.0
holdout_genre_seo,gpt_b007_P2_r1,A,gpt,0.9999989144,1,10.0
holdout_genre_seo,gpt_b007_P2_r2,A,gpt,0.9999988181,1,10.0
holdout_genre_seo,gpt_b007_P3_r1,A,gpt,0.9997042006,1,10.0
holdout_genre_seo,gpt_b007_P3_r2,A,gpt,0.9999527610,1,10.0
holdout_genre_seo,gpt_b008_P1_r1,A,gpt,0.9999509072,1,10.0
holdout_genre_seo,gpt_b008_P1_r2,A,gpt,0.9999991647,1,10.0
holdout_genre_seo,gpt_b008_P2_r1,A,gpt,0.9999982961,1,10.0
holdout_genre_seo,gpt_b008_P2_r2,A,gpt,0.9999999841,1,10.0
holdout_genre_seo,gpt_b008_P3_r1,A,gpt,0.9999943609,1,10.0
holdout_genre_seo,gpt_b008_P3_r2,A,gpt,0.9999998638,1,10.0
holdout_genre_seo,gpt_b009_P1_r1,A,gpt,0.9999967130,1,10.0
holdout_genre_seo,gpt_b009_P1_r2,A,gpt,0.9997383712,1,10.0
holdout_genre_seo,gpt_b009_P2_r1,A,gpt,0.9999985804,1,10.0
holdout_genre_seo,gpt_b009_P2_r2,A,gpt,0.9999906783,1,10.0
holdout_genre_seo,gpt_b009_P3_r1,A,gpt,0.9999925845,1,10.0
holdout_genre_seo,gpt_b009_P3_r2,A,gpt,0.9999765166,1,10.0
holdout_genre_seo,gpt_b010_P1_r1,A,gpt,0.9958212464,1,10.0
holdout_genre_seo,gpt_b010_P1_r2,A,gpt,0.9999444844,1,10.0
holdout_genre_seo,gpt_b010_P2_r1,A,gpt,0.9999993596,1,10.0
holdout_genre_seo,gpt_b010_P2_r2,A,gpt,0.9992776867,1,10.0
holdout_genre_seo,gpt_b010_P3_r1,A,gpt,0.8858184528,1,10.0
holdout_genre_seo,gpt_b010_P3_r2,A,gpt,0.9999170682,1,10.0
holdout_genre_seo,gpt_b011_P1_r1,A,gpt,0.9999997800,1,10.0
holdout_genre_seo,gpt_b011_P1_r2,A,gpt,0.9999999913,1,10.0
holdout_genre_seo,gpt_b011_P2_r1,A,gpt,0.9999999988,1,10.0
holdout_genre_seo,gpt_b011_P2_r2,A,gpt,0.9999999996,1,10.0
holdout_genre_seo,gpt_b011_P3_r1,A,gpt,0.9999995947,1,10.0
holdout_genre_seo,gpt_b011_P3_r2,A,gpt,0.9999999606,1,10.0
holdout_genre_seo,gpt_b012_P1_r1,A,gpt,0.9998474530,1,10.0
holdout_genre_seo,gpt_b012_P1_r2,A,gpt,0.9999981973,1,10.0
holdout_genre_seo,gpt_b012_P2_r1,A,gpt,0.9999933252,1,10.0
holdout_genre_seo,gpt_b012_P2_r2,A,gpt,0.9999905383,1,10.0
holdout_genre_seo,gpt_b012_P3_r1,A,gpt,0.9967027609,1,10.0
holdout_genre_seo,gpt_b012_P3_r2,A,gpt,0.9999553060,1,10.0
holdout_genre_seo,gpt_b013_P1_r1,A,gpt,0.9999737894,1,10.0
holdout_genre_seo,gpt_b013_P1_r2,A,gpt,0.9999848912,1,10.0
holdout_genre_seo,gpt_b013_P2_r1,A,gpt,0.9999993422,1,10.0
holdout_genre_seo,gpt_b013_P2_r2,A,gpt,0.9994943168,1,10.0
holdout_genre_seo,gpt_b013_P3_r1,A,gpt,0.9996419079,1,10.0
holdout_genre_seo,gpt_b013_P3_r2,A,gpt,0.9981812209,1,10.0
holdout_genre_seo,gpt_b014_P1_r1,A,gpt,0.9999974875,1,10.0
holdout_genre_seo,gpt_b014_P1_r2,A,gpt,0.9999940166,1,10.0
holdout_genre_seo,gpt_b014_P2_r1,A,gpt,0.9999999965,1,10.0
holdout_genre_seo,gpt_b014_P2_r2,A,gpt,0.9999999993,1,10.0
holdout_genre_seo,gpt_b014_P3_r1,A,gpt,0.9999826766,1,10.0
holdout_genre_seo,gpt_b014_P3_r2,A,gpt,0.9999842723,1,10.0
holdout_genre_seo,gpt_b015_P1_r1,A,gpt,0.9999982220,1,10.0
holdout_genre_seo,gpt_b015_P1_r2,A,gpt,0.9999948558,1,10.0
holdout_genre_seo,gpt_b015_P2_r1,A,gpt,0.9999984117,1,10.0
holdout_genre_seo,gpt_b015_P2_r2,A,gpt,0.9999999697,1,10.0
holdout_genre_seo,gpt_b015_P3_r1,A,gpt,0.9999992596,1,10.0
holdout_genre_seo,gpt_b015_P3_r2,A,gpt,0.9999939252,1,10.0
holdout_genre_seo,human_hard_rusltc_0001,H,,0.0000069243,0,10.0
holdout_genre_seo,human_hard_rusltc_0002,H,,0.0000092223,0,10.0
holdout_genre_seo,human_hard_rusltc_0003,H,,0.0000001335,0,10.0
holdout_genre_seo,human_hard_rusltc_0004,H,,0.7016397650,1,10.0
holdout_genre_seo,human_hard_rusltc_0005,H,,0.0000000024,0,10.0
holdout_genre_seo,human_hard_rusltc_0006,H,,0.0000021757,0,10.0
holdout_genre_seo,human_hard_rusltc_0007,H,,0.0000016060,0,10.0
holdout_genre_seo,human_hard_rusltc_0008,H,,0.0042275511,0,10.0
holdout_genre_seo,human_hard_rusltc_0009,H,,0.0000413621,0,10.0
holdout_genre_seo,human_hard_rusltc_0010,H,,0.0000033857,0,10.0
holdout_genre_seo,human_hard_rusltc_0011,H,,0.0000002911,0,10.0
holdout_genre_seo,human_hard_rusltc_0012,H,,0.6756315595,1,10.0
holdout_genre_seo,human_hard_rusltc_0013,H,,0.9573320204,1,10.0
holdout_genre_seo,human_hard_rusltc_0014,H,,0.0000041211,0,10.0
holdout_genre_seo,human_hard_rusltc_0015,H,,0.0039225107,0,10.0
holdout_genre_seo,human_hard_rusltc_0016,H,,0.9898301864,1,10.0
holdout_genre_seo,human_hard_rusltc_0017,H,,0.0633250529,0,10.0
holdout_genre_seo,human_hard_rusltc_0018,H,,0.0000251657,0,10.0
holdout_genre_seo,human_hard_rusltc_0019,H,,0.0001646721,0,10.0
holdout_genre_seo,human_hard_rusltc_0020,H,,0.5841615494,1,10.0
holdout_genre_seo,human_hard_rusltc_0021,H,,0.0000113055,0,10.0
holdout_genre_seo,human_hard_rusltc_0022,H,,0.1209485363,0,10.0
holdout_genre_seo,human_hard_rusltc_0023,H,,0.0024261635,0,10.0
holdout_genre_seo,human_hard_rusltc_0024,H,,0.0000039121,0,10.0
holdout_genre_seo,human_hard_rusltc_0025,H,,0.9694093737,1,10.0
holdout_genre_seo,human_hard_rusltc_0026,H,,0.2121982043,0,10.0
holdout_genre_seo,human_hard_rusltc_0027,H,,0.0009657359,0,10.0
holdout_genre_seo,human_hard_rusltc_0028,H,,0.0000003916,0,10.0
holdout_genre_seo,human_hard_rusltc_0029,H,,0.0129170859,0,10.0
holdout_genre_seo,human_hard_rusltc_0030,H,,0.0000000721,0,10.0
holdout_genre_seo,human_hard_rusltc_0031,H,,0.0000000885,0,10.0
holdout_genre_seo,human_hard_rusltc_0032,H,,0.0000000002,0,10.0
holdout_genre_seo,human_hard_rusltc_0033,H,,0.0000000082,0,10.0
holdout_genre_seo,human_hard_rusltc_0034,H,,0.0002441942,0,10.0
holdout_genre_seo,human_hard_rusltc_0035,H,,0.1118968718,0,10.0
holdout_genre_seo,human_hard_rusltc_0036,H,,0.0000236265,0,10.0
holdout_genre_seo,human_hard_rusltc_0037,H,,0.0136469136,0,10.0
holdout_genre_seo,human_hard_rusltc_0038,H,,0.0000444069,0,10.0
holdout_genre_seo,human_hard_rusltc_0039,H,,0.0000000000,0,10.0
holdout_genre_seo,human_hard_rusltc_0040,H,,0.0000008643,0,10.0
holdout_genre_seo,human_hard_rusltc_0041,H,,0.0000199817,0,10.0
holdout_genre_seo,human_hard_rusltc_0042,H,,0.0000000000,0,10.0
holdout_genre_seo,human_hard_rusltc_0043,H,,0.0000030137,0,10.0
holdout_genre_seo,human_hard_rusltc_0044,H,,0.0001795574,0,10.0
holdout_genre_seo,human_hard_rusltc_0045,H,,0.0000044836,0,10.0
holdout_genre_seo,human_hard_rusltc_0046,H,,0.0058838234,0,10.0
holdout_genre_seo,human_hard_rusltc_0047,H,,0.0013585022,0,10.0
holdout_genre_seo,human_hard_rusltc_0048,H,,0.0007574675,0,10.0
holdout_genre_seo,human_hard_rusltc_0049,H,,0.2038914661,0,10.0
holdout_genre_seo,human_hard_rusltc_0050,H,,0.0000163145,0,10.0
holdout_genre_seo,human_hard_rusltc_0051,H,,0.0000000869,0,10.0
holdout_genre_seo,human_hard_rusltc_0052,H,,0.9962149710,1,10.0
holdout_genre_seo,human_hard_rusltc_0053,H,,0.0002392288,0,10.0
holdout_genre_seo,human_hard_rusltc_0054,H,,0.0000036606,0,10.0
holdout_genre_seo,human_hard_rusltc_0055,H,,0.0005373108,0,10.0
holdout_genre_seo,human_hard_rusltc_0056,H,,0.0319713283,0,10.0
holdout_genre_seo,human_hard_rusltc_0057,H,,0.0000000339,0,10.0
holdout_genre_seo,human_hard_rusltc_0058,H,,0.0003671970,0,10.0
holdout_genre_seo,human_hard_rusltc_0059,H,,0.0000009521,0,10.0
holdout_genre_seo,human_hard_rusltc_0060,H,,0.0150788034,0,10.0
holdout_genre_seo,human_hard_rusltc_0061,H,,0.0030838689,0,10.0
holdout_genre_seo,human_hard_rusltc_0062,H,,0.0000285536,0,10.0
holdout_genre_seo,human_hard_rusltc_0063,H,,0.0313897888,0,10.0
holdout_genre_seo,human_hard_rusltc_0064,H,,0.5542720405,1,10.0
holdout_genre_seo,human_hard_rusltc_0065,H,,0.9998886695,1,10.0
holdout_genre_seo,human_hard_rusltc_0066,H,,0.2471838810,0,10.0
holdout_genre_seo,human_hard_rusltc_0067,H,,0.2574775494,0,10.0
holdout_genre_seo,human_hard_rusltc_0068,H,,0.0000000020,0,10.0
holdout_genre_seo,human_hard_rusltc_0069,H,,0.0054637143,0,10.0
holdout_genre_seo,human_hard_rusltc_0070,H,,0.3151304114,0,10.0
holdout_genre_seo,human_hard_rusltc_0071,H,,0.0004515358,0,10.0
holdout_genre_seo,human_hard_rusltc_0072,H,,0.0006730979,0,10.0
holdout_genre_seo,human_hard_rusltc_0073,H,,0.0010438353,0,10.0
holdout_genre_seo,human_news_buriy_2014_0001,H,,0.0000000002,0,10.0
holdout_genre_seo,human_news_buriy_2014_0002,H,,0.0000000000,0,10.0
holdout_genre_seo,human_news_buriy_2014_0003,H,,0.0000000000,0,10.0
holdout_genre_seo,human_news_buriy_2014_0004,H,,0.0000260804,0,10.0
holdout_genre_seo,human_news_buriy_2014_0005,H,,0.0005071362,0,10.0
holdout_genre_seo,human_news_buriy_2014_0006,H,,0.9871081638,1,10.0
holdout_genre_seo,human_news_buriy_2014_0007,H,,0.4523547098,0,10.0
holdout_genre_seo,human_news_buriy_2014_0008,H,,0.0082650350,0,10.0
holdout_genre_seo,human_news_buriy_2014_0009,H,,0.0000000006,0,10.0
holdout_genre_seo,human_news_buriy_2014_0010,H,,0.0000000237,0,10.0
holdout_genre_seo,human_news_buriy_2014_0011,H,,0.0000002422,0,10.0
holdout_genre_seo,human_news_buriy_2014_0012,H,,0.0000000051,0,10.0
holdout_genre_seo,human_news_buriy_2014_0013,H,,0.0011955946,0,10.0
holdout_genre_seo,human_news_buriy_2014_0014,H,,0.0000160376,0,10.0
holdout_genre_seo,human_news_buriy_2014_0015,H,,0.0000000000,0,10.0
holdout_genre_seo,human_news_buriy_2014_0016,H,,0.0000000000,0,10.0
holdout_genre_seo,human_news_buriy_2014_0017,H,,0.9999130269,1,10.0
holdout_genre_seo,human_news_buriy_2014_0018,H,,0.0000022110,0,10.0
holdout_genre_seo,human_news_buriy_2014_0019,H,,0.9999993937,1,10.0
holdout_genre_seo,human_news_buriy_2014_0020,H,,0.0000000001,0,10.0
holdout_genre_seo,human_news_buriy_2014_0021,H,,0.0134419419,0,10.0
holdout_genre_seo,human_news_buriy_2014_0022,H,,0.0000000125,0,10.0
holdout_genre_seo,human_news_buriy_2014_0023,H,,0.0000000003,0,10.0
holdout_genre_seo,human_news_buriy_2014_0024,H,,0.0000000097,0,10.0
holdout_genre_seo,human_news_buriy_2014_0025,H,,0.0000000003,0,10.0
holdout_genre_seo,human_news_buriy_2014_0026,H,,0.0000000019,0,10.0
holdout_genre_seo,human_news_buriy_2014_0027,H,,0.0000000031,0,10.0
holdout_genre_seo,human_news_buriy_2014_0028,H,,0.0000000000,0,10.0
holdout_genre_seo,human_news_buriy_2014_0029,H,,0.0000000005,0,10.0
holdout_genre_seo,human_news_buriy_2014_0030,H,,0.0000066728,0,10.0
holdout_genre_seo,human_news_buriy_2014_0031,H,,0.0000001651,0,10.0
holdout_genre_seo,human_news_buriy_2014_0032,H,,0.0000000025,0,10.0
holdout_genre_seo,human_news_buriy_2014_0033,H,,0.0000340863,0,10.0
holdout_genre_seo,human_news_buriy_2014_0034,H,,0.0018265636,0,10.0
holdout_genre_seo,human_news_buriy_2014_0035,H,,0.0000000001,0,10.0
holdout_genre_seo,human_news_buriy_2014_0036,H,,0.0000000238,0,10.0
holdout_genre_seo,human_news_buriy_2014_0037,H,,0.0000516165,0,10.0
holdout_genre_seo,human_news_buriy_2014_0038,H,,0.0000000000,0,10.0
holdout_genre_seo,human_news_buriy_2014_0039,H,,0.0000004595,0,10.0
holdout_genre_seo,human_news_buriy_2014_0040,H,,0.0000000638,0,10.0
holdout_genre_seo,human_news_buriy_2014_0041,H,,0.0011692919,0,10.0
holdout_genre_seo,human_news_buriy_2014_0042,H,,0.0000000146,0,10.0
holdout_genre_seo,human_news_buriy_2014_0043,H,,0.0000087260,0,10.0
holdout_genre_seo,human_news_buriy_2014_0044,H,,0.0232487100,0,10.0
holdout_genre_seo,human_news_buriy_2014_0045,H,,0.9662854175,1,10.0
holdout_genre_seo,human_news_buriy_2014_0046,H,,0.0000001540,0,10.0
holdout_genre_seo,human_news_buriy_2014_0047,H,,0.0000000002,0,10.0
holdout_genre_seo,human_news_buriy_2014_0048,H,,0.0000000057,0,10.0
holdout_genre_seo,human_news_buriy_2014_0049,H,,0.0000000004,0,10.0
holdout_genre_seo,human_news_buriy_2014_0050,H,,0.0000038420,0,10.0
holdout_genre_seo,human_news_buriy_2014_0051,H,,0.9993136943,1,10.0
holdout_genre_seo,human_news_buriy_2014_0052,H,,0.0000000001,0,10.0
holdout_genre_seo,human_news_buriy_2014_0053,H,,0.0000000000,0,10.0
holdout_genre_seo,human_news_buriy_2014_0054,H,,0.7281022384,1,10.0
holdout_genre_seo,human_news_buriy_2014_0055,H,,0.0000000000,0,10.0
holdout_genre_seo,human_news_buriy_2014_0056,H,,0.0069507825,0,10.0
holdout_genre_seo,human_news_buriy_2014_0057,H,,0.0000001850,0,10.0
holdout_genre_seo,human_news_buriy_2014_0058,H,,0.0011793551,0,10.0
holdout_genre_seo,human_news_buriy_2014_0059,H,,0.0000000001,0,10.0
holdout_genre_seo,human_news_buriy_2014_0060,H,,0.0000000005,0,10.0
holdout_genre_seo,human_news_gazeta_0001,H,,0.0000698298,0,10.0
holdout_genre_seo,human_news_gazeta_0002,H,,0.0005654459,0,10.0
holdout_genre_seo,human_news_gazeta_0003,H,,0.0150280651,0,10.0
holdout_genre_seo,human_news_gazeta_0004,H,,0.0000184999,0,10.0
holdout_genre_seo,human_news_gazeta_0005,H,,0.0000000000,0,10.0
holdout_genre_seo,human_news_gazeta_0006,H,,0.0000000055,0,10.0
holdout_genre_seo,human_news_gazeta_0007,H,,0.0000000000,0,10.0
holdout_genre_seo,human_news_gazeta_0008,H,,0.8120728139,1,10.0
holdout_genre_seo,human_news_gazeta_0009,H,,0.0000000002,0,10.0
holdout_genre_seo,human_news_gazeta_0010,H,,0.0001560403,0,10.0
holdout_genre_seo,human_news_gazeta_0011,H,,0.0000000001,0,10.0
holdout_genre_seo,human_news_gazeta_0012,H,,0.0000068288,0,10.0
holdout_genre_seo,human_news_gazeta_0013,H,,0.0003550845,0,10.0
holdout_genre_seo,human_news_gazeta_0014,H,,0.0000000001,0,10.0
holdout_genre_seo,human_news_gazeta_0015,H,,0.0001454647,0,10.0
holdout_genre_seo,human_news_gazeta_0016,H,,0.0000000000,0,10.0
holdout_genre_seo,human_news_gazeta_0017,H,,0.0513431519,0,10.0
holdout_genre_seo,human_news_gazeta_0018,H,,0.0003576966,0,10.0
holdout_genre_seo,human_news_gazeta_0019,H,,0.0000002204,0,10.0
holdout_genre_seo,human_news_gazeta_0020,H,,0.0000000241,0,10.0
holdout_genre_seo,human_news_gazeta_0021,H,,0.0092706623,0,10.0
holdout_genre_seo,human_news_gazeta_0022,H,,0.0000235093,0,10.0
holdout_genre_seo,human_news_gazeta_0023,H,,0.0000000001,0,10.0
holdout_genre_seo,human_news_gazeta_0024,H,,0.0018418530,0,10.0
holdout_genre_seo,human_news_gazeta_0025,H,,0.0001323698,0,10.0
holdout_genre_seo,human_news_gazeta_0026,H,,0.0000000000,0,10.0
holdout_genre_seo,human_news_gazeta_0027,H,,0.0000000001,0,10.0
holdout_genre_seo,human_news_gazeta_0028,H,,0.0000000000,0,10.0
holdout_genre_seo,human_news_gazeta_0029,H,,0.0155468905,0,10.0
holdout_genre_seo,human_news_gazeta_0030,H,,0.3191550148,0,10.0
holdout_genre_seo,human_news_gazeta_0031,H,,0.0008399330,0,10.0
holdout_genre_seo,human_news_gazeta_0032,H,,0.0000003778,0,10.0
holdout_genre_seo,human_news_gazeta_0033,H,,0.0000142931,0,10.0
holdout_genre_seo,human_news_gazeta_0034,H,,0.0007858793,0,10.0
holdout_genre_seo,human_news_gazeta_0035,H,,0.0503347433,0,10.0
holdout_genre_seo,human_news_gazeta_0036,H,,0.0000002863,0,10.0
holdout_genre_seo,human_news_gazeta_0037,H,,0.9971079096,1,10.0
holdout_genre_seo,human_news_gazeta_0038,H,,0.0691002459,0,10.0
holdout_genre_seo,human_news_gazeta_0039,H,,0.0075969466,0,10.0
holdout_genre_seo,human_news_gazeta_0040,H,,0.0000074409,0,10.0
holdout_genre_seo,human_news_gazeta_0041,H,,0.0000000000,0,10.0
holdout_genre_seo,human_news_gazeta_0042,H,,0.0000008364,0,10.0
holdout_genre_seo,human_news_gazeta_0043,H,,0.0020545231,0,10.0
holdout_genre_seo,human_news_gazeta_0044,H,,0.0000000886,0,10.0
holdout_genre_seo,human_news_gazeta_0045,H,,0.0000000400,0,10.0
holdout_genre_seo,human_news_gazeta_0046,H,,0.0000000000,0,10.0
holdout_genre_seo,human_news_gazeta_0047,H,,0.0000000077,0,10.0
holdout_genre_seo,human_news_gazeta_0048,H,,0.0039850483,0,10.0
holdout_genre_seo,human_news_gazeta_0049,H,,0.0569774386,0,10.0
holdout_genre_seo,human_news_gazeta_0050,H,,0.0000011260,0,10.0
holdout_genre_seo,human_news_gazeta_0051,H,,0.0000002503,0,10.0
holdout_genre_seo,human_news_gazeta_0052,H,,0.0006497234,0,10.0
holdout_genre_seo,human_news_gazeta_0053,H,,0.0810902977,0,10.0
holdout_genre_seo,human_news_gazeta_0054,H,,0.2572346954,0,10.0
holdout_genre_seo,human_news_gazeta_0055,H,,0.0000000004,0,10.0
holdout_genre_seo,human_news_gazeta_0056,H,,0.0000485984,0,10.0
holdout_genre_seo,human_news_gazeta_0057,H,,0.0061468085,0,10.0
holdout_genre_seo,human_news_gazeta_0058,H,,0.0001152797,0,10.0
holdout_genre_seo,human_news_gazeta_0059,H,,0.0000000033,0,10.0
holdout_genre_seo,human_news_gazeta_0060,H,,0.0000000000,0,10.0
holdout_genre_seo,human_news_lenta_0001,H,,0.0004883051,0,10.0
holdout_genre_seo,human_news_lenta_0002,H,,0.0000000033,0,10.0
holdout_genre_seo,human_news_lenta_0004,H,,0.0000225475,0,10.0
holdout_genre_seo,human_news_lenta_0007,H,,0.0000000000,0,10.0
holdout_genre_seo,human_news_lenta_0009,H,,0.9804796038,1,10.0
holdout_genre_seo,human_news_lenta_0010,H,,0.0004123663,0,10.0
holdout_genre_seo,human_news_lenta_0012,H,,0.0000000145,0,10.0
holdout_genre_seo,human_news_lenta_0013,H,,0.0000962881,0,10.0
holdout_genre_seo,human_news_lenta_0014,H,,0.0000000052,0,10.0
holdout_genre_seo,human_news_lenta_0015,H,,0.0000308537,0,10.0
holdout_genre_seo,human_news_lenta_0016,H,,0.2688909524,0,10.0
holdout_genre_seo,human_news_lenta_0017,H,,0.0000000000,0,10.0
holdout_genre_seo,human_news_lenta_0018,H,,0.0000000000,0,10.0
holdout_genre_seo,human_news_lenta_0021,H,,0.0000159684,0,10.0
holdout_genre_seo,human_news_lenta_0022,H,,0.0000001618,0,10.0
holdout_genre_seo,human_news_lenta_0023,H,,0.1297733969,0,10.0
holdout_genre_seo,human_news_lenta_0024,H,,0.0001699434,0,10.0
holdout_genre_seo,human_news_lenta_0027,H,,0.5030810085,1,10.0
holdout_genre_seo,human_news_lenta_0029,H,,0.0489384040,0,10.0
holdout_genre_seo,human_news_lenta_0034,H,,0.0000001229,0,10.0
holdout_genre_seo,human_news_lenta_0036,H,,0.0090381089,0,10.0
holdout_genre_seo,human_news_lenta_0039,H,,0.0000036280,0,10.0
holdout_genre_seo,human_news_lenta_0040,H,,0.0331036284,0,10.0
holdout_genre_seo,human_news_lenta_0041,H,,0.0000000000,0,10.0
holdout_genre_seo,human_news_lenta_0042,H,,0.0000000000,0,10.0
holdout_genre_seo,human_news_lenta_0044,H,,0.0000000945,0,10.0
holdout_genre_seo,human_news_lenta_0045,H,,0.0000027629,0,10.0
holdout_genre_seo,human_news_lenta_0046,H,,0.0000000000,0,10.0
holdout_genre_seo,human_news_lenta_0049,H,,0.0000001937,0,10.0
holdout_genre_seo,human_news_lenta_0051,H,,0.4002975133,0,10.0
holdout_genre_seo,human_news_lenta_0053,H,,0.0000318499,0,10.0
holdout_genre_seo,human_news_lenta_0055,H,,0.0061753242,0,10.0
holdout_genre_seo,human_science_cyberleninka_0001,H,,0.0406812681,0,10.0
holdout_genre_seo,human_science_cyberleninka_0002,H,,0.9999941023,1,10.0
holdout_genre_seo,human_science_cyberleninka_0003,H,,0.3342317397,0,10.0
holdout_genre_seo,human_science_cyberleninka_0004,H,,0.9913375986,1,10.0
holdout_genre_seo,human_science_cyberleninka_0005,H,,0.0001658013,0,10.0
holdout_genre_seo,human_science_cyberleninka_0006,H,,0.0002508078,0,10.0
holdout_genre_seo,human_science_cyberleninka_0007,H,,0.0002733069,0,10.0
holdout_genre_seo,human_science_cyberleninka_0008,H,,0.9999104945,1,10.0
holdout_genre_seo,human_science_cyberleninka_0009,H,,0.9999992216,1,10.0
holdout_genre_seo,human_science_cyberleninka_0010,H,,0.1866335497,0,10.0
holdout_genre_seo,human_science_cyberleninka_0011,H,,0.9999723675,1,10.0
holdout_genre_seo,human_science_cyberleninka_0013,H,,0.9997447887,1,10.0
holdout_genre_seo,human_science_cyberleninka_0014,H,,0.3241037799,0,10.0
holdout_genre_seo,human_science_cyberleninka_0015,H,,0.0000032704,0,10.0
holdout_genre_seo,human_science_cyberleninka_0016,H,,0.9094611625,1,10.0
holdout_genre_seo,human_science_cyberleninka_0017,H,,0.9998301703,1,10.0
holdout_genre_seo,human_science_cyberleninka_0018,H,,0.8707576231,1,10.0
holdout_genre_seo,human_science_cyberleninka_0019,H,,0.8680936034,1,10.0
holdout_genre_seo,human_science_cyberleninka_0020,H,,0.0001773401,0,10.0
holdout_genre_seo,human_science_cyberleninka_0021,H,,0.1533558949,0,10.0
holdout_genre_seo,human_science_cyberleninka_0022,H,,0.0601786386,0,10.0
holdout_genre_seo,human_science_cyberleninka_0023,H,,0.9774591425,1,10.0
holdout_genre_seo,human_science_cyberleninka_0024,H,,0.9972232763,1,10.0
holdout_genre_seo,human_science_cyberleninka_0025,H,,0.0228945404,0,10.0
holdout_genre_seo,human_science_cyberleninka_0026,H,,0.8245929388,1,10.0
holdout_genre_seo,human_science_cyberleninka_0027,H,,0.9989110738,1,10.0
holdout_genre_seo,human_science_cyberleninka_0028,H,,0.0000026653,0,10.0
holdout_genre_seo,human_science_cyberleninka_0029,H,,0.8463925497,1,10.0
holdout_genre_seo,human_science_cyberleninka_0030,H,,0.9894701989,1,10.0
holdout_genre_seo,human_science_cyberleninka_0031,H,,0.9999999185,1,10.0
holdout_genre_seo,human_science_cyberleninka_0032,H,,0.9999999577,1,10.0
holdout_genre_seo,human_science_cyberleninka_0033,H,,0.9978509768,1,10.0
holdout_genre_seo,human_science_cyberleninka_0034,H,,0.9746900584,1,10.0
holdout_genre_seo,human_science_cyberleninka_0035,H,,0.9999999991,1,10.0
holdout_genre_seo,human_science_cyberleninka_0036,H,,0.0451198610,0,10.0
holdout_genre_seo,human_science_cyberleninka_0037,H,,0.9555900560,1,10.0
holdout_genre_seo,human_science_cyberleninka_0038,H,,0.9999723249,1,10.0
holdout_genre_seo,human_science_cyberleninka_0039,H,,0.0000293413,0,10.0
holdout_genre_seo,human_science_cyberleninka_0040,H,,0.9780918127,1,10.0
holdout_genre_seo,human_science_cyberleninka_0041,H,,0.9994906799,1,10.0
holdout_genre_seo,human_science_cyberleninka_0042,H,,0.9994645650,1,10.0
holdout_genre_seo,human_science_cyberleninka_0043,H,,1.0000000000,1,10.0
holdout_genre_seo,human_science_cyberleninka_0044,H,,0.8861060564,1,10.0
holdout_genre_seo,human_science_cyberleninka_0045,H,,0.0000160546,0,10.0
holdout_genre_seo,human_science_cyberleninka_0046,H,,0.0000000001,0,10.0
holdout_genre_seo,human_science_cyberleninka_0047,H,,0.9999987801,1,10.0
holdout_genre_seo,human_science_cyberleninka_0048,H,,0.0031214218,0,10.0
holdout_genre_seo,human_science_cyberleninka_0049,H,,0.0004226040,0,10.0
holdout_genre_seo,human_science_cyberleninka_0050,H,,0.0000088302,0,10.0
holdout_genre_seo,human_science_cyberleninka_0051,H,,0.6930154732,1,10.0
holdout_genre_seo,human_science_cyberleninka_0052,H,,0.6650299150,1,10.0
holdout_genre_seo,human_science_cyberleninka_0053,H,,1.0000000000,1,10.0
holdout_genre_seo,human_science_cyberleninka_0054,H,,0.0294059738,0,10.0
holdout_genre_seo,human_science_cyberleninka_0055,H,,0.9998492946,1,10.0
holdout_genre_seo,human_science_cyberleninka_0056,H,,0.0273720665,0,10.0
holdout_genre_seo,human_science_cyberleninka_0057,H,,0.5923019818,1,10.0
holdout_genre_seo,human_science_cyberleninka_0058,H,,0.9329014280,1,10.0
holdout_genre_seo,human_science_cyberleninka_0059,H,,0.0132277962,0,10.0
holdout_genre_seo,human_science_cyberleninka_0060,H,,0.5192004810,1,10.0
holdout_genre_seo,human_science_cyberleninka_0067,H,,0.3318338997,0,10.0
holdout_genre_seo,human_science_spbgu_0001,H,,0.0000122650,0,10.0
holdout_genre_seo,human_science_spbgu_0002,H,,0.0002814512,0,10.0
holdout_genre_seo,human_science_spbgu_0003,H,,0.9723130135,1,10.0
holdout_genre_seo,human_science_spbgu_0004,H,,0.8715665840,1,10.0
holdout_genre_seo,human_science_spbgu_0005,H,,0.8992096212,1,10.0
holdout_genre_seo,human_science_spbgu_0006,H,,0.2806641204,0,10.0
holdout_genre_seo,human_science_spbgu_0007,H,,0.0223997511,0,10.0
holdout_genre_seo,human_science_spbgu_0008,H,,0.2031947214,0,10.0
holdout_genre_seo,human_science_spbgu_0009,H,,0.0000000002,0,10.0
holdout_genre_seo,human_science_spbgu_0010,H,,0.0437862605,0,10.0
holdout_genre_seo,human_science_spbgu_0011,H,,0.9914917822,1,10.0
holdout_genre_seo,human_science_spbgu_0012,H,,0.1700986060,0,10.0
holdout_genre_seo,human_science_spbgu_0013,H,,0.4880721728,0,10.0
holdout_genre_seo,human_science_spbgu_0014,H,,0.9168891657,1,10.0
holdout_genre_seo,human_science_spbgu_0015,H,,0.9999931728,1,10.0
holdout_genre_seo,human_science_spbgu_0016,H,,0.9999998147,1,10.0
holdout_genre_seo,human_science_spbgu_0017,H,,0.9408766215,1,10.0
holdout_genre_seo,human_science_spbgu_0018,H,,0.9986225403,1,10.0
holdout_genre_seo,human_science_spbgu_0019,H,,0.9999608344,1,10.0
holdout_genre_seo,human_science_spbgu_0020,H,,0.0131364218,0,10.0
holdout_genre_seo,human_science_spbgu_0021,H,,0.0096713909,0,10.0
holdout_genre_seo,human_science_spbgu_0022,H,,0.0116382138,0,10.0
holdout_genre_seo,human_science_spbgu_0023,H,,0.9999808625,1,10.0
holdout_genre_seo,human_science_spbgu_0024,H,,0.0038128947,0,10.0
holdout_genre_seo,human_science_spbgu_0025,H,,0.9999995045,1,10.0
holdout_genre_seo,human_science_spbgu_0026,H,,0.9990787990,1,10.0
holdout_genre_seo,human_science_spbgu_0027,H,,0.9999850530,1,10.0
holdout_genre_seo,human_science_spbgu_0028,H,,0.0000149336,0,10.0
holdout_genre_seo,human_science_spbgu_0029,H,,0.6614248318,1,10.0
holdout_genre_seo,human_science_spbgu_0030,H,,0.9890149330,1,10.0
holdout_genre_seo,human_science_spbgu_0031,H,,0.9635457338,1,10.0
holdout_genre_seo,human_science_spbgu_0032,H,,0.0001760656,0,10.0
holdout_genre_seo,human_science_spbgu_0033,H,,0.0000000482,0,10.0
holdout_genre_seo,human_science_spbgu_0034,H,,0.9122479831,1,10.0
holdout_genre_seo,human_science_spbgu_0035,H,,0.5614967851,1,10.0
holdout_genre_seo,human_science_spbgu_0036,H,,0.1659972472,0,10.0
holdout_genre_seo,human_science_spbgu_0037,H,,0.9997803225,1,10.0
holdout_genre_seo,human_science_spbgu_0038,H,,0.0001781061,0,10.0
holdout_genre_seo,human_science_spbgu_0039,H,,0.9999999681,1,10.0
holdout_genre_seo,human_science_spbgu_0040,H,,1.0000000000,1,10.0
holdout_genre_seo,human_science_spbgu_0041,H,,0.0043423785,0,10.0
holdout_genre_seo,human_science_spbgu_0042,H,,0.9888986233,1,10.0
holdout_genre_seo,human_science_spbgu_0043,H,,0.0236453526,0,10.0
holdout_genre_seo,human_science_spbgu_0044,H,,0.9986808558,1,10.0
holdout_genre_seo,human_science_spbgu_0045,H,,0.0004650836,0,10.0
holdout_genre_seo,human_science_spbgu_0046,H,,0.0001141959,0,10.0
holdout_genre_seo,human_science_spbgu_0048,H,,0.0055366944,0,10.0
holdout_genre_seo,human_science_spbgu_0049,H,,0.0000009046,0,10.0
holdout_genre_seo,human_science_spbgu_0050,H,,0.4354548647,0,10.0
holdout_genre_seo,human_science_spbgu_0054,H,,0.9595641695,1,10.0
holdout_genre_seo,human_science_spbgu_0055,H,,0.0136030222,0,10.0
holdout_genre_seo,human_science_spbgu_0057,H,,0.2009462795,0,10.0
holdout_genre_seo,human_science_spbgu_0059,H,,0.1913483810,0,10.0
holdout_genre_seo,human_science_spbgu_0060,H,,0.0000000000,0,10.0
holdout_genre_seo,human_science_spbgu_0061,H,,0.0007423588,0,10.0
holdout_genre_seo,human_science_spbgu_0062,H,,0.9998324469,1,10.0
holdout_genre_seo,human_science_spbgu_0063,H,,0.9999978038,1,10.0
holdout_genre_seo,human_science_spbgu_0064,H,,0.0022480082,0,10.0
holdout_genre_seo,human_science_spbgu_0065,H,,0.0506090900,0,10.0
holdout_genre_seo,human_science_urfu_0001,H,,0.0439111620,0,10.0
holdout_genre_seo,human_science_urfu_0002,H,,0.5717623992,1,10.0
holdout_genre_seo,human_science_urfu_0003,H,,0.0042678852,0,10.0
holdout_genre_seo,human_science_urfu_0004,H,,0.0004132472,0,10.0
holdout_genre_seo,human_science_urfu_0005,H,,0.0001774032,0,10.0
holdout_genre_seo,human_science_urfu_0006,H,,0.0001056373,0,10.0
holdout_genre_seo,human_science_urfu_0007,H,,0.1611781437,0,10.0
holdout_genre_seo,human_science_urfu_0008,H,,0.9879726368,1,10.0
holdout_genre_seo,human_science_urfu_0009,H,,0.9999863314,1,10.0
holdout_genre_seo,human_science_urfu_0010,H,,0.0001715243,0,10.0
holdout_genre_seo,human_science_urfu_0011,H,,0.9857357402,1,10.0
holdout_genre_seo,human_science_urfu_0012,H,,0.9616401732,1,10.0
holdout_genre_seo,human_science_urfu_0013,H,,0.0938202183,0,10.0
holdout_genre_seo,human_science_urfu_0014,H,,0.9317245763,1,10.0
holdout_genre_seo,human_science_urfu_0015,H,,0.0000205908,0,10.0
holdout_genre_seo,human_science_urfu_0016,H,,0.0011336181,0,10.0
holdout_genre_seo,human_science_urfu_0017,H,,0.0000520163,0,10.0
holdout_genre_seo,human_science_urfu_0018,H,,0.0000172016,0,10.0
holdout_genre_seo,human_science_urfu_0019,H,,0.0003977957,0,10.0
holdout_genre_seo,human_science_urfu_0020,H,,0.0000000006,0,10.0
holdout_genre_seo,human_science_urfu_0021,H,,0.9999828164,1,10.0
holdout_genre_seo,human_science_urfu_0022,H,,0.8113185839,1,10.0
holdout_genre_seo,human_science_urfu_0023,H,,0.0001948129,0,10.0
holdout_genre_seo,human_science_urfu_0024,H,,0.0003125331,0,10.0
holdout_genre_seo,human_science_urfu_0025,H,,0.1023355618,0,10.0
holdout_genre_seo,human_science_urfu_0026,H,,0.0019433945,0,10.0
holdout_genre_seo,human_science_urfu_0027,H,,0.0050504022,0,10.0
holdout_genre_seo,human_science_urfu_0028,H,,0.0008264460,0,10.0
holdout_genre_seo,human_science_urfu_0029,H,,0.0000184818,0,10.0
holdout_genre_seo,human_science_urfu_0030,H,,0.2730059738,0,10.0
holdout_genre_seo,human_science_urfu_0031,H,,0.1342132299,0,10.0
holdout_genre_seo,human_science_urfu_0032,H,,0.9751650196,1,10.0
holdout_genre_seo,human_science_urfu_0033,H,,0.9860220256,1,10.0
holdout_genre_seo,human_science_urfu_0034,H,,0.9978657200,1,10.0
holdout_genre_seo,human_science_urfu_0035,H,,0.0014448298,0,10.0
holdout_genre_seo,human_science_urfu_0036,H,,0.9998818710,1,10.0
holdout_genre_seo,human_science_urfu_0037,H,,0.9998371009,1,10.0
holdout_genre_seo,human_science_urfu_0038,H,,0.9999999887,1,10.0
holdout_genre_seo,human_science_urfu_0039,H,,1.0000000000,1,10.0
holdout_genre_seo,human_science_urfu_0040,H,,0.9999408801,1,10.0
holdout_genre_seo,human_science_urfu_0041,H,,0.9999999884,1,10.0
holdout_genre_seo,human_science_urfu_0042,H,,0.9999974965,1,10.0
holdout_genre_seo,human_science_urfu_0043,H,,0.9999999563,1,10.0
holdout_genre_seo,human_science_urfu_0044,H,,0.9999999998,1,10.0
holdout_genre_seo,human_science_urfu_0045,H,,1.0000000000,1,10.0
holdout_genre_seo,human_science_urfu_0046,H,,0.9999999997,1,10.0
holdout_genre_seo,human_science_urfu_0047,H,,0.9999997770,1,10.0
holdout_genre_seo,human_science_urfu_0048,H,,0.9539700801,1,10.0
holdout_genre_seo,human_seo_alaev_0001,H,,0.0008754632,0,10.0
holdout_genre_seo,human_seo_alaev_0002,H,,0.2692346676,0,10.0
holdout_genre_seo,human_seo_alaev_0003,H,,0.0099976483,0,10.0
holdout_genre_seo,human_seo_alaev_0004,H,,0.0309064768,0,10.0
holdout_genre_seo,human_seo_alaev_0005,H,,0.0100287847,0,10.0
holdout_genre_seo,human_seo_alaev_0006,H,,0.0023032701,0,10.0
holdout_genre_seo,human_seo_alaev_0007,H,,0.0068228538,0,10.0
holdout_genre_seo,human_seo_alaev_0008,H,,0.0005445753,0,10.0
holdout_genre_seo,human_seo_alaev_0009,H,,0.0103513336,0,10.0
holdout_genre_seo,human_seo_alaev_0010,H,,0.0000296354,0,10.0
holdout_genre_seo,human_seo_alaev_0011,H,,0.0000011610,0,10.0
holdout_genre_seo,human_seo_alaev_0012,H,,0.0000062934,0,10.0
holdout_genre_seo,human_seo_alaev_0013,H,,0.0006385793,0,10.0
holdout_genre_seo,human_seo_alaev_0014,H,,0.0123446170,0,10.0
holdout_genre_seo,human_seo_alaev_0015,H,,0.0000007741,0,10.0
holdout_genre_seo,human_seo_alaev_0016,H,,0.0065452444,0,10.0
holdout_genre_seo,human_seo_alaev_0017,H,,0.0003199507,0,10.0
holdout_genre_seo,human_seo_alaev_0018,H,,0.0000001089,0,10.0
holdout_genre_seo,human_seo_alaev_0019,H,,0.0025540180,0,10.0
holdout_genre_seo,human_seo_alaev_0020,H,,0.4187221517,0,10.0
holdout_genre_seo,human_seo_alaev_0021,H,,0.0000000000,0,10.0
holdout_genre_seo,human_seo_convertmonster_0001,H,,0.3882731123,0,10.0
holdout_genre_seo,human_seo_devaka_ru_0001,H,,0.9999999595,1,10.0
holdout_genre_seo,human_seo_devaka_ru_0002,H,,0.9999751731,1,10.0
holdout_genre_seo,human_seo_devaka_ru_0003,H,,0.9799800386,1,10.0
holdout_genre_seo,human_seo_devaka_ru_0004,H,,0.9999365638,1,10.0
holdout_genre_seo,human_seo_devaka_ru_0005,H,,0.9349340914,1,10.0
holdout_genre_seo,human_seo_devaka_ru_0006,H,,1.0000000000,1,10.0
holdout_genre_seo,human_seo_devaka_ru_0007,H,,0.9990889060,1,10.0
holdout_genre_seo,human_seo_devaka_ru_0008,H,,0.0000423921,0,10.0
holdout_genre_seo,human_seo_devaka_ru_0009,H,,0.9595854170,1,10.0
holdout_genre_seo,human_seo_devaka_ru_0011,H,,0.8796124938,1,10.0
holdout_genre_seo,human_seo_devaka_ru_0012,H,,0.9893305655,1,10.0
holdout_genre_seo,human_seo_devaka_ru_0013,H,,0.0313886367,0,10.0
holdout_genre_seo,human_seo_devaka_ru_0014,H,,0.9996944454,1,10.0
holdout_genre_seo,human_seo_devaka_ru_0017,H,,0.0000006134,0,10.0
holdout_genre_seo,human_seo_devaka_ru_0018,H,,0.9939726362,1,10.0
holdout_genre_seo,human_seo_devaka_ru_0019,H,,0.0038129589,0,10.0
holdout_genre_seo,human_seo_devaka_ru_0020,H,,0.0003394787,0,10.0
holdout_genre_seo,human_seo_devaka_ru_0021,H,,0.0002377782,0,10.0
holdout_genre_seo,human_seo_devaka_ru_0022,H,,0.5433659194,1,10.0
holdout_genre_seo,human_seo_devaka_ru_0023,H,,0.0005131176,0,10.0
holdout_genre_seo,human_seo_devaka_ru_0024,H,,0.0000538043,0,10.0
holdout_genre_seo,human_seo_devaka_ru_0025,H,,0.0002257302,0,10.0
holdout_genre_seo,human_seo_devaka_ru_0026,H,,0.0381839723,0,10.0
holdout_genre_seo,human_seo_devaka_ru_0027,H,,0.0017477968,0,10.0
holdout_genre_seo,human_seo_devaka_ru_0028,H,,0.0010029821,0,10.0
holdout_genre_seo,human_seo_devaka_ru_0029,H,,0.0000804176,0,10.0
holdout_genre_seo,human_seo_devaka_ru_0030,H,,0.0000723453,0,10.0
holdout_genre_seo,human_seo_devaka_ru_0031,H,,0.0000414885,0,10.0
holdout_genre_seo,human_seo_devaka_ru_0032,H,,0.0000373164,0,10.0
holdout_genre_seo,human_seo_devaka_ru_0033,H,,0.0001516644,0,10.0
holdout_genre_seo,human_seo_devaka_ru_0034,H,,0.0001977531,0,10.0
holdout_genre_seo,human_seo_devaka_ru_0035,H,,0.0000000128,0,10.0
holdout_genre_seo,human_seo_devaka_ru_0036,H,,0.0008297447,0,10.0
holdout_genre_seo,human_seo_drmax_0001,H,,0.5601395697,1,10.0
holdout_genre_seo,human_seo_drmax_0002,H,,0.2448935390,0,10.0
holdout_genre_seo,human_seo_drmax_0003,H,,0.9648070935,1,10.0
holdout_genre_seo,human_seo_drmax_0004,H,,0.0386200500,0,10.0
holdout_genre_seo,human_seo_drmax_0005,H,,0.3351444838,0,10.0
holdout_genre_seo,human_seo_drmax_0006,H,,0.1859540666,0,10.0
holdout_genre_seo,human_seo_drmax_0007,H,,0.9154606795,1,10.0
holdout_genre_seo,human_seo_drmax_0009,H,,0.0001222725,0,10.0
holdout_genre_seo,human_seo_drmax_0010,H,,0.9228906454,1,10.0
holdout_genre_seo,human_seo_drmax_0011,H,,0.8260059493,1,10.0
holdout_genre_seo,human_seo_drmax_0012,H,,0.3609113235,0,10.0
holdout_genre_seo,human_seo_drmax_0013,H,,0.9997214080,1,10.0
holdout_genre_seo,human_seo_drmax_0014,H,,0.1320024287,0,10.0
holdout_genre_seo,human_seo_drmax_0015,H,,0.1063321306,0,10.0
holdout_genre_seo,human_seo_drmax_0016,H,,0.8259975972,1,10.0
holdout_genre_seo,human_seo_drmax_0017,H,,0.0039940119,0,10.0
holdout_genre_seo,human_seo_drmax_0018,H,,0.9850772674,1,10.0
holdout_genre_seo,human_seo_drmax_0019,H,,0.3829480558,0,10.0
holdout_genre_seo,human_seo_drmax_0020,H,,0.7535322020,1,10.0
holdout_genre_seo,human_seo_drmax_0021,H,,0.0004112202,0,10.0
holdout_genre_seo,human_seo_drmax_0024,H,,0.0009885255,0,10.0
holdout_genre_seo,human_seo_drmax_0025,H,,0.0172757760,0,10.0
holdout_genre_seo,human_seo_drmax_su_0001,H,,0.3429300357,0,10.0
holdout_genre_seo,human_seo_drmax_su_0002,H,,0.0172757760,0,10.0
holdout_genre_seo,human_seo_drmax_su_0003,H,,0.9926918071,1,10.0
holdout_genre_seo,human_seo_drmax_su_0004,H,,0.9786662682,1,10.0
holdout_genre_seo,human_seo_drmax_su_0005,H,,0.8488637784,1,10.0
holdout_genre_seo,human_seo_drmax_su_0006,H,,0.9889430360,1,10.0
holdout_genre_seo,human_seo_drmax_su_0007,H,,0.0000023813,0,10.0
holdout_genre_seo,human_seo_drmax_su_0008,H,,0.9374109221,1,10.0
holdout_genre_seo,human_seo_labrika_0001,H,,0.9953422495,1,10.0
holdout_genre_seo,human_seo_labrika_0002,H,,0.0075817195,0,10.0
holdout_genre_seo,human_seo_labrika_0003,H,,0.9120009935,1,10.0
holdout_genre_seo,human_seo_labrika_0004,H,,0.0000057177,0,10.0
holdout_genre_seo,human_seo_madcats_0001,H,,0.0000231908,0,10.0
holdout_genre_seo,human_seo_madcats_0002,H,,0.2205738530,0,10.0
holdout_genre_seo,human_seo_madcats_0003,H,,0.0456983633,0,10.0
holdout_genre_seo,human_seo_madcats_0004,H,,0.0008581217,0,10.0
holdout_genre_seo,human_seo_madcats_0005,H,,0.0005640772,0,10.0
holdout_genre_seo,human_seo_madcats_0006,H,,0.0041442052,0,10.0
holdout_genre_seo,human_seo_madcats_0007,H,,0.0000000344,0,10.0
holdout_genre_seo,human_seo_madcats_0008,H,,0.9260390949,1,10.0
holdout_genre_seo,human_seo_madcats_0009,H,,0.0000000214,0,10.0
holdout_genre_seo,human_seo_madcats_0010,H,,0.9999778199,1,10.0
holdout_genre_seo,human_seo_madcats_0011,H,,0.1010584915,0,10.0
holdout_genre_seo,human_seo_madcats_0012,H,,0.9981828940,1,10.0
holdout_genre_seo,human_seo_madcats_0013,H,,0.9999933881,1,10.0
holdout_genre_seo,human_seo_madcats_0014,H,,0.0385617375,0,10.0
holdout_genre_seo,human_seo_madcats_0015,H,,0.4288265536,0,10.0
holdout_genre_seo,human_seo_madcats_0016,H,,0.3102632502,0,10.0
holdout_genre_seo,human_seo_madcats_0017,H,,0.2749164650,0,10.0
holdout_genre_seo,human_seo_madcats_0018,H,,0.0002165107,0,10.0
holdout_genre_seo,human_seo_madcats_0019,H,,0.4847911349,0,10.0
holdout_genre_seo,human_seo_madcats_0020,H,,0.0901781126,0,10.0
holdout_genre_seo,human_seo_madcats_0021,H,,0.9235080852,1,10.0
holdout_genre_seo,human_seo_madcats_0022,H,,0.0058290198,0,10.0
holdout_genre_seo,human_seo_madcats_0023,H,,0.0021820996,0,10.0
holdout_genre_seo,human_seo_madcats_0024,H,,0.0566218579,0,10.0
holdout_genre_seo,human_seo_madcats_0025,H,,0.9996144601,1,10.0
holdout_genre_seo,human_seo_madcats_0026,H,,0.0000122724,0,10.0
holdout_genre_seo,human_seo_madcats_0027,H,,0.9603141893,1,10.0
holdout_genre_seo,human_seo_madcats_0028,H,,0.8533300455,1,10.0
holdout_genre_seo,human_seo_madcats_0029,H,,0.9414978027,1,10.0
holdout_genre_seo,human_seo_madcats_0030,H,,0.9987572430,1,10.0
holdout_genre_seo,human_seo_madcats_ru_0001,H,,0.8348414560,1,10.0
holdout_genre_seo,human_seo_madcats_ru_0002,H,,0.7565042552,1,10.0
holdout_genre_seo,human_seo_madcats_ru_0003,H,,0.1486777709,0,10.0
holdout_genre_seo,human_seo_madcats_ru_0004,H,,0.9990388147,1,10.0
holdout_genre_seo,human_seo_madcats_ru_0005,H,,0.9961898727,1,10.0
holdout_genre_seo,human_seo_madcats_ru_0006,H,,0.9830540118,1,10.0
holdout_genre_seo,human_seo_madcats_ru_0007,H,,0.0045542744,0,10.0
holdout_genre_seo,human_seo_madcats_ru_0008,H,,0.0002456056,0,10.0
holdout_genre_seo,human_seo_madcats_ru_0009,H,,0.0000002855,0,10.0
holdout_genre_seo,human_seo_madcats_ru_0010,H,,0.0000000556,0,10.0
holdout_genre_seo,human_seo_madcats_ru_0012,H,,0.0000122329,0,10.0
holdout_genre_seo,human_seo_optimizatorsha_ru_0001,H,,0.0003996059,0,10.0
holdout_genre_seo,human_seo_optimizatorsha_ru_0002,H,,0.8563898928,1,10.0
holdout_genre_seo,human_seo_optimizatorsha_ru_0003,H,,0.1508476808,0,10.0
holdout_genre_seo,human_seo_optimizatorsha_ru_0004,H,,0.1331328045,0,10.0
holdout_genre_seo,human_seo_optimizatorsha_ru_0005,H,,0.0011843429,0,10.0
holdout_genre_seo,human_seo_seoprofy_ua_0001,H,,0.9897442728,1,10.0
holdout_genre_seo,human_seo_seoprofy_ua_0002,H,,0.0628230348,0,10.0
holdout_genre_seo,human_seo_seoprofy_ua_0003,H,,0.1217077022,0,10.0
holdout_genre_seo,human_seo_seopulses_0003,H,,0.0453145161,0,10.0
holdout_genre_seo,human_seo_seopulses_0005,H,,0.0406178552,0,10.0
holdout_genre_seo,human_seo_seopulses_0006,H,,0.9669781014,1,10.0
holdout_genre_seo,human_seo_seopulses_0007,H,,0.0007771521,0,10.0
holdout_genre_seo,human_seo_seopulses_0012,H,,0.6675173844,1,10.0
holdout_genre_seo,human_seo_seopulses_0014,H,,0.0189117089,0,10.0
holdout_genre_seo,human_seo_seopulses_0016,H,,0.1056736337,0,10.0
holdout_genre_seo,human_seo_seopulses_0017,H,,0.8303702682,1,10.0
holdout_genre_seo,human_seo_seopulses_0018,H,,0.9412525231,1,10.0
holdout_genre_seo,human_seo_seopulses_0020,H,,0.0005533327,0,10.0
holdout_genre_seo,human_seo_seopulses_0022,H,,0.4553498351,0,10.0
holdout_genre_seo,human_seo_seopulses_0025,H,,0.9964178988,1,10.0
holdout_genre_seo,human_seo_seopulses_ru_0001,H,,0.9998958290,1,10.0
holdout_genre_seo,human_seo_seopulses_ru_0002,H,,0.9998695910,1,10.0
holdout_genre_seo,human_seo_seopulses_ru_0003,H,,0.7237461631,1,10.0
holdout_genre_seo,human_seo_seopulses_ru_0004,H,,0.9999198868,1,10.0
holdout_genre_seo,human_seo_seopulses_ru_0005,H,,0.4675925392,0,10.0
holdout_genre_seo,human_seo_shakin_0001,H,,0.0520021852,0,10.0
holdout_genre_seo,human_seo_shakin_0002,H,,0.0100471909,0,10.0
holdout_genre_seo,human_seo_shakin_0003,H,,0.0011014094,0,10.0
holdout_genre_seo,human_seo_shakin_0004,H,,0.0006305749,0,10.0
holdout_genre_seo,human_seo_shakin_0005,H,,0.0000297230,0,10.0
holdout_genre_seo,human_seo_shakin_0007,H,,0.0026070762,0,10.0
holdout_genre_seo,human_seo_shakin_0008,H,,0.0000931229,0,10.0
holdout_genre_seo,human_seo_shakin_0009,H,,0.0000363839,0,10.0
holdout_genre_seo,human_seo_shakin_0010,H,,0.0000000214,0,10.0
holdout_genre_seo,human_seo_shakin_0011,H,,0.0000031753,0,10.0
holdout_genre_seo,human_seo_shakin_0012,H,,0.0004452787,0,10.0
holdout_genre_seo,human_seo_shakin_0013,H,,0.0000000020,0,10.0
holdout_genre_seo,human_seo_shakin_0014,H,,0.0393773250,0,10.0
holdout_genre_seo,human_seo_shakin_0015,H,,0.0000001587,0,10.0
holdout_genre_seo,human_seo_shakin_0017,H,,0.7825229888,1,10.0
holdout_genre_seo,human_seo_shakin_0018,H,,0.2721993711,0,10.0
holdout_genre_seo,human_seo_shakin_0019,H,,0.0000007200,0,10.0
holdout_genre_seo,human_seo_shakin_0020,H,,0.0000029709,0,10.0
holdout_genre_seo,human_seo_shakin_ru_0001,H,,0.4121850880,0,10.0
holdout_genre_seo,human_seo_shakin_ru_0002,H,,0.8519068501,1,10.0
holdout_genre_seo,human_seo_shakin_ru_0003,H,,0.4264371466,0,10.0
holdout_genre_seo,human_seo_sosnovskij_0007,H,,0.0994074290,0,10.0
holdout_genre_seo,human_seo_sosnovskij_0011,H,,0.1825776947,0,10.0
holdout_genre_seo,human_seo_sosnovskij_0012,H,,0.4549284782,0,10.0
holdout_genre_seo,human_seo_sosnovskij_0015,H,,0.9445189630,1,10.0
holdout_genre_seo,human_seo_sosnovskij_0016,H,,0.7172055755,1,10.0
holdout_genre_seo,human_seo_sosnovskij_0019,H,,0.9922824222,1,10.0
holdout_genre_seo,human_seo_sosnovskij_0021,H,,0.1552438514,0,10.0
holdout_genre_seo,human_seo_sosnovskij_0022,H,,0.9793257000,1,10.0
holdout_genre_seo,human_seo_sosnovskij_0025,H,,0.9672952678,1,10.0
holdout_genre_seo,human_seo_sosnovskij_0028,H,,0.3445351190,0,10.0
holdout_genre_seo,human_seo_sosnovskij_0029,H,,0.9892168082,1,10.0
holdout_genre_seo,human_seo_sosnovskij_0030,H,,0.0000761727,0,10.0
holdout_genre_seo,human_seo_sosnovskij_0032,H,,0.1536209813,0,10.0
holdout_genre_seo,human_seo_sosnovskij_0033,H,,0.9708152475,1,10.0
holdout_genre_seo,human_seo_sosnovskij_0034,H,,0.9948032227,1,10.0
holdout_genre_seo,human_seo_sosnovskij_0035,H,,0.5477845977,1,10.0
holdout_genre_seo,human_seo_sosnovskij_0036,H,,0.3756351206,0,10.0
holdout_genre_seo,human_seo_sosnovskij_0037,H,,0.6945234143,1,10.0
holdout_genre_seo,human_seo_sosnovskij_0039,H,,0.9096835727,1,10.0
holdout_genre_seo,human_seo_sosnovskij_ru_0001,H,,0.9973698164,1,10.0
holdout_genre_seo,human_seo_sosnovskij_ru_0002,H,,0.9995729086,1,10.0
holdout_genre_seo,human_seo_sosnovskij_ru_0003,H,,0.0000000334,0,10.0
holdout_genre_seo,human_seo_sosnovskij_ru_0004,H,,0.9999492019,1,10.0
holdout_genre_seo,human_seo_sosnovskij_ru_0005,H,,0.0219366056,0,10.0
holdout_genre_seo,human_seo_sosnovskij_ru_0006,H,,0.9938020693,1,10.0
holdout_genre_seo,human_seo_sosnovskij_ru_0007,H,,0.9421825349,1,10.0
holdout_genre_seo,human_seo_sosnovskij_ru_0010,H,,0.9649792993,1,10.0
holdout_genre_seo,human_seo_sosnovskij_ru_0011,H,,0.2451685431,0,10.0
holdout_genre_seo,human_seo_sosnovskij_ru_0012,H,,0.4869745207,0,10.0
holdout_genre_seo,human_seo_sosnovskij_ru_0013,H,,0.0120648549,0,10.0
holdout_genre_seo,human_seo_sosnovskij_ru_0014,H,,0.4776208812,0,10.0
holdout_genre_seo,human_seo_sosnovskij_ru_0015,H,,0.9475208266,1,10.0
holdout_genre_seo,human_seo_sosnovskij_ru_0018,H,,0.5223125225,1,10.0
holdout_genre_seo,human_seo_sosnovskij_ru_0019,H,,0.6131357633,1,10.0
holdout_genre_seo,human_seo_sosnovskij_ru_0021,H,,0.9659057386,1,10.0
holdout_genre_seo,human_seo_sosnovskij_ru_0022,H,,0.0091201291,0,10.0
holdout_genre_seo,human_seo_author_archive_0001,H,,0.4114352391,0,10.0
holdout_genre_seo,human_seo_author_archive_0002,H,,0.0002581707,0,10.0
holdout_genre_seo,human_seo_author_archive_0003,H,,0.9683004715,1,10.0
holdout_genre_seo,human_seo_author_archive_0004,H,,0.0000014379,0,10.0
holdout_genre_seo,human_seo_author_archive_0005,H,,0.0805710434,0,10.0
holdout_genre_seo,human_seo_author_archive_0006,H,,0.0427858831,0,10.0
holdout_genre_seo,human_seo_texterra_ru_0001,H,,0.9862347104,1,10.0
holdout_genre_seo,human_seo_texterra_ru_0002,H,,0.0193685576,0,10.0
holdout_genre_seo,human_seo_texterra_ru_0003,H,,0.5679929427,1,10.0
holdout_genre_seo,human_seo_texterra_ru_0004,H,,0.0106346191,0,10.0
holdout_genre_seo,human_seo_texterra_ru_0005,H,,0.9998180774,1,10.0
holdout_genre_seo,human_seo_texterra_ru_0006,H,,0.9908883816,1,10.0
holdout_genre_seo,human_seo_texterra_ru_0007,H,,0.0138153220,0,10.0
holdout_genre_seo,human_seo_texterra_ru_0008,H,,0.9757483449,1,10.0
holdout_genre_seo,human_seo_texterra_ru_0009,H,,0.7213128541,1,10.0
holdout_genre_seo,human_seo_texterra_ru_0010,H,,0.0009037796,0,10.0
holdout_genre_seo,human_seo_texterra_ru_0011,H,,0.9982978594,1,10.0
holdout_genre_seo,human_seo_texterra_ru_0012,H,,0.9823936497,1,10.0
holdout_genre_seo,human_seo_texterra_ru_0018,H,,0.0000367703,0,10.0
holdout_genre_seo,nemotron_b001_P1_r1,A,nemotron,0.9999999946,1,10.0
holdout_genre_seo,nemotron_b001_P1_r2,A,nemotron,0.9999999968,1,10.0
holdout_genre_seo,nemotron_b001_P2_r1,A,nemotron,0.9999987366,1,10.0
holdout_genre_seo,nemotron_b001_P2_r2,A,nemotron,0.9999088351,1,10.0
holdout_genre_seo,nemotron_b001_P3_r1,A,nemotron,0.9990511883,1,10.0
holdout_genre_seo,nemotron_b001_P3_r2,A,nemotron,0.9999999250,1,10.0
holdout_genre_seo,nemotron_b002_P1_r1,A,nemotron,0.9999999738,1,10.0
holdout_genre_seo,nemotron_b002_P1_r2,A,nemotron,0.9999992859,1,10.0
holdout_genre_seo,nemotron_b002_P2_r1,A,nemotron,0.9999999986,1,10.0
holdout_genre_seo,nemotron_b002_P2_r2,A,nemotron,0.9999999865,1,10.0
holdout_genre_seo,nemotron_b002_P3_r1,A,nemotron,0.9996427546,1,10.0
holdout_genre_seo,nemotron_b002_P3_r2,A,nemotron,0.9993904642,1,10.0
holdout_genre_seo,nemotron_b003_P1_r1,A,nemotron,1.0000000000,1,10.0
holdout_genre_seo,nemotron_b003_P1_r2,A,nemotron,1.0000000000,1,10.0
holdout_genre_seo,nemotron_b003_P2_r1,A,nemotron,1.0000000000,1,10.0
holdout_genre_seo,nemotron_b003_P2_r2,A,nemotron,1.0000000000,1,10.0
holdout_genre_seo,nemotron_b003_P3_r1,A,nemotron,0.9999999998,1,10.0
holdout_genre_seo,nemotron_b003_P3_r2,A,nemotron,0.9999997536,1,10.0
holdout_genre_seo,nemotron_b004_P1_r1,A,nemotron,0.9999999253,1,10.0
holdout_genre_seo,nemotron_b004_P1_r2,A,nemotron,0.9999887940,1,10.0
holdout_genre_seo,nemotron_b004_P2_r1,A,nemotron,0.9999823034,1,10.0
holdout_genre_seo,nemotron_b004_P2_r2,A,nemotron,0.9999999824,1,10.0
holdout_genre_seo,nemotron_b004_P3_r1,A,nemotron,0.9996611314,1,10.0
holdout_genre_seo,nemotron_b004_P3_r2,A,nemotron,0.9995906650,1,10.0
holdout_genre_seo,nemotron_b005_P1_r1,A,nemotron,0.9997672107,1,10.0
holdout_genre_seo,nemotron_b005_P1_r2,A,nemotron,0.9999907318,1,10.0
holdout_genre_seo,nemotron_b005_P2_r1,A,nemotron,0.9999999466,1,10.0
holdout_genre_seo,nemotron_b005_P2_r2,A,nemotron,0.9999832384,1,10.0
holdout_genre_seo,nemotron_b005_P3_r1,A,nemotron,0.9997305892,1,10.0
holdout_genre_seo,nemotron_b005_P3_r2,A,nemotron,0.9999852547,1,10.0
holdout_genre_seo,nemotron_b006_P1_r1,A,nemotron,0.9997636913,1,10.0
holdout_genre_seo,nemotron_b006_P1_r2,A,nemotron,0.9999932973,1,10.0
holdout_genre_seo,nemotron_b006_P2_r1,A,nemotron,0.9999997201,1,10.0
holdout_genre_seo,nemotron_b006_P2_r2,A,nemotron,0.9999423555,1,10.0
holdout_genre_seo,nemotron_b006_P3_r1,A,nemotron,0.9993396995,1,10.0
holdout_genre_seo,nemotron_b006_P3_r2,A,nemotron,0.9998828824,1,10.0
holdout_genre_seo,nemotron_b007_P1_r1,A,nemotron,0.9999999623,1,10.0
holdout_genre_seo,nemotron_b007_P1_r2,A,nemotron,0.9999999999,1,10.0
holdout_genre_seo,nemotron_b007_P2_r1,A,nemotron,0.9999999996,1,10.0
holdout_genre_seo,nemotron_b007_P2_r2,A,nemotron,0.9999999997,1,10.0
holdout_genre_seo,nemotron_b007_P3_r1,A,nemotron,0.9999999989,1,10.0
holdout_genre_seo,nemotron_b007_P3_r2,A,nemotron,0.9999999746,1,10.0
holdout_genre_seo,nemotron_b008_P1_r1,A,nemotron,0.9999999964,1,10.0
holdout_genre_seo,nemotron_b008_P1_r2,A,nemotron,0.9999999994,1,10.0
holdout_genre_seo,nemotron_b008_P2_r1,A,nemotron,0.9999999991,1,10.0
holdout_genre_seo,nemotron_b008_P2_r2,A,nemotron,0.9999999981,1,10.0
holdout_genre_seo,nemotron_b008_P3_r1,A,nemotron,0.9999822935,1,10.0
holdout_genre_seo,nemotron_b008_P3_r2,A,nemotron,0.9999933000,1,10.0
holdout_genre_seo,nemotron_b009_P1_r1,A,nemotron,1.0000000000,1,10.0
holdout_genre_seo,nemotron_b009_P1_r2,A,nemotron,1.0000000000,1,10.0
holdout_genre_seo,nemotron_b009_P2_r1,A,nemotron,0.9999995228,1,10.0
holdout_genre_seo,nemotron_b009_P2_r2,A,nemotron,1.0000000000,1,10.0
holdout_genre_seo,nemotron_b009_P3_r1,A,nemotron,0.9999999731,1,10.0
holdout_genre_seo,nemotron_b009_P3_r2,A,nemotron,0.9999999975,1,10.0
holdout_genre_seo,nemotron_b010_P1_r1,A,nemotron,0.9999990685,1,10.0
holdout_genre_seo,nemotron_b010_P1_r2,A,nemotron,0.9995133487,1,10.0
holdout_genre_seo,nemotron_b010_P2_r1,A,nemotron,0.9999999980,1,10.0
holdout_genre_seo,nemotron_b010_P2_r2,A,nemotron,0.9999999958,1,10.0
holdout_genre_seo,nemotron_b010_P3_r1,A,nemotron,0.9999864930,1,10.0
holdout_genre_seo,nemotron_b010_P3_r2,A,nemotron,0.9999704518,1,10.0
holdout_genre_seo,nemotron_b011_P1_r1,A,nemotron,0.9999999902,1,10.0
holdout_genre_seo,nemotron_b011_P1_r2,A,nemotron,0.9999999839,1,10.0
holdout_genre_seo,nemotron_b011_P2_r1,A,nemotron,1.0000000000,1,10.0
holdout_genre_seo,nemotron_b011_P2_r2,A,nemotron,0.9999999998,1,10.0
holdout_genre_seo,nemotron_b011_P3_r1,A,nemotron,0.9999999534,1,10.0
holdout_genre_seo,nemotron_b011_P3_r2,A,nemotron,0.9999993893,1,10.0
holdout_genre_seo,nemotron_b012_P1_r1,A,nemotron,0.9999999470,1,10.0
holdout_genre_seo,nemotron_b012_P1_r2,A,nemotron,0.9999741742,1,10.0
holdout_genre_seo,nemotron_b012_P2_r1,A,nemotron,0.9999856026,1,10.0
holdout_genre_seo,nemotron_b012_P2_r2,A,nemotron,0.9998938482,1,10.0
holdout_genre_seo,nemotron_b012_P3_r1,A,nemotron,0.9999961259,1,10.0
holdout_genre_seo,nemotron_b012_P3_r2,A,nemotron,0.9999455476,1,10.0
holdout_genre_seo,nemotron_b013_P1_r1,A,nemotron,1.0000000000,1,10.0
holdout_genre_seo,nemotron_b013_P1_r2,A,nemotron,0.9999718381,1,10.0
holdout_genre_seo,nemotron_b013_P2_r1,A,nemotron,0.9999986676,1,10.0
holdout_genre_seo,nemotron_b013_P2_r2,A,nemotron,0.9999984590,1,10.0
holdout_genre_seo,nemotron_b013_P3_r1,A,nemotron,0.9999999834,1,10.0
holdout_genre_seo,nemotron_b013_P3_r2,A,nemotron,0.9999728300,1,10.0
holdout_genre_seo,nemotron_b014_P1_r1,A,nemotron,0.9999999869,1,10.0
holdout_genre_seo,nemotron_b014_P1_r2,A,nemotron,0.9999990515,1,10.0
holdout_genre_seo,nemotron_b014_P2_r1,A,nemotron,0.9999993503,1,10.0
holdout_genre_seo,nemotron_b014_P2_r2,A,nemotron,0.9999999939,1,10.0
holdout_genre_seo,nemotron_b014_P3_r1,A,nemotron,0.9999703395,1,10.0
holdout_genre_seo,nemotron_b014_P3_r2,A,nemotron,0.9999979984,1,10.0
holdout_genre_seo,nemotron_b015_P1_r1,A,nemotron,0.9999998164,1,10.0
holdout_genre_seo,nemotron_b015_P1_r2,A,nemotron,0.9998562048,1,10.0
holdout_genre_seo,nemotron_b015_P2_r1,A,nemotron,0.9987782607,1,10.0
holdout_genre_seo,nemotron_b015_P2_r2,A,nemotron,0.9992082771,1,10.0
holdout_genre_seo,nemotron_b015_P3_r1,A,nemotron,0.8782533017,1,10.0
holdout_genre_seo,nemotron_b015_P3_r2,A,nemotron,0.2447480027,0,10.0
holdout_genre_seo,real_claude_b001_P1_r1,A,real_claude,0.9999985216,1,10.0
holdout_genre_seo,real_claude_b001_P1_r2,A,real_claude,0.9999991253,1,10.0
holdout_genre_seo,real_claude_b001_P2_r1,A,real_claude,0.9999755592,1,10.0
holdout_genre_seo,real_claude_b001_P2_r2,A,real_claude,0.9999825577,1,10.0
holdout_genre_seo,real_claude_b001_P3_r1,A,real_claude,0.9999033157,1,10.0
holdout_genre_seo,real_claude_b001_P3_r2,A,real_claude,0.9998581120,1,10.0
holdout_genre_seo,real_claude_b002_P1_r1,A,real_claude,0.9999890338,1,10.0
holdout_genre_seo,real_claude_b002_P1_r2,A,real_claude,0.9999911073,1,10.0
holdout_genre_seo,real_claude_b002_P2_r1,A,real_claude,0.9999149102,1,10.0
holdout_genre_seo,real_claude_b002_P2_r2,A,real_claude,0.9999365336,1,10.0
holdout_genre_seo,real_claude_b002_P3_r1,A,real_claude,0.9999026695,1,10.0
holdout_genre_seo,real_claude_b002_P3_r2,A,real_claude,0.9999900487,1,10.0
holdout_genre_seo,real_claude_b003_P1_r1,A,real_claude,0.9999977452,1,10.0
holdout_genre_seo,real_claude_b003_P1_r2,A,real_claude,0.9999427518,1,10.0
holdout_genre_seo,real_claude_b003_P2_r1,A,real_claude,0.9999992842,1,10.0
holdout_genre_seo,real_claude_b003_P2_r2,A,real_claude,0.9999999989,1,10.0
holdout_genre_seo,real_claude_b003_P3_r1,A,real_claude,0.9999747289,1,10.0
holdout_genre_seo,real_claude_b003_P3_r2,A,real_claude,0.9999778064,1,10.0
holdout_genre_seo,real_claude_b004_P1_r1,A,real_claude,0.9999934358,1,10.0
holdout_genre_seo,real_claude_b004_P1_r2,A,real_claude,0.9999738020,1,10.0
holdout_genre_seo,real_claude_b004_P2_r1,A,real_claude,0.9999724688,1,10.0
holdout_genre_seo,real_claude_b004_P2_r2,A,real_claude,0.9999996673,1,10.0
holdout_genre_seo,real_claude_b004_P3_r1,A,real_claude,0.9999868875,1,10.0
holdout_genre_seo,real_claude_b004_P3_r2,A,real_claude,0.9999945809,1,10.0
holdout_genre_seo,real_claude_b005_P1_r1,A,real_claude,0.9999999404,1,10.0
holdout_genre_seo,real_claude_b005_P1_r2,A,real_claude,0.9999962716,1,10.0
holdout_genre_seo,real_claude_b005_P2_r1,A,real_claude,0.9999791657,1,10.0
holdout_genre_seo,real_claude_b005_P2_r2,A,real_claude,0.9997091816,1,10.0
holdout_genre_seo,real_claude_b005_P3_r1,A,real_claude,0.9999821346,1,10.0
holdout_genre_seo,real_claude_b005_P3_r2,A,real_claude,0.9999995538,1,10.0
holdout_genre_seo,real_claude_b006_P1_r1,A,real_claude,0.9999135035,1,10.0
holdout_genre_seo,real_claude_b006_P1_r2,A,real_claude,0.9999024291,1,10.0
holdout_genre_seo,real_claude_b006_P2_r1,A,real_claude,0.9999970471,1,10.0
holdout_genre_seo,real_claude_b006_P2_r2,A,real_claude,0.9999997829,1,10.0
holdout_genre_seo,real_claude_b006_P3_r1,A,real_claude,0.9994307538,1,10.0
holdout_genre_seo,real_claude_b006_P3_r2,A,real_claude,0.9616614442,1,10.0
holdout_genre_seo,real_claude_b007_P1_r1,A,real_claude,0.9994084203,1,10.0
holdout_genre_seo,real_claude_b007_P1_r2,A,real_claude,0.9999902704,1,10.0
holdout_genre_seo,real_claude_b007_P2_r1,A,real_claude,0.9842155258,1,10.0
holdout_genre_seo,real_claude_b007_P2_r2,A,real_claude,0.9997351652,1,10.0
holdout_genre_seo,real_claude_b007_P3_r1,A,real_claude,0.9999870567,1,10.0
holdout_genre_seo,real_claude_b007_P3_r2,A,real_claude,0.9998458386,1,10.0
holdout_genre_seo,real_claude_b008_P1_r1,A,real_claude,0.9999268845,1,10.0
holdout_genre_seo,real_claude_b008_P1_r2,A,real_claude,0.9998556826,1,10.0
holdout_genre_seo,real_claude_b008_P2_r1,A,real_claude,0.9999917124,1,10.0
holdout_genre_seo,real_claude_b008_P2_r2,A,real_claude,0.9998953694,1,10.0
holdout_genre_seo,real_claude_b008_P3_r1,A,real_claude,0.9999970698,1,10.0
holdout_genre_seo,real_claude_b008_P3_r2,A,real_claude,0.9964460959,1,10.0
holdout_genre_seo,real_claude_b009_P1_r1,A,real_claude,0.9999660883,1,10.0
holdout_genre_seo,real_claude_b009_P1_r2,A,real_claude,0.9999628438,1,10.0
holdout_genre_seo,real_claude_b009_P2_r1,A,real_claude,0.9999897010,1,10.0
holdout_genre_seo,real_claude_b009_P2_r2,A,real_claude,0.9999986981,1,10.0
holdout_genre_seo,real_claude_b009_P3_r1,A,real_claude,0.9999999406,1,10.0
holdout_genre_seo,real_claude_b009_P3_r2,A,real_claude,0.9999737611,1,10.0
holdout_genre_seo,real_claude_b010_P1_r1,A,real_claude,0.9969118270,1,10.0
holdout_genre_seo,real_claude_b010_P1_r2,A,real_claude,0.9928916886,1,10.0
holdout_genre_seo,real_claude_b010_P2_r1,A,real_claude,0.9999071559,1,10.0
holdout_genre_seo,real_claude_b010_P2_r2,A,real_claude,0.9999989606,1,10.0
holdout_genre_seo,real_claude_b010_P3_r1,A,real_claude,0.9993191778,1,10.0
holdout_genre_seo,real_claude_b010_P3_r2,A,real_claude,0.9999213098,1,10.0
holdout_genre_seo,real_claude_b011_P1_r1,A,real_claude,0.9999999980,1,10.0
holdout_genre_seo,real_claude_b011_P1_r2,A,real_claude,0.9999998899,1,10.0
holdout_genre_seo,real_claude_b011_P2_r1,A,real_claude,0.9999999444,1,10.0
holdout_genre_seo,real_claude_b011_P2_r2,A,real_claude,0.9999999950,1,10.0
holdout_genre_seo,real_claude_b011_P3_r1,A,real_claude,0.9999973264,1,10.0
holdout_genre_seo,real_claude_b011_P3_r2,A,real_claude,0.9999990843,1,10.0
holdout_genre_seo,real_claude_b012_P1_r1,A,real_claude,0.9995338125,1,10.0
holdout_genre_seo,real_claude_b012_P1_r2,A,real_claude,0.9999853579,1,10.0
holdout_genre_seo,real_claude_b012_P2_r1,A,real_claude,0.9999935153,1,10.0
holdout_genre_seo,real_claude_b012_P2_r2,A,real_claude,0.9999929986,1,10.0
holdout_genre_seo,real_claude_b012_P3_r1,A,real_claude,0.9998170048,1,10.0
holdout_genre_seo,real_claude_b012_P3_r2,A,real_claude,0.9999952370,1,10.0
holdout_genre_seo,real_claude_b013_P1_r1,A,real_claude,0.9999950295,1,10.0
holdout_genre_seo,real_claude_b013_P1_r2,A,real_claude,0.9999538612,1,10.0
holdout_genre_seo,real_claude_b013_P2_r1,A,real_claude,0.9999694551,1,10.0
holdout_genre_seo,real_claude_b013_P2_r2,A,real_claude,0.9999912568,1,10.0
holdout_genre_seo,real_claude_b013_P3_r1,A,real_claude,0.9998991996,1,10.0
holdout_genre_seo,real_claude_b013_P3_r2,A,real_claude,0.9999948388,1,10.0
holdout_genre_seo,real_claude_b014_P1_r1,A,real_claude,0.9999813015,1,10.0
holdout_genre_seo,real_claude_b014_P1_r2,A,real_claude,0.9999547263,1,10.0
holdout_genre_seo,real_claude_b014_P2_r1,A,real_claude,0.9999991225,1,10.0
holdout_genre_seo,real_claude_b014_P2_r2,A,real_claude,0.9999997218,1,10.0
holdout_genre_seo,real_claude_b014_P3_r1,A,real_claude,0.9993349639,1,10.0
holdout_genre_seo,real_claude_b014_P3_r2,A,real_claude,0.9999586419,1,10.0
holdout_genre_seo,real_claude_b015_P1_r1,A,real_claude,0.9997418725,1,10.0
holdout_genre_seo,real_claude_b015_P1_r2,A,real_claude,0.9999999853,1,10.0
holdout_genre_seo,real_claude_b015_P2_r1,A,real_claude,0.9998160243,1,10.0
holdout_genre_seo,real_claude_b015_P2_r2,A,real_claude,0.9999999546,1,10.0
holdout_genre_seo,real_claude_b015_P3_r1,A,real_claude,0.9999842403,1,10.0
holdout_genre_seo,real_claude_b015_P3_r2,A,real_claude,0.9998540641,1,10.0
holdout_genre_translation,human_hard_rusltc_0001,H,,0.0065516677,0,0.1
holdout_genre_translation,human_hard_rusltc_0002,H,,0.0012190808,0,0.1
holdout_genre_translation,human_hard_rusltc_0003,H,,0.0268210652,0,0.1
holdout_genre_translation,human_hard_rusltc_0004,H,,0.1833883509,0,0.1
holdout_genre_translation,human_hard_rusltc_0005,H,,0.0001134782,0,0.1
holdout_genre_translation,human_hard_rusltc_0006,H,,0.0150894929,0,0.1
holdout_genre_translation,human_hard_rusltc_0007,H,,0.0009645276,0,0.1
holdout_genre_translation,human_hard_rusltc_0008,H,,0.0208272355,0,0.1
holdout_genre_translation,human_hard_rusltc_0009,H,,0.0133227008,0,0.1
holdout_genre_translation,human_hard_rusltc_0010,H,,0.0056011598,0,0.1
holdout_genre_translation,human_hard_rusltc_0011,H,,0.0109188272,0,0.1
holdout_genre_translation,human_hard_rusltc_0012,H,,0.0745646075,0,0.1
holdout_genre_translation,human_hard_rusltc_0013,H,,0.5572831528,1,0.1
holdout_genre_translation,human_hard_rusltc_0014,H,,0.0086619227,0,0.1
holdout_genre_translation,human_hard_rusltc_0015,H,,0.0139326819,0,0.1
holdout_genre_translation,human_hard_rusltc_0016,H,,0.2577260385,0,0.1
holdout_genre_translation,human_hard_rusltc_0017,H,,0.1260205141,0,0.1
holdout_genre_translation,human_hard_rusltc_0018,H,,0.0246358636,0,0.1
holdout_genre_translation,human_hard_rusltc_0019,H,,0.0028161046,0,0.1
holdout_genre_translation,human_hard_rusltc_0020,H,,0.0045501965,0,0.1
holdout_genre_translation,human_hard_rusltc_0021,H,,0.0263940088,0,0.1
holdout_genre_translation,human_hard_rusltc_0022,H,,0.1260668973,0,0.1
holdout_genre_translation,human_hard_rusltc_0023,H,,0.0616064064,0,0.1
holdout_genre_translation,human_hard_rusltc_0024,H,,0.0171833423,0,0.1
holdout_genre_translation,human_hard_rusltc_0025,H,,0.1545776713,0,0.1
holdout_genre_translation,human_hard_rusltc_0026,H,,0.3427127566,0,0.1
holdout_genre_translation,human_hard_rusltc_0027,H,,0.0210608441,0,0.1
holdout_genre_translation,human_hard_rusltc_0028,H,,0.0009703741,0,0.1
holdout_genre_translation,human_hard_rusltc_0029,H,,0.2583128042,0,0.1
holdout_genre_translation,human_hard_rusltc_0030,H,,0.0010672802,0,0.1
holdout_genre_translation,human_hard_rusltc_0031,H,,0.0028148757,0,0.1
holdout_genre_translation,human_hard_rusltc_0032,H,,0.0002393210,0,0.1
holdout_genre_translation,human_hard_rusltc_0033,H,,0.0010304251,0,0.1
holdout_genre_translation,human_hard_rusltc_0034,H,,0.0111990159,0,0.1
holdout_genre_translation,human_hard_rusltc_0035,H,,0.1955149250,0,0.1
holdout_genre_translation,human_hard_rusltc_0036,H,,0.0813584562,0,0.1
holdout_genre_translation,human_hard_rusltc_0037,H,,0.0732388744,0,0.1
holdout_genre_translation,human_hard_rusltc_0038,H,,0.0155367369,0,0.1
holdout_genre_translation,human_hard_rusltc_0039,H,,0.0007767588,0,0.1
holdout_genre_translation,human_hard_rusltc_0040,H,,0.0093912023,0,0.1
holdout_genre_translation,human_hard_rusltc_0041,H,,0.0280345873,0,0.1
holdout_genre_translation,human_hard_rusltc_0042,H,,0.0000033146,0,0.1
holdout_genre_translation,human_hard_rusltc_0043,H,,0.0567129833,0,0.1
holdout_genre_translation,human_hard_rusltc_0044,H,,0.1333694891,0,0.1
holdout_genre_translation,human_hard_rusltc_0045,H,,0.0110813297,0,0.1
holdout_genre_translation,human_hard_rusltc_0046,H,,0.0457261835,0,0.1
holdout_genre_translation,human_hard_rusltc_0047,H,,0.0410788910,0,0.1
holdout_genre_translation,human_hard_rusltc_0048,H,,0.0820107266,0,0.1
holdout_genre_translation,human_hard_rusltc_0049,H,,0.0016495357,0,0.1
holdout_genre_translation,human_hard_rusltc_0050,H,,0.0066440263,0,0.1
holdout_genre_translation,human_hard_rusltc_0051,H,,0.0024487140,0,0.1
holdout_genre_translation,human_hard_rusltc_0052,H,,0.5200345816,1,0.1
holdout_genre_translation,human_hard_rusltc_0053,H,,0.0440785737,0,0.1
holdout_genre_translation,human_hard_rusltc_0054,H,,0.0015903178,0,0.1
holdout_genre_translation,human_hard_rusltc_0055,H,,0.0277511730,0,0.1
holdout_genre_translation,human_hard_rusltc_0056,H,,0.1479714265,0,0.1
holdout_genre_translation,human_hard_rusltc_0057,H,,0.0004106410,0,0.1
holdout_genre_translation,human_hard_rusltc_0058,H,,0.0283085739,0,0.1
holdout_genre_translation,human_hard_rusltc_0059,H,,0.0062815765,0,0.1
holdout_genre_translation,human_hard_rusltc_0060,H,,0.0246660075,0,0.1
holdout_genre_translation,human_hard_rusltc_0061,H,,0.0065079159,0,0.1
holdout_genre_translation,human_hard_rusltc_0062,H,,0.0203306058,0,0.1
holdout_genre_translation,human_hard_rusltc_0063,H,,0.0292928403,0,0.1
holdout_genre_translation,human_hard_rusltc_0064,H,,0.6378016013,1,0.1
holdout_genre_translation,human_hard_rusltc_0065,H,,0.0131997911,0,0.1
holdout_genre_translation,human_hard_rusltc_0066,H,,0.1267226699,0,0.1
holdout_genre_translation,human_hard_rusltc_0067,H,,0.0207182273,0,0.1
holdout_genre_translation,human_hard_rusltc_0068,H,,0.0000457593,0,0.1
holdout_genre_translation,human_hard_rusltc_0069,H,,0.0640450433,0,0.1
holdout_genre_translation,human_hard_rusltc_0070,H,,0.1962992570,0,0.1
holdout_genre_translation,human_hard_rusltc_0071,H,,0.0162489726,0,0.1
holdout_genre_translation,human_hard_rusltc_0072,H,,0.0775694234,0,0.1
holdout_genre_translation,human_hard_rusltc_0073,H,,0.0439062499,0,0.1
holdout_genre_translation,human_news_buriy_2014_0001,H,,0.0008414703,0,0.1
holdout_genre_translation,human_news_buriy_2014_0002,H,,0.0002568912,0,0.1
holdout_genre_translation,human_news_buriy_2014_0003,H,,0.0014455065,0,0.1
holdout_genre_translation,human_news_buriy_2014_0004,H,,0.0000582020,0,0.1
holdout_genre_translation,human_news_buriy_2014_0005,H,,0.0197072522,0,0.1
holdout_genre_translation,human_news_buriy_2014_0006,H,,0.0010218771,0,0.1
holdout_genre_translation,human_news_buriy_2014_0007,H,,0.0323005577,0,0.1
holdout_genre_translation,human_news_buriy_2014_0008,H,,0.0131839644,0,0.1
holdout_genre_translation,human_news_buriy_2014_0009,H,,0.0013930744,0,0.1
holdout_genre_translation,human_news_buriy_2014_0010,H,,0.0000255488,0,0.1
holdout_genre_translation,human_news_buriy_2014_0011,H,,0.0010720688,0,0.1
holdout_genre_translation,human_news_buriy_2014_0012,H,,0.0005075861,0,0.1
holdout_genre_translation,human_news_buriy_2014_0013,H,,0.0100751717,0,0.1
holdout_genre_translation,human_news_buriy_2014_0014,H,,0.0036338438,0,0.1
holdout_genre_translation,human_news_buriy_2014_0015,H,,0.0002832758,0,0.1
holdout_genre_translation,human_news_buriy_2014_0016,H,,0.0003298076,0,0.1
holdout_genre_translation,human_news_buriy_2014_0017,H,,0.6031931011,1,0.1
holdout_genre_translation,human_news_buriy_2014_0018,H,,0.0030189894,0,0.1
holdout_genre_translation,human_news_buriy_2014_0019,H,,0.0384629346,0,0.1
holdout_genre_translation,human_news_buriy_2014_0020,H,,0.0000162707,0,0.1
holdout_genre_translation,human_news_buriy_2014_0021,H,,0.1979752743,0,0.1
holdout_genre_translation,human_news_buriy_2014_0022,H,,0.0003154986,0,0.1
holdout_genre_translation,human_news_buriy_2014_0023,H,,0.0000665348,0,0.1
holdout_genre_translation,human_news_buriy_2014_0024,H,,0.0015732030,0,0.1
holdout_genre_translation,human_news_buriy_2014_0025,H,,0.0010640998,0,0.1
holdout_genre_translation,human_news_buriy_2014_0026,H,,0.0014957635,0,0.1
holdout_genre_translation,human_news_buriy_2014_0027,H,,0.0008139916,0,0.1
holdout_genre_translation,human_news_buriy_2014_0028,H,,0.0001194265,0,0.1
holdout_genre_translation,human_news_buriy_2014_0029,H,,0.0006290554,0,0.1
holdout_genre_translation,human_news_buriy_2014_0030,H,,0.0208065469,0,0.1
holdout_genre_translation,human_news_buriy_2014_0031,H,,0.0014937262,0,0.1
holdout_genre_translation,human_news_buriy_2014_0032,H,,0.0009075069,0,0.1
holdout_genre_translation,human_news_buriy_2014_0033,H,,0.0020004132,0,0.1
holdout_genre_translation,human_news_buriy_2014_0034,H,,0.0251726682,0,0.1
holdout_genre_translation,human_news_buriy_2014_0035,H,,0.0001475747,0,0.1
holdout_genre_translation,human_news_buriy_2014_0036,H,,0.0027775693,0,0.1
holdout_genre_translation,human_news_buriy_2014_0037,H,,0.0011148620,0,0.1
holdout_genre_translation,human_news_buriy_2014_0038,H,,0.0001241104,0,0.1
holdout_genre_translation,human_news_buriy_2014_0039,H,,0.0025745544,0,0.1
holdout_genre_translation,human_news_buriy_2014_0040,H,,0.0022510085,0,0.1
holdout_genre_translation,human_news_buriy_2014_0041,H,,0.0403005147,0,0.1
holdout_genre_translation,human_news_buriy_2014_0042,H,,0.0003554593,0,0.1
holdout_genre_translation,human_news_buriy_2014_0043,H,,0.0045107043,0,0.1
holdout_genre_translation,human_news_buriy_2014_0044,H,,0.0102045427,0,0.1
holdout_genre_translation,human_news_buriy_2014_0045,H,,0.0035054122,0,0.1
holdout_genre_translation,human_news_buriy_2014_0046,H,,0.0021957697,0,0.1
holdout_genre_translation,human_news_buriy_2014_0047,H,,0.0006628518,0,0.1
holdout_genre_translation,human_news_buriy_2014_0048,H,,0.0005901262,0,0.1
holdout_genre_translation,human_news_buriy_2014_0049,H,,0.0000612665,0,0.1
holdout_genre_translation,human_news_buriy_2014_0050,H,,0.0057612500,0,0.1
holdout_genre_translation,human_news_buriy_2014_0051,H,,0.6708629771,1,0.1
holdout_genre_translation,human_news_buriy_2014_0052,H,,0.0002420411,0,0.1
holdout_genre_translation,human_news_buriy_2014_0053,H,,0.0000129620,0,0.1
holdout_genre_translation,human_news_buriy_2014_0054,H,,0.1157861681,0,0.1
holdout_genre_translation,human_news_buriy_2014_0055,H,,0.0000313933,0,0.1
holdout_genre_translation,human_news_buriy_2014_0056,H,,0.1510713823,0,0.1
holdout_genre_translation,human_news_buriy_2014_0057,H,,0.0005173937,0,0.1
holdout_genre_translation,human_news_buriy_2014_0058,H,,0.0155844789,0,0.1
holdout_genre_translation,human_news_buriy_2014_0059,H,,0.0002586167,0,0.1
holdout_genre_translation,human_news_buriy_2014_0060,H,,0.0004261190,0,0.1
holdout_genre_translation,human_news_gazeta_0001,H,,0.0104652713,0,0.1
holdout_genre_translation,human_news_gazeta_0002,H,,0.1934517332,0,0.1
holdout_genre_translation,human_news_gazeta_0003,H,,0.1621619176,0,0.1
holdout_genre_translation,human_news_gazeta_0004,H,,0.0112293511,0,0.1
holdout_genre_translation,human_news_gazeta_0005,H,,0.0004393112,0,0.1
holdout_genre_translation,human_news_gazeta_0006,H,,0.0017809141,0,0.1
holdout_genre_translation,human_news_gazeta_0007,H,,0.0007300253,0,0.1
holdout_genre_translation,human_news_gazeta_0008,H,,0.0297816220,0,0.1
holdout_genre_translation,human_news_gazeta_0009,H,,0.0011530266,0,0.1
holdout_genre_translation,human_news_gazeta_0010,H,,0.0478746510,0,0.1
holdout_genre_translation,human_news_gazeta_0011,H,,0.0001196049,0,0.1
holdout_genre_translation,human_news_gazeta_0012,H,,0.0108998617,0,0.1
holdout_genre_translation,human_news_gazeta_0013,H,,0.0321204060,0,0.1
holdout_genre_translation,human_news_gazeta_0014,H,,0.0000514189,0,0.1
holdout_genre_translation,human_news_gazeta_0015,H,,0.0188921455,0,0.1
holdout_genre_translation,human_news_gazeta_0016,H,,0.0001224842,0,0.1
holdout_genre_translation,human_news_gazeta_0017,H,,0.0888459408,0,0.1
holdout_genre_translation,human_news_gazeta_0018,H,,0.0413964309,0,0.1
holdout_genre_translation,human_news_gazeta_0019,H,,0.0007493186,0,0.1
holdout_genre_translation,human_news_gazeta_0020,H,,0.0004283520,0,0.1
holdout_genre_translation,human_news_gazeta_0021,H,,0.0183153761,0,0.1
holdout_genre_translation,human_news_gazeta_0022,H,,0.0208212975,0,0.1
holdout_genre_translation,human_news_gazeta_0023,H,,0.0003616001,0,0.1
holdout_genre_translation,human_news_gazeta_0024,H,,0.0038479333,0,0.1
holdout_genre_translation,human_news_gazeta_0025,H,,0.0056498276,0,0.1
holdout_genre_translation,human_news_gazeta_0026,H,,0.0008482718,0,0.1
holdout_genre_translation,human_news_gazeta_0027,H,,0.0014370392,0,0.1
holdout_genre_translation,human_news_gazeta_0028,H,,0.0003036686,0,0.1
holdout_genre_translation,human_news_gazeta_0029,H,,0.0400635330,0,0.1
holdout_genre_translation,human_news_gazeta_0030,H,,0.3700613528,0,0.1
holdout_genre_translation,human_news_gazeta_0031,H,,0.0324939844,0,0.1
holdout_genre_translation,human_news_gazeta_0032,H,,0.0017036330,0,0.1
holdout_genre_translation,human_news_gazeta_0033,H,,0.0066572947,0,0.1
holdout_genre_translation,human_news_gazeta_0034,H,,0.1285622017,0,0.1
holdout_genre_translation,human_news_gazeta_0035,H,,0.0599455199,0,0.1
holdout_genre_translation,human_news_gazeta_0036,H,,0.0032316929,0,0.1
holdout_genre_translation,human_news_gazeta_0037,H,,0.2377013958,0,0.1
holdout_genre_translation,human_news_gazeta_0038,H,,0.2790832429,0,0.1
holdout_genre_translation,human_news_gazeta_0039,H,,0.0313810364,0,0.1
holdout_genre_translation,human_news_gazeta_0040,H,,0.0192485111,0,0.1
holdout_genre_translation,human_news_gazeta_0041,H,,0.0002172591,0,0.1
holdout_genre_translation,human_news_gazeta_0042,H,,0.0072675734,0,0.1
holdout_genre_translation,human_news_gazeta_0043,H,,0.0743750974,0,0.1
holdout_genre_translation,human_news_gazeta_0044,H,,0.0011294199,0,0.1
holdout_genre_translation,human_news_gazeta_0045,H,,0.0015489871,0,0.1
holdout_genre_translation,human_news_gazeta_0046,H,,0.0002554153,0,0.1
holdout_genre_translation,human_news_gazeta_0047,H,,0.0052127724,0,0.1
holdout_genre_translation,human_news_gazeta_0048,H,,0.1004177878,0,0.1
holdout_genre_translation,human_news_gazeta_0049,H,,0.1134723894,0,0.1
holdout_genre_translation,human_news_gazeta_0050,H,,0.0069429098,0,0.1
holdout_genre_translation,human_news_gazeta_0051,H,,0.0019713221,0,0.1
holdout_genre_translation,human_news_gazeta_0052,H,,0.1534881623,0,0.1
holdout_genre_translation,human_news_gazeta_0053,H,,0.0449253864,0,0.1
holdout_genre_translation,human_news_gazeta_0054,H,,0.0381788030,0,0.1
holdout_genre_translation,human_news_gazeta_0055,H,,0.0007178264,0,0.1
holdout_genre_translation,human_news_gazeta_0056,H,,0.0033873824,0,0.1
holdout_genre_translation,human_news_gazeta_0057,H,,0.0758702970,0,0.1
holdout_genre_translation,human_news_gazeta_0058,H,,0.0084366822,0,0.1
holdout_genre_translation,human_news_gazeta_0059,H,,0.0028448253,0,0.1
holdout_genre_translation,human_news_gazeta_0060,H,,0.0004565348,0,0.1
holdout_genre_translation,human_news_lenta_0001,H,,0.0519090441,0,0.1
holdout_genre_translation,human_news_lenta_0002,H,,0.0018965595,0,0.1
holdout_genre_translation,human_news_lenta_0004,H,,0.0369553550,0,0.1
holdout_genre_translation,human_news_lenta_0007,H,,0.0000000000,0,0.1
holdout_genre_translation,human_news_lenta_0009,H,,0.0074791167,0,0.1
holdout_genre_translation,human_news_lenta_0010,H,,0.0000002328,0,0.1
holdout_genre_translation,human_news_lenta_0012,H,,0.0027906971,0,0.1
holdout_genre_translation,human_news_lenta_0013,H,,0.0445618856,0,0.1
holdout_genre_translation,human_news_lenta_0014,H,,0.0042485896,0,0.1
holdout_genre_translation,human_news_lenta_0015,H,,0.0458591438,0,0.1
holdout_genre_translation,human_news_lenta_0016,H,,0.0088620986,0,0.1
holdout_genre_translation,human_news_lenta_0017,H,,0.0000016895,0,0.1
holdout_genre_translation,human_news_lenta_0018,H,,0.0000107380,0,0.1
holdout_genre_translation,human_news_lenta_0021,H,,0.0534449236,0,0.1
holdout_genre_translation,human_news_lenta_0022,H,,0.0007498163,0,0.1
holdout_genre_translation,human_news_lenta_0023,H,,0.1041343010,0,0.1
holdout_genre_translation,human_news_lenta_0024,H,,0.0219384224,0,0.1
holdout_genre_translation,human_news_lenta_0027,H,,0.2570363490,0,0.1
holdout_genre_translation,human_news_lenta_0029,H,,0.0998773659,0,0.1
holdout_genre_translation,human_news_lenta_0034,H,,0.0021053907,0,0.1
holdout_genre_translation,human_news_lenta_0036,H,,0.0069418972,0,0.1
holdout_genre_translation,human_news_lenta_0039,H,,0.0000000005,0,0.1
holdout_genre_translation,human_news_lenta_0040,H,,0.1717968314,0,0.1
holdout_genre_translation,human_news_lenta_0041,H,,0.0001634393,0,0.1
holdout_genre_translation,human_news_lenta_0042,H,,0.0000506941,0,0.1
holdout_genre_translation,human_news_lenta_0044,H,,0.0025685244,0,0.1
holdout_genre_translation,human_news_lenta_0045,H,,0.0490520665,0,0.1
holdout_genre_translation,human_news_lenta_0046,H,,0.0000133910,0,0.1
holdout_genre_translation,human_news_lenta_0049,H,,0.0113033438,0,0.1
holdout_genre_translation,human_news_lenta_0051,H,,0.0101101234,0,0.1
holdout_genre_translation,human_news_lenta_0053,H,,0.0003079232,0,0.1
holdout_genre_translation,human_news_lenta_0055,H,,0.1310671485,0,0.1
holdout_genre_translation,human_science_cyberleninka_0001,H,,0.0592182672,0,0.1
holdout_genre_translation,human_science_cyberleninka_0002,H,,0.7382061479,1,0.1
holdout_genre_translation,human_science_cyberleninka_0003,H,,0.0620374360,0,0.1
holdout_genre_translation,human_science_cyberleninka_0004,H,,0.0851125218,0,0.1
holdout_genre_translation,human_science_cyberleninka_0005,H,,0.0197706786,0,0.1
holdout_genre_translation,human_science_cyberleninka_0006,H,,0.1506567434,0,0.1
holdout_genre_translation,human_science_cyberleninka_0007,H,,0.2393298595,0,0.1
holdout_genre_translation,human_science_cyberleninka_0008,H,,0.0010393325,0,0.1
holdout_genre_translation,human_science_cyberleninka_0009,H,,0.3456719249,0,0.1
holdout_genre_translation,human_science_cyberleninka_0010,H,,0.0033723058,0,0.1
holdout_genre_translation,human_science_cyberleninka_0011,H,,0.0100481694,0,0.1
holdout_genre_translation,human_science_cyberleninka_0013,H,,0.4637777728,0,0.1
holdout_genre_translation,human_science_cyberleninka_0014,H,,0.2347215585,0,0.1
holdout_genre_translation,human_science_cyberleninka_0015,H,,0.0009018819,0,0.1
holdout_genre_translation,human_science_cyberleninka_0016,H,,0.0326688579,0,0.1
holdout_genre_translation,human_science_cyberleninka_0017,H,,0.0262615027,0,0.1
holdout_genre_translation,human_science_cyberleninka_0018,H,,0.6852056264,1,0.1
holdout_genre_translation,human_science_cyberleninka_0019,H,,0.5490022863,1,0.1
holdout_genre_translation,human_science_cyberleninka_0020,H,,0.0098543048,0,0.1
holdout_genre_translation,human_science_cyberleninka_0021,H,,0.6196342376,1,0.1
holdout_genre_translation,human_science_cyberleninka_0022,H,,0.0032189904,0,0.1
holdout_genre_translation,human_science_cyberleninka_0023,H,,0.7665439035,1,0.1
holdout_genre_translation,human_science_cyberleninka_0024,H,,0.6150610313,1,0.1
holdout_genre_translation,human_science_cyberleninka_0025,H,,0.0571673948,0,0.1
holdout_genre_translation,human_science_cyberleninka_0026,H,,0.0151053620,0,0.1
holdout_genre_translation,human_science_cyberleninka_0027,H,,0.1284346023,0,0.1
holdout_genre_translation,human_science_cyberleninka_0028,H,,0.0002999305,0,0.1
holdout_genre_translation,human_science_cyberleninka_0029,H,,0.0624484683,0,0.1
holdout_genre_translation,human_science_cyberleninka_0030,H,,0.0012093467,0,0.1
holdout_genre_translation,human_science_cyberleninka_0031,H,,0.1927190590,0,0.1
holdout_genre_translation,human_science_cyberleninka_0032,H,,0.0647242694,0,0.1
holdout_genre_translation,human_science_cyberleninka_0033,H,,0.7697332441,1,0.1
holdout_genre_translation,human_science_cyberleninka_0034,H,,0.0018310792,0,0.1
holdout_genre_translation,human_science_cyberleninka_0035,H,,0.4420785872,0,0.1
holdout_genre_translation,human_science_cyberleninka_0036,H,,0.4044833629,0,0.1
holdout_genre_translation,human_science_cyberleninka_0037,H,,0.3416354492,0,0.1
holdout_genre_translation,human_science_cyberleninka_0038,H,,0.1816424818,0,0.1
holdout_genre_translation,human_science_cyberleninka_0039,H,,0.0654057951,0,0.1
holdout_genre_translation,human_science_cyberleninka_0040,H,,0.0044058016,0,0.1
holdout_genre_translation,human_science_cyberleninka_0041,H,,0.1307095296,0,0.1
holdout_genre_translation,human_science_cyberleninka_0042,H,,0.0014154300,0,0.1
holdout_genre_translation,human_science_cyberleninka_0043,H,,0.1482237707,0,0.1
holdout_genre_translation,human_science_cyberleninka_0044,H,,0.7867921678,1,0.1
holdout_genre_translation,human_science_cyberleninka_0045,H,,0.0046342533,0,0.1
holdout_genre_translation,human_science_cyberleninka_0046,H,,0.0009953480,0,0.1
holdout_genre_translation,human_science_cyberleninka_0047,H,,0.0126032150,0,0.1
holdout_genre_translation,human_science_cyberleninka_0048,H,,0.0003709982,0,0.1
holdout_genre_translation,human_science_cyberleninka_0049,H,,0.0012856710,0,0.1
holdout_genre_translation,human_science_cyberleninka_0050,H,,0.0028169861,0,0.1
holdout_genre_translation,human_science_cyberleninka_0051,H,,0.2088535246,0,0.1
holdout_genre_translation,human_science_cyberleninka_0052,H,,0.2795610642,0,0.1
holdout_genre_translation,human_science_cyberleninka_0053,H,,0.0002474616,0,0.1
holdout_genre_translation,human_science_cyberleninka_0054,H,,0.0686122037,0,0.1
holdout_genre_translation,human_science_cyberleninka_0055,H,,0.0311806343,0,0.1
holdout_genre_translation,human_science_cyberleninka_0056,H,,0.0754800088,0,0.1
holdout_genre_translation,human_science_cyberleninka_0057,H,,0.2057827024,0,0.1
holdout_genre_translation,human_science_cyberleninka_0058,H,,0.5938570363,1,0.1
holdout_genre_translation,human_science_cyberleninka_0059,H,,0.7283546400,1,0.1
holdout_genre_translation,human_science_cyberleninka_0060,H,,0.0762793851,0,0.1
holdout_genre_translation,human_science_cyberleninka_0067,H,,0.4230239797,0,0.1
holdout_genre_translation,human_science_spbgu_0001,H,,0.0044218441,0,0.1
holdout_genre_translation,human_science_spbgu_0002,H,,0.0070327386,0,0.1
holdout_genre_translation,human_science_spbgu_0003,H,,0.2138522523,0,0.1
holdout_genre_translation,human_science_spbgu_0004,H,,0.0154630011,0,0.1
holdout_genre_translation,human_science_spbgu_0005,H,,0.0434279409,0,0.1
holdout_genre_translation,human_science_spbgu_0006,H,,0.0060963593,0,0.1
holdout_genre_translation,human_science_spbgu_0007,H,,0.0014608495,0,0.1
holdout_genre_translation,human_science_spbgu_0008,H,,0.0513471697,0,0.1
holdout_genre_translation,human_science_spbgu_0009,H,,0.0012461368,0,0.1
holdout_genre_translation,human_science_spbgu_0010,H,,0.0041172855,0,0.1
holdout_genre_translation,human_science_spbgu_0011,H,,0.0203597353,0,0.1
holdout_genre_translation,human_science_spbgu_0012,H,,0.0011151737,0,0.1
holdout_genre_translation,human_science_spbgu_0013,H,,0.0009673757,0,0.1
holdout_genre_translation,human_science_spbgu_0014,H,,0.1067547029,0,0.1
holdout_genre_translation,human_science_spbgu_0015,H,,0.0304933342,0,0.1
holdout_genre_translation,human_science_spbgu_0016,H,,0.0004754486,0,0.1
holdout_genre_translation,human_science_spbgu_0017,H,,0.0121169075,0,0.1
holdout_genre_translation,human_science_spbgu_0018,H,,0.0030734856,0,0.1
holdout_genre_translation,human_science_spbgu_0019,H,,0.0490327932,0,0.1
holdout_genre_translation,human_science_spbgu_0020,H,,0.0187844457,0,0.1
holdout_genre_translation,human_science_spbgu_0021,H,,0.0009145531,0,0.1
holdout_genre_translation,human_science_spbgu_0022,H,,0.0092111823,0,0.1
holdout_genre_translation,human_science_spbgu_0023,H,,0.0064034310,0,0.1
holdout_genre_translation,human_science_spbgu_0024,H,,0.0007387462,0,0.1
holdout_genre_translation,human_science_spbgu_0025,H,,0.0012501145,0,0.1
holdout_genre_translation,human_science_spbgu_0026,H,,0.0368355335,0,0.1
holdout_genre_translation,human_science_spbgu_0027,H,,0.0002635485,0,0.1
holdout_genre_translation,human_science_spbgu_0028,H,,0.0003677490,0,0.1
holdout_genre_translation,human_science_spbgu_0029,H,,0.0003581343,0,0.1
holdout_genre_translation,human_science_spbgu_0030,H,,0.0006484604,0,0.1
holdout_genre_translation,human_science_spbgu_0031,H,,0.0056920385,0,0.1
holdout_genre_translation,human_science_spbgu_0032,H,,0.0007724980,0,0.1
holdout_genre_translation,human_science_spbgu_0033,H,,0.0001979724,0,0.1
holdout_genre_translation,human_science_spbgu_0034,H,,0.0024480995,0,0.1
holdout_genre_translation,human_science_spbgu_0035,H,,0.0002160418,0,0.1
holdout_genre_translation,human_science_spbgu_0036,H,,0.0034255902,0,0.1
holdout_genre_translation,human_science_spbgu_0037,H,,0.0115839173,0,0.1
holdout_genre_translation,human_science_spbgu_0038,H,,0.0004826393,0,0.1
holdout_genre_translation,human_science_spbgu_0039,H,,0.0467775949,0,0.1
holdout_genre_translation,human_science_spbgu_0040,H,,0.0016518488,0,0.1
holdout_genre_translation,human_science_spbgu_0041,H,,0.0013652685,0,0.1
holdout_genre_translation,human_science_spbgu_0042,H,,0.0037989166,0,0.1
holdout_genre_translation,human_science_spbgu_0043,H,,0.0029444865,0,0.1
holdout_genre_translation,human_science_spbgu_0044,H,,0.0118222594,0,0.1
holdout_genre_translation,human_science_spbgu_0045,H,,0.0017515226,0,0.1
holdout_genre_translation,human_science_spbgu_0046,H,,0.0001506835,0,0.1
holdout_genre_translation,human_science_spbgu_0048,H,,0.0014898008,0,0.1
holdout_genre_translation,human_science_spbgu_0049,H,,0.0008107645,0,0.1
holdout_genre_translation,human_science_spbgu_0050,H,,0.0147946808,0,0.1
holdout_genre_translation,human_science_spbgu_0054,H,,0.0000353896,0,0.1
holdout_genre_translation,human_science_spbgu_0055,H,,0.0009336015,0,0.1
holdout_genre_translation,human_science_spbgu_0057,H,,0.0462504326,0,0.1
holdout_genre_translation,human_science_spbgu_0059,H,,0.0039141915,0,0.1
holdout_genre_translation,human_science_spbgu_0060,H,,0.0000115364,0,0.1
holdout_genre_translation,human_science_spbgu_0061,H,,0.0006670472,0,0.1
holdout_genre_translation,human_science_spbgu_0062,H,,0.0035931772,0,0.1
holdout_genre_translation,human_science_spbgu_0063,H,,0.0384391676,0,0.1
holdout_genre_translation,human_science_spbgu_0064,H,,0.0003096354,0,0.1
holdout_genre_translation,human_science_spbgu_0065,H,,0.0005436342,0,0.1
holdout_genre_translation,human_science_urfu_0001,H,,0.1551186915,0,0.1
holdout_genre_translation,human_science_urfu_0002,H,,0.0116985273,0,0.1
holdout_genre_translation,human_science_urfu_0003,H,,0.0845404245,0,0.1
holdout_genre_translation,human_science_urfu_0004,H,,0.0319192192,0,0.1
holdout_genre_translation,human_science_urfu_0005,H,,0.0308197225,0,0.1
holdout_genre_translation,human_science_urfu_0006,H,,0.0028155663,0,0.1
holdout_genre_translation,human_science_urfu_0007,H,,0.4222464192,0,0.1
holdout_genre_translation,human_science_urfu_0008,H,,0.0012880481,0,0.1
holdout_genre_translation,human_science_urfu_0009,H,,0.0115537167,0,0.1
holdout_genre_translation,human_science_urfu_0010,H,,0.0216433661,0,0.1
holdout_genre_translation,human_science_urfu_0011,H,,0.0257546259,0,0.1
holdout_genre_translation,human_science_urfu_0012,H,,0.0042783478,0,0.1
holdout_genre_translation,human_science_urfu_0013,H,,0.1890947753,0,0.1
holdout_genre_translation,human_science_urfu_0014,H,,0.0001976095,0,0.1
holdout_genre_translation,human_science_urfu_0015,H,,0.0132952168,0,0.1
holdout_genre_translation,human_science_urfu_0016,H,,0.0416384770,0,0.1
holdout_genre_translation,human_science_urfu_0017,H,,0.0277986498,0,0.1
holdout_genre_translation,human_science_urfu_0018,H,,0.0143639404,0,0.1
holdout_genre_translation,human_science_urfu_0019,H,,0.0291023079,0,0.1
holdout_genre_translation,human_science_urfu_0020,H,,0.0003264836,0,0.1
holdout_genre_translation,human_science_urfu_0021,H,,0.0204928146,0,0.1
holdout_genre_translation,human_science_urfu_0022,H,,0.0210457501,0,0.1
holdout_genre_translation,human_science_urfu_0023,H,,0.0001732638,0,0.1
holdout_genre_translation,human_science_urfu_0024,H,,0.0563573428,0,0.1
holdout_genre_translation,human_science_urfu_0025,H,,0.1018222009,0,0.1
holdout_genre_translation,human_science_urfu_0026,H,,0.0744101636,0,0.1
holdout_genre_translation,human_science_urfu_0027,H,,0.1235887440,0,0.1
holdout_genre_translation,human_science_urfu_0028,H,,0.0622221385,0,0.1
holdout_genre_translation,human_science_urfu_0029,H,,0.0101445694,0,0.1
holdout_genre_translation,human_science_urfu_0030,H,,0.1848809800,0,0.1
holdout_genre_translation,human_science_urfu_0031,H,,0.0000469480,0,0.1
holdout_genre_translation,human_science_urfu_0032,H,,0.5598493983,1,0.1
holdout_genre_translation,human_science_urfu_0033,H,,0.0243405043,0,0.1
holdout_genre_translation,human_science_urfu_0034,H,,0.0103664412,0,0.1
holdout_genre_translation,human_science_urfu_0035,H,,0.0559640261,0,0.1
holdout_genre_translation,human_science_urfu_0036,H,,0.0338471108,0,0.1
holdout_genre_translation,human_science_urfu_0037,H,,0.0688847846,0,0.1
holdout_genre_translation,human_science_urfu_0038,H,,0.0000004392,0,0.1
holdout_genre_translation,human_science_urfu_0039,H,,0.0000032103,0,0.1
holdout_genre_translation,human_science_urfu_0040,H,,0.0000000013,0,0.1
holdout_genre_translation,human_science_urfu_0041,H,,0.0000433641,0,0.1
holdout_genre_translation,human_science_urfu_0042,H,,0.0000020164,0,0.1
holdout_genre_translation,human_science_urfu_0043,H,,0.0000067982,0,0.1
holdout_genre_translation,human_science_urfu_0044,H,,0.1366170340,0,0.1
holdout_genre_translation,human_science_urfu_0045,H,,0.0236495292,0,0.1
holdout_genre_translation,human_science_urfu_0046,H,,0.0000218203,0,0.1
holdout_genre_translation,human_science_urfu_0047,H,,0.0257865832,0,0.1
holdout_genre_translation,human_science_urfu_0048,H,,0.0019924764,0,0.1
holdout_model_Anthropic,human_hard_rusltc_0001,H,,0.0000764282,0,10.0
holdout_model_Anthropic,human_hard_rusltc_0002,H,,0.0000101597,0,10.0
holdout_model_Anthropic,human_hard_rusltc_0003,H,,0.0013721489,0,10.0
holdout_model_Anthropic,human_hard_rusltc_0004,H,,0.0004939556,0,10.0
holdout_model_Anthropic,human_hard_rusltc_0005,H,,0.0000000299,0,10.0
holdout_model_Anthropic,human_hard_rusltc_0006,H,,0.0001317736,0,10.0
holdout_model_Anthropic,human_hard_rusltc_0007,H,,0.0000003145,0,10.0
holdout_model_Anthropic,human_hard_rusltc_0008,H,,0.0165591593,0,10.0
holdout_model_Anthropic,human_hard_rusltc_0009,H,,0.0003392250,0,10.0
holdout_model_Anthropic,human_hard_rusltc_0010,H,,0.0000637233,0,10.0
holdout_model_Anthropic,human_hard_rusltc_0011,H,,0.0002610099,0,10.0
holdout_model_Anthropic,human_hard_rusltc_0012,H,,0.0195137892,0,10.0
holdout_model_Anthropic,human_hard_rusltc_0013,H,,0.6194747328,1,10.0
holdout_model_Anthropic,human_hard_rusltc_0014,H,,0.0002629040,0,10.0
holdout_model_Anthropic,human_hard_rusltc_0015,H,,0.0023100611,0,10.0
holdout_model_Anthropic,human_hard_rusltc_0016,H,,0.1297052578,0,10.0
holdout_model_Anthropic,human_hard_rusltc_0017,H,,0.0178318625,0,10.0
holdout_model_Anthropic,human_hard_rusltc_0018,H,,0.0010670384,0,10.0
holdout_model_Anthropic,human_hard_rusltc_0019,H,,0.0000191768,0,10.0
holdout_model_Anthropic,human_hard_rusltc_0020,H,,0.0000019195,0,10.0
holdout_model_Anthropic,human_hard_rusltc_0021,H,,0.0010113533,0,10.0
holdout_model_Anthropic,human_hard_rusltc_0022,H,,0.0646824122,0,10.0
holdout_model_Anthropic,human_hard_rusltc_0023,H,,0.0059229029,0,10.0
holdout_model_Anthropic,human_hard_rusltc_0024,H,,0.0006630325,0,10.0
holdout_model_Anthropic,human_hard_rusltc_0025,H,,0.0470989521,0,10.0
holdout_model_Anthropic,human_hard_rusltc_0026,H,,0.2261567328,0,10.0
holdout_model_Anthropic,human_hard_rusltc_0027,H,,0.0007943152,0,10.0
holdout_model_Anthropic,human_hard_rusltc_0028,H,,0.0000066396,0,10.0
holdout_model_Anthropic,human_hard_rusltc_0029,H,,0.2400610737,0,10.0
holdout_model_Anthropic,human_hard_rusltc_0030,H,,0.0000056765,0,10.0
holdout_model_Anthropic,human_hard_rusltc_0031,H,,0.0000297369,0,10.0
holdout_model_Anthropic,human_hard_rusltc_0032,H,,0.0000005494,0,10.0
holdout_model_Anthropic,human_hard_rusltc_0033,H,,0.0000064618,0,10.0
holdout_model_Anthropic,human_hard_rusltc_0034,H,,0.0007973528,0,10.0
holdout_model_Anthropic,human_hard_rusltc_0035,H,,0.1270150678,0,10.0
holdout_model_Anthropic,human_hard_rusltc_0036,H,,0.0141126061,0,10.0
holdout_model_Anthropic,human_hard_rusltc_0037,H,,0.0161604164,0,10.0
holdout_model_Anthropic,human_hard_rusltc_0038,H,,0.0012390032,0,10.0
holdout_model_Anthropic,human_hard_rusltc_0039,H,,0.0000029940,0,10.0
holdout_model_Anthropic,human_hard_rusltc_0040,H,,0.0001490785,0,10.0
holdout_model_Anthropic,human_hard_rusltc_0041,H,,0.0017177235,0,10.0
holdout_model_Anthropic,human_hard_rusltc_0042,H,,0.0000000004,0,10.0
holdout_model_Anthropic,human_hard_rusltc_0043,H,,0.0061183087,0,10.0
holdout_model_Anthropic,human_hard_rusltc_0044,H,,0.0362686220,0,10.0
holdout_model_Anthropic,human_hard_rusltc_0045,H,,0.0003865509,0,10.0
holdout_model_Anthropic,human_hard_rusltc_0046,H,,0.0053486738,0,10.0
holdout_model_Anthropic,human_hard_rusltc_0047,H,,0.0078646907,0,10.0
holdout_model_Anthropic,human_hard_rusltc_0048,H,,0.0131060040,0,10.0
holdout_model_Anthropic,human_hard_rusltc_0049,H,,0.0000147304,0,10.0
holdout_model_Anthropic,human_hard_rusltc_0050,H,,0.0001425070,0,10.0
holdout_model_Anthropic,human_hard_rusltc_0051,H,,0.0000288911,0,10.0
holdout_model_Anthropic,human_hard_rusltc_0052,H,,0.3913397003,0,10.0
holdout_model_Anthropic,human_hard_rusltc_0053,H,,0.0021082243,0,10.0
holdout_model_Anthropic,human_hard_rusltc_0054,H,,0.0000106021,0,10.0
holdout_model_Anthropic,human_hard_rusltc_0055,H,,0.0025818291,0,10.0
holdout_model_Anthropic,human_hard_rusltc_0056,H,,0.0374124909,0,10.0
holdout_model_Anthropic,human_hard_rusltc_0057,H,,0.0000033599,0,10.0
holdout_model_Anthropic,human_hard_rusltc_0058,H,,0.0022646341,0,10.0
holdout_model_Anthropic,human_hard_rusltc_0059,H,,0.0000631795,0,10.0
holdout_model_Anthropic,human_hard_rusltc_0060,H,,0.0025721170,0,10.0
holdout_model_Anthropic,human_hard_rusltc_0061,H,,0.0001316958,0,10.0
holdout_model_Anthropic,human_hard_rusltc_0062,H,,0.0005988190,0,10.0
holdout_model_Anthropic,human_hard_rusltc_0063,H,,0.0010665533,0,10.0
holdout_model_Anthropic,human_hard_rusltc_0064,H,,0.7584123224,1,10.0
holdout_model_Anthropic,human_hard_rusltc_0065,H,,0.0011038247,0,10.0
holdout_model_Anthropic,human_hard_rusltc_0066,H,,0.0216009401,0,10.0
holdout_model_Anthropic,human_hard_rusltc_0067,H,,0.0018699030,0,10.0
holdout_model_Anthropic,human_hard_rusltc_0068,H,,0.0000000259,0,10.0
holdout_model_Anthropic,human_hard_rusltc_0069,H,,0.0068962995,0,10.0
holdout_model_Anthropic,human_hard_rusltc_0070,H,,0.2231838814,0,10.0
holdout_model_Anthropic,human_hard_rusltc_0071,H,,0.0006823728,0,10.0
holdout_model_Anthropic,human_hard_rusltc_0072,H,,0.0454594114,0,10.0
holdout_model_Anthropic,human_hard_rusltc_0073,H,,0.0045771402,0,10.0
holdout_model_Anthropic,human_news_buriy_2014_0001,H,,0.0000032951,0,10.0
holdout_model_Anthropic,human_news_buriy_2014_0002,H,,0.0000002597,0,10.0
holdout_model_Anthropic,human_news_buriy_2014_0003,H,,0.0000063299,0,10.0
holdout_model_Anthropic,human_news_buriy_2014_0004,H,,0.0000000454,0,10.0
holdout_model_Anthropic,human_news_buriy_2014_0005,H,,0.0017673549,0,10.0
holdout_model_Anthropic,human_news_buriy_2014_0006,H,,0.0000129788,0,10.0
holdout_model_Anthropic,human_news_buriy_2014_0007,H,,0.0028188584,0,10.0
holdout_model_Anthropic,human_news_buriy_2014_0008,H,,0.0004719510,0,10.0
holdout_model_Anthropic,human_news_buriy_2014_0009,H,,0.0000083781,0,10.0
holdout_model_Anthropic,human_news_buriy_2014_0010,H,,0.0000000140,0,10.0
holdout_model_Anthropic,human_news_buriy_2014_0011,H,,0.0000063201,0,10.0
holdout_model_Anthropic,human_news_buriy_2014_0012,H,,0.0000004286,0,10.0
holdout_model_Anthropic,human_news_buriy_2014_0013,H,,0.0005850335,0,10.0
holdout_model_Anthropic,human_news_buriy_2014_0014,H,,0.0000267648,0,10.0
holdout_model_Anthropic,human_news_buriy_2014_0015,H,,0.0000003164,0,10.0
holdout_model_Anthropic,human_news_buriy_2014_0016,H,,0.0000001902,0,10.0
holdout_model_Anthropic,human_news_buriy_2014_0017,H,,0.7891112567,1,10.0
holdout_model_Anthropic,human_news_buriy_2014_0018,H,,0.0000181242,0,10.0
holdout_model_Anthropic,human_news_buriy_2014_0019,H,,0.0066014608,0,10.0
holdout_model_Anthropic,human_news_buriy_2014_0020,H,,0.0000000016,0,10.0
holdout_model_Anthropic,human_news_buriy_2014_0021,H,,0.0582820081,0,10.0
holdout_model_Anthropic,human_news_buriy_2014_0022,H,,0.0000005558,0,10.0
holdout_model_Anthropic,human_news_buriy_2014_0023,H,,0.0000000417,0,10.0
holdout_model_Anthropic,human_news_buriy_2014_0024,H,,0.0000035880,0,10.0
holdout_model_Anthropic,human_news_buriy_2014_0025,H,,0.0000042535,0,10.0
holdout_model_Anthropic,human_news_buriy_2014_0026,H,,0.0000057580,0,10.0
holdout_model_Anthropic,human_news_buriy_2014_0027,H,,0.0000029624,0,10.0
holdout_model_Anthropic,human_news_buriy_2014_0028,H,,0.0000001212,0,10.0
holdout_model_Anthropic,human_news_buriy_2014_0029,H,,0.0000016764,0,10.0
holdout_model_Anthropic,human_news_buriy_2014_0030,H,,0.0034304974,0,10.0
holdout_model_Anthropic,human_news_buriy_2014_0031,H,,0.0000070882,0,10.0
holdout_model_Anthropic,human_news_buriy_2014_0032,H,,0.0000019637,0,10.0
holdout_model_Anthropic,human_news_buriy_2014_0033,H,,0.0000588412,0,10.0
holdout_model_Anthropic,human_news_buriy_2014_0034,H,,0.0013970258,0,10.0
holdout_model_Anthropic,human_news_buriy_2014_0035,H,,0.0000001187,0,10.0
holdout_model_Anthropic,human_news_buriy_2014_0036,H,,0.0000279184,0,10.0
holdout_model_Anthropic,human_news_buriy_2014_0037,H,,0.0000358960,0,10.0
holdout_model_Anthropic,human_news_buriy_2014_0038,H,,0.0000000945,0,10.0
holdout_model_Anthropic,human_news_buriy_2014_0039,H,,0.0000244675,0,10.0
holdout_model_Anthropic,human_news_buriy_2014_0040,H,,0.0000081557,0,10.0
holdout_model_Anthropic,human_news_buriy_2014_0041,H,,0.0116827245,0,10.0
holdout_model_Anthropic,human_news_buriy_2014_0042,H,,0.0000004287,0,10.0
holdout_model_Anthropic,human_news_buriy_2014_0043,H,,0.0000590212,0,10.0
holdout_model_Anthropic,human_news_buriy_2014_0044,H,,0.0007139941,0,10.0
holdout_model_Anthropic,human_news_buriy_2014_0045,H,,0.0000560556,0,10.0
holdout_model_Anthropic,human_news_buriy_2014_0046,H,,0.0000204037,0,10.0
holdout_model_Anthropic,human_news_buriy_2014_0047,H,,0.0000014444,0,10.0
holdout_model_Anthropic,human_news_buriy_2014_0048,H,,0.0000015572,0,10.0
holdout_model_Anthropic,human_news_buriy_2014_0049,H,,0.0000000282,0,10.0
holdout_model_Anthropic,human_news_buriy_2014_0050,H,,0.0000838938,0,10.0
holdout_model_Anthropic,human_news_buriy_2014_0051,H,,0.8631597434,1,10.0
holdout_model_Anthropic,human_news_buriy_2014_0052,H,,0.0000002377,0,10.0
holdout_model_Anthropic,human_news_buriy_2014_0053,H,,0.0000000008,0,10.0
holdout_model_Anthropic,human_news_buriy_2014_0054,H,,0.0368182684,0,10.0
holdout_model_Anthropic,human_news_buriy_2014_0055,H,,0.0000000041,0,10.0
holdout_model_Anthropic,human_news_buriy_2014_0056,H,,0.0551466105,0,10.0
holdout_model_Anthropic,human_news_buriy_2014_0057,H,,0.0000028880,0,10.0
holdout_model_Anthropic,human_news_buriy_2014_0058,H,,0.0008948813,0,10.0
holdout_model_Anthropic,human_news_buriy_2014_0059,H,,0.0000003849,0,10.0
holdout_model_Anthropic,human_news_buriy_2014_0060,H,,0.0000012391,0,10.0
holdout_model_Anthropic,human_news_gazeta_0001,H,,0.0004449278,0,10.0
holdout_model_Anthropic,human_news_gazeta_0002,H,,0.1015659676,0,10.0
holdout_model_Anthropic,human_news_gazeta_0003,H,,0.0643629413,0,10.0
holdout_model_Anthropic,human_news_gazeta_0004,H,,0.0003886796,0,10.0
holdout_model_Anthropic,human_news_gazeta_0005,H,,0.0000013886,0,10.0
holdout_model_Anthropic,human_news_gazeta_0006,H,,0.0000117888,0,10.0
holdout_model_Anthropic,human_news_gazeta_0007,H,,0.0000021297,0,10.0
holdout_model_Anthropic,human_news_gazeta_0008,H,,0.0057325377,0,10.0
holdout_model_Anthropic,human_news_gazeta_0009,H,,0.0000044357,0,10.0
holdout_model_Anthropic,human_news_gazeta_0010,H,,0.0041318429,0,10.0
holdout_model_Anthropic,human_news_gazeta_0011,H,,0.0000001084,0,10.0
holdout_model_Anthropic,human_news_gazeta_0012,H,,0.0002652544,0,10.0
holdout_model_Anthropic,human_news_gazeta_0013,H,,0.0028919562,0,10.0
holdout_model_Anthropic,human_news_gazeta_0014,H,,0.0000000291,0,10.0
holdout_model_Anthropic,human_news_gazeta_0015,H,,0.0017351332,0,10.0
holdout_model_Anthropic,human_news_gazeta_0016,H,,0.0000001042,0,10.0
holdout_model_Anthropic,human_news_gazeta_0017,H,,0.0287680279,0,10.0
holdout_model_Anthropic,human_news_gazeta_0018,H,,0.0055455790,0,10.0
holdout_model_Anthropic,human_news_gazeta_0019,H,,0.0000040744,0,10.0
holdout_model_Anthropic,human_news_gazeta_0020,H,,0.0000012858,0,10.0
holdout_model_Anthropic,human_news_gazeta_0021,H,,0.0018913810,0,10.0
holdout_model_Anthropic,human_news_gazeta_0022,H,,0.0010675272,0,10.0
holdout_model_Anthropic,human_news_gazeta_0023,H,,0.0000006045,0,10.0
holdout_model_Anthropic,human_news_gazeta_0024,H,,0.0000731518,0,10.0
holdout_model_Anthropic,human_news_gazeta_0025,H,,0.0000795556,0,10.0
holdout_model_Anthropic,human_news_gazeta_0026,H,,0.0000032712,0,10.0
holdout_model_Anthropic,human_news_gazeta_0027,H,,0.0000064938,0,10.0
holdout_model_Anthropic,human_news_gazeta_0028,H,,0.0000005896,0,10.0
holdout_model_Anthropic,human_news_gazeta_0029,H,,0.0030945135,0,10.0
holdout_model_Anthropic,human_news_gazeta_0030,H,,0.3045871918,0,10.0
holdout_model_Anthropic,human_news_gazeta_0031,H,,0.0018648598,0,10.0
holdout_model_Anthropic,human_news_gazeta_0032,H,,0.0000286213,0,10.0
holdout_model_Anthropic,human_news_gazeta_0033,H,,0.0003018300,0,10.0
holdout_model_Anthropic,human_news_gazeta_0034,H,,0.0232529204,0,10.0
holdout_model_Anthropic,human_news_gazeta_0035,H,,0.0105940488,0,10.0
holdout_model_Anthropic,human_news_gazeta_0036,H,,0.0000368325,0,10.0
holdout_model_Anthropic,human_news_gazeta_0037,H,,0.1845592318,0,10.0
holdout_model_Anthropic,human_news_gazeta_0038,H,,0.2712652205,0,10.0
holdout_model_Anthropic,human_news_gazeta_0039,H,,0.0040690168,0,10.0
holdout_model_Anthropic,human_news_gazeta_0040,H,,0.0012361827,0,10.0
holdout_model_Anthropic,human_news_gazeta_0041,H,,0.0000001624,0,10.0
holdout_model_Anthropic,human_news_gazeta_0042,H,,0.0001341577,0,10.0
holdout_model_Anthropic,human_news_gazeta_0043,H,,0.0101403232,0,10.0
holdout_model_Anthropic,human_news_gazeta_0044,H,,0.0000090671,0,10.0
holdout_model_Anthropic,human_news_gazeta_0045,H,,0.0000083108,0,10.0
holdout_model_Anthropic,human_news_gazeta_0046,H,,0.0000002334,0,10.0
holdout_model_Anthropic,human_news_gazeta_0047,H,,0.0000715712,0,10.0
holdout_model_Anthropic,human_news_gazeta_0048,H,,0.0325711268,0,10.0
holdout_model_Anthropic,human_news_gazeta_0049,H,,0.0383232782,0,10.0
holdout_model_Anthropic,human_news_gazeta_0050,H,,0.0002090380,0,10.0
holdout_model_Anthropic,human_news_gazeta_0051,H,,0.0000249392,0,10.0
holdout_model_Anthropic,human_news_gazeta_0052,H,,0.0611564031,0,10.0
holdout_model_Anthropic,human_news_gazeta_0053,H,,0.0133841131,0,10.0
holdout_model_Anthropic,human_news_gazeta_0054,H,,0.0040519535,0,10.0
holdout_model_Anthropic,human_news_gazeta_0055,H,,0.0000032881,0,10.0
holdout_model_Anthropic,human_news_gazeta_0056,H,,0.0000445272,0,10.0
holdout_model_Anthropic,human_news_gazeta_0057,H,,0.0149075186,0,10.0
holdout_model_Anthropic,human_news_gazeta_0058,H,,0.0002237368,0,10.0
holdout_model_Anthropic,human_news_gazeta_0059,H,,0.0000330995,0,10.0
holdout_model_Anthropic,human_news_gazeta_0060,H,,0.0000008432,0,10.0
holdout_model_Anthropic,human_news_lenta_0001,H,,0.0049697346,0,10.0
holdout_model_Anthropic,human_news_lenta_0002,H,,0.0000141486,0,10.0
holdout_model_Anthropic,human_news_lenta_0004,H,,0.0026554167,0,10.0
holdout_model_Anthropic,human_news_lenta_0007,H,,0.0000000000,0,10.0
holdout_model_Anthropic,human_news_lenta_0009,H,,0.0001735438,0,10.0
holdout_model_Anthropic,human_news_lenta_0010,H,,0.0000000000,0,10.0
holdout_model_Anthropic,human_news_lenta_0012,H,,0.0000227011,0,10.0
holdout_model_Anthropic,human_news_lenta_0013,H,,0.0049158239,0,10.0
holdout_model_Anthropic,human_news_lenta_0014,H,,0.0000439216,0,10.0
holdout_model_Anthropic,human_news_lenta_0015,H,,0.0016192181,0,10.0
holdout_model_Anthropic,human_news_lenta_0016,H,,0.0003915250,0,10.0
holdout_model_Anthropic,human_news_lenta_0017,H,,0.0000000001,0,10.0
holdout_model_Anthropic,human_news_lenta_0018,H,,0.0000000006,0,10.0
holdout_model_Anthropic,human_news_lenta_0021,H,,0.0047625687,0,10.0
holdout_model_Anthropic,human_news_lenta_0022,H,,0.0000027027,0,10.0
holdout_model_Anthropic,human_news_lenta_0023,H,,0.0321104576,0,10.0
holdout_model_Anthropic,human_news_lenta_0024,H,,0.0010524934,0,10.0
holdout_model_Anthropic,human_news_lenta_0027,H,,0.1525128768,0,10.0
holdout_model_Anthropic,human_news_lenta_0029,H,,0.0218992430,0,10.0
holdout_model_Anthropic,human_news_lenta_0034,H,,0.0000141120,0,10.0
holdout_model_Anthropic,human_news_lenta_0036,H,,0.0002900033,0,10.0
holdout_model_Anthropic,human_news_lenta_0039,H,,0.0000000000,0,10.0
holdout_model_Anthropic,human_news_lenta_0040,H,,0.0494571301,0,10.0
holdout_model_Anthropic,human_news_lenta_0041,H,,0.0000002507,0,10.0
holdout_model_Anthropic,human_news_lenta_0042,H,,0.0000000170,0,10.0
holdout_model_Anthropic,human_news_lenta_0044,H,,0.0000246321,0,10.0
holdout_model_Anthropic,human_news_lenta_0045,H,,0.0036648877,0,10.0
holdout_model_Anthropic,human_news_lenta_0046,H,,0.0000000008,0,10.0
holdout_model_Anthropic,human_news_lenta_0049,H,,0.0005242228,0,10.0
holdout_model_Anthropic,human_news_lenta_0051,H,,0.0007048654,0,10.0
holdout_model_Anthropic,human_news_lenta_0053,H,,0.0000001942,0,10.0
holdout_model_Anthropic,human_news_lenta_0055,H,,0.0348081951,0,10.0
holdout_model_Anthropic,human_science_cyberleninka_0001,H,,0.0067467432,0,10.0
holdout_model_Anthropic,human_science_cyberleninka_0002,H,,0.8913868566,1,10.0
holdout_model_Anthropic,human_science_cyberleninka_0003,H,,0.0014737503,0,10.0
holdout_model_Anthropic,human_science_cyberleninka_0004,H,,0.0151251313,0,10.0
holdout_model_Anthropic,human_science_cyberleninka_0005,H,,0.0003387577,0,10.0
holdout_model_Anthropic,human_science_cyberleninka_0006,H,,0.0009532248,0,10.0
holdout_model_Anthropic,human_science_cyberleninka_0007,H,,0.0092371375,0,10.0
holdout_model_Anthropic,human_science_cyberleninka_0008,H,,0.0000081807,0,10.0
holdout_model_Anthropic,human_science_cyberleninka_0009,H,,0.3874142991,0,10.0
holdout_model_Anthropic,human_science_cyberleninka_0010,H,,0.0000389058,0,10.0
holdout_model_Anthropic,human_science_cyberleninka_0011,H,,0.0000043721,0,10.0
holdout_model_Anthropic,human_science_cyberleninka_0013,H,,0.3163443596,0,10.0
holdout_model_Anthropic,human_science_cyberleninka_0014,H,,0.0884171482,0,10.0
holdout_model_Anthropic,human_science_cyberleninka_0015,H,,0.0000000791,0,10.0
holdout_model_Anthropic,human_science_cyberleninka_0016,H,,0.0020022611,0,10.0
holdout_model_Anthropic,human_science_cyberleninka_0017,H,,0.0029235275,0,10.0
holdout_model_Anthropic,human_science_cyberleninka_0018,H,,0.7007640189,1,10.0
holdout_model_Anthropic,human_science_cyberleninka_0019,H,,0.3981357266,0,10.0
holdout_model_Anthropic,human_science_cyberleninka_0020,H,,0.0000292425,0,10.0
holdout_model_Anthropic,human_science_cyberleninka_0021,H,,0.3150832119,0,10.0
holdout_model_Anthropic,human_science_cyberleninka_0022,H,,0.0000731713,0,10.0
holdout_model_Anthropic,human_science_cyberleninka_0023,H,,0.7240192101,1,10.0
holdout_model_Anthropic,human_science_cyberleninka_0024,H,,0.6555930836,1,10.0
holdout_model_Anthropic,human_science_cyberleninka_0025,H,,0.0019057261,0,10.0
holdout_model_Anthropic,human_science_cyberleninka_0026,H,,0.0002891190,0,10.0
holdout_model_Anthropic,human_science_cyberleninka_0027,H,,0.0036084966,0,10.0
holdout_model_Anthropic,human_science_cyberleninka_0028,H,,0.0000004531,0,10.0
holdout_model_Anthropic,human_science_cyberleninka_0029,H,,0.0024994129,0,10.0
holdout_model_Anthropic,human_science_cyberleninka_0030,H,,0.0000028543,0,10.0
holdout_model_Anthropic,human_science_cyberleninka_0031,H,,0.0136178071,0,10.0
holdout_model_Anthropic,human_science_cyberleninka_0032,H,,0.0156875158,0,10.0
holdout_model_Anthropic,human_science_cyberleninka_0033,H,,0.8020779724,1,10.0
holdout_model_Anthropic,human_science_cyberleninka_0034,H,,0.0000183096,0,10.0
holdout_model_Anthropic,human_science_cyberleninka_0035,H,,0.1456626935,0,10.0
holdout_model_Anthropic,human_science_cyberleninka_0036,H,,0.2584902844,0,10.0
holdout_model_Anthropic,human_science_cyberleninka_0037,H,,0.0732475007,0,10.0
holdout_model_Anthropic,human_science_cyberleninka_0038,H,,0.0181208390,0,10.0
holdout_model_Anthropic,human_science_cyberleninka_0039,H,,0.0006937643,0,10.0
holdout_model_Anthropic,human_science_cyberleninka_0040,H,,0.0000092112,0,10.0
holdout_model_Anthropic,human_science_cyberleninka_0041,H,,0.0349538953,0,10.0
holdout_model_Anthropic,human_science_cyberleninka_0042,H,,0.0000065760,0,10.0
holdout_model_Anthropic,human_science_cyberleninka_0043,H,,0.0258912536,0,10.0
holdout_model_Anthropic,human_science_cyberleninka_0044,H,,0.8277085124,1,10.0
holdout_model_Anthropic,human_science_cyberleninka_0045,H,,0.0000289942,0,10.0
holdout_model_Anthropic,human_science_cyberleninka_0046,H,,0.0000005200,0,10.0
holdout_model_Anthropic,human_science_cyberleninka_0047,H,,0.0004154163,0,10.0
holdout_model_Anthropic,human_science_cyberleninka_0048,H,,0.0000009788,0,10.0
holdout_model_Anthropic,human_science_cyberleninka_0049,H,,0.0000061725,0,10.0
holdout_model_Anthropic,human_science_cyberleninka_0050,H,,0.0000301554,0,10.0
holdout_model_Anthropic,human_science_cyberleninka_0051,H,,0.0475211256,0,10.0
holdout_model_Anthropic,human_science_cyberleninka_0052,H,,0.3325689771,0,10.0
holdout_model_Anthropic,human_science_cyberleninka_0053,H,,0.0000069290,0,10.0
holdout_model_Anthropic,human_science_cyberleninka_0054,H,,0.0052221832,0,10.0
holdout_model_Anthropic,human_science_cyberleninka_0055,H,,0.0041699487,0,10.0
holdout_model_Anthropic,human_science_cyberleninka_0056,H,,0.0081572316,0,10.0
holdout_model_Anthropic,human_science_cyberleninka_0057,H,,0.0259892455,0,10.0
holdout_model_Anthropic,human_science_cyberleninka_0058,H,,0.6661444311,1,10.0
holdout_model_Anthropic,human_science_cyberleninka_0059,H,,0.6748363251,1,10.0
holdout_model_Anthropic,human_science_cyberleninka_0060,H,,0.0033868146,0,10.0
holdout_model_Anthropic,human_science_cyberleninka_0067,H,,0.1742009339,0,10.0
holdout_model_Anthropic,human_science_spbgu_0001,H,,0.0002604915,0,10.0
holdout_model_Anthropic,human_science_spbgu_0002,H,,0.0002434818,0,10.0
holdout_model_Anthropic,human_science_spbgu_0003,H,,0.0000456708,0,10.0
holdout_model_Anthropic,human_science_spbgu_0004,H,,0.0000000230,0,10.0
holdout_model_Anthropic,human_science_spbgu_0005,H,,0.0014935491,0,10.0
holdout_model_Anthropic,human_science_spbgu_0006,H,,0.0000367420,0,10.0
holdout_model_Anthropic,human_science_spbgu_0007,H,,0.0000026592,0,10.0
holdout_model_Anthropic,human_science_spbgu_0008,H,,0.0104918864,0,10.0
holdout_model_Anthropic,human_science_spbgu_0009,H,,0.0000016274,0,10.0
holdout_model_Anthropic,human_science_spbgu_0010,H,,0.0000299803,0,10.0
holdout_model_Anthropic,human_science_spbgu_0011,H,,0.0010886291,0,10.0
holdout_model_Anthropic,human_science_spbgu_0012,H,,0.0000030961,0,10.0
holdout_model_Anthropic,human_science_spbgu_0013,H,,0.0000033287,0,10.0
holdout_model_Anthropic,human_science_spbgu_0014,H,,0.0111957278,0,10.0
holdout_model_Anthropic,human_science_spbgu_0015,H,,0.0014941828,0,10.0
holdout_model_Anthropic,human_science_spbgu_0016,H,,0.0000029638,0,10.0
holdout_model_Anthropic,human_science_spbgu_0017,H,,0.0003854168,0,10.0
holdout_model_Anthropic,human_science_spbgu_0018,H,,0.0000087605,0,10.0
holdout_model_Anthropic,human_science_spbgu_0019,H,,0.0015416961,0,10.0
holdout_model_Anthropic,human_science_spbgu_0020,H,,0.0005101455,0,10.0
holdout_model_Anthropic,human_science_spbgu_0021,H,,0.0000020626,0,10.0
holdout_model_Anthropic,human_science_spbgu_0022,H,,0.0001319136,0,10.0
holdout_model_Anthropic,human_science_spbgu_0023,H,,0.0001046626,0,10.0
holdout_model_Anthropic,human_science_spbgu_0024,H,,0.0000017704,0,10.0
holdout_model_Anthropic,human_science_spbgu_0025,H,,0.0000042271,0,10.0
holdout_model_Anthropic,human_science_spbgu_0026,H,,0.0016419619,0,10.0
holdout_model_Anthropic,human_science_spbgu_0027,H,,0.0000003068,0,10.0
holdout_model_Anthropic,human_science_spbgu_0028,H,,0.0000009682,0,10.0
holdout_model_Anthropic,human_science_spbgu_0029,H,,0.0000006351,0,10.0
holdout_model_Anthropic,human_science_spbgu_0030,H,,0.0000026086,0,10.0
holdout_model_Anthropic,human_science_spbgu_0031,H,,0.0000390396,0,10.0
holdout_model_Anthropic,human_science_spbgu_0032,H,,0.0000048876,0,10.0
holdout_model_Anthropic,human_science_spbgu_0033,H,,0.0000003735,0,10.0
holdout_model_Anthropic,human_science_spbgu_0034,H,,0.0000430179,0,10.0
holdout_model_Anthropic,human_science_spbgu_0035,H,,0.0000000878,0,10.0
holdout_model_Anthropic,human_science_spbgu_0036,H,,0.0000128351,0,10.0
holdout_model_Anthropic,human_science_spbgu_0037,H,,0.0002036247,0,10.0
holdout_model_Anthropic,human_science_spbgu_0038,H,,0.0000008872,0,10.0
holdout_model_Anthropic,human_science_spbgu_0039,H,,0.0020154873,0,10.0
holdout_model_Anthropic,human_science_spbgu_0040,H,,0.0000119234,0,10.0
holdout_model_Anthropic,human_science_spbgu_0041,H,,0.0000239250,0,10.0
holdout_model_Anthropic,human_science_spbgu_0042,H,,0.0000232070,0,10.0
holdout_model_Anthropic,human_science_spbgu_0043,H,,0.0000502342,0,10.0
holdout_model_Anthropic,human_science_spbgu_0044,H,,0.0001317805,0,10.0
holdout_model_Anthropic,human_science_spbgu_0045,H,,0.0000082996,0,10.0
holdout_model_Anthropic,human_science_spbgu_0046,H,,0.0000002647,0,10.0
holdout_model_Anthropic,human_science_spbgu_0048,H,,0.0000058660,0,10.0
holdout_model_Anthropic,human_science_spbgu_0049,H,,0.0000022875,0,10.0
holdout_model_Anthropic,human_science_spbgu_0050,H,,0.0005965967,0,10.0
holdout_model_Anthropic,human_science_spbgu_0054,H,,0.0000000045,0,10.0
holdout_model_Anthropic,human_science_spbgu_0055,H,,0.0000031131,0,10.0
holdout_model_Anthropic,human_science_spbgu_0057,H,,0.0019925635,0,10.0
holdout_model_Anthropic,human_science_spbgu_0059,H,,0.0000307988,0,10.0
holdout_model_Anthropic,human_science_spbgu_0060,H,,0.0000000052,0,10.0
holdout_model_Anthropic,human_science_spbgu_0061,H,,0.0000012684,0,10.0
holdout_model_Anthropic,human_science_spbgu_0062,H,,0.0000202813,0,10.0
holdout_model_Anthropic,human_science_spbgu_0063,H,,0.0037795307,0,10.0
holdout_model_Anthropic,human_science_spbgu_0064,H,,0.0000003366,0,10.0
holdout_model_Anthropic,human_science_spbgu_0065,H,,0.0000017336,0,10.0
holdout_model_Anthropic,human_science_urfu_0001,H,,0.0247484036,0,10.0
holdout_model_Anthropic,human_science_urfu_0002,H,,0.0007752054,0,10.0
holdout_model_Anthropic,human_science_urfu_0003,H,,0.0095531693,0,10.0
holdout_model_Anthropic,human_science_urfu_0004,H,,0.0012531314,0,10.0
holdout_model_Anthropic,human_science_urfu_0005,H,,0.0012593827,0,10.0
holdout_model_Anthropic,human_science_urfu_0006,H,,0.0000056227,0,10.0
holdout_model_Anthropic,human_science_urfu_0007,H,,0.2132011994,0,10.0
holdout_model_Anthropic,human_science_urfu_0008,H,,0.0000132104,0,10.0
holdout_model_Anthropic,human_science_urfu_0009,H,,0.0005429856,0,10.0
holdout_model_Anthropic,human_science_urfu_0010,H,,0.0006552931,0,10.0
holdout_model_Anthropic,human_science_urfu_0011,H,,0.0015270370,0,10.0
holdout_model_Anthropic,human_science_urfu_0012,H,,0.0000363981,0,10.0
holdout_model_Anthropic,human_science_urfu_0013,H,,0.0329966292,0,10.0
holdout_model_Anthropic,human_science_urfu_0014,H,,0.0000004666,0,10.0
holdout_model_Anthropic,human_science_urfu_0015,H,,0.0002161467,0,10.0
holdout_model_Anthropic,human_science_urfu_0016,H,,0.0056312574,0,10.0
holdout_model_Anthropic,human_science_urfu_0017,H,,0.0006647028,0,10.0
holdout_model_Anthropic,human_science_urfu_0018,H,,0.0001683957,0,10.0
holdout_model_Anthropic,human_science_urfu_0019,H,,0.0008105008,0,10.0
holdout_model_Anthropic,human_science_urfu_0020,H,,0.0000002429,0,10.0
holdout_model_Anthropic,human_science_urfu_0021,H,,0.0012631032,0,10.0
holdout_model_Anthropic,human_science_urfu_0022,H,,0.0013586070,0,10.0
holdout_model_Anthropic,human_science_urfu_0023,H,,0.0000003029,0,10.0
holdout_model_Anthropic,human_science_urfu_0024,H,,0.0029565124,0,10.0
holdout_model_Anthropic,human_science_urfu_0025,H,,0.0095706439,0,10.0
holdout_model_Anthropic,human_science_urfu_0026,H,,0.0058932141,0,10.0
holdout_model_Anthropic,human_science_urfu_0027,H,,0.0151448100,0,10.0
holdout_model_Anthropic,human_science_urfu_0028,H,,0.0046615820,0,10.0
holdout_model_Anthropic,human_science_urfu_0029,H,,0.0001601156,0,10.0
holdout_model_Anthropic,human_science_urfu_0030,H,,0.0339061268,0,10.0
holdout_model_Anthropic,human_science_urfu_0031,H,,0.0000000119,0,10.0
holdout_model_Anthropic,human_science_urfu_0032,H,,0.4142168141,0,10.0
holdout_model_Anthropic,human_science_urfu_0033,H,,0.0011898744,0,10.0
holdout_model_Anthropic,human_science_urfu_0034,H,,0.0002569192,0,10.0
holdout_model_Anthropic,human_science_urfu_0035,H,,0.0029130900,0,10.0
holdout_model_Anthropic,human_science_urfu_0036,H,,0.0040998396,0,10.0
holdout_model_Anthropic,human_science_urfu_0037,H,,0.0206855699,0,10.0
holdout_model_Anthropic,human_science_urfu_0038,H,,0.0000000000,0,10.0
holdout_model_Anthropic,human_science_urfu_0039,H,,0.0000000004,0,10.0
holdout_model_Anthropic,human_science_urfu_0040,H,,0.0000000000,0,10.0
holdout_model_Anthropic,human_science_urfu_0041,H,,0.0000000728,0,10.0
holdout_model_Anthropic,human_science_urfu_0042,H,,0.0000000009,0,10.0
holdout_model_Anthropic,human_science_urfu_0043,H,,0.0000000049,0,10.0
holdout_model_Anthropic,human_science_urfu_0044,H,,0.0806598253,0,10.0
holdout_model_Anthropic,human_science_urfu_0045,H,,0.0067712679,0,10.0
holdout_model_Anthropic,human_science_urfu_0046,H,,0.0000000127,0,10.0
holdout_model_Anthropic,human_science_urfu_0047,H,,0.0042416123,0,10.0
holdout_model_Anthropic,human_science_urfu_0048,H,,0.0000291079,0,10.0
holdout_model_Anthropic,real_claude_b001_P1_r1,A,real_claude,0.9999999997,1,10.0
holdout_model_Anthropic,real_claude_b001_P1_r2,A,real_claude,1.0000000000,1,10.0
holdout_model_Anthropic,real_claude_b001_P2_r1,A,real_claude,0.9999999646,1,10.0
holdout_model_Anthropic,real_claude_b001_P2_r2,A,real_claude,0.9999999087,1,10.0
holdout_model_Anthropic,real_claude_b001_P3_r1,A,real_claude,0.9999999840,1,10.0
holdout_model_Anthropic,real_claude_b001_P3_r2,A,real_claude,0.9999999809,1,10.0
holdout_model_Anthropic,real_claude_b002_P1_r1,A,real_claude,1.0000000000,1,10.0
holdout_model_Anthropic,real_claude_b002_P1_r2,A,real_claude,0.9999999792,1,10.0
holdout_model_Anthropic,real_claude_b002_P2_r1,A,real_claude,0.9372621021,1,10.0
holdout_model_Anthropic,real_claude_b002_P2_r2,A,real_claude,0.9999997060,1,10.0
holdout_model_Anthropic,real_claude_b002_P3_r1,A,real_claude,0.9999973278,1,10.0
holdout_model_Anthropic,real_claude_b002_P3_r2,A,real_claude,0.9999927928,1,10.0
holdout_model_Anthropic,real_claude_b003_P1_r1,A,real_claude,0.9999900611,1,10.0
holdout_model_Anthropic,real_claude_b003_P1_r2,A,real_claude,0.9999971961,1,10.0
holdout_model_Anthropic,real_claude_b003_P2_r1,A,real_claude,0.9999981868,1,10.0
holdout_model_Anthropic,real_claude_b003_P2_r2,A,real_claude,0.9999978058,1,10.0
holdout_model_Anthropic,real_claude_b003_P3_r1,A,real_claude,0.9879190964,1,10.0
holdout_model_Anthropic,real_claude_b003_P3_r2,A,real_claude,0.9999170782,1,10.0
holdout_model_Anthropic,real_claude_b004_P1_r1,A,real_claude,0.9999999935,1,10.0
holdout_model_Anthropic,real_claude_b004_P1_r2,A,real_claude,0.9999999818,1,10.0
holdout_model_Anthropic,real_claude_b004_P2_r1,A,real_claude,0.9999979568,1,10.0
holdout_model_Anthropic,real_claude_b004_P2_r2,A,real_claude,0.9999936867,1,10.0
holdout_model_Anthropic,real_claude_b004_P3_r1,A,real_claude,0.9999994536,1,10.0
holdout_model_Anthropic,real_claude_b004_P3_r2,A,real_claude,0.9999988818,1,10.0
holdout_model_Anthropic,real_claude_b005_P1_r1,A,real_claude,1.0000000000,1,10.0
holdout_model_Anthropic,real_claude_b005_P1_r2,A,real_claude,1.0000000000,1,10.0
holdout_model_Anthropic,real_claude_b005_P2_r1,A,real_claude,0.9999990122,1,10.0
holdout_model_Anthropic,real_claude_b005_P2_r2,A,real_claude,0.9994993128,1,10.0
holdout_model_Anthropic,real_claude_b005_P3_r1,A,real_claude,0.9999996092,1,10.0
holdout_model_Anthropic,real_claude_b005_P3_r2,A,real_claude,0.9999999991,1,10.0
holdout_model_Anthropic,real_claude_b006_P1_r1,A,real_claude,0.9999999997,1,10.0
holdout_model_Anthropic,real_claude_b006_P1_r2,A,real_claude,0.9999999999,1,10.0
holdout_model_Anthropic,real_claude_b006_P2_r1,A,real_claude,0.9999999967,1,10.0
holdout_model_Anthropic,real_claude_b006_P2_r2,A,real_claude,1.0000000000,1,10.0
holdout_model_Anthropic,real_claude_b006_P3_r1,A,real_claude,0.9999908953,1,10.0
holdout_model_Anthropic,real_claude_b006_P3_r2,A,real_claude,0.9954646004,1,10.0
holdout_model_Anthropic,real_claude_b007_P1_r1,A,real_claude,0.9999999755,1,10.0
holdout_model_Anthropic,real_claude_b007_P1_r2,A,real_claude,0.9999999950,1,10.0
holdout_model_Anthropic,real_claude_b007_P2_r1,A,real_claude,0.9993143204,1,10.0
holdout_model_Anthropic,real_claude_b007_P2_r2,A,real_claude,0.9999888181,1,10.0
holdout_model_Anthropic,real_claude_b007_P3_r1,A,real_claude,0.9999997824,1,10.0
holdout_model_Anthropic,real_claude_b007_P3_r2,A,real_claude,0.9999996357,1,10.0
holdout_model_Anthropic,real_claude_b008_P1_r1,A,real_claude,0.9999999904,1,10.0
holdout_model_Anthropic,real_claude_b008_P1_r2,A,real_claude,0.9999999877,1,10.0
holdout_model_Anthropic,real_claude_b008_P2_r1,A,real_claude,0.9999999481,1,10.0
holdout_model_Anthropic,real_claude_b008_P2_r2,A,real_claude,0.9999452935,1,10.0
holdout_model_Anthropic,real_claude_b008_P3_r1,A,real_claude,0.9999999999,1,10.0
holdout_model_Anthropic,real_claude_b008_P3_r2,A,real_claude,0.9999999563,1,10.0
holdout_model_Anthropic,real_claude_b009_P1_r1,A,real_claude,0.9999999312,1,10.0
holdout_model_Anthropic,real_claude_b009_P1_r2,A,real_claude,0.9999999776,1,10.0
holdout_model_Anthropic,real_claude_b009_P2_r1,A,real_claude,0.9999991587,1,10.0
holdout_model_Anthropic,real_claude_b009_P2_r2,A,real_claude,0.9999704100,1,10.0
holdout_model_Anthropic,real_claude_b009_P3_r1,A,real_claude,0.9999999415,1,10.0
holdout_model_Anthropic,real_claude_b009_P3_r2,A,real_claude,0.9999989142,1,10.0
holdout_model_Anthropic,real_claude_b010_P1_r1,A,real_claude,0.9999999490,1,10.0
holdout_model_Anthropic,real_claude_b010_P1_r2,A,real_claude,0.9999998614,1,10.0
holdout_model_Anthropic,real_claude_b010_P2_r1,A,real_claude,0.9999999870,1,10.0
holdout_model_Anthropic,real_claude_b010_P2_r2,A,real_claude,0.9999988665,1,10.0
holdout_model_Anthropic,real_claude_b010_P3_r1,A,real_claude,0.9999999251,1,10.0
holdout_model_Anthropic,real_claude_b010_P3_r2,A,real_claude,0.9999999916,1,10.0
holdout_model_Anthropic,real_claude_b011_P1_r1,A,real_claude,1.0000000000,1,10.0
holdout_model_Anthropic,real_claude_b011_P1_r2,A,real_claude,0.9999999982,1,10.0
holdout_model_Anthropic,real_claude_b011_P2_r1,A,real_claude,0.9997408853,1,10.0
holdout_model_Anthropic,real_claude_b011_P2_r2,A,real_claude,0.9999971751,1,10.0
holdout_model_Anthropic,real_claude_b011_P3_r1,A,real_claude,0.9999999674,1,10.0
holdout_model_Anthropic,real_claude_b011_P3_r2,A,real_claude,0.9999967060,1,10.0
holdout_model_Anthropic,real_claude_b012_P1_r1,A,real_claude,0.9999998842,1,10.0
holdout_model_Anthropic,real_claude_b012_P1_r2,A,real_claude,0.9999999995,1,10.0
holdout_model_Anthropic,real_claude_b012_P2_r1,A,real_claude,0.9999987668,1,10.0
holdout_model_Anthropic,real_claude_b012_P2_r2,A,real_claude,0.9999987982,1,10.0
holdout_model_Anthropic,real_claude_b012_P3_r1,A,real_claude,0.9999998046,1,10.0
holdout_model_Anthropic,real_claude_b012_P3_r2,A,real_claude,0.9999999985,1,10.0
holdout_model_Anthropic,real_claude_b013_P1_r1,A,real_claude,0.9999999944,1,10.0
holdout_model_Anthropic,real_claude_b013_P1_r2,A,real_claude,1.0000000000,1,10.0
holdout_model_Anthropic,real_claude_b013_P2_r1,A,real_claude,0.9966394906,1,10.0
holdout_model_Anthropic,real_claude_b013_P2_r2,A,real_claude,0.9999997136,1,10.0
holdout_model_Anthropic,real_claude_b013_P3_r1,A,real_claude,0.9999999798,1,10.0
holdout_model_Anthropic,real_claude_b013_P3_r2,A,real_claude,0.9999999997,1,10.0
holdout_model_Anthropic,real_claude_b014_P1_r1,A,real_claude,0.9999999991,1,10.0
holdout_model_Anthropic,real_claude_b014_P1_r2,A,real_claude,0.9999999919,1,10.0
holdout_model_Anthropic,real_claude_b014_P2_r1,A,real_claude,0.9999997695,1,10.0
holdout_model_Anthropic,real_claude_b014_P2_r2,A,real_claude,0.9999999998,1,10.0
holdout_model_Anthropic,real_claude_b014_P3_r1,A,real_claude,0.9999999175,1,10.0
holdout_model_Anthropic,real_claude_b014_P3_r2,A,real_claude,0.9999999854,1,10.0
holdout_model_Anthropic,real_claude_b015_P1_r1,A,real_claude,0.9999999691,1,10.0
holdout_model_Anthropic,real_claude_b015_P1_r2,A,real_claude,1.0000000000,1,10.0
holdout_model_Anthropic,real_claude_b015_P2_r1,A,real_claude,0.9999999416,1,10.0
holdout_model_Anthropic,real_claude_b015_P2_r2,A,real_claude,0.9999999758,1,10.0
holdout_model_Anthropic,real_claude_b015_P3_r1,A,real_claude,0.9999663344,1,10.0
holdout_model_Anthropic,real_claude_b015_P3_r2,A,real_claude,0.9999999614,1,10.0
holdout_model_Anthropic,real_claude_b016_P1_r1,A,real_claude,0.9999999999,1,10.0
holdout_model_Anthropic,real_claude_b016_P1_r2,A,real_claude,0.9999999962,1,10.0
holdout_model_Anthropic,real_claude_b016_P2_r1,A,real_claude,0.9999999549,1,10.0
holdout_model_Anthropic,real_claude_b016_P2_r2,A,real_claude,0.9999999995,1,10.0
holdout_model_Anthropic,real_claude_b016_P3_r1,A,real_claude,0.9999987678,1,10.0
holdout_model_Anthropic,real_claude_b016_P3_r2,A,real_claude,0.9999897662,1,10.0
holdout_model_Anthropic,real_claude_b017_P1_r1,A,real_claude,0.9999999992,1,10.0
holdout_model_Anthropic,real_claude_b017_P1_r2,A,real_claude,0.9999999967,1,10.0
holdout_model_Anthropic,real_claude_b017_P2_r1,A,real_claude,1.0000000000,1,10.0
holdout_model_Anthropic,real_claude_b017_P2_r2,A,real_claude,0.9999999984,1,10.0
holdout_model_Anthropic,real_claude_b017_P3_r1,A,real_claude,0.9999984714,1,10.0
holdout_model_Anthropic,real_claude_b017_P3_r2,A,real_claude,0.9999996002,1,10.0
holdout_model_Anthropic,real_claude_b018_P1_r1,A,real_claude,0.9999999941,1,10.0
holdout_model_Anthropic,real_claude_b018_P1_r2,A,real_claude,0.9999999653,1,10.0
holdout_model_Anthropic,real_claude_b018_P2_r1,A,real_claude,0.9999999722,1,10.0
holdout_model_Anthropic,real_claude_b018_P2_r2,A,real_claude,0.9999995138,1,10.0
holdout_model_Anthropic,real_claude_b018_P3_r1,A,real_claude,0.9999959942,1,10.0
holdout_model_Anthropic,real_claude_b018_P3_r2,A,real_claude,0.9999980965,1,10.0
holdout_model_Anthropic,real_claude_b019_P1_r1,A,real_claude,0.9999314161,1,10.0
holdout_model_Anthropic,real_claude_b019_P1_r2,A,real_claude,0.9999999944,1,10.0
holdout_model_Anthropic,real_claude_b019_P2_r1,A,real_claude,0.9999979976,1,10.0
holdout_model_Anthropic,real_claude_b019_P2_r2,A,real_claude,0.9999998862,1,10.0
holdout_model_Anthropic,real_claude_b019_P3_r1,A,real_claude,0.9998623628,1,10.0
holdout_model_Anthropic,real_claude_b019_P3_r2,A,real_claude,0.9998327028,1,10.0
holdout_model_Anthropic,real_claude_b020_P1_r1,A,real_claude,0.9999998940,1,10.0
holdout_model_Anthropic,real_claude_b020_P1_r2,A,real_claude,0.9999998798,1,10.0
holdout_model_Anthropic,real_claude_b020_P2_r1,A,real_claude,0.9999836391,1,10.0
holdout_model_Anthropic,real_claude_b020_P2_r2,A,real_claude,0.9999999722,1,10.0
holdout_model_Anthropic,real_claude_b020_P3_r1,A,real_claude,0.9999983236,1,10.0
holdout_model_Anthropic,real_claude_b020_P3_r2,A,real_claude,0.9999741030,1,10.0
holdout_model_Anthropic,real_claude_b021_P1_r1,A,real_claude,0.9999999895,1,10.0
holdout_model_Anthropic,real_claude_b021_P1_r2,A,real_claude,0.9999982759,1,10.0
holdout_model_Anthropic,real_claude_b021_P2_r1,A,real_claude,0.9999999813,1,10.0
holdout_model_Anthropic,real_claude_b021_P2_r2,A,real_claude,0.9999999997,1,10.0
holdout_model_Anthropic,real_claude_b021_P3_r1,A,real_claude,0.9998504202,1,10.0
holdout_model_Anthropic,real_claude_b021_P3_r2,A,real_claude,0.9991769993,1,10.0
holdout_model_Anthropic,real_claude_b022_P1_r1,A,real_claude,0.9999999930,1,10.0
holdout_model_Anthropic,real_claude_b022_P1_r2,A,real_claude,0.9999999180,1,10.0
holdout_model_Anthropic,real_claude_b022_P2_r1,A,real_claude,0.9999999856,1,10.0
holdout_model_Anthropic,real_claude_b022_P2_r2,A,real_claude,0.9999999904,1,10.0
holdout_model_Anthropic,real_claude_b022_P3_r1,A,real_claude,0.9999974496,1,10.0
holdout_model_Anthropic,real_claude_b022_P3_r2,A,real_claude,0.9999840997,1,10.0
holdout_model_Anthropic,real_claude_b023_P1_r1,A,real_claude,0.9999999997,1,10.0
holdout_model_Anthropic,real_claude_b023_P1_r2,A,real_claude,1.0000000000,1,10.0
holdout_model_Anthropic,real_claude_b023_P2_r1,A,real_claude,0.9999989495,1,10.0
holdout_model_Anthropic,real_claude_b023_P2_r2,A,real_claude,0.9999998575,1,10.0
holdout_model_Anthropic,real_claude_b023_P3_r1,A,real_claude,0.9999999999,1,10.0
holdout_model_Anthropic,real_claude_b023_P3_r2,A,real_claude,0.9999997111,1,10.0
holdout_model_Anthropic,real_claude_b024_P1_r1,A,real_claude,1.0000000000,1,10.0
holdout_model_Anthropic,real_claude_b024_P1_r2,A,real_claude,1.0000000000,1,10.0
holdout_model_Anthropic,real_claude_b024_P2_r1,A,real_claude,0.9999989758,1,10.0
holdout_model_Anthropic,real_claude_b024_P2_r2,A,real_claude,0.9991219815,1,10.0
holdout_model_Anthropic,real_claude_b024_P3_r1,A,real_claude,0.9999999999,1,10.0
holdout_model_Anthropic,real_claude_b024_P3_r2,A,real_claude,1.0000000000,1,10.0
holdout_model_Anthropic,real_claude_b025_P1_r1,A,real_claude,0.9999999924,1,10.0
holdout_model_Anthropic,real_claude_b025_P1_r2,A,real_claude,0.9999999993,1,10.0
holdout_model_Anthropic,real_claude_b025_P2_r1,A,real_claude,0.9999999647,1,10.0
holdout_model_Anthropic,real_claude_b025_P2_r2,A,real_claude,0.9999999971,1,10.0
holdout_model_Anthropic,real_claude_b025_P3_r1,A,real_claude,0.9999998948,1,10.0
holdout_model_Anthropic,real_claude_b025_P3_r2,A,real_claude,0.9999997288,1,10.0
holdout_model_Anthropic,real_claude_b026_P1_r1,A,real_claude,0.9999999981,1,10.0
holdout_model_Anthropic,real_claude_b026_P1_r2,A,real_claude,0.9999999992,1,10.0
holdout_model_Anthropic,real_claude_b026_P2_r1,A,real_claude,0.9999999458,1,10.0
holdout_model_Anthropic,real_claude_b026_P2_r2,A,real_claude,0.9999999998,1,10.0
holdout_model_Anthropic,real_claude_b026_P3_r1,A,real_claude,0.9999937569,1,10.0
holdout_model_Anthropic,real_claude_b026_P3_r2,A,real_claude,0.9999985841,1,10.0
holdout_model_Anthropic,real_claude_b027_P1_r1,A,real_claude,0.9999998187,1,10.0
holdout_model_Anthropic,real_claude_b027_P1_r2,A,real_claude,0.9999986551,1,10.0
holdout_model_Anthropic,real_claude_b027_P2_r1,A,real_claude,0.9999482581,1,10.0
holdout_model_Anthropic,real_claude_b027_P2_r2,A,real_claude,0.9999999906,1,10.0
holdout_model_Anthropic,real_claude_b027_P3_r1,A,real_claude,0.9999997571,1,10.0
holdout_model_Anthropic,real_claude_b027_P3_r2,A,real_claude,0.9999999992,1,10.0
holdout_model_Anthropic,real_claude_b028_P1_r1,A,real_claude,0.9999999427,1,10.0
holdout_model_Anthropic,real_claude_b028_P1_r2,A,real_claude,0.9999999998,1,10.0
holdout_model_Anthropic,real_claude_b028_P2_r1,A,real_claude,0.9999999861,1,10.0
holdout_model_Anthropic,real_claude_b028_P2_r2,A,real_claude,0.9995881034,1,10.0
holdout_model_Anthropic,real_claude_b028_P3_r1,A,real_claude,0.9999996636,1,10.0
holdout_model_Anthropic,real_claude_b028_P3_r2,A,real_claude,0.9999950001,1,10.0
holdout_model_Anthropic,real_claude_b029_P1_r1,A,real_claude,0.9999999948,1,10.0
holdout_model_Anthropic,real_claude_b029_P1_r2,A,real_claude,1.0000000000,1,10.0
holdout_model_Anthropic,real_claude_b029_P2_r1,A,real_claude,0.9999999705,1,10.0
holdout_model_Anthropic,real_claude_b029_P2_r2,A,real_claude,0.9999993281,1,10.0
holdout_model_Anthropic,real_claude_b029_P3_r1,A,real_claude,0.9999972708,1,10.0
holdout_model_Anthropic,real_claude_b029_P3_r2,A,real_claude,0.9998814277,1,10.0
holdout_model_Anthropic,real_claude_b030_P1_r1,A,real_claude,0.9999999974,1,10.0
holdout_model_Anthropic,real_claude_b030_P1_r2,A,real_claude,0.9999999967,1,10.0
holdout_model_Anthropic,real_claude_b030_P2_r1,A,real_claude,0.9999999423,1,10.0
holdout_model_Anthropic,real_claude_b030_P2_r2,A,real_claude,0.9999999935,1,10.0
holdout_model_Anthropic,real_claude_b030_P3_r1,A,real_claude,0.9999994918,1,10.0
holdout_model_Anthropic,real_claude_b030_P3_r2,A,real_claude,0.9999999994,1,10.0
holdout_model_Anthropic,real_claude_b031_P1_r1,A,real_claude,0.9999999998,1,10.0
holdout_model_Anthropic,real_claude_b031_P1_r2,A,real_claude,1.0000000000,1,10.0
holdout_model_Anthropic,real_claude_b031_P2_r1,A,real_claude,0.9999999982,1,10.0
holdout_model_Anthropic,real_claude_b031_P2_r2,A,real_claude,0.9999997264,1,10.0
holdout_model_Anthropic,real_claude_b031_P3_r1,A,real_claude,1.0000000000,1,10.0
holdout_model_Anthropic,real_claude_b031_P3_r2,A,real_claude,1.0000000000,1,10.0
holdout_model_Anthropic,real_claude_b032_P1_r1,A,real_claude,0.9999999987,1,10.0
holdout_model_Anthropic,real_claude_b032_P1_r2,A,real_claude,1.0000000000,1,10.0
holdout_model_Anthropic,real_claude_b032_P2_r1,A,real_claude,0.9999977712,1,10.0
holdout_model_Anthropic,real_claude_b032_P2_r2,A,real_claude,0.9999999999,1,10.0
holdout_model_Anthropic,real_claude_b032_P3_r1,A,real_claude,0.9999994822,1,10.0
holdout_model_Anthropic,real_claude_b032_P3_r2,A,real_claude,0.9999995379,1,10.0
holdout_model_Anthropic,real_claude_b033_P1_r1,A,real_claude,1.0000000000,1,10.0
holdout_model_Anthropic,real_claude_b033_P1_r2,A,real_claude,0.9999999808,1,10.0
holdout_model_Anthropic,real_claude_b033_P2_r1,A,real_claude,0.9999998769,1,10.0
holdout_model_Anthropic,real_claude_b033_P2_r2,A,real_claude,0.9999989285,1,10.0
holdout_model_Anthropic,real_claude_b033_P3_r1,A,real_claude,0.9999999999,1,10.0
holdout_model_Anthropic,real_claude_b033_P3_r2,A,real_claude,0.9999838288,1,10.0
holdout_model_Anthropic,real_claude_b034_P1_r1,A,real_claude,0.9999999999,1,10.0
holdout_model_Anthropic,real_claude_b034_P1_r2,A,real_claude,0.9999999998,1,10.0
holdout_model_Anthropic,real_claude_b034_P2_r1,A,real_claude,0.9999998872,1,10.0
holdout_model_Anthropic,real_claude_b034_P2_r2,A,real_claude,0.9999999722,1,10.0
holdout_model_Anthropic,real_claude_b034_P3_r1,A,real_claude,0.9999985143,1,10.0
holdout_model_Anthropic,real_claude_b034_P3_r2,A,real_claude,0.9999995839,1,10.0
holdout_model_Anthropic,real_claude_b035_P1_r1,A,real_claude,1.0000000000,1,10.0
holdout_model_Anthropic,real_claude_b035_P1_r2,A,real_claude,0.9999999999,1,10.0
holdout_model_Anthropic,real_claude_b035_P2_r1,A,real_claude,0.9999999518,1,10.0
holdout_model_Anthropic,real_claude_b035_P2_r2,A,real_claude,0.9999999852,1,10.0
holdout_model_Anthropic,real_claude_b035_P3_r1,A,real_claude,0.9999996595,1,10.0
holdout_model_Anthropic,real_claude_b035_P3_r2,A,real_claude,0.9999907943,1,10.0
holdout_model_Anthropic,real_claude_b036_P1_r1,A,real_claude,0.9999997859,1,10.0
holdout_model_Anthropic,real_claude_b036_P1_r2,A,real_claude,0.9999999591,1,10.0
holdout_model_Anthropic,real_claude_b036_P2_r1,A,real_claude,0.9997112364,1,10.0
holdout_model_Anthropic,real_claude_b036_P2_r2,A,real_claude,0.9999999999,1,10.0
holdout_model_Anthropic,real_claude_b036_P3_r1,A,real_claude,0.9999971069,1,10.0
holdout_model_Anthropic,real_claude_b036_P3_r2,A,real_claude,0.9999621779,1,10.0
holdout_model_Anthropic,real_claude_b037_P1_r1,A,real_claude,0.9999998779,1,10.0
holdout_model_Anthropic,real_claude_b037_P1_r2,A,real_claude,0.9999999993,1,10.0
holdout_model_Anthropic,real_claude_b037_P2_r1,A,real_claude,0.9999999992,1,10.0
holdout_model_Anthropic,real_claude_b037_P2_r2,A,real_claude,0.9999999644,1,10.0
holdout_model_Anthropic,real_claude_b037_P3_r1,A,real_claude,0.9999999997,1,10.0
holdout_model_Anthropic,real_claude_b037_P3_r2,A,real_claude,1.0000000000,1,10.0
holdout_model_Anthropic,real_claude_b038_P1_r1,A,real_claude,0.9999999393,1,10.0
holdout_model_Anthropic,real_claude_b038_P1_r2,A,real_claude,0.9999999981,1,10.0
holdout_model_Anthropic,real_claude_b038_P2_r1,A,real_claude,0.9991208748,1,10.0
holdout_model_Anthropic,real_claude_b038_P2_r2,A,real_claude,0.9999997324,1,10.0
holdout_model_Anthropic,real_claude_b038_P3_r1,A,real_claude,0.9999999996,1,10.0
holdout_model_Anthropic,real_claude_b038_P3_r2,A,real_claude,0.9999672472,1,10.0
holdout_model_Anthropic,real_claude_b039_P1_r1,A,real_claude,0.9999999995,1,10.0
holdout_model_Anthropic,real_claude_b039_P1_r2,A,real_claude,0.9999998369,1,10.0
holdout_model_Anthropic,real_claude_b039_P2_r1,A,real_claude,1.0000000000,1,10.0
holdout_model_Anthropic,real_claude_b039_P2_r2,A,real_claude,1.0000000000,1,10.0
holdout_model_Anthropic,real_claude_b039_P3_r1,A,real_claude,0.9999986659,1,10.0
holdout_model_Anthropic,real_claude_b039_P3_r2,A,real_claude,0.9999794934,1,10.0
holdout_model_Anthropic,real_claude_b040_P1_r1,A,real_claude,0.9999999996,1,10.0
holdout_model_Anthropic,real_claude_b040_P1_r2,A,real_claude,0.9999999979,1,10.0
holdout_model_Anthropic,real_claude_b040_P2_r1,A,real_claude,0.9999872401,1,10.0
holdout_model_Anthropic,real_claude_b040_P2_r2,A,real_claude,0.9999999917,1,10.0
holdout_model_Anthropic,real_claude_b040_P3_r1,A,real_claude,0.9999998652,1,10.0
holdout_model_Anthropic,real_claude_b040_P3_r2,A,real_claude,0.9999999007,1,10.0
holdout_model_Anthropic,real_claude_b041_P1_r1,A,real_claude,0.9999999324,1,10.0
holdout_model_Anthropic,real_claude_b041_P1_r2,A,real_claude,0.9999999910,1,10.0
holdout_model_Anthropic,real_claude_b041_P2_r1,A,real_claude,0.9999999998,1,10.0
holdout_model_Anthropic,real_claude_b041_P2_r2,A,real_claude,0.9999998268,1,10.0
holdout_model_Anthropic,real_claude_b041_P3_r1,A,real_claude,0.9999180318,1,10.0
holdout_model_Anthropic,real_claude_b041_P3_r2,A,real_claude,0.9939647652,1,10.0
holdout_model_Anthropic,real_claude_b042_P1_r1,A,real_claude,0.9999999998,1,10.0
holdout_model_Anthropic,real_claude_b042_P1_r2,A,real_claude,0.9999999997,1,10.0
holdout_model_Anthropic,real_claude_b042_P2_r1,A,real_claude,0.9999999685,1,10.0
holdout_model_Anthropic,real_claude_b042_P2_r2,A,real_claude,0.9999999701,1,10.0
holdout_model_Anthropic,real_claude_b042_P3_r1,A,real_claude,0.9999976613,1,10.0
holdout_model_Anthropic,real_claude_b042_P3_r2,A,real_claude,0.9999971407,1,10.0
holdout_model_Anthropic,real_claude_b043_P1_r1,A,real_claude,0.9999999999,1,10.0
holdout_model_Anthropic,real_claude_b043_P1_r2,A,real_claude,0.9999999997,1,10.0
holdout_model_Anthropic,real_claude_b043_P2_r1,A,real_claude,0.9990998448,1,10.0
holdout_model_Anthropic,real_claude_b043_P2_r2,A,real_claude,0.9999999606,1,10.0
holdout_model_Anthropic,real_claude_b043_P3_r1,A,real_claude,0.9999999301,1,10.0
holdout_model_Anthropic,real_claude_b043_P3_r2,A,real_claude,0.9999894056,1,10.0
holdout_model_Anthropic,real_claude_b044_P1_r1,A,real_claude,0.9999999989,1,10.0
holdout_model_Anthropic,real_claude_b044_P1_r2,A,real_claude,0.9999999994,1,10.0
holdout_model_Anthropic,real_claude_b044_P2_r1,A,real_claude,0.9999999692,1,10.0
holdout_model_Anthropic,real_claude_b044_P2_r2,A,real_claude,0.9999999916,1,10.0
holdout_model_Anthropic,real_claude_b044_P3_r1,A,real_claude,0.9999999723,1,10.0
holdout_model_Anthropic,real_claude_b044_P3_r2,A,real_claude,0.9999999857,1,10.0
holdout_model_Anthropic,real_claude_b045_P1_r1,A,real_claude,0.9999999974,1,10.0
holdout_model_Anthropic,real_claude_b045_P1_r2,A,real_claude,0.9999999941,1,10.0
holdout_model_Anthropic,real_claude_b045_P2_r1,A,real_claude,0.9999999998,1,10.0
holdout_model_Anthropic,real_claude_b045_P2_r2,A,real_claude,0.9999999716,1,10.0
holdout_model_Anthropic,real_claude_b045_P3_r1,A,real_claude,0.9999999619,1,10.0
holdout_model_Anthropic,real_claude_b045_P3_r2,A,real_claude,0.9999994075,1,10.0
holdout_model_DeepSeek,deepseek_pro_b001_P1_r1,A,deepseek_pro,0.9103368737,1,0.01
holdout_model_DeepSeek,deepseek_pro_b001_P1_r2,A,deepseek_pro,0.9248706375,1,0.01
holdout_model_DeepSeek,deepseek_pro_b001_P2_r1,A,deepseek_pro,0.9877867610,1,0.01
holdout_model_DeepSeek,deepseek_pro_b001_P2_r2,A,deepseek_pro,0.9348207386,1,0.01
holdout_model_DeepSeek,deepseek_pro_b001_P3_r1,A,deepseek_pro,0.3166449427,0,0.01
holdout_model_DeepSeek,deepseek_pro_b001_P3_r2,A,deepseek_pro,0.3187919195,0,0.01
holdout_model_DeepSeek,deepseek_pro_b002_P1_r1,A,deepseek_pro,0.8648107292,1,0.01
holdout_model_DeepSeek,deepseek_pro_b002_P1_r2,A,deepseek_pro,0.8874523538,1,0.01
holdout_model_DeepSeek,deepseek_pro_b002_P2_r1,A,deepseek_pro,0.9424978831,1,0.01
holdout_model_DeepSeek,deepseek_pro_b002_P2_r2,A,deepseek_pro,0.9700992634,1,0.01
holdout_model_DeepSeek,deepseek_pro_b002_P3_r1,A,deepseek_pro,0.4467281403,0,0.01
holdout_model_DeepSeek,deepseek_pro_b002_P3_r2,A,deepseek_pro,0.9113030929,1,0.01
holdout_model_DeepSeek,deepseek_pro_b003_P1_r1,A,deepseek_pro,0.9619737310,1,0.01
holdout_model_DeepSeek,deepseek_pro_b003_P1_r2,A,deepseek_pro,0.9201525387,1,0.01
holdout_model_DeepSeek,deepseek_pro_b003_P2_r1,A,deepseek_pro,0.9615768726,1,0.01
holdout_model_DeepSeek,deepseek_pro_b003_P2_r2,A,deepseek_pro,0.9932791320,1,0.01
holdout_model_DeepSeek,deepseek_pro_b003_P3_r1,A,deepseek_pro,0.5263312358,1,0.01
holdout_model_DeepSeek,deepseek_pro_b003_P3_r2,A,deepseek_pro,0.7112014632,1,0.01
holdout_model_DeepSeek,deepseek_pro_b004_P1_r1,A,deepseek_pro,0.8656216642,1,0.01
holdout_model_DeepSeek,deepseek_pro_b004_P1_r2,A,deepseek_pro,0.8305438678,1,0.01
holdout_model_DeepSeek,deepseek_pro_b004_P2_r1,A,deepseek_pro,0.9535257519,1,0.01
holdout_model_DeepSeek,deepseek_pro_b004_P2_r2,A,deepseek_pro,0.8439131026,1,0.01
holdout_model_DeepSeek,deepseek_pro_b004_P3_r1,A,deepseek_pro,0.5826227521,1,0.01
holdout_model_DeepSeek,deepseek_pro_b004_P3_r2,A,deepseek_pro,0.3971041973,0,0.01
holdout_model_DeepSeek,deepseek_pro_b005_P1_r1,A,deepseek_pro,0.9024551180,1,0.01
holdout_model_DeepSeek,deepseek_pro_b005_P1_r2,A,deepseek_pro,0.9550007272,1,0.01
holdout_model_DeepSeek,deepseek_pro_b005_P2_r1,A,deepseek_pro,0.9945258660,1,0.01
holdout_model_DeepSeek,deepseek_pro_b005_P2_r2,A,deepseek_pro,0.9618674129,1,0.01
holdout_model_DeepSeek,deepseek_pro_b005_P3_r1,A,deepseek_pro,0.8521043704,1,0.01
holdout_model_DeepSeek,deepseek_pro_b005_P3_r2,A,deepseek_pro,0.7455659229,1,0.01
holdout_model_DeepSeek,deepseek_pro_b006_P1_r1,A,deepseek_pro,0.9474475367,1,0.01
holdout_model_DeepSeek,deepseek_pro_b006_P1_r2,A,deepseek_pro,0.9309984480,1,0.01
holdout_model_DeepSeek,deepseek_pro_b006_P2_r1,A,deepseek_pro,0.9617983693,1,0.01
holdout_model_DeepSeek,deepseek_pro_b006_P2_r2,A,deepseek_pro,0.9857603812,1,0.01
holdout_model_DeepSeek,deepseek_pro_b006_P3_r1,A,deepseek_pro,0.8833953368,1,0.01
holdout_model_DeepSeek,deepseek_pro_b006_P3_r2,A,deepseek_pro,0.7688146599,1,0.01
holdout_model_DeepSeek,deepseek_pro_b007_P1_r1,A,deepseek_pro,0.9396194656,1,0.01
holdout_model_DeepSeek,deepseek_pro_b007_P1_r2,A,deepseek_pro,0.8869735329,1,0.01
holdout_model_DeepSeek,deepseek_pro_b007_P2_r1,A,deepseek_pro,0.8981496973,1,0.01
holdout_model_DeepSeek,deepseek_pro_b007_P2_r2,A,deepseek_pro,0.9715696929,1,0.01
holdout_model_DeepSeek,deepseek_pro_b007_P3_r1,A,deepseek_pro,0.8781404322,1,0.01
holdout_model_DeepSeek,deepseek_pro_b007_P3_r2,A,deepseek_pro,0.7683701424,1,0.01
holdout_model_DeepSeek,deepseek_pro_b008_P1_r1,A,deepseek_pro,0.9824124356,1,0.01
holdout_model_DeepSeek,deepseek_pro_b008_P1_r2,A,deepseek_pro,0.8062106027,1,0.01
holdout_model_DeepSeek,deepseek_pro_b008_P2_r1,A,deepseek_pro,0.9405345339,1,0.01
holdout_model_DeepSeek,deepseek_pro_b008_P2_r2,A,deepseek_pro,0.9657905845,1,0.01
holdout_model_DeepSeek,deepseek_pro_b008_P3_r1,A,deepseek_pro,0.8218795430,1,0.01
holdout_model_DeepSeek,deepseek_pro_b008_P3_r2,A,deepseek_pro,0.7711415362,1,0.01
holdout_model_DeepSeek,deepseek_pro_b009_P1_r1,A,deepseek_pro,0.8398306032,1,0.01
holdout_model_DeepSeek,deepseek_pro_b009_P1_r2,A,deepseek_pro,0.9385300633,1,0.01
holdout_model_DeepSeek,deepseek_pro_b009_P2_r1,A,deepseek_pro,0.9897504719,1,0.01
holdout_model_DeepSeek,deepseek_pro_b009_P2_r2,A,deepseek_pro,0.9615669801,1,0.01
holdout_model_DeepSeek,deepseek_pro_b009_P3_r1,A,deepseek_pro,0.6745346804,1,0.01
holdout_model_DeepSeek,deepseek_pro_b009_P3_r2,A,deepseek_pro,0.5276250915,1,0.01
holdout_model_DeepSeek,deepseek_pro_b010_P1_r1,A,deepseek_pro,0.8303348576,1,0.01
holdout_model_DeepSeek,deepseek_pro_b010_P1_r2,A,deepseek_pro,0.8797370990,1,0.01
holdout_model_DeepSeek,deepseek_pro_b010_P2_r1,A,deepseek_pro,0.6556901233,1,0.01
holdout_model_DeepSeek,deepseek_pro_b010_P2_r2,A,deepseek_pro,0.9390054364,1,0.01
holdout_model_DeepSeek,deepseek_pro_b010_P3_r1,A,deepseek_pro,0.3839371239,0,0.01
holdout_model_DeepSeek,deepseek_pro_b010_P3_r2,A,deepseek_pro,0.5382204396,1,0.01
holdout_model_DeepSeek,deepseek_pro_b011_P1_r1,A,deepseek_pro,0.8716889801,1,0.01
holdout_model_DeepSeek,deepseek_pro_b011_P1_r2,A,deepseek_pro,0.9661427807,1,0.01
holdout_model_DeepSeek,deepseek_pro_b011_P2_r1,A,deepseek_pro,0.9837638537,1,0.01
holdout_model_DeepSeek,deepseek_pro_b011_P2_r2,A,deepseek_pro,0.9729278459,1,0.01
holdout_model_DeepSeek,deepseek_pro_b011_P3_r1,A,deepseek_pro,0.8112885868,1,0.01
holdout_model_DeepSeek,deepseek_pro_b011_P3_r2,A,deepseek_pro,0.6715805924,1,0.01
holdout_model_DeepSeek,deepseek_pro_b012_P1_r1,A,deepseek_pro,0.9654832744,1,0.01
holdout_model_DeepSeek,deepseek_pro_b012_P1_r2,A,deepseek_pro,0.9514877080,1,0.01
holdout_model_DeepSeek,deepseek_pro_b012_P2_r1,A,deepseek_pro,0.9920626473,1,0.01
holdout_model_DeepSeek,deepseek_pro_b012_P2_r2,A,deepseek_pro,0.9863383024,1,0.01
holdout_model_DeepSeek,deepseek_pro_b012_P3_r1,A,deepseek_pro,0.6666528048,1,0.01
holdout_model_DeepSeek,deepseek_pro_b012_P3_r2,A,deepseek_pro,0.8264909868,1,0.01
holdout_model_DeepSeek,deepseek_pro_b013_P1_r1,A,deepseek_pro,0.9164521795,1,0.01
holdout_model_DeepSeek,deepseek_pro_b013_P1_r2,A,deepseek_pro,0.9636517268,1,0.01
holdout_model_DeepSeek,deepseek_pro_b013_P2_r1,A,deepseek_pro,0.9747108744,1,0.01
holdout_model_DeepSeek,deepseek_pro_b013_P2_r2,A,deepseek_pro,0.9253337047,1,0.01
holdout_model_DeepSeek,deepseek_pro_b013_P3_r1,A,deepseek_pro,0.6825934769,1,0.01
holdout_model_DeepSeek,deepseek_pro_b013_P3_r2,A,deepseek_pro,0.8107963526,1,0.01
holdout_model_DeepSeek,deepseek_pro_b014_P1_r1,A,deepseek_pro,0.7311920208,1,0.01
holdout_model_DeepSeek,deepseek_pro_b014_P1_r2,A,deepseek_pro,0.9438567190,1,0.01
holdout_model_DeepSeek,deepseek_pro_b014_P2_r1,A,deepseek_pro,0.9679861253,1,0.01
holdout_model_DeepSeek,deepseek_pro_b014_P2_r2,A,deepseek_pro,0.9812063640,1,0.01
holdout_model_DeepSeek,deepseek_pro_b014_P3_r1,A,deepseek_pro,0.8644667899,1,0.01
holdout_model_DeepSeek,deepseek_pro_b014_P3_r2,A,deepseek_pro,0.7744559670,1,0.01
holdout_model_DeepSeek,deepseek_pro_b015_P1_r1,A,deepseek_pro,0.9259613199,1,0.01
holdout_model_DeepSeek,deepseek_pro_b015_P1_r2,A,deepseek_pro,0.9625761877,1,0.01
holdout_model_DeepSeek,deepseek_pro_b015_P2_r1,A,deepseek_pro,0.9948371401,1,0.01
holdout_model_DeepSeek,deepseek_pro_b015_P2_r2,A,deepseek_pro,0.9709458638,1,0.01
holdout_model_DeepSeek,deepseek_pro_b015_P3_r1,A,deepseek_pro,0.5336877834,1,0.01
holdout_model_DeepSeek,deepseek_pro_b015_P3_r2,A,deepseek_pro,0.1391769102,0,0.01
holdout_model_DeepSeek,deepseek_pro_b016_P1_r1,A,deepseek_pro,0.8329927939,1,0.01
holdout_model_DeepSeek,deepseek_pro_b016_P1_r2,A,deepseek_pro,0.7236262763,1,0.01
holdout_model_DeepSeek,deepseek_pro_b016_P2_r1,A,deepseek_pro,0.9101920514,1,0.01
holdout_model_DeepSeek,deepseek_pro_b016_P2_r2,A,deepseek_pro,0.9129814225,1,0.01
holdout_model_DeepSeek,deepseek_pro_b016_P3_r1,A,deepseek_pro,0.5239277371,1,0.01
holdout_model_DeepSeek,deepseek_pro_b016_P3_r2,A,deepseek_pro,0.5826769118,1,0.01
holdout_model_DeepSeek,deepseek_pro_b017_P1_r1,A,deepseek_pro,0.9505038566,1,0.01
holdout_model_DeepSeek,deepseek_pro_b017_P1_r2,A,deepseek_pro,0.9578764255,1,0.01
holdout_model_DeepSeek,deepseek_pro_b017_P2_r1,A,deepseek_pro,0.9399318384,1,0.01
holdout_model_DeepSeek,deepseek_pro_b017_P2_r2,A,deepseek_pro,0.9848736293,1,0.01
holdout_model_DeepSeek,deepseek_pro_b017_P3_r1,A,deepseek_pro,0.7199055074,1,0.01
holdout_model_DeepSeek,deepseek_pro_b017_P3_r2,A,deepseek_pro,0.6178645164,1,0.01
holdout_model_DeepSeek,deepseek_pro_b018_P1_r1,A,deepseek_pro,0.9636671646,1,0.01
holdout_model_DeepSeek,deepseek_pro_b018_P1_r2,A,deepseek_pro,0.8925008600,1,0.01
holdout_model_DeepSeek,deepseek_pro_b018_P2_r1,A,deepseek_pro,0.9576686934,1,0.01
holdout_model_DeepSeek,deepseek_pro_b018_P2_r2,A,deepseek_pro,0.9411936979,1,0.01
holdout_model_DeepSeek,deepseek_pro_b018_P3_r1,A,deepseek_pro,0.7528753478,1,0.01
holdout_model_DeepSeek,deepseek_pro_b018_P3_r2,A,deepseek_pro,0.7135319546,1,0.01
holdout_model_DeepSeek,deepseek_pro_b019_P1_r1,A,deepseek_pro,0.9293002975,1,0.01
holdout_model_DeepSeek,deepseek_pro_b019_P1_r2,A,deepseek_pro,0.8320899341,1,0.01
holdout_model_DeepSeek,deepseek_pro_b019_P2_r1,A,deepseek_pro,0.9867078501,1,0.01
holdout_model_DeepSeek,deepseek_pro_b019_P2_r2,A,deepseek_pro,0.9897019913,1,0.01
holdout_model_DeepSeek,deepseek_pro_b019_P3_r1,A,deepseek_pro,0.8613717205,1,0.01
holdout_model_DeepSeek,deepseek_pro_b019_P3_r2,A,deepseek_pro,0.8450094128,1,0.01
holdout_model_DeepSeek,deepseek_pro_b020_P1_r1,A,deepseek_pro,0.8703827324,1,0.01
holdout_model_DeepSeek,deepseek_pro_b020_P1_r2,A,deepseek_pro,0.8498742951,1,0.01
holdout_model_DeepSeek,deepseek_pro_b020_P2_r1,A,deepseek_pro,0.9078397528,1,0.01
holdout_model_DeepSeek,deepseek_pro_b020_P2_r2,A,deepseek_pro,0.9631238233,1,0.01
holdout_model_DeepSeek,deepseek_pro_b020_P3_r1,A,deepseek_pro,0.7791368853,1,0.01
holdout_model_DeepSeek,deepseek_pro_b020_P3_r2,A,deepseek_pro,0.5820195188,1,0.01
holdout_model_DeepSeek,deepseek_pro_b021_P1_r1,A,deepseek_pro,0.9186897347,1,0.01
holdout_model_DeepSeek,deepseek_pro_b021_P1_r2,A,deepseek_pro,0.8119627991,1,0.01
holdout_model_DeepSeek,deepseek_pro_b021_P2_r1,A,deepseek_pro,0.8795945020,1,0.01
holdout_model_DeepSeek,deepseek_pro_b021_P2_r2,A,deepseek_pro,0.9475340751,1,0.01
holdout_model_DeepSeek,deepseek_pro_b021_P3_r1,A,deepseek_pro,0.7705566732,1,0.01
holdout_model_DeepSeek,deepseek_pro_b021_P3_r2,A,deepseek_pro,0.6792299605,1,0.01
holdout_model_DeepSeek,deepseek_pro_b022_P1_r1,A,deepseek_pro,0.8839388911,1,0.01
holdout_model_DeepSeek,deepseek_pro_b022_P1_r2,A,deepseek_pro,0.9213827889,1,0.01
holdout_model_DeepSeek,deepseek_pro_b022_P2_r1,A,deepseek_pro,0.9838996136,1,0.01
holdout_model_DeepSeek,deepseek_pro_b022_P2_r2,A,deepseek_pro,0.9769627542,1,0.01
holdout_model_DeepSeek,deepseek_pro_b022_P3_r1,A,deepseek_pro,0.6526443263,1,0.01
holdout_model_DeepSeek,deepseek_pro_b022_P3_r2,A,deepseek_pro,0.7131318416,1,0.01
holdout_model_DeepSeek,deepseek_pro_b023_P1_r1,A,deepseek_pro,0.9201503635,1,0.01
holdout_model_DeepSeek,deepseek_pro_b023_P1_r2,A,deepseek_pro,0.9052624102,1,0.01
holdout_model_DeepSeek,deepseek_pro_b023_P2_r1,A,deepseek_pro,0.9682400557,1,0.01
holdout_model_DeepSeek,deepseek_pro_b023_P2_r2,A,deepseek_pro,0.9698371900,1,0.01
holdout_model_DeepSeek,deepseek_pro_b023_P3_r1,A,deepseek_pro,0.6144708710,1,0.01
holdout_model_DeepSeek,deepseek_pro_b023_P3_r2,A,deepseek_pro,0.7416707819,1,0.01
holdout_model_DeepSeek,deepseek_pro_b024_P1_r1,A,deepseek_pro,0.9575697020,1,0.01
holdout_model_DeepSeek,deepseek_pro_b024_P1_r2,A,deepseek_pro,0.9641106451,1,0.01
holdout_model_DeepSeek,deepseek_pro_b024_P2_r1,A,deepseek_pro,0.9555668498,1,0.01
holdout_model_DeepSeek,deepseek_pro_b024_P2_r2,A,deepseek_pro,0.9948576265,1,0.01
holdout_model_DeepSeek,deepseek_pro_b024_P3_r1,A,deepseek_pro,0.6710922515,1,0.01
holdout_model_DeepSeek,deepseek_pro_b024_P3_r2,A,deepseek_pro,0.8635683982,1,0.01
holdout_model_DeepSeek,deepseek_pro_b025_P1_r1,A,deepseek_pro,0.8858866668,1,0.01
holdout_model_DeepSeek,deepseek_pro_b025_P1_r2,A,deepseek_pro,0.6729186077,1,0.01
holdout_model_DeepSeek,deepseek_pro_b025_P2_r1,A,deepseek_pro,0.9576972422,1,0.01
holdout_model_DeepSeek,deepseek_pro_b025_P2_r2,A,deepseek_pro,0.9695189827,1,0.01
holdout_model_DeepSeek,deepseek_pro_b025_P3_r1,A,deepseek_pro,0.8416033579,1,0.01
holdout_model_DeepSeek,deepseek_pro_b025_P3_r2,A,deepseek_pro,0.9150682491,1,0.01
holdout_model_DeepSeek,deepseek_pro_b026_P1_r1,A,deepseek_pro,0.9094531026,1,0.01
holdout_model_DeepSeek,deepseek_pro_b026_P1_r2,A,deepseek_pro,0.9048556612,1,0.01
holdout_model_DeepSeek,deepseek_pro_b026_P2_r1,A,deepseek_pro,0.9834777646,1,0.01
holdout_model_DeepSeek,deepseek_pro_b026_P2_r2,A,deepseek_pro,0.8996083333,1,0.01
holdout_model_DeepSeek,deepseek_pro_b026_P3_r1,A,deepseek_pro,0.6809073048,1,0.01
holdout_model_DeepSeek,deepseek_pro_b026_P3_r2,A,deepseek_pro,0.8216907979,1,0.01
holdout_model_DeepSeek,deepseek_pro_b027_P1_r1,A,deepseek_pro,0.8136020974,1,0.01
holdout_model_DeepSeek,deepseek_pro_b027_P1_r2,A,deepseek_pro,0.9276176010,1,0.01
holdout_model_DeepSeek,deepseek_pro_b027_P2_r1,A,deepseek_pro,0.9420159324,1,0.01
holdout_model_DeepSeek,deepseek_pro_b027_P2_r2,A,deepseek_pro,0.9515098973,1,0.01
holdout_model_DeepSeek,deepseek_pro_b027_P3_r1,A,deepseek_pro,0.3716398404,0,0.01
holdout_model_DeepSeek,deepseek_pro_b027_P3_r2,A,deepseek_pro,0.6336209425,1,0.01
holdout_model_DeepSeek,deepseek_pro_b028_P1_r1,A,deepseek_pro,0.9070958453,1,0.01
holdout_model_DeepSeek,deepseek_pro_b028_P1_r2,A,deepseek_pro,0.9154060140,1,0.01
holdout_model_DeepSeek,deepseek_pro_b028_P2_r1,A,deepseek_pro,0.9900507353,1,0.01
holdout_model_DeepSeek,deepseek_pro_b028_P2_r2,A,deepseek_pro,0.9523677200,1,0.01
holdout_model_DeepSeek,deepseek_pro_b028_P3_r1,A,deepseek_pro,0.4645977074,0,0.01
holdout_model_DeepSeek,deepseek_pro_b028_P3_r2,A,deepseek_pro,0.6836067970,1,0.01
holdout_model_DeepSeek,deepseek_pro_b029_P1_r1,A,deepseek_pro,0.8800765376,1,0.01
holdout_model_DeepSeek,deepseek_pro_b029_P1_r2,A,deepseek_pro,0.9277523190,1,0.01
holdout_model_DeepSeek,deepseek_pro_b029_P2_r1,A,deepseek_pro,0.9579788964,1,0.01
holdout_model_DeepSeek,deepseek_pro_b029_P2_r2,A,deepseek_pro,0.9096288996,1,0.01
holdout_model_DeepSeek,deepseek_pro_b029_P3_r1,A,deepseek_pro,0.5521725716,1,0.01
holdout_model_DeepSeek,deepseek_pro_b029_P3_r2,A,deepseek_pro,0.5662186370,1,0.01
holdout_model_DeepSeek,deepseek_pro_b030_P1_r1,A,deepseek_pro,0.7857214385,1,0.01
holdout_model_DeepSeek,deepseek_pro_b030_P1_r2,A,deepseek_pro,0.9381884687,1,0.01
holdout_model_DeepSeek,deepseek_pro_b030_P2_r1,A,deepseek_pro,0.9853652347,1,0.01
holdout_model_DeepSeek,deepseek_pro_b030_P2_r2,A,deepseek_pro,0.9565577342,1,0.01
holdout_model_DeepSeek,deepseek_pro_b030_P3_r1,A,deepseek_pro,0.8532434716,1,0.01
holdout_model_DeepSeek,deepseek_pro_b030_P3_r2,A,deepseek_pro,0.7173150638,1,0.01
holdout_model_DeepSeek,deepseek_pro_b031_P1_r1,A,deepseek_pro,0.9829562583,1,0.01
holdout_model_DeepSeek,deepseek_pro_b031_P1_r2,A,deepseek_pro,0.9800539757,1,0.01
holdout_model_DeepSeek,deepseek_pro_b031_P2_r1,A,deepseek_pro,0.9866565752,1,0.01
holdout_model_DeepSeek,deepseek_pro_b031_P2_r2,A,deepseek_pro,0.9845423131,1,0.01
holdout_model_DeepSeek,deepseek_pro_b031_P3_r1,A,deepseek_pro,0.9009085124,1,0.01
holdout_model_DeepSeek,deepseek_pro_b031_P3_r2,A,deepseek_pro,0.8140667690,1,0.01
holdout_model_DeepSeek,deepseek_pro_b032_P1_r1,A,deepseek_pro,0.8949456148,1,0.01
holdout_model_DeepSeek,deepseek_pro_b032_P1_r2,A,deepseek_pro,0.9324235355,1,0.01
holdout_model_DeepSeek,deepseek_pro_b032_P2_r1,A,deepseek_pro,0.9886526368,1,0.01
holdout_model_DeepSeek,deepseek_pro_b032_P2_r2,A,deepseek_pro,0.9967751084,1,0.01
holdout_model_DeepSeek,deepseek_pro_b032_P3_r1,A,deepseek_pro,0.7763228332,1,0.01
holdout_model_DeepSeek,deepseek_pro_b032_P3_r2,A,deepseek_pro,0.8621706896,1,0.01
holdout_model_DeepSeek,deepseek_pro_b033_P1_r1,A,deepseek_pro,0.9706913630,1,0.01
holdout_model_DeepSeek,deepseek_pro_b033_P1_r2,A,deepseek_pro,0.9363255979,1,0.01
holdout_model_DeepSeek,deepseek_pro_b033_P2_r1,A,deepseek_pro,0.9958772940,1,0.01
holdout_model_DeepSeek,deepseek_pro_b033_P2_r2,A,deepseek_pro,0.9814885223,1,0.01
holdout_model_DeepSeek,deepseek_pro_b033_P3_r1,A,deepseek_pro,0.8667100695,1,0.01
holdout_model_DeepSeek,deepseek_pro_b033_P3_r2,A,deepseek_pro,0.8316289676,1,0.01
holdout_model_DeepSeek,deepseek_pro_b034_P1_r1,A,deepseek_pro,0.9224547376,1,0.01
holdout_model_DeepSeek,deepseek_pro_b034_P1_r2,A,deepseek_pro,0.9189964620,1,0.01
holdout_model_DeepSeek,deepseek_pro_b034_P2_r1,A,deepseek_pro,0.9492563621,1,0.01
holdout_model_DeepSeek,deepseek_pro_b034_P2_r2,A,deepseek_pro,0.9823706147,1,0.01
holdout_model_DeepSeek,deepseek_pro_b034_P3_r1,A,deepseek_pro,0.9063696144,1,0.01
holdout_model_DeepSeek,deepseek_pro_b034_P3_r2,A,deepseek_pro,0.9043266803,1,0.01
holdout_model_DeepSeek,deepseek_pro_b035_P1_r1,A,deepseek_pro,0.9746265468,1,0.01
holdout_model_DeepSeek,deepseek_pro_b035_P1_r2,A,deepseek_pro,0.9424641787,1,0.01
holdout_model_DeepSeek,deepseek_pro_b035_P2_r1,A,deepseek_pro,0.9003232761,1,0.01
holdout_model_DeepSeek,deepseek_pro_b035_P2_r2,A,deepseek_pro,0.9671056394,1,0.01
holdout_model_DeepSeek,deepseek_pro_b035_P3_r1,A,deepseek_pro,0.5807504457,1,0.01
holdout_model_DeepSeek,deepseek_pro_b035_P3_r2,A,deepseek_pro,0.7045453716,1,0.01
holdout_model_DeepSeek,deepseek_pro_b036_P1_r1,A,deepseek_pro,0.7163908770,1,0.01
holdout_model_DeepSeek,deepseek_pro_b036_P1_r2,A,deepseek_pro,0.8500298611,1,0.01
holdout_model_DeepSeek,deepseek_pro_b036_P2_r1,A,deepseek_pro,0.9850471192,1,0.01
holdout_model_DeepSeek,deepseek_pro_b036_P2_r2,A,deepseek_pro,0.9426329109,1,0.01
holdout_model_DeepSeek,deepseek_pro_b036_P3_r1,A,deepseek_pro,0.2733900061,0,0.01
holdout_model_DeepSeek,deepseek_pro_b036_P3_r2,A,deepseek_pro,0.8267169180,1,0.01
holdout_model_DeepSeek,deepseek_pro_b037_P1_r1,A,deepseek_pro,0.8903897982,1,0.01
holdout_model_DeepSeek,deepseek_pro_b037_P1_r2,A,deepseek_pro,0.8861971066,1,0.01
holdout_model_DeepSeek,deepseek_pro_b037_P2_r1,A,deepseek_pro,0.9508385733,1,0.01
holdout_model_DeepSeek,deepseek_pro_b037_P2_r2,A,deepseek_pro,0.9886759743,1,0.01
holdout_model_DeepSeek,deepseek_pro_b037_P3_r1,A,deepseek_pro,0.7891603206,1,0.01
holdout_model_DeepSeek,deepseek_pro_b037_P3_r2,A,deepseek_pro,0.6375000598,1,0.01
holdout_model_DeepSeek,deepseek_pro_b038_P1_r1,A,deepseek_pro,0.7616805584,1,0.01
holdout_model_DeepSeek,deepseek_pro_b038_P1_r2,A,deepseek_pro,0.8299093935,1,0.01
holdout_model_DeepSeek,deepseek_pro_b038_P2_r1,A,deepseek_pro,0.9503606699,1,0.01
holdout_model_DeepSeek,deepseek_pro_b038_P2_r2,A,deepseek_pro,0.8890806045,1,0.01
holdout_model_DeepSeek,deepseek_pro_b038_P3_r1,A,deepseek_pro,0.7364804162,1,0.01
holdout_model_DeepSeek,deepseek_pro_b038_P3_r2,A,deepseek_pro,0.6980739237,1,0.01
holdout_model_DeepSeek,deepseek_pro_b039_P1_r1,A,deepseek_pro,0.9896047953,1,0.01
holdout_model_DeepSeek,deepseek_pro_b039_P1_r2,A,deepseek_pro,0.9638167200,1,0.01
holdout_model_DeepSeek,deepseek_pro_b039_P2_r1,A,deepseek_pro,0.9381116132,1,0.01
holdout_model_DeepSeek,deepseek_pro_b039_P2_r2,A,deepseek_pro,0.9578640212,1,0.01
holdout_model_DeepSeek,deepseek_pro_b039_P3_r1,A,deepseek_pro,0.7156678324,1,0.01
holdout_model_DeepSeek,deepseek_pro_b039_P3_r2,A,deepseek_pro,0.8646323480,1,0.01
holdout_model_DeepSeek,deepseek_pro_b040_P1_r1,A,deepseek_pro,0.9782822442,1,0.01
holdout_model_DeepSeek,deepseek_pro_b040_P1_r2,A,deepseek_pro,0.9603495677,1,0.01
holdout_model_DeepSeek,deepseek_pro_b040_P2_r1,A,deepseek_pro,0.9881686393,1,0.01
holdout_model_DeepSeek,deepseek_pro_b040_P2_r2,A,deepseek_pro,0.9888497931,1,0.01
holdout_model_DeepSeek,deepseek_pro_b040_P3_r1,A,deepseek_pro,0.7429226298,1,0.01
holdout_model_DeepSeek,deepseek_pro_b040_P3_r2,A,deepseek_pro,0.8791478057,1,0.01
holdout_model_DeepSeek,deepseek_pro_b041_P1_r1,A,deepseek_pro,0.7644673077,1,0.01
holdout_model_DeepSeek,deepseek_pro_b041_P1_r2,A,deepseek_pro,0.8746618554,1,0.01
holdout_model_DeepSeek,deepseek_pro_b041_P2_r1,A,deepseek_pro,0.9516393625,1,0.01
holdout_model_DeepSeek,deepseek_pro_b041_P2_r2,A,deepseek_pro,0.9803598717,1,0.01
holdout_model_DeepSeek,deepseek_pro_b041_P3_r1,A,deepseek_pro,0.8641199739,1,0.01
holdout_model_DeepSeek,deepseek_pro_b041_P3_r2,A,deepseek_pro,0.5619279294,1,0.01
holdout_model_DeepSeek,deepseek_pro_b042_P1_r1,A,deepseek_pro,0.9471563778,1,0.01
holdout_model_DeepSeek,deepseek_pro_b042_P1_r2,A,deepseek_pro,0.8912704964,1,0.01
holdout_model_DeepSeek,deepseek_pro_b042_P2_r1,A,deepseek_pro,0.9636755075,1,0.01
holdout_model_DeepSeek,deepseek_pro_b042_P2_r2,A,deepseek_pro,0.9846499530,1,0.01
holdout_model_DeepSeek,deepseek_pro_b042_P3_r1,A,deepseek_pro,0.9345366120,1,0.01
holdout_model_DeepSeek,deepseek_pro_b042_P3_r2,A,deepseek_pro,0.7468244536,1,0.01
holdout_model_DeepSeek,deepseek_pro_b043_P1_r1,A,deepseek_pro,0.9001848504,1,0.01
holdout_model_DeepSeek,deepseek_pro_b043_P1_r2,A,deepseek_pro,0.9282815887,1,0.01
holdout_model_DeepSeek,deepseek_pro_b043_P2_r1,A,deepseek_pro,0.9741995673,1,0.01
holdout_model_DeepSeek,deepseek_pro_b043_P2_r2,A,deepseek_pro,0.9616072140,1,0.01
holdout_model_DeepSeek,deepseek_pro_b043_P3_r1,A,deepseek_pro,0.8291814912,1,0.01
holdout_model_DeepSeek,deepseek_pro_b043_P3_r2,A,deepseek_pro,0.7502497476,1,0.01
holdout_model_DeepSeek,deepseek_pro_b044_P1_r1,A,deepseek_pro,0.9203554648,1,0.01
holdout_model_DeepSeek,deepseek_pro_b044_P1_r2,A,deepseek_pro,0.9083684237,1,0.01
holdout_model_DeepSeek,deepseek_pro_b044_P2_r1,A,deepseek_pro,0.9918638515,1,0.01
holdout_model_DeepSeek,deepseek_pro_b044_P2_r2,A,deepseek_pro,0.9911955882,1,0.01
holdout_model_DeepSeek,deepseek_pro_b044_P3_r1,A,deepseek_pro,0.8897365332,1,0.01
holdout_model_DeepSeek,deepseek_pro_b044_P3_r2,A,deepseek_pro,0.7644366953,1,0.01
holdout_model_DeepSeek,deepseek_pro_b045_P1_r1,A,deepseek_pro,0.9702501729,1,0.01
holdout_model_DeepSeek,deepseek_pro_b045_P1_r2,A,deepseek_pro,0.9446961792,1,0.01
holdout_model_DeepSeek,deepseek_pro_b045_P2_r1,A,deepseek_pro,0.9727287007,1,0.01
holdout_model_DeepSeek,deepseek_pro_b045_P2_r2,A,deepseek_pro,0.9495165404,1,0.01
holdout_model_DeepSeek,deepseek_pro_b045_P3_r1,A,deepseek_pro,0.8122721486,1,0.01
holdout_model_DeepSeek,deepseek_pro_b045_P3_r2,A,deepseek_pro,0.9556641342,1,0.01
holdout_model_DeepSeek,human_hard_rusltc_0001,H,,0.0909412422,0,0.01
holdout_model_DeepSeek,human_hard_rusltc_0002,H,,0.0307927102,0,0.01
holdout_model_DeepSeek,human_hard_rusltc_0003,H,,0.1408591079,0,0.01
holdout_model_DeepSeek,human_hard_rusltc_0004,H,,0.3739880636,0,0.01
holdout_model_DeepSeek,human_hard_rusltc_0005,H,,0.0095884851,0,0.01
holdout_model_DeepSeek,human_hard_rusltc_0006,H,,0.1082864880,0,0.01
holdout_model_DeepSeek,human_hard_rusltc_0007,H,,0.0241952161,0,0.01
holdout_model_DeepSeek,human_hard_rusltc_0008,H,,0.1567241103,0,0.01
holdout_model_DeepSeek,human_hard_rusltc_0009,H,,0.0982058139,0,0.01
holdout_model_DeepSeek,human_hard_rusltc_0010,H,,0.0774244350,0,0.01
holdout_model_DeepSeek,human_hard_rusltc_0011,H,,0.1061418004,0,0.01
holdout_model_DeepSeek,human_hard_rusltc_0012,H,,0.1944030591,0,0.01
holdout_model_DeepSeek,human_hard_rusltc_0013,H,,0.5019265148,1,0.01
holdout_model_DeepSeek,human_hard_rusltc_0014,H,,0.0758087465,0,0.01
holdout_model_DeepSeek,human_hard_rusltc_0015,H,,0.0766163434,0,0.01
holdout_model_DeepSeek,human_hard_rusltc_0016,H,,0.3432647366,0,0.01
holdout_model_DeepSeek,human_hard_rusltc_0017,H,,0.2525766200,0,0.01
holdout_model_DeepSeek,human_hard_rusltc_0018,H,,0.1475630970,0,0.01
holdout_model_DeepSeek,human_hard_rusltc_0019,H,,0.0508578552,0,0.01
holdout_model_DeepSeek,human_hard_rusltc_0020,H,,0.0582722127,0,0.01
holdout_model_DeepSeek,human_hard_rusltc_0021,H,,0.1535864310,0,0.01
holdout_model_DeepSeek,human_hard_rusltc_0022,H,,0.2358104368,0,0.01
holdout_model_DeepSeek,human_hard_rusltc_0023,H,,0.1959189156,0,0.01
holdout_model_DeepSeek,human_hard_rusltc_0024,H,,0.1209134913,0,0.01
holdout_model_DeepSeek,human_hard_rusltc_0025,H,,0.2398687879,0,0.01
holdout_model_DeepSeek,human_hard_rusltc_0026,H,,0.4104521440,0,0.01
holdout_model_DeepSeek,human_hard_rusltc_0027,H,,0.1209917955,0,0.01
holdout_model_DeepSeek,human_hard_rusltc_0028,H,,0.0285134965,0,0.01
holdout_model_DeepSeek,human_hard_rusltc_0029,H,,0.3154949386,0,0.01
holdout_model_DeepSeek,human_hard_rusltc_0030,H,,0.0338417765,0,0.01
holdout_model_DeepSeek,human_hard_rusltc_0031,H,,0.0550763810,0,0.01
holdout_model_DeepSeek,human_hard_rusltc_0032,H,,0.0136122061,0,0.01
holdout_model_DeepSeek,human_hard_rusltc_0033,H,,0.0316849290,0,0.01
holdout_model_DeepSeek,human_hard_rusltc_0034,H,,0.0814797317,0,0.01
holdout_model_DeepSeek,human_hard_rusltc_0035,H,,0.3043050938,0,0.01
holdout_model_DeepSeek,human_hard_rusltc_0036,H,,0.2048452385,0,0.01
holdout_model_DeepSeek,human_hard_rusltc_0037,H,,0.2123595225,0,0.01
holdout_model_DeepSeek,human_hard_rusltc_0038,H,,0.0896600766,0,0.01
holdout_model_DeepSeek,human_hard_rusltc_0039,H,,0.0343593128,0,0.01
holdout_model_DeepSeek,human_hard_rusltc_0040,H,,0.0922818582,0,0.01
holdout_model_DeepSeek,human_hard_rusltc_0041,H,,0.1452157859,0,0.01
holdout_model_DeepSeek,human_hard_rusltc_0042,H,,0.0013211013,0,0.01
holdout_model_DeepSeek,human_hard_rusltc_0043,H,,0.1805719174,0,0.01
holdout_model_DeepSeek,human_hard_rusltc_0044,H,,0.2643621847,0,0.01
holdout_model_DeepSeek,human_hard_rusltc_0045,H,,0.0882186577,0,0.01
holdout_model_DeepSeek,human_hard_rusltc_0046,H,,0.1495801355,0,0.01
holdout_model_DeepSeek,human_hard_rusltc_0047,H,,0.1457307437,0,0.01
holdout_model_DeepSeek,human_hard_rusltc_0048,H,,0.2245880129,0,0.01
holdout_model_DeepSeek,human_hard_rusltc_0049,H,,0.0343004164,0,0.01
holdout_model_DeepSeek,human_hard_rusltc_0050,H,,0.0661040425,0,0.01
holdout_model_DeepSeek,human_hard_rusltc_0051,H,,0.0427315212,0,0.01
holdout_model_DeepSeek,human_hard_rusltc_0052,H,,0.4777230365,0,0.01
holdout_model_DeepSeek,human_hard_rusltc_0053,H,,0.1598497292,0,0.01
holdout_model_DeepSeek,human_hard_rusltc_0054,H,,0.0407261915,0,0.01
holdout_model_DeepSeek,human_hard_rusltc_0055,H,,0.1143759899,0,0.01
holdout_model_DeepSeek,human_hard_rusltc_0056,H,,0.2470142247,0,0.01
holdout_model_DeepSeek,human_hard_rusltc_0057,H,,0.0167221505,0,0.01
holdout_model_DeepSeek,human_hard_rusltc_0058,H,,0.1450010834,0,0.01
holdout_model_DeepSeek,human_hard_rusltc_0059,H,,0.0815099434,0,0.01
holdout_model_DeepSeek,human_hard_rusltc_0060,H,,0.1084059127,0,0.01
holdout_model_DeepSeek,human_hard_rusltc_0061,H,,0.0596037613,0,0.01
holdout_model_DeepSeek,human_hard_rusltc_0062,H,,0.1098463074,0,0.01
holdout_model_DeepSeek,human_hard_rusltc_0063,H,,0.1406471014,0,0.01
holdout_model_DeepSeek,human_hard_rusltc_0064,H,,0.5273865029,1,0.01
holdout_model_DeepSeek,human_hard_rusltc_0065,H,,0.0682118292,0,0.01
holdout_model_DeepSeek,human_hard_rusltc_0066,H,,0.2513361278,0,0.01
holdout_model_DeepSeek,human_hard_rusltc_0067,H,,0.1081276236,0,0.01
holdout_model_DeepSeek,human_hard_rusltc_0068,H,,0.0072138293,0,0.01
holdout_model_DeepSeek,human_hard_rusltc_0069,H,,0.1882030363,0,0.01
holdout_model_DeepSeek,human_hard_rusltc_0070,H,,0.2754027763,0,0.01
holdout_model_DeepSeek,human_hard_rusltc_0071,H,,0.0991044861,0,0.01
holdout_model_DeepSeek,human_hard_rusltc_0072,H,,0.1795493139,0,0.01
holdout_model_DeepSeek,human_hard_rusltc_0073,H,,0.1610949596,0,0.01
holdout_model_DeepSeek,human_news_buriy_2014_0001,H,,0.0365057379,0,0.01
holdout_model_DeepSeek,human_news_buriy_2014_0002,H,,0.0206164057,0,0.01
holdout_model_DeepSeek,human_news_buriy_2014_0003,H,,0.0548403681,0,0.01
holdout_model_DeepSeek,human_news_buriy_2014_0004,H,,0.0069374007,0,0.01
holdout_model_DeepSeek,human_news_buriy_2014_0005,H,,0.1069453250,0,0.01
holdout_model_DeepSeek,human_news_buriy_2014_0006,H,,0.0295393175,0,0.01
holdout_model_DeepSeek,human_news_buriy_2014_0007,H,,0.1448502711,0,0.01
holdout_model_DeepSeek,human_news_buriy_2014_0008,H,,0.1041820399,0,0.01
holdout_model_DeepSeek,human_news_buriy_2014_0009,H,,0.0443551306,0,0.01
holdout_model_DeepSeek,human_news_buriy_2014_0010,H,,0.0053926672,0,0.01
holdout_model_DeepSeek,human_news_buriy_2014_0011,H,,0.0319009085,0,0.01
holdout_model_DeepSeek,human_news_buriy_2014_0012,H,,0.0320720505,0,0.01
holdout_model_DeepSeek,human_news_buriy_2014_0013,H,,0.0838359020,0,0.01
holdout_model_DeepSeek,human_news_buriy_2014_0014,H,,0.0712347262,0,0.01
holdout_model_DeepSeek,human_news_buriy_2014_0015,H,,0.0248428073,0,0.01
holdout_model_DeepSeek,human_news_buriy_2014_0016,H,,0.0292982139,0,0.01
holdout_model_DeepSeek,human_news_buriy_2014_0017,H,,0.5173847936,1,0.01
holdout_model_DeepSeek,human_news_buriy_2014_0018,H,,0.0613546052,0,0.01
holdout_model_DeepSeek,human_news_buriy_2014_0019,H,,0.1435708493,0,0.01
holdout_model_DeepSeek,human_news_buriy_2014_0020,H,,0.0047664997,0,0.01
holdout_model_DeepSeek,human_news_buriy_2014_0021,H,,0.3380056002,0,0.01
holdout_model_DeepSeek,human_news_buriy_2014_0022,H,,0.0221143055,0,0.01
holdout_model_DeepSeek,human_news_buriy_2014_0023,H,,0.0127773484,0,0.01
holdout_model_DeepSeek,human_news_buriy_2014_0024,H,,0.0490601135,0,0.01
holdout_model_DeepSeek,human_news_buriy_2014_0025,H,,0.0411669698,0,0.01
holdout_model_DeepSeek,human_news_buriy_2014_0026,H,,0.0528315164,0,0.01
holdout_model_DeepSeek,human_news_buriy_2014_0027,H,,0.0282941226,0,0.01
holdout_model_DeepSeek,human_news_buriy_2014_0028,H,,0.0131650583,0,0.01
holdout_model_DeepSeek,human_news_buriy_2014_0029,H,,0.0345067211,0,0.01
holdout_model_DeepSeek,human_news_buriy_2014_0030,H,,0.1215107453,0,0.01
holdout_model_DeepSeek,human_news_buriy_2014_0031,H,,0.0425946875,0,0.01
holdout_model_DeepSeek,human_news_buriy_2014_0032,H,,0.0433226059,0,0.01
holdout_model_DeepSeek,human_news_buriy_2014_0033,H,,0.0366324782,0,0.01
holdout_model_DeepSeek,human_news_buriy_2014_0034,H,,0.1383491331,0,0.01
holdout_model_DeepSeek,human_news_buriy_2014_0035,H,,0.0179630626,0,0.01
holdout_model_DeepSeek,human_news_buriy_2014_0036,H,,0.0556948968,0,0.01
holdout_model_DeepSeek,human_news_buriy_2014_0037,H,,0.0234525087,0,0.01
holdout_model_DeepSeek,human_news_buriy_2014_0038,H,,0.0155035984,0,0.01
holdout_model_DeepSeek,human_news_buriy_2014_0039,H,,0.0576767986,0,0.01
holdout_model_DeepSeek,human_news_buriy_2014_0040,H,,0.0582234337,0,0.01
holdout_model_DeepSeek,human_news_buriy_2014_0041,H,,0.1579965680,0,0.01
holdout_model_DeepSeek,human_news_buriy_2014_0042,H,,0.0251460144,0,0.01
holdout_model_DeepSeek,human_news_buriy_2014_0043,H,,0.0754810813,0,0.01
holdout_model_DeepSeek,human_news_buriy_2014_0044,H,,0.0747845764,0,0.01
holdout_model_DeepSeek,human_news_buriy_2014_0045,H,,0.0463110227,0,0.01
holdout_model_DeepSeek,human_news_buriy_2014_0046,H,,0.0522367221,0,0.01
holdout_model_DeepSeek,human_news_buriy_2014_0047,H,,0.0345292485,0,0.01
holdout_model_DeepSeek,human_news_buriy_2014_0048,H,,0.0299336796,0,0.01
holdout_model_DeepSeek,human_news_buriy_2014_0049,H,,0.0110193188,0,0.01
holdout_model_DeepSeek,human_news_buriy_2014_0050,H,,0.0855253213,0,0.01
holdout_model_DeepSeek,human_news_buriy_2014_0051,H,,0.5310780157,1,0.01
holdout_model_DeepSeek,human_news_buriy_2014_0052,H,,0.0216087280,0,0.01
holdout_model_DeepSeek,human_news_buriy_2014_0053,H,,0.0049034660,0,0.01
holdout_model_DeepSeek,human_news_buriy_2014_0054,H,,0.2409957206,0,0.01
holdout_model_DeepSeek,human_news_buriy_2014_0055,H,,0.0094594363,0,0.01
holdout_model_DeepSeek,human_news_buriy_2014_0056,H,,0.2774995103,0,0.01
holdout_model_DeepSeek,human_news_buriy_2014_0057,H,,0.0246595149,0,0.01
holdout_model_DeepSeek,human_news_buriy_2014_0058,H,,0.1122867747,0,0.01
holdout_model_DeepSeek,human_news_buriy_2014_0059,H,,0.0228237145,0,0.01
holdout_model_DeepSeek,human_news_buriy_2014_0060,H,,0.0235328312,0,0.01
holdout_model_DeepSeek,human_news_gazeta_0001,H,,0.1090037394,0,0.01
holdout_model_DeepSeek,human_news_gazeta_0002,H,,0.3137251355,0,0.01
holdout_model_DeepSeek,human_news_gazeta_0003,H,,0.2823077800,0,0.01
holdout_model_DeepSeek,human_news_gazeta_0004,H,,0.1130807838,0,0.01
holdout_model_DeepSeek,human_news_gazeta_0005,H,,0.0228152162,0,0.01
holdout_model_DeepSeek,human_news_gazeta_0006,H,,0.0481393179,0,0.01
holdout_model_DeepSeek,human_news_gazeta_0007,H,,0.0329936861,0,0.01
holdout_model_DeepSeek,human_news_gazeta_0008,H,,0.1279850850,0,0.01
holdout_model_DeepSeek,human_news_gazeta_0009,H,,0.0454417575,0,0.01
holdout_model_DeepSeek,human_news_gazeta_0010,H,,0.1766404405,0,0.01
holdout_model_DeepSeek,human_news_gazeta_0011,H,,0.0144775736,0,0.01
holdout_model_DeepSeek,human_news_gazeta_0012,H,,0.1139852411,0,0.01
holdout_model_DeepSeek,human_news_gazeta_0013,H,,0.1682545122,0,0.01
holdout_model_DeepSeek,human_news_gazeta_0014,H,,0.0082324263,0,0.01
holdout_model_DeepSeek,human_news_gazeta_0015,H,,0.1255218560,0,0.01
holdout_model_DeepSeek,human_news_gazeta_0016,H,,0.0153680123,0,0.01
holdout_model_DeepSeek,human_news_gazeta_0017,H,,0.2123029385,0,0.01
holdout_model_DeepSeek,human_news_gazeta_0018,H,,0.1751216725,0,0.01
holdout_model_DeepSeek,human_news_gazeta_0019,H,,0.0312566481,0,0.01
holdout_model_DeepSeek,human_news_gazeta_0020,H,,0.0243003797,0,0.01
holdout_model_DeepSeek,human_news_gazeta_0021,H,,0.1106867965,0,0.01
holdout_model_DeepSeek,human_news_gazeta_0022,H,,0.1453072321,0,0.01
holdout_model_DeepSeek,human_news_gazeta_0023,H,,0.0243312867,0,0.01
holdout_model_DeepSeek,human_news_gazeta_0024,H,,0.0591871137,0,0.01
holdout_model_DeepSeek,human_news_gazeta_0025,H,,0.0809588601,0,0.01
holdout_model_DeepSeek,human_news_gazeta_0026,H,,0.0306315889,0,0.01
holdout_model_DeepSeek,human_news_gazeta_0027,H,,0.0498447293,0,0.01
holdout_model_DeepSeek,human_news_gazeta_0028,H,,0.0229696396,0,0.01
holdout_model_DeepSeek,human_news_gazeta_0029,H,,0.1947076599,0,0.01
holdout_model_DeepSeek,human_news_gazeta_0030,H,,0.4256942098,0,0.01
holdout_model_DeepSeek,human_news_gazeta_0031,H,,0.1690459168,0,0.01
holdout_model_DeepSeek,human_news_gazeta_0032,H,,0.0422825147,0,0.01
holdout_model_DeepSeek,human_news_gazeta_0033,H,,0.0718603105,0,0.01
holdout_model_DeepSeek,human_news_gazeta_0034,H,,0.3128564152,0,0.01
holdout_model_DeepSeek,human_news_gazeta_0035,H,,0.1745985586,0,0.01
holdout_model_DeepSeek,human_news_gazeta_0036,H,,0.0621093398,0,0.01
holdout_model_DeepSeek,human_news_gazeta_0037,H,,0.3387428226,0,0.01
holdout_model_DeepSeek,human_news_gazeta_0038,H,,0.3564037517,0,0.01
holdout_model_DeepSeek,human_news_gazeta_0039,H,,0.1448945840,0,0.01
holdout_model_DeepSeek,human_news_gazeta_0040,H,,0.1303829627,0,0.01
holdout_model_DeepSeek,human_news_gazeta_0041,H,,0.0210075206,0,0.01
holdout_model_DeepSeek,human_news_gazeta_0042,H,,0.0912487110,0,0.01
holdout_model_DeepSeek,human_news_gazeta_0043,H,,0.2209786521,0,0.01
holdout_model_DeepSeek,human_news_gazeta_0044,H,,0.0336651072,0,0.01
holdout_model_DeepSeek,human_news_gazeta_0045,H,,0.0452633311,0,0.01
holdout_model_DeepSeek,human_news_gazeta_0046,H,,0.0213405052,0,0.01
holdout_model_DeepSeek,human_news_gazeta_0047,H,,0.0837937256,0,0.01
holdout_model_DeepSeek,human_news_gazeta_0048,H,,0.2373772082,0,0.01
holdout_model_DeepSeek,human_news_gazeta_0049,H,,0.2336684174,0,0.01
holdout_model_DeepSeek,human_news_gazeta_0050,H,,0.0832968506,0,0.01
holdout_model_DeepSeek,human_news_gazeta_0051,H,,0.0458708228,0,0.01
holdout_model_DeepSeek,human_news_gazeta_0052,H,,0.3085913202,0,0.01
holdout_model_DeepSeek,human_news_gazeta_0053,H,,0.1547300798,0,0.01
holdout_model_DeepSeek,human_news_gazeta_0054,H,,0.1640630095,0,0.01
holdout_model_DeepSeek,human_news_gazeta_0055,H,,0.0344505653,0,0.01
holdout_model_DeepSeek,human_news_gazeta_0056,H,,0.0597547636,0,0.01
holdout_model_DeepSeek,human_news_gazeta_0057,H,,0.2176846121,0,0.01
holdout_model_DeepSeek,human_news_gazeta_0058,H,,0.0924082752,0,0.01
holdout_model_DeepSeek,human_news_gazeta_0059,H,,0.0611015808,0,0.01
holdout_model_DeepSeek,human_news_gazeta_0060,H,,0.0272849933,0,0.01
holdout_model_DeepSeek,human_news_lenta_0001,H,,0.2127670688,0,0.01
holdout_model_DeepSeek,human_news_lenta_0002,H,,0.0507859847,0,0.01
holdout_model_DeepSeek,human_news_lenta_0004,H,,0.1806736742,0,0.01
holdout_model_DeepSeek,human_news_lenta_0007,H,,0.0000000090,0,0.01
holdout_model_DeepSeek,human_news_lenta_0009,H,,0.0725252442,0,0.01
holdout_model_DeepSeek,human_news_lenta_0010,H,,0.0005234803,0,0.01
holdout_model_DeepSeek,human_news_lenta_0012,H,,0.0651044247,0,0.01
holdout_model_DeepSeek,human_news_lenta_0013,H,,0.1959324155,0,0.01
holdout_model_DeepSeek,human_news_lenta_0014,H,,0.0872878563,0,0.01
holdout_model_DeepSeek,human_news_lenta_0015,H,,0.2098375358,0,0.01
holdout_model_DeepSeek,human_news_lenta_0016,H,,0.0853484901,0,0.01
holdout_model_DeepSeek,human_news_lenta_0017,H,,0.0016200375,0,0.01
holdout_model_DeepSeek,human_news_lenta_0018,H,,0.0050132840,0,0.01
holdout_model_DeepSeek,human_news_lenta_0021,H,,0.2348670074,0,0.01
holdout_model_DeepSeek,human_news_lenta_0022,H,,0.0312369522,0,0.01
holdout_model_DeepSeek,human_news_lenta_0023,H,,0.2204575440,0,0.01
holdout_model_DeepSeek,human_news_lenta_0024,H,,0.1370777163,0,0.01
holdout_model_DeepSeek,human_news_lenta_0027,H,,0.3387784515,0,0.01
holdout_model_DeepSeek,human_news_lenta_0029,H,,0.2350488090,0,0.01
holdout_model_DeepSeek,human_news_lenta_0034,H,,0.0541794468,0,0.01
holdout_model_DeepSeek,human_news_lenta_0036,H,,0.0817281402,0,0.01
holdout_model_DeepSeek,human_news_lenta_0039,H,,0.0000177083,0,0.01
holdout_model_DeepSeek,human_news_lenta_0040,H,,0.3149625131,0,0.01
holdout_model_DeepSeek,human_news_lenta_0041,H,,0.0163562372,0,0.01
holdout_model_DeepSeek,human_news_lenta_0042,H,,0.0095810937,0,0.01
holdout_model_DeepSeek,human_news_lenta_0044,H,,0.0513792903,0,0.01
holdout_model_DeepSeek,human_news_lenta_0045,H,,0.2039048901,0,0.01
holdout_model_DeepSeek,human_news_lenta_0046,H,,0.0061799044,0,0.01
holdout_model_DeepSeek,human_news_lenta_0049,H,,0.1084906250,0,0.01
holdout_model_DeepSeek,human_news_lenta_0051,H,,0.0721089404,0,0.01
holdout_model_DeepSeek,human_news_lenta_0053,H,,0.0208901292,0,0.01
holdout_model_DeepSeek,human_news_lenta_0055,H,,0.2931372187,0,0.01
holdout_model_DeepSeek,human_science_cyberleninka_0001,H,,0.2045768990,0,0.01
holdout_model_DeepSeek,human_science_cyberleninka_0002,H,,0.5509146456,1,0.01
holdout_model_DeepSeek,human_science_cyberleninka_0003,H,,0.1783238251,0,0.01
holdout_model_DeepSeek,human_science_cyberleninka_0004,H,,0.1841550608,0,0.01
holdout_model_DeepSeek,human_science_cyberleninka_0005,H,,0.1199408608,0,0.01
holdout_model_DeepSeek,human_science_cyberleninka_0006,H,,0.3416471074,0,0.01
holdout_model_DeepSeek,human_science_cyberleninka_0007,H,,0.3513520764,0,0.01
holdout_model_DeepSeek,human_science_cyberleninka_0008,H,,0.0235354337,0,0.01
holdout_model_DeepSeek,human_science_cyberleninka_0009,H,,0.3614011218,0,0.01
holdout_model_DeepSeek,human_science_cyberleninka_0010,H,,0.0426097778,0,0.01
holdout_model_DeepSeek,human_science_cyberleninka_0011,H,,0.0952256462,0,0.01
holdout_model_DeepSeek,human_science_cyberleninka_0013,H,,0.4577242964,0,0.01
holdout_model_DeepSeek,human_science_cyberleninka_0014,H,,0.3254204727,0,0.01
holdout_model_DeepSeek,human_science_cyberleninka_0015,H,,0.0332283108,0,0.01
holdout_model_DeepSeek,human_science_cyberleninka_0016,H,,0.1261718861,0,0.01
holdout_model_DeepSeek,human_science_cyberleninka_0017,H,,0.0997408053,0,0.01
holdout_model_DeepSeek,human_science_cyberleninka_0018,H,,0.5383295457,1,0.01
holdout_model_DeepSeek,human_science_cyberleninka_0019,H,,0.5073811345,1,0.01
holdout_model_DeepSeek,human_science_cyberleninka_0020,H,,0.0896718579,0,0.01
holdout_model_DeepSeek,human_science_cyberleninka_0021,H,,0.5438367535,1,0.01
holdout_model_DeepSeek,human_science_cyberleninka_0022,H,,0.0532983275,0,0.01
holdout_model_DeepSeek,human_science_cyberleninka_0023,H,,0.6266018958,1,0.01
holdout_model_DeepSeek,human_science_cyberleninka_0024,H,,0.5116185358,1,0.01
holdout_model_DeepSeek,human_science_cyberleninka_0025,H,,0.1907996687,0,0.01
holdout_model_DeepSeek,human_science_cyberleninka_0026,H,,0.1183994038,0,0.01
holdout_model_DeepSeek,human_science_cyberleninka_0027,H,,0.2645481122,0,0.01
holdout_model_DeepSeek,human_science_cyberleninka_0028,H,,0.0209145575,0,0.01
holdout_model_DeepSeek,human_science_cyberleninka_0029,H,,0.1977325671,0,0.01
holdout_model_DeepSeek,human_science_cyberleninka_0030,H,,0.0275666108,0,0.01
holdout_model_DeepSeek,human_science_cyberleninka_0031,H,,0.2473822596,0,0.01
holdout_model_DeepSeek,human_science_cyberleninka_0032,H,,0.1380811639,0,0.01
holdout_model_DeepSeek,human_science_cyberleninka_0033,H,,0.6203246415,1,0.01
holdout_model_DeepSeek,human_science_cyberleninka_0034,H,,0.0298788536,0,0.01
holdout_model_DeepSeek,human_science_cyberleninka_0035,H,,0.4228128591,0,0.01
holdout_model_DeepSeek,human_science_cyberleninka_0036,H,,0.4137975113,0,0.01
holdout_model_DeepSeek,human_science_cyberleninka_0037,H,,0.4297458255,0,0.01
holdout_model_DeepSeek,human_science_cyberleninka_0038,H,,0.3080083404,0,0.01
holdout_model_DeepSeek,human_science_cyberleninka_0039,H,,0.2302094286,0,0.01
holdout_model_DeepSeek,human_science_cyberleninka_0040,H,,0.0648127815,0,0.01
holdout_model_DeepSeek,human_science_cyberleninka_0041,H,,0.2106696146,0,0.01
holdout_model_DeepSeek,human_science_cyberleninka_0042,H,,0.0229864935,0,0.01
holdout_model_DeepSeek,human_science_cyberleninka_0043,H,,0.2152231947,0,0.01
holdout_model_DeepSeek,human_science_cyberleninka_0044,H,,0.6313271600,1,0.01
holdout_model_DeepSeek,human_science_cyberleninka_0045,H,,0.0835200757,0,0.01
holdout_model_DeepSeek,human_science_cyberleninka_0046,H,,0.0426477414,0,0.01
holdout_model_DeepSeek,human_science_cyberleninka_0047,H,,0.0648478813,0,0.01
holdout_model_DeepSeek,human_science_cyberleninka_0048,H,,0.0195280747,0,0.01
holdout_model_DeepSeek,human_science_cyberleninka_0049,H,,0.0389629621,0,0.01
holdout_model_DeepSeek,human_science_cyberleninka_0050,H,,0.0525760866,0,0.01
holdout_model_DeepSeek,human_science_cyberleninka_0051,H,,0.3017194088,0,0.01
holdout_model_DeepSeek,human_science_cyberleninka_0052,H,,0.3746489415,0,0.01
holdout_model_DeepSeek,human_science_cyberleninka_0053,H,,0.0087716187,0,0.01
holdout_model_DeepSeek,human_science_cyberleninka_0054,H,,0.1912423874,0,0.01
holdout_model_DeepSeek,human_science_cyberleninka_0055,H,,0.0988598328,0,0.01
holdout_model_DeepSeek,human_science_cyberleninka_0056,H,,0.2169898377,0,0.01
holdout_model_DeepSeek,human_science_cyberleninka_0057,H,,0.3038997706,0,0.01
holdout_model_DeepSeek,human_science_cyberleninka_0058,H,,0.5099229729,1,0.01
holdout_model_DeepSeek,human_science_cyberleninka_0059,H,,0.6035730109,1,0.01
holdout_model_DeepSeek,human_science_cyberleninka_0060,H,,0.1994138913,0,0.01
holdout_model_DeepSeek,human_science_cyberleninka_0067,H,,0.4309887751,0,0.01
holdout_model_DeepSeek,human_science_spbgu_0001,H,,0.0493202757,0,0.01
holdout_model_DeepSeek,human_science_spbgu_0002,H,,0.0714302999,0,0.01
holdout_model_DeepSeek,human_science_spbgu_0003,H,,0.3619589171,0,0.01
holdout_model_DeepSeek,human_science_spbgu_0004,H,,0.1494339498,0,0.01
holdout_model_DeepSeek,human_science_spbgu_0005,H,,0.1443819999,0,0.01
holdout_model_DeepSeek,human_science_spbgu_0006,H,,0.0722308850,0,0.01
holdout_model_DeepSeek,human_science_spbgu_0007,H,,0.0445187045,0,0.01
holdout_model_DeepSeek,human_science_spbgu_0008,H,,0.1713623148,0,0.01
holdout_model_DeepSeek,human_science_spbgu_0009,H,,0.0555649186,0,0.01
holdout_model_DeepSeek,human_science_spbgu_0010,H,,0.0696227447,0,0.01
holdout_model_DeepSeek,human_science_spbgu_0011,H,,0.1224910695,0,0.01
holdout_model_DeepSeek,human_science_spbgu_0012,H,,0.0300709707,0,0.01
holdout_model_DeepSeek,human_science_spbgu_0013,H,,0.0375218943,0,0.01
holdout_model_DeepSeek,human_science_spbgu_0014,H,,0.2645843664,0,0.01
holdout_model_DeepSeek,human_science_spbgu_0015,H,,0.1381418409,0,0.01
holdout_model_DeepSeek,human_science_spbgu_0016,H,,0.0160226293,0,0.01
holdout_model_DeepSeek,human_science_spbgu_0017,H,,0.0906454088,0,0.01
holdout_model_DeepSeek,human_science_spbgu_0018,H,,0.0445049974,0,0.01
holdout_model_DeepSeek,human_science_spbgu_0019,H,,0.1812988456,0,0.01
holdout_model_DeepSeek,human_science_spbgu_0020,H,,0.1222607350,0,0.01
holdout_model_DeepSeek,human_science_spbgu_0021,H,,0.0303401671,0,0.01
holdout_model_DeepSeek,human_science_spbgu_0022,H,,0.0912756867,0,0.01
holdout_model_DeepSeek,human_science_spbgu_0023,H,,0.0741998371,0,0.01
holdout_model_DeepSeek,human_science_spbgu_0024,H,,0.0291613828,0,0.01
holdout_model_DeepSeek,human_science_spbgu_0025,H,,0.0261120640,0,0.01
holdout_model_DeepSeek,human_science_spbgu_0026,H,,0.1613137100,0,0.01
holdout_model_DeepSeek,human_science_spbgu_0027,H,,0.0110763498,0,0.01
holdout_model_DeepSeek,human_science_spbgu_0028,H,,0.0186044522,0,0.01
holdout_model_DeepSeek,human_science_spbgu_0029,H,,0.0202272012,0,0.01
holdout_model_DeepSeek,human_science_spbgu_0030,H,,0.0219789045,0,0.01
holdout_model_DeepSeek,human_science_spbgu_0031,H,,0.0555153952,0,0.01
holdout_model_DeepSeek,human_science_spbgu_0032,H,,0.0258969360,0,0.01
holdout_model_DeepSeek,human_science_spbgu_0033,H,,0.0129615307,0,0.01
holdout_model_DeepSeek,human_science_spbgu_0034,H,,0.0344943805,0,0.01
holdout_model_DeepSeek,human_science_spbgu_0035,H,,0.0133855278,0,0.01
holdout_model_DeepSeek,human_science_spbgu_0036,H,,0.0608210501,0,0.01
holdout_model_DeepSeek,human_science_spbgu_0037,H,,0.0917450529,0,0.01
holdout_model_DeepSeek,human_science_spbgu_0038,H,,0.0199570124,0,0.01
holdout_model_DeepSeek,human_science_spbgu_0039,H,,0.1662123166,0,0.01
holdout_model_DeepSeek,human_science_spbgu_0040,H,,0.0261912046,0,0.01
holdout_model_DeepSeek,human_science_spbgu_0041,H,,0.0354054316,0,0.01
holdout_model_DeepSeek,human_science_spbgu_0042,H,,0.0682307939,0,0.01
holdout_model_DeepSeek,human_science_spbgu_0043,H,,0.0409474370,0,0.01
holdout_model_DeepSeek,human_science_spbgu_0044,H,,0.0990316990,0,0.01
holdout_model_DeepSeek,human_science_spbgu_0045,H,,0.0416736232,0,0.01
holdout_model_DeepSeek,human_science_spbgu_0046,H,,0.0122837438,0,0.01
holdout_model_DeepSeek,human_science_spbgu_0048,H,,0.0364985826,0,0.01
holdout_model_DeepSeek,human_science_spbgu_0049,H,,0.0293592581,0,0.01
holdout_model_DeepSeek,human_science_spbgu_0050,H,,0.0975543583,0,0.01
holdout_model_DeepSeek,human_science_spbgu_0054,H,,0.0043993147,0,0.01
holdout_model_DeepSeek,human_science_spbgu_0055,H,,0.0292389914,0,0.01
holdout_model_DeepSeek,human_science_spbgu_0057,H,,0.1553303385,0,0.01
holdout_model_DeepSeek,human_science_spbgu_0059,H,,0.0538442465,0,0.01
holdout_model_DeepSeek,human_science_spbgu_0060,H,,0.0032263612,0,0.01
holdout_model_DeepSeek,human_science_spbgu_0061,H,,0.0270888917,0,0.01
holdout_model_DeepSeek,human_science_spbgu_0062,H,,0.0578446125,0,0.01
holdout_model_DeepSeek,human_science_spbgu_0063,H,,0.1542537947,0,0.01
holdout_model_DeepSeek,human_science_spbgu_0064,H,,0.0198901421,0,0.01
holdout_model_DeepSeek,human_science_spbgu_0065,H,,0.0212097203,0,0.01
holdout_model_DeepSeek,human_science_urfu_0001,H,,0.3062384611,0,0.01
holdout_model_DeepSeek,human_science_urfu_0002,H,,0.0843232245,0,0.01
holdout_model_DeepSeek,human_science_urfu_0003,H,,0.2151819119,0,0.01
holdout_model_DeepSeek,human_science_urfu_0004,H,,0.1505737250,0,0.01
holdout_model_DeepSeek,human_science_urfu_0005,H,,0.1605597909,0,0.01
holdout_model_DeepSeek,human_science_urfu_0006,H,,0.0611397892,0,0.01
holdout_model_DeepSeek,human_science_urfu_0007,H,,0.4978021897,0,0.01
holdout_model_DeepSeek,human_science_urfu_0008,H,,0.0288058913,0,0.01
holdout_model_DeepSeek,human_science_urfu_0009,H,,0.0713078414,0,0.01
holdout_model_DeepSeek,human_science_urfu_0010,H,,0.1381482685,0,0.01
holdout_model_DeepSeek,human_science_urfu_0011,H,,0.1265917320,0,0.01
holdout_model_DeepSeek,human_science_urfu_0012,H,,0.0544362576,0,0.01
holdout_model_DeepSeek,human_science_urfu_0013,H,,0.3118522406,0,0.01
holdout_model_DeepSeek,human_science_urfu_0014,H,,0.0123177351,0,0.01
holdout_model_DeepSeek,human_science_urfu_0015,H,,0.1140565137,0,0.01
holdout_model_DeepSeek,human_science_urfu_0016,H,,0.1705254142,0,0.01
holdout_model_DeepSeek,human_science_urfu_0017,H,,0.1341901160,0,0.01
holdout_model_DeepSeek,human_science_urfu_0018,H,,0.0977020669,0,0.01
holdout_model_DeepSeek,human_science_urfu_0019,H,,0.1576627143,0,0.01
holdout_model_DeepSeek,human_science_urfu_0020,H,,0.0214814454,0,0.01
holdout_model_DeepSeek,human_science_urfu_0021,H,,0.0957263772,0,0.01
holdout_model_DeepSeek,human_science_urfu_0022,H,,0.1068898144,0,0.01
holdout_model_DeepSeek,human_science_urfu_0023,H,,0.0113245422,0,0.01
holdout_model_DeepSeek,human_science_urfu_0024,H,,0.2029660812,0,0.01
holdout_model_DeepSeek,human_science_urfu_0025,H,,0.2435830460,0,0.01
holdout_model_DeepSeek,human_science_urfu_0026,H,,0.2120922615,0,0.01
holdout_model_DeepSeek,human_science_urfu_0027,H,,0.2695145287,0,0.01
holdout_model_DeepSeek,human_science_urfu_0028,H,,0.1994291994,0,0.01
holdout_model_DeepSeek,human_science_urfu_0029,H,,0.0923193648,0,0.01
holdout_model_DeepSeek,human_science_urfu_0030,H,,0.3221741456,0,0.01
holdout_model_DeepSeek,human_science_urfu_0031,H,,0.0044291482,0,0.01
holdout_model_DeepSeek,human_science_urfu_0032,H,,0.4951844975,0,0.01
holdout_model_DeepSeek,human_science_urfu_0033,H,,0.1158801692,0,0.01
holdout_model_DeepSeek,human_science_urfu_0034,H,,0.0766384470,0,0.01
holdout_model_DeepSeek,human_science_urfu_0035,H,,0.2045028513,0,0.01
holdout_model_DeepSeek,human_science_urfu_0036,H,,0.1239652592,0,0.01
holdout_model_DeepSeek,human_science_urfu_0037,H,,0.1574621823,0,0.01
holdout_model_DeepSeek,human_science_urfu_0038,H,,0.0002742183,0,0.01
holdout_model_DeepSeek,human_science_urfu_0039,H,,0.0007941759,0,0.01
holdout_model_DeepSeek,human_science_urfu_0040,H,,0.0000101531,0,0.01
holdout_model_DeepSeek,human_science_urfu_0041,H,,0.0035125737,0,0.01
holdout_model_DeepSeek,human_science_urfu_0042,H,,0.0006255905,0,0.01
holdout_model_DeepSeek,human_science_urfu_0043,H,,0.0012590098,0,0.01
holdout_model_DeepSeek,human_science_urfu_0044,H,,0.2095180298,0,0.01
holdout_model_DeepSeek,human_science_urfu_0045,H,,0.0905168489,0,0.01
holdout_model_DeepSeek,human_science_urfu_0046,H,,0.0019432843,0,0.01
holdout_model_DeepSeek,human_science_urfu_0047,H,,0.0880848196,0,0.01
holdout_model_DeepSeek,human_science_urfu_0048,H,,0.0288092006,0,0.01
holdout_model_NVIDIA,human_hard_rusltc_0001,H,,0.0141284119,0,0.1
holdout_model_NVIDIA,human_hard_rusltc_0002,H,,0.0016224920,0,0.1
holdout_model_NVIDIA,human_hard_rusltc_0003,H,,0.0343927252,0,0.1
holdout_model_NVIDIA,human_hard_rusltc_0004,H,,0.1458309836,0,0.1
holdout_model_NVIDIA,human_hard_rusltc_0005,H,,0.0001141210,0,0.1
holdout_model_NVIDIA,human_hard_rusltc_0006,H,,0.0169141331,0,0.1
holdout_model_NVIDIA,human_hard_rusltc_0007,H,,0.0013403262,0,0.1
holdout_model_NVIDIA,human_hard_rusltc_0008,H,,0.0077708411,0,0.1
holdout_model_NVIDIA,human_hard_rusltc_0009,H,,0.0251525317,0,0.1
holdout_model_NVIDIA,human_hard_rusltc_0010,H,,0.0105375408,0,0.1
holdout_model_NVIDIA,human_hard_rusltc_0011,H,,0.0192645453,0,0.1
holdout_model_NVIDIA,human_hard_rusltc_0012,H,,0.0722375957,0,0.1
holdout_model_NVIDIA,human_hard_rusltc_0013,H,,0.6190168691,1,0.1
holdout_model_NVIDIA,human_hard_rusltc_0014,H,,0.0295686118,0,0.1
holdout_model_NVIDIA,human_hard_rusltc_0015,H,,0.0254382958,0,0.1
holdout_model_NVIDIA,human_hard_rusltc_0016,H,,0.2127277912,0,0.1
holdout_model_NVIDIA,human_hard_rusltc_0017,H,,0.1699471688,0,0.1
holdout_model_NVIDIA,human_hard_rusltc_0018,H,,0.0518658987,0,0.1
holdout_model_NVIDIA,human_hard_rusltc_0019,H,,0.0041826090,0,0.1
holdout_model_NVIDIA,human_hard_rusltc_0020,H,,0.0029211313,0,0.1
holdout_model_NVIDIA,human_hard_rusltc_0021,H,,0.0509335771,0,0.1
holdout_model_NVIDIA,human_hard_rusltc_0022,H,,0.1076246001,0,0.1
holdout_model_NVIDIA,human_hard_rusltc_0023,H,,0.1284875461,0,0.1
holdout_model_NVIDIA,human_hard_rusltc_0024,H,,0.0344717534,0,0.1
holdout_model_NVIDIA,human_hard_rusltc_0025,H,,0.1266373428,0,0.1
holdout_model_NVIDIA,human_hard_rusltc_0026,H,,0.3299858980,0,0.1
holdout_model_NVIDIA,human_hard_rusltc_0027,H,,0.0715810703,0,0.1
holdout_model_NVIDIA,human_hard_rusltc_0028,H,,0.0012795551,0,0.1
holdout_model_NVIDIA,human_hard_rusltc_0029,H,,0.3540383231,0,0.1
holdout_model_NVIDIA,human_hard_rusltc_0030,H,,0.0020992394,0,0.1
holdout_model_NVIDIA,human_hard_rusltc_0031,H,,0.0061090909,0,0.1
holdout_model_NVIDIA,human_hard_rusltc_0032,H,,0.0005556710,0,0.1
holdout_model_NVIDIA,human_hard_rusltc_0033,H,,0.0019018917,0,0.1
holdout_model_NVIDIA,human_hard_rusltc_0034,H,,0.0173520232,0,0.1
holdout_model_NVIDIA,human_hard_rusltc_0035,H,,0.2204353072,0,0.1
holdout_model_NVIDIA,human_hard_rusltc_0036,H,,0.1687321549,0,0.1
holdout_model_NVIDIA,human_hard_rusltc_0037,H,,0.0940024283,0,0.1
holdout_model_NVIDIA,human_hard_rusltc_0038,H,,0.0209273673,0,0.1
holdout_model_NVIDIA,human_hard_rusltc_0039,H,,0.0013821242,0,0.1
holdout_model_NVIDIA,human_hard_rusltc_0040,H,,0.0231686513,0,0.1
holdout_model_NVIDIA,human_hard_rusltc_0041,H,,0.0363925749,0,0.1
holdout_model_NVIDIA,human_hard_rusltc_0042,H,,0.0000042317,0,0.1
holdout_model_NVIDIA,human_hard_rusltc_0043,H,,0.0634043738,0,0.1
holdout_model_NVIDIA,human_hard_rusltc_0044,H,,0.2121979555,0,0.1
holdout_model_NVIDIA,human_hard_rusltc_0045,H,,0.0150529855,0,0.1
holdout_model_NVIDIA,human_hard_rusltc_0046,H,,0.1177001564,0,0.1
holdout_model_NVIDIA,human_hard_rusltc_0047,H,,0.0847147193,0,0.1
holdout_model_NVIDIA,human_hard_rusltc_0048,H,,0.1051678572,0,0.1
holdout_model_NVIDIA,human_hard_rusltc_0049,H,,0.0003367365,0,0.1
holdout_model_NVIDIA,human_hard_rusltc_0050,H,,0.0064650291,0,0.1
holdout_model_NVIDIA,human_hard_rusltc_0051,H,,0.0072840198,0,0.1
holdout_model_NVIDIA,human_hard_rusltc_0052,H,,0.7213947428,1,0.1
holdout_model_NVIDIA,human_hard_rusltc_0053,H,,0.0755053397,0,0.1
holdout_model_NVIDIA,human_hard_rusltc_0054,H,,0.0014610109,0,0.1
holdout_model_NVIDIA,human_hard_rusltc_0055,H,,0.0580290900,0,0.1
holdout_model_NVIDIA,human_hard_rusltc_0056,H,,0.1799936744,0,0.1
holdout_model_NVIDIA,human_hard_rusltc_0057,H,,0.0004056850,0,0.1
holdout_model_NVIDIA,human_hard_rusltc_0058,H,,0.0423660290,0,0.1
holdout_model_NVIDIA,human_hard_rusltc_0059,H,,0.0123332670,0,0.1
holdout_model_NVIDIA,human_hard_rusltc_0060,H,,0.0253815745,0,0.1
holdout_model_NVIDIA,human_hard_rusltc_0061,H,,0.0033742800,0,0.1
holdout_model_NVIDIA,human_hard_rusltc_0062,H,,0.0778887195,0,0.1
holdout_model_NVIDIA,human_hard_rusltc_0063,H,,0.0616183392,0,0.1
holdout_model_NVIDIA,human_hard_rusltc_0064,H,,0.7174337519,1,0.1
holdout_model_NVIDIA,human_hard_rusltc_0065,H,,0.0024705106,0,0.1
holdout_model_NVIDIA,human_hard_rusltc_0066,H,,0.1635026847,0,0.1
holdout_model_NVIDIA,human_hard_rusltc_0067,H,,0.0127088239,0,0.1
holdout_model_NVIDIA,human_hard_rusltc_0068,H,,0.0000217310,0,0.1
holdout_model_NVIDIA,human_hard_rusltc_0069,H,,0.0995884325,0,0.1
holdout_model_NVIDIA,human_hard_rusltc_0070,H,,0.1824824107,0,0.1
holdout_model_NVIDIA,human_hard_rusltc_0071,H,,0.0143782111,0,0.1
holdout_model_NVIDIA,human_hard_rusltc_0072,H,,0.1092426879,0,0.1
holdout_model_NVIDIA,human_hard_rusltc_0073,H,,0.0625870443,0,0.1
holdout_model_NVIDIA,human_news_buriy_2014_0001,H,,0.0013580107,0,0.1
holdout_model_NVIDIA,human_news_buriy_2014_0002,H,,0.0007656147,0,0.1
holdout_model_NVIDIA,human_news_buriy_2014_0003,H,,0.0020344706,0,0.1
holdout_model_NVIDIA,human_news_buriy_2014_0004,H,,0.0000524962,0,0.1
holdout_model_NVIDIA,human_news_buriy_2014_0005,H,,0.0179939803,0,0.1
holdout_model_NVIDIA,human_news_buriy_2014_0006,H,,0.0001300374,0,0.1
holdout_model_NVIDIA,human_news_buriy_2014_0007,H,,0.0092320500,0,0.1
holdout_model_NVIDIA,human_news_buriy_2014_0008,H,,0.0159925382,0,0.1
holdout_model_NVIDIA,human_news_buriy_2014_0009,H,,0.0030360754,0,0.1
holdout_model_NVIDIA,human_news_buriy_2014_0010,H,,0.0000080328,0,0.1
holdout_model_NVIDIA,human_news_buriy_2014_0011,H,,0.0012687981,0,0.1
holdout_model_NVIDIA,human_news_buriy_2014_0012,H,,0.0013397537,0,0.1
holdout_model_NVIDIA,human_news_buriy_2014_0013,H,,0.0142447213,0,0.1
holdout_model_NVIDIA,human_news_buriy_2014_0014,H,,0.0067472345,0,0.1
holdout_model_NVIDIA,human_news_buriy_2014_0015,H,,0.0006925606,0,0.1
holdout_model_NVIDIA,human_news_buriy_2014_0016,H,,0.0006240207,0,0.1
holdout_model_NVIDIA,human_news_buriy_2014_0017,H,,0.4199465909,0,0.1
holdout_model_NVIDIA,human_news_buriy_2014_0018,H,,0.0045237071,0,0.1
holdout_model_NVIDIA,human_news_buriy_2014_0019,H,,0.0047497365,0,0.1
holdout_model_NVIDIA,human_news_buriy_2014_0020,H,,0.0000450006,0,0.1
holdout_model_NVIDIA,human_news_buriy_2014_0021,H,,0.3148384111,0,0.1
holdout_model_NVIDIA,human_news_buriy_2014_0022,H,,0.0002445518,0,0.1
holdout_model_NVIDIA,human_news_buriy_2014_0023,H,,0.0000295689,0,0.1
holdout_model_NVIDIA,human_news_buriy_2014_0024,H,,0.0022085785,0,0.1
holdout_model_NVIDIA,human_news_buriy_2014_0025,H,,0.0014619432,0,0.1
holdout_model_NVIDIA,human_news_buriy_2014_0026,H,,0.0032664106,0,0.1
holdout_model_NVIDIA,human_news_buriy_2014_0027,H,,0.0024206414,0,0.1
holdout_model_NVIDIA,human_news_buriy_2014_0028,H,,0.0002800291,0,0.1
holdout_model_NVIDIA,human_news_buriy_2014_0029,H,,0.0008719419,0,0.1
holdout_model_NVIDIA,human_news_buriy_2014_0030,H,,0.0225592094,0,0.1
holdout_model_NVIDIA,human_news_buriy_2014_0031,H,,0.0024109271,0,0.1
holdout_model_NVIDIA,human_news_buriy_2014_0032,H,,0.0018929500,0,0.1
holdout_model_NVIDIA,human_news_buriy_2014_0033,H,,0.0033267040,0,0.1
holdout_model_NVIDIA,human_news_buriy_2014_0034,H,,0.0191383575,0,0.1
holdout_model_NVIDIA,human_news_buriy_2014_0035,H,,0.0003210022,0,0.1
holdout_model_NVIDIA,human_news_buriy_2014_0036,H,,0.0045455474,0,0.1
holdout_model_NVIDIA,human_news_buriy_2014_0037,H,,0.0008353603,0,0.1
holdout_model_NVIDIA,human_news_buriy_2014_0038,H,,0.0002841705,0,0.1
holdout_model_NVIDIA,human_news_buriy_2014_0039,H,,0.0031472298,0,0.1
holdout_model_NVIDIA,human_news_buriy_2014_0040,H,,0.0034149478,0,0.1
holdout_model_NVIDIA,human_news_buriy_2014_0041,H,,0.0433323706,0,0.1
holdout_model_NVIDIA,human_news_buriy_2014_0042,H,,0.0003797199,0,0.1
holdout_model_NVIDIA,human_news_buriy_2014_0043,H,,0.0113590714,0,0.1
holdout_model_NVIDIA,human_news_buriy_2014_0044,H,,0.0051469103,0,0.1
holdout_model_NVIDIA,human_news_buriy_2014_0045,H,,0.0009034849,0,0.1
holdout_model_NVIDIA,human_news_buriy_2014_0046,H,,0.0025649927,0,0.1
holdout_model_NVIDIA,human_news_buriy_2014_0047,H,,0.0008786389,0,0.1
holdout_model_NVIDIA,human_news_buriy_2014_0048,H,,0.0007766524,0,0.1
holdout_model_NVIDIA,human_news_buriy_2014_0049,H,,0.0000375654,0,0.1
holdout_model_NVIDIA,human_news_buriy_2014_0050,H,,0.0064708505,0,0.1
holdout_model_NVIDIA,human_news_buriy_2014_0051,H,,0.6381380780,1,0.1
holdout_model_NVIDIA,human_news_buriy_2014_0052,H,,0.0002584950,0,0.1
holdout_model_NVIDIA,human_news_buriy_2014_0053,H,,0.0000223362,0,0.1
holdout_model_NVIDIA,human_news_buriy_2014_0054,H,,0.1569538979,0,0.1
holdout_model_NVIDIA,human_news_buriy_2014_0055,H,,0.0000650373,0,0.1
holdout_model_NVIDIA,human_news_buriy_2014_0056,H,,0.2248039915,0,0.1
holdout_model_NVIDIA,human_news_buriy_2014_0057,H,,0.0005042997,0,0.1
holdout_model_NVIDIA,human_news_buriy_2014_0058,H,,0.0178671858,0,0.1
holdout_model_NVIDIA,human_news_buriy_2014_0059,H,,0.0006244458,0,0.1
holdout_model_NVIDIA,human_news_buriy_2014_0060,H,,0.0005094807,0,0.1
holdout_model_NVIDIA,human_news_gazeta_0001,H,,0.0094163201,0,0.1
holdout_model_NVIDIA,human_news_gazeta_0002,H,,0.2741260318,0,0.1
holdout_model_NVIDIA,human_news_gazeta_0003,H,,0.2594042044,0,0.1
holdout_model_NVIDIA,human_news_gazeta_0004,H,,0.0170860091,0,0.1
holdout_model_NVIDIA,human_news_gazeta_0005,H,,0.0009820047,0,0.1
holdout_model_NVIDIA,human_news_gazeta_0006,H,,0.0022720630,0,0.1
holdout_model_NVIDIA,human_news_gazeta_0007,H,,0.0016947274,0,0.1
holdout_model_NVIDIA,human_news_gazeta_0008,H,,0.0154140744,0,0.1
holdout_model_NVIDIA,human_news_gazeta_0009,H,,0.0024340880,0,0.1
holdout_model_NVIDIA,human_news_gazeta_0010,H,,0.0835966309,0,0.1
holdout_model_NVIDIA,human_news_gazeta_0011,H,,0.0002409565,0,0.1
holdout_model_NVIDIA,human_news_gazeta_0012,H,,0.0066261160,0,0.1
holdout_model_NVIDIA,human_news_gazeta_0013,H,,0.0402235936,0,0.1
holdout_model_NVIDIA,human_news_gazeta_0014,H,,0.0000589503,0,0.1
holdout_model_NVIDIA,human_news_gazeta_0015,H,,0.0374724631,0,0.1
holdout_model_NVIDIA,human_news_gazeta_0016,H,,0.0003080289,0,0.1
holdout_model_NVIDIA,human_news_gazeta_0017,H,,0.0865143039,0,0.1
holdout_model_NVIDIA,human_news_gazeta_0018,H,,0.0294856584,0,0.1
holdout_model_NVIDIA,human_news_gazeta_0019,H,,0.0004558288,0,0.1
holdout_model_NVIDIA,human_news_gazeta_0020,H,,0.0004286626,0,0.1
holdout_model_NVIDIA,human_news_gazeta_0021,H,,0.0112897086,0,0.1
holdout_model_NVIDIA,human_news_gazeta_0022,H,,0.0391956981,0,0.1
holdout_model_NVIDIA,human_news_gazeta_0023,H,,0.0005616611,0,0.1
holdout_model_NVIDIA,human_news_gazeta_0024,H,,0.0025713784,0,0.1
holdout_model_NVIDIA,human_news_gazeta_0025,H,,0.0064112178,0,0.1
holdout_model_NVIDIA,human_news_gazeta_0026,H,,0.0018771421,0,0.1
holdout_model_NVIDIA,human_news_gazeta_0027,H,,0.0043897719,0,0.1
holdout_model_NVIDIA,human_news_gazeta_0028,H,,0.0006556743,0,0.1
holdout_model_NVIDIA,human_news_gazeta_0029,H,,0.0159791115,0,0.1
holdout_model_NVIDIA,human_news_gazeta_0030,H,,0.4692386261,0,0.1
holdout_model_NVIDIA,human_news_gazeta_0031,H,,0.0598269397,0,0.1
holdout_model_NVIDIA,human_news_gazeta_0032,H,,0.0033695271,0,0.1
holdout_model_NVIDIA,human_news_gazeta_0033,H,,0.0102681462,0,0.1
holdout_model_NVIDIA,human_news_gazeta_0034,H,,0.1407661110,0,0.1
holdout_model_NVIDIA,human_news_gazeta_0035,H,,0.0667697458,0,0.1
holdout_model_NVIDIA,human_news_gazeta_0036,H,,0.0047423270,0,0.1
holdout_model_NVIDIA,human_news_gazeta_0037,H,,0.1655845412,0,0.1
holdout_model_NVIDIA,human_news_gazeta_0038,H,,0.3940598273,0,0.1
holdout_model_NVIDIA,human_news_gazeta_0039,H,,0.0201597481,0,0.1
holdout_model_NVIDIA,human_news_gazeta_0040,H,,0.0320585831,0,0.1
holdout_model_NVIDIA,human_news_gazeta_0041,H,,0.0007519918,0,0.1
holdout_model_NVIDIA,human_news_gazeta_0042,H,,0.0157631464,0,0.1
holdout_model_NVIDIA,human_news_gazeta_0043,H,,0.0899562338,0,0.1
holdout_model_NVIDIA,human_news_gazeta_0044,H,,0.0033454921,0,0.1
holdout_model_NVIDIA,human_news_gazeta_0045,H,,0.0037929880,0,0.1
holdout_model_NVIDIA,human_news_gazeta_0046,H,,0.0003859530,0,0.1
holdout_model_NVIDIA,human_news_gazeta_0047,H,,0.0068810963,0,0.1
holdout_model_NVIDIA,human_news_gazeta_0048,H,,0.1700740619,0,0.1
holdout_model_NVIDIA,human_news_gazeta_0049,H,,0.1025098923,0,0.1
holdout_model_NVIDIA,human_news_gazeta_0050,H,,0.0142457101,0,0.1
holdout_model_NVIDIA,human_news_gazeta_0051,H,,0.0027339530,0,0.1
holdout_model_NVIDIA,human_news_gazeta_0052,H,,0.1285421071,0,0.1
holdout_model_NVIDIA,human_news_gazeta_0053,H,,0.0335320975,0,0.1
holdout_model_NVIDIA,human_news_gazeta_0054,H,,0.0255482028,0,0.1
holdout_model_NVIDIA,human_news_gazeta_0055,H,,0.0012687016,0,0.1
holdout_model_NVIDIA,human_news_gazeta_0056,H,,0.0047094017,0,0.1
holdout_model_NVIDIA,human_news_gazeta_0057,H,,0.1107238856,0,0.1
holdout_model_NVIDIA,human_news_gazeta_0058,H,,0.0104633472,0,0.1
holdout_model_NVIDIA,human_news_gazeta_0059,H,,0.0066041527,0,0.1
holdout_model_NVIDIA,human_news_gazeta_0060,H,,0.0007078704,0,0.1
holdout_model_NVIDIA,human_news_lenta_0001,H,,0.0803867542,0,0.1
holdout_model_NVIDIA,human_news_lenta_0002,H,,0.0028907073,0,0.1
holdout_model_NVIDIA,human_news_lenta_0004,H,,0.0798043808,0,0.1
holdout_model_NVIDIA,human_news_lenta_0007,H,,0.0000000000,0,0.1
holdout_model_NVIDIA,human_news_lenta_0009,H,,0.0007043559,0,0.1
holdout_model_NVIDIA,human_news_lenta_0010,H,,0.0000000012,0,0.1
holdout_model_NVIDIA,human_news_lenta_0012,H,,0.0020393794,0,0.1
holdout_model_NVIDIA,human_news_lenta_0013,H,,0.0346830509,0,0.1
holdout_model_NVIDIA,human_news_lenta_0014,H,,0.0024679638,0,0.1
holdout_model_NVIDIA,human_news_lenta_0015,H,,0.0818674031,0,0.1
holdout_model_NVIDIA,human_news_lenta_0016,H,,0.0011536422,0,0.1
holdout_model_NVIDIA,human_news_lenta_0017,H,,0.0000010767,0,0.1
holdout_model_NVIDIA,human_news_lenta_0018,H,,0.0000267752,0,0.1
holdout_model_NVIDIA,human_news_lenta_0021,H,,0.0434424111,0,0.1
holdout_model_NVIDIA,human_news_lenta_0022,H,,0.0002905773,0,0.1
holdout_model_NVIDIA,human_news_lenta_0023,H,,0.1627635742,0,0.1
holdout_model_NVIDIA,human_news_lenta_0024,H,,0.0295503206,0,0.1
holdout_model_NVIDIA,human_news_lenta_0027,H,,0.2908603586,0,0.1
holdout_model_NVIDIA,human_news_lenta_0029,H,,0.0963590912,0,0.1
holdout_model_NVIDIA,human_news_lenta_0034,H,,0.0043083226,0,0.1
holdout_model_NVIDIA,human_news_lenta_0036,H,,0.0035617727,0,0.1
holdout_model_NVIDIA,human_news_lenta_0039,H,,0.0000000000,0,0.1
holdout_model_NVIDIA,human_news_lenta_0040,H,,0.1304724696,0,0.1
holdout_model_NVIDIA,human_news_lenta_0041,H,,0.0003316401,0,0.1
holdout_model_NVIDIA,human_news_lenta_0042,H,,0.0000774092,0,0.1
holdout_model_NVIDIA,human_news_lenta_0044,H,,0.0021144248,0,0.1
holdout_model_NVIDIA,human_news_lenta_0045,H,,0.0526502773,0,0.1
holdout_model_NVIDIA,human_news_lenta_0046,H,,0.0000295118,0,0.1
holdout_model_NVIDIA,human_news_lenta_0049,H,,0.0202317249,0,0.1
holdout_model_NVIDIA,human_news_lenta_0051,H,,0.0032608193,0,0.1
holdout_model_NVIDIA,human_news_lenta_0053,H,,0.0003909310,0,0.1
holdout_model_NVIDIA,human_news_lenta_0055,H,,0.2184626798,0,0.1
holdout_model_NVIDIA,human_science_cyberleninka_0001,H,,0.0344864699,0,0.1
holdout_model_NVIDIA,human_science_cyberleninka_0002,H,,0.5355470484,1,0.1
holdout_model_NVIDIA,human_science_cyberleninka_0003,H,,0.0329007129,0,0.1
holdout_model_NVIDIA,human_science_cyberleninka_0004,H,,0.0340670091,0,0.1
holdout_model_NVIDIA,human_science_cyberleninka_0005,H,,0.0223110009,0,0.1
holdout_model_NVIDIA,human_science_cyberleninka_0006,H,,0.1627059903,0,0.1
holdout_model_NVIDIA,human_science_cyberleninka_0007,H,,0.3791137126,0,0.1
holdout_model_NVIDIA,human_science_cyberleninka_0008,H,,0.0000686334,0,0.1
holdout_model_NVIDIA,human_science_cyberleninka_0009,H,,0.0256899586,0,0.1
holdout_model_NVIDIA,human_science_cyberleninka_0010,H,,0.0004864532,0,0.1
holdout_model_NVIDIA,human_science_cyberleninka_0011,H,,0.0008856303,0,0.1
holdout_model_NVIDIA,human_science_cyberleninka_0013,H,,0.4002668632,0,0.1
holdout_model_NVIDIA,human_science_cyberleninka_0014,H,,0.2381121983,0,0.1
holdout_model_NVIDIA,human_science_cyberleninka_0015,H,,0.0006803816,0,0.1
holdout_model_NVIDIA,human_science_cyberleninka_0016,H,,0.0149927237,0,0.1
holdout_model_NVIDIA,human_science_cyberleninka_0017,H,,0.0026697350,0,0.1
holdout_model_NVIDIA,human_science_cyberleninka_0018,H,,0.7463156711,1,0.1
holdout_model_NVIDIA,human_science_cyberleninka_0019,H,,0.5880910893,1,0.1
holdout_model_NVIDIA,human_science_cyberleninka_0020,H,,0.0063915349,0,0.1
holdout_model_NVIDIA,human_science_cyberleninka_0021,H,,0.7091033318,1,0.1
holdout_model_NVIDIA,human_science_cyberleninka_0022,H,,0.0009628872,0,0.1
holdout_model_NVIDIA,human_science_cyberleninka_0023,H,,0.7655271181,1,0.1
holdout_model_NVIDIA,human_science_cyberleninka_0024,H,,0.5292476798,1,0.1
holdout_model_NVIDIA,human_science_cyberleninka_0025,H,,0.0474556918,0,0.1
holdout_model_NVIDIA,human_science_cyberleninka_0026,H,,0.0033783608,0,0.1
holdout_model_NVIDIA,human_science_cyberleninka_0027,H,,0.0696021125,0,0.1
holdout_model_NVIDIA,human_science_cyberleninka_0028,H,,0.0001111854,0,0.1
holdout_model_NVIDIA,human_science_cyberleninka_0029,H,,0.0459987127,0,0.1
holdout_model_NVIDIA,human_science_cyberleninka_0030,H,,0.0001523544,0,0.1
holdout_model_NVIDIA,human_science_cyberleninka_0031,H,,0.0247034295,0,0.1
holdout_model_NVIDIA,human_science_cyberleninka_0032,H,,0.0120000109,0,0.1
holdout_model_NVIDIA,human_science_cyberleninka_0033,H,,0.8186688646,1,0.1
holdout_model_NVIDIA,human_science_cyberleninka_0034,H,,0.0002668776,0,0.1
holdout_model_NVIDIA,human_science_cyberleninka_0035,H,,0.0628771044,0,0.1
holdout_model_NVIDIA,human_science_cyberleninka_0036,H,,0.4425986161,0,0.1
holdout_model_NVIDIA,human_science_cyberleninka_0037,H,,0.0928359124,0,0.1
holdout_model_NVIDIA,human_science_cyberleninka_0038,H,,0.0633857424,0,0.1
holdout_model_NVIDIA,human_science_cyberleninka_0039,H,,0.1090279305,0,0.1
holdout_model_NVIDIA,human_science_cyberleninka_0040,H,,0.0006369664,0,0.1
holdout_model_NVIDIA,human_science_cyberleninka_0041,H,,0.0553216404,0,0.1
holdout_model_NVIDIA,human_science_cyberleninka_0042,H,,0.0002109208,0,0.1
holdout_model_NVIDIA,human_science_cyberleninka_0043,H,,0.0047522404,0,0.1
holdout_model_NVIDIA,human_science_cyberleninka_0044,H,,0.7823567133,1,0.1
holdout_model_NVIDIA,human_science_cyberleninka_0045,H,,0.0030003254,0,0.1
holdout_model_NVIDIA,human_science_cyberleninka_0046,H,,0.0012955191,0,0.1
holdout_model_NVIDIA,human_science_cyberleninka_0047,H,,0.0012169066,0,0.1
holdout_model_NVIDIA,human_science_cyberleninka_0048,H,,0.0001024726,0,0.1
holdout_model_NVIDIA,human_science_cyberleninka_0049,H,,0.0003098585,0,0.1
holdout_model_NVIDIA,human_science_cyberleninka_0050,H,,0.0019422167,0,0.1
holdout_model_NVIDIA,human_science_cyberleninka_0051,H,,0.1754236339,0,0.1
holdout_model_NVIDIA,human_science_cyberleninka_0052,H,,0.1746908367,0,0.1
holdout_model_NVIDIA,human_science_cyberleninka_0053,H,,0.0000002594,0,0.1
holdout_model_NVIDIA,human_science_cyberleninka_0054,H,,0.1020683727,0,0.1
holdout_model_NVIDIA,human_science_cyberleninka_0055,H,,0.0051514294,0,0.1
holdout_model_NVIDIA,human_science_cyberleninka_0056,H,,0.0679387751,0,0.1
holdout_model_NVIDIA,human_science_cyberleninka_0057,H,,0.2248033730,0,0.1
holdout_model_NVIDIA,human_science_cyberleninka_0058,H,,0.6261032649,1,0.1
holdout_model_NVIDIA,human_science_cyberleninka_0059,H,,0.7748660854,1,0.1
holdout_model_NVIDIA,human_science_cyberleninka_0060,H,,0.0327914855,0,0.1
holdout_model_NVIDIA,human_science_cyberleninka_0067,H,,0.4168639590,0,0.1
holdout_model_NVIDIA,human_science_spbgu_0001,H,,0.0063131194,0,0.1
holdout_model_NVIDIA,human_science_spbgu_0002,H,,0.0094018817,0,0.1
holdout_model_NVIDIA,human_science_spbgu_0003,H,,0.1867736832,0,0.1
holdout_model_NVIDIA,human_science_spbgu_0004,H,,0.0045493441,0,0.1
holdout_model_NVIDIA,human_science_spbgu_0005,H,,0.0483088488,0,0.1
holdout_model_NVIDIA,human_science_spbgu_0006,H,,0.0022530560,0,0.1
holdout_model_NVIDIA,human_science_spbgu_0007,H,,0.0001903833,0,0.1
holdout_model_NVIDIA,human_science_spbgu_0008,H,,0.0467546572,0,0.1
holdout_model_NVIDIA,human_science_spbgu_0009,H,,0.0007308680,0,0.1
holdout_model_NVIDIA,human_science_spbgu_0010,H,,0.0010303880,0,0.1
holdout_model_NVIDIA,human_science_spbgu_0011,H,,0.0055337183,0,0.1
holdout_model_NVIDIA,human_science_spbgu_0012,H,,0.0002906433,0,0.1
holdout_model_NVIDIA,human_science_spbgu_0013,H,,0.0001041035,0,0.1
holdout_model_NVIDIA,human_science_spbgu_0014,H,,0.0320921425,0,0.1
holdout_model_NVIDIA,human_science_spbgu_0015,H,,0.0036837799,0,0.1
holdout_model_NVIDIA,human_science_spbgu_0016,H,,0.0000295706,0,0.1
holdout_model_NVIDIA,human_science_spbgu_0017,H,,0.0031523805,0,0.1
holdout_model_NVIDIA,human_science_spbgu_0018,H,,0.0007393402,0,0.1
holdout_model_NVIDIA,human_science_spbgu_0019,H,,0.0071074920,0,0.1
holdout_model_NVIDIA,human_science_spbgu_0020,H,,0.0066123220,0,0.1
holdout_model_NVIDIA,human_science_spbgu_0021,H,,0.0001947469,0,0.1
holdout_model_NVIDIA,human_science_spbgu_0022,H,,0.0076925305,0,0.1
holdout_model_NVIDIA,human_science_spbgu_0023,H,,0.0004888673,0,0.1
holdout_model_NVIDIA,human_science_spbgu_0024,H,,0.0002229494,0,0.1
holdout_model_NVIDIA,human_science_spbgu_0025,H,,0.0000579605,0,0.1
holdout_model_NVIDIA,human_science_spbgu_0026,H,,0.0105405711,0,0.1
holdout_model_NVIDIA,human_science_spbgu_0027,H,,0.0000106326,0,0.1
holdout_model_NVIDIA,human_science_spbgu_0028,H,,0.0001711645,0,0.1
holdout_model_NVIDIA,human_science_spbgu_0029,H,,0.0000661490,0,0.1
holdout_model_NVIDIA,human_science_spbgu_0030,H,,0.0000495318,0,0.1
holdout_model_NVIDIA,human_science_spbgu_0031,H,,0.0012852008,0,0.1
holdout_model_NVIDIA,human_science_spbgu_0032,H,,0.0004508233,0,0.1
holdout_model_NVIDIA,human_science_spbgu_0033,H,,0.0000662967,0,0.1
holdout_model_NVIDIA,human_science_spbgu_0034,H,,0.0005750692,0,0.1
holdout_model_NVIDIA,human_science_spbgu_0035,H,,0.0000396988,0,0.1
holdout_model_NVIDIA,human_science_spbgu_0036,H,,0.0009221730,0,0.1
holdout_model_NVIDIA,human_science_spbgu_0037,H,,0.0022026553,0,0.1
holdout_model_NVIDIA,human_science_spbgu_0038,H,,0.0002251457,0,0.1
holdout_model_NVIDIA,human_science_spbgu_0039,H,,0.0048960956,0,0.1
holdout_model_NVIDIA,human_science_spbgu_0040,H,,0.0000318441,0,0.1
holdout_model_NVIDIA,human_science_spbgu_0041,H,,0.0003585899,0,0.1
holdout_model_NVIDIA,human_science_spbgu_0042,H,,0.0005446412,0,0.1
holdout_model_NVIDIA,human_science_spbgu_0043,H,,0.0016256025,0,0.1
holdout_model_NVIDIA,human_science_spbgu_0044,H,,0.0026197861,0,0.1
holdout_model_NVIDIA,human_science_spbgu_0045,H,,0.0009493680,0,0.1
holdout_model_NVIDIA,human_science_spbgu_0046,H,,0.0000554998,0,0.1
holdout_model_NVIDIA,human_science_spbgu_0048,H,,0.0005829468,0,0.1
holdout_model_NVIDIA,human_science_spbgu_0049,H,,0.0010470852,0,0.1
holdout_model_NVIDIA,human_science_spbgu_0050,H,,0.0058742159,0,0.1
holdout_model_NVIDIA,human_science_spbgu_0054,H,,0.0000026989,0,0.1
holdout_model_NVIDIA,human_science_spbgu_0055,H,,0.0002472394,0,0.1
holdout_model_NVIDIA,human_science_spbgu_0057,H,,0.0239074461,0,0.1
holdout_model_NVIDIA,human_science_spbgu_0059,H,,0.0012473461,0,0.1
holdout_model_NVIDIA,human_science_spbgu_0060,H,,0.0000127846,0,0.1
holdout_model_NVIDIA,human_science_spbgu_0061,H,,0.0002306466,0,0.1
holdout_model_NVIDIA,human_science_spbgu_0062,H,,0.0003478117,0,0.1
holdout_model_NVIDIA,human_science_spbgu_0063,H,,0.0072939441,0,0.1
holdout_model_NVIDIA,human_science_spbgu_0064,H,,0.0000966125,0,0.1
holdout_model_NVIDIA,human_science_spbgu_0065,H,,0.0001232450,0,0.1
holdout_model_NVIDIA,human_science_urfu_0001,H,,0.1255567625,0,0.1
holdout_model_NVIDIA,human_science_urfu_0002,H,,0.0049746799,0,0.1
holdout_model_NVIDIA,human_science_urfu_0003,H,,0.0647384179,0,0.1
holdout_model_NVIDIA,human_science_urfu_0004,H,,0.0272665650,0,0.1
holdout_model_NVIDIA,human_science_urfu_0005,H,,0.0327697383,0,0.1
holdout_model_NVIDIA,human_science_urfu_0006,H,,0.0013372010,0,0.1
holdout_model_NVIDIA,human_science_urfu_0007,H,,0.3740029197,0,0.1
holdout_model_NVIDIA,human_science_urfu_0008,H,,0.0001864342,0,0.1
holdout_model_NVIDIA,human_science_urfu_0009,H,,0.0014207716,0,0.1
holdout_model_NVIDIA,human_science_urfu_0010,H,,0.0152472178,0,0.1
holdout_model_NVIDIA,human_science_urfu_0011,H,,0.0079571886,0,0.1
holdout_model_NVIDIA,human_science_urfu_0012,H,,0.0009494282,0,0.1
holdout_model_NVIDIA,human_science_urfu_0013,H,,0.1839074999,0,0.1
holdout_model_NVIDIA,human_science_urfu_0014,H,,0.0000217133,0,0.1
holdout_model_NVIDIA,human_science_urfu_0015,H,,0.0136921794,0,0.1
holdout_model_NVIDIA,human_science_urfu_0016,H,,0.0744499787,0,0.1
holdout_model_NVIDIA,human_science_urfu_0017,H,,0.0267948136,0,0.1
holdout_model_NVIDIA,human_science_urfu_0018,H,,0.0109523932,0,0.1
holdout_model_NVIDIA,human_science_urfu_0019,H,,0.0177413913,0,0.1
holdout_model_NVIDIA,human_science_urfu_0020,H,,0.0003136697,0,0.1
holdout_model_NVIDIA,human_science_urfu_0021,H,,0.0040123257,0,0.1
holdout_model_NVIDIA,human_science_urfu_0022,H,,0.0086056560,0,0.1
holdout_model_NVIDIA,human_science_urfu_0023,H,,0.0000749991,0,0.1
holdout_model_NVIDIA,human_science_urfu_0024,H,,0.0495006047,0,0.1
holdout_model_NVIDIA,human_science_urfu_0025,H,,0.0875008856,0,0.1
holdout_model_NVIDIA,human_science_urfu_0026,H,,0.0606577721,0,0.1
holdout_model_NVIDIA,human_science_urfu_0027,H,,0.1453957384,0,0.1
holdout_model_NVIDIA,human_science_urfu_0028,H,,0.0762740721,0,0.1
holdout_model_NVIDIA,human_science_urfu_0029,H,,0.0075069363,0,0.1
holdout_model_NVIDIA,human_science_urfu_0030,H,,0.1512427910,0,0.1
holdout_model_NVIDIA,human_science_urfu_0031,H,,0.0000140728,0,0.1
holdout_model_NVIDIA,human_science_urfu_0032,H,,0.4669729688,0,0.1
holdout_model_NVIDIA,human_science_urfu_0033,H,,0.0081114318,0,0.1
holdout_model_NVIDIA,human_science_urfu_0034,H,,0.0028329989,0,0.1
holdout_model_NVIDIA,human_science_urfu_0035,H,,0.0564429842,0,0.1
holdout_model_NVIDIA,human_science_urfu_0036,H,,0.0069507889,0,0.1
holdout_model_NVIDIA,human_science_urfu_0037,H,,0.0181307505,0,0.1
holdout_model_NVIDIA,human_science_urfu_0038,H,,0.0000000027,0,0.1
holdout_model_NVIDIA,human_science_urfu_0039,H,,0.0000000237,0,0.1
holdout_model_NVIDIA,human_science_urfu_0040,H,,0.0000000000,0,0.1
holdout_model_NVIDIA,human_science_urfu_0041,H,,0.0000007560,0,0.1
holdout_model_NVIDIA,human_science_urfu_0042,H,,0.0000000303,0,0.1
holdout_model_NVIDIA,human_science_urfu_0043,H,,0.0000000525,0,0.1
holdout_model_NVIDIA,human_science_urfu_0044,H,,0.0112383393,0,0.1
holdout_model_NVIDIA,human_science_urfu_0045,H,,0.0004202964,0,0.1
holdout_model_NVIDIA,human_science_urfu_0046,H,,0.0000000675,0,0.1
holdout_model_NVIDIA,human_science_urfu_0047,H,,0.0044226647,0,0.1
holdout_model_NVIDIA,human_science_urfu_0048,H,,0.0003738936,0,0.1
holdout_model_NVIDIA,nemotron_b001_P1_r1,A,nemotron,0.9996141353,1,0.1
holdout_model_NVIDIA,nemotron_b001_P1_r2,A,nemotron,0.9997886023,1,0.1
holdout_model_NVIDIA,nemotron_b001_P2_r1,A,nemotron,0.9906904152,1,0.1
holdout_model_NVIDIA,nemotron_b001_P2_r2,A,nemotron,0.9576304721,1,0.1
holdout_model_NVIDIA,nemotron_b001_P3_r1,A,nemotron,0.7033539002,1,0.1
holdout_model_NVIDIA,nemotron_b001_P3_r2,A,nemotron,0.9947296277,1,0.1
holdout_model_NVIDIA,nemotron_b002_P1_r1,A,nemotron,0.9960460980,1,0.1
holdout_model_NVIDIA,nemotron_b002_P1_r2,A,nemotron,0.9614372758,1,0.1
holdout_model_NVIDIA,nemotron_b002_P2_r1,A,nemotron,0.9961816363,1,0.1
holdout_model_NVIDIA,nemotron_b002_P2_r2,A,nemotron,0.9978978655,1,0.1
holdout_model_NVIDIA,nemotron_b002_P3_r1,A,nemotron,0.5933000577,1,0.1
holdout_model_NVIDIA,nemotron_b002_P3_r2,A,nemotron,0.4008928285,0,0.1
holdout_model_NVIDIA,nemotron_b003_P1_r1,A,nemotron,0.9955984863,1,0.1
holdout_model_NVIDIA,nemotron_b003_P1_r2,A,nemotron,0.9975154028,1,0.1
holdout_model_NVIDIA,nemotron_b003_P2_r1,A,nemotron,0.9986830950,1,0.1
holdout_model_NVIDIA,nemotron_b003_P2_r2,A,nemotron,0.9881659034,1,0.1
holdout_model_NVIDIA,nemotron_b003_P3_r1,A,nemotron,0.9951588434,1,0.1
holdout_model_NVIDIA,nemotron_b003_P3_r2,A,nemotron,0.2396031593,0,0.1
holdout_model_NVIDIA,nemotron_b004_P1_r1,A,nemotron,0.9916370681,1,0.1
holdout_model_NVIDIA,nemotron_b004_P1_r2,A,nemotron,0.9323464209,1,0.1
holdout_model_NVIDIA,nemotron_b004_P2_r1,A,nemotron,0.9458360548,1,0.1
holdout_model_NVIDIA,nemotron_b004_P2_r2,A,nemotron,0.9945728541,1,0.1
holdout_model_NVIDIA,nemotron_b004_P3_r1,A,nemotron,0.6204310477,1,0.1
holdout_model_NVIDIA,nemotron_b004_P3_r2,A,nemotron,0.7201582000,1,0.1
holdout_model_NVIDIA,nemotron_b005_P1_r1,A,nemotron,0.9487382457,1,0.1
holdout_model_NVIDIA,nemotron_b005_P1_r2,A,nemotron,0.9559347631,1,0.1
holdout_model_NVIDIA,nemotron_b005_P2_r1,A,nemotron,0.9989890116,1,0.1
holdout_model_NVIDIA,nemotron_b005_P2_r2,A,nemotron,0.9968072793,1,0.1
holdout_model_NVIDIA,nemotron_b005_P3_r1,A,nemotron,0.8156668867,1,0.1
holdout_model_NVIDIA,nemotron_b005_P3_r2,A,nemotron,0.9792863525,1,0.1
holdout_model_NVIDIA,nemotron_b006_P1_r1,A,nemotron,0.9964110385,1,0.1
holdout_model_NVIDIA,nemotron_b006_P1_r2,A,nemotron,0.9976896031,1,0.1
holdout_model_NVIDIA,nemotron_b006_P2_r1,A,nemotron,0.9985356301,1,0.1
holdout_model_NVIDIA,nemotron_b006_P2_r2,A,nemotron,0.9960726936,1,0.1
holdout_model_NVIDIA,nemotron_b006_P3_r1,A,nemotron,0.9535367265,1,0.1
holdout_model_NVIDIA,nemotron_b006_P3_r2,A,nemotron,0.8457309250,1,0.1
holdout_model_NVIDIA,nemotron_b007_P1_r1,A,nemotron,0.9992418147,1,0.1
holdout_model_NVIDIA,nemotron_b007_P1_r2,A,nemotron,0.9995185982,1,0.1
holdout_model_NVIDIA,nemotron_b007_P2_r1,A,nemotron,0.9999270078,1,0.1
holdout_model_NVIDIA,nemotron_b007_P2_r2,A,nemotron,0.9996676973,1,0.1
holdout_model_NVIDIA,nemotron_b007_P3_r1,A,nemotron,0.9943663622,1,0.1
holdout_model_NVIDIA,nemotron_b007_P3_r2,A,nemotron,0.9917846693,1,0.1
holdout_model_NVIDIA,nemotron_b008_P1_r1,A,nemotron,0.9984685466,1,0.1
holdout_model_NVIDIA,nemotron_b008_P1_r2,A,nemotron,0.9970674311,1,0.1
holdout_model_NVIDIA,nemotron_b008_P2_r1,A,nemotron,0.9963064803,1,0.1
holdout_model_NVIDIA,nemotron_b008_P2_r2,A,nemotron,0.9982289867,1,0.1
holdout_model_NVIDIA,nemotron_b008_P3_r1,A,nemotron,0.8151307836,1,0.1
holdout_model_NVIDIA,nemotron_b008_P3_r2,A,nemotron,0.9457802256,1,0.1
holdout_model_NVIDIA,nemotron_b009_P1_r1,A,nemotron,0.9996890211,1,0.1
holdout_model_NVIDIA,nemotron_b009_P1_r2,A,nemotron,0.9997241016,1,0.1
holdout_model_NVIDIA,nemotron_b009_P2_r1,A,nemotron,0.9972068658,1,0.1
holdout_model_NVIDIA,nemotron_b009_P2_r2,A,nemotron,0.9999710205,1,0.1
holdout_model_NVIDIA,nemotron_b009_P3_r1,A,nemotron,0.7603767650,1,0.1
holdout_model_NVIDIA,nemotron_b009_P3_r2,A,nemotron,0.9499596552,1,0.1
holdout_model_NVIDIA,nemotron_b010_P1_r1,A,nemotron,0.9978704132,1,0.1
holdout_model_NVIDIA,nemotron_b010_P1_r2,A,nemotron,0.9757660300,1,0.1
holdout_model_NVIDIA,nemotron_b010_P2_r1,A,nemotron,0.9998887141,1,0.1
holdout_model_NVIDIA,nemotron_b010_P2_r2,A,nemotron,0.9992901176,1,0.1
holdout_model_NVIDIA,nemotron_b010_P3_r1,A,nemotron,0.9512444928,1,0.1
holdout_model_NVIDIA,nemotron_b010_P3_r2,A,nemotron,0.9705662425,1,0.1
holdout_model_NVIDIA,nemotron_b011_P1_r1,A,nemotron,0.9951376677,1,0.1
holdout_model_NVIDIA,nemotron_b011_P1_r2,A,nemotron,0.9981960339,1,0.1
holdout_model_NVIDIA,nemotron_b011_P2_r1,A,nemotron,0.9997950622,1,0.1
holdout_model_NVIDIA,nemotron_b011_P2_r2,A,nemotron,0.9990378868,1,0.1
holdout_model_NVIDIA,nemotron_b011_P3_r1,A,nemotron,0.9845106612,1,0.1
holdout_model_NVIDIA,nemotron_b011_P3_r2,A,nemotron,0.8984679066,1,0.1
holdout_model_NVIDIA,nemotron_b012_P1_r1,A,nemotron,0.9986365448,1,0.1
holdout_model_NVIDIA,nemotron_b012_P1_r2,A,nemotron,0.9927048881,1,0.1
holdout_model_NVIDIA,nemotron_b012_P2_r1,A,nemotron,0.9969681300,1,0.1
holdout_model_NVIDIA,nemotron_b012_P2_r2,A,nemotron,0.9815272663,1,0.1
holdout_model_NVIDIA,nemotron_b012_P3_r1,A,nemotron,0.9915314757,1,0.1
holdout_model_NVIDIA,nemotron_b012_P3_r2,A,nemotron,0.8565179694,1,0.1
holdout_model_NVIDIA,nemotron_b013_P1_r1,A,nemotron,0.9995519967,1,0.1
holdout_model_NVIDIA,nemotron_b013_P1_r2,A,nemotron,0.9147967390,1,0.1
holdout_model_NVIDIA,nemotron_b013_P2_r1,A,nemotron,0.9833784833,1,0.1
holdout_model_NVIDIA,nemotron_b013_P2_r2,A,nemotron,0.9940185451,1,0.1
holdout_model_NVIDIA,nemotron_b013_P3_r1,A,nemotron,0.5347240956,1,0.1
holdout_model_NVIDIA,nemotron_b013_P3_r2,A,nemotron,0.8067540993,1,0.1
holdout_model_NVIDIA,nemotron_b014_P1_r1,A,nemotron,0.9995213758,1,0.1
holdout_model_NVIDIA,nemotron_b014_P1_r2,A,nemotron,0.9993866918,1,0.1
holdout_model_NVIDIA,nemotron_b014_P2_r1,A,nemotron,0.9997349065,1,0.1
holdout_model_NVIDIA,nemotron_b014_P2_r2,A,nemotron,0.9992707946,1,0.1
holdout_model_NVIDIA,nemotron_b014_P3_r1,A,nemotron,0.9757525782,1,0.1
holdout_model_NVIDIA,nemotron_b014_P3_r2,A,nemotron,0.9946385827,1,0.1
holdout_model_NVIDIA,nemotron_b015_P1_r1,A,nemotron,0.9938939532,1,0.1
holdout_model_NVIDIA,nemotron_b015_P1_r2,A,nemotron,0.9320900073,1,0.1
holdout_model_NVIDIA,nemotron_b015_P2_r1,A,nemotron,0.9920189773,1,0.1
holdout_model_NVIDIA,nemotron_b015_P2_r2,A,nemotron,0.9786938215,1,0.1
holdout_model_NVIDIA,nemotron_b015_P3_r1,A,nemotron,0.0807550131,0,0.1
holdout_model_NVIDIA,nemotron_b015_P3_r2,A,nemotron,0.0209882766,0,0.1
holdout_model_NVIDIA,nemotron_b016_P1_r1,A,nemotron,0.9776833718,1,0.1
holdout_model_NVIDIA,nemotron_b016_P1_r2,A,nemotron,0.9971249917,1,0.1
holdout_model_NVIDIA,nemotron_b016_P2_r1,A,nemotron,0.9952521245,1,0.1
holdout_model_NVIDIA,nemotron_b016_P2_r2,A,nemotron,0.9998152295,1,0.1
holdout_model_NVIDIA,nemotron_b016_P3_r1,A,nemotron,0.9463331874,1,0.1
holdout_model_NVIDIA,nemotron_b016_P3_r2,A,nemotron,0.9654423805,1,0.1
holdout_model_NVIDIA,nemotron_b017_P1_r1,A,nemotron,0.9975729277,1,0.1
holdout_model_NVIDIA,nemotron_b017_P1_r2,A,nemotron,0.9602284809,1,0.1
holdout_model_NVIDIA,nemotron_b017_P2_r1,A,nemotron,0.9823653107,1,0.1
holdout_model_NVIDIA,nemotron_b017_P2_r2,A,nemotron,0.9942793839,1,0.1
holdout_model_NVIDIA,nemotron_b017_P3_r1,A,nemotron,0.8386146645,1,0.1
holdout_model_NVIDIA,nemotron_b017_P3_r2,A,nemotron,0.9136470378,1,0.1
holdout_model_NVIDIA,nemotron_b018_P1_r1,A,nemotron,0.8805115585,1,0.1
holdout_model_NVIDIA,nemotron_b018_P1_r2,A,nemotron,0.9706884750,1,0.1
holdout_model_NVIDIA,nemotron_b018_P2_r1,A,nemotron,0.9849092437,1,0.1
holdout_model_NVIDIA,nemotron_b018_P2_r2,A,nemotron,0.9927969558,1,0.1
holdout_model_NVIDIA,nemotron_b018_P3_r1,A,nemotron,0.7734497516,1,0.1
holdout_model_NVIDIA,nemotron_b018_P3_r2,A,nemotron,0.5234368853,1,0.1
holdout_model_NVIDIA,nemotron_b019_P1_r1,A,nemotron,0.9667518306,1,0.1
holdout_model_NVIDIA,nemotron_b019_P1_r2,A,nemotron,0.8420700803,1,0.1
holdout_model_NVIDIA,nemotron_b019_P2_r1,A,nemotron,0.9856391292,1,0.1
holdout_model_NVIDIA,nemotron_b019_P2_r2,A,nemotron,0.9988704578,1,0.1
holdout_model_NVIDIA,nemotron_b019_P3_r1,A,nemotron,0.6945729226,1,0.1
holdout_model_NVIDIA,nemotron_b019_P3_r2,A,nemotron,0.1233659421,0,0.1
holdout_model_NVIDIA,nemotron_b020_P1_r1,A,nemotron,0.5735418744,1,0.1
holdout_model_NVIDIA,nemotron_b020_P1_r2,A,nemotron,0.9981885623,1,0.1
holdout_model_NVIDIA,nemotron_b020_P2_r1,A,nemotron,0.9652211973,1,0.1
holdout_model_NVIDIA,nemotron_b020_P2_r2,A,nemotron,0.9912147585,1,0.1
holdout_model_NVIDIA,nemotron_b020_P3_r1,A,nemotron,0.8004652225,1,0.1
holdout_model_NVIDIA,nemotron_b020_P3_r2,A,nemotron,0.5507364440,1,0.1
holdout_model_NVIDIA,nemotron_b021_P1_r1,A,nemotron,0.7149241695,1,0.1
holdout_model_NVIDIA,nemotron_b021_P1_r2,A,nemotron,0.6561904719,1,0.1
holdout_model_NVIDIA,nemotron_b021_P2_r1,A,nemotron,0.9644514734,1,0.1
holdout_model_NVIDIA,nemotron_b021_P2_r2,A,nemotron,0.9982366279,1,0.1
holdout_model_NVIDIA,nemotron_b021_P3_r1,A,nemotron,0.0061189085,0,0.1
holdout_model_NVIDIA,nemotron_b021_P3_r2,A,nemotron,0.4215903016,0,0.1
holdout_model_NVIDIA,nemotron_b022_P1_r1,A,nemotron,0.9862456515,1,0.1
holdout_model_NVIDIA,nemotron_b022_P1_r2,A,nemotron,0.9912558860,1,0.1
holdout_model_NVIDIA,nemotron_b022_P2_r1,A,nemotron,0.9994321546,1,0.1
holdout_model_NVIDIA,nemotron_b022_P2_r2,A,nemotron,0.9999968407,1,0.1
holdout_model_NVIDIA,nemotron_b022_P3_r1,A,nemotron,0.9754688641,1,0.1
holdout_model_NVIDIA,nemotron_b022_P3_r2,A,nemotron,0.9481045292,1,0.1
holdout_model_NVIDIA,nemotron_b023_P1_r1,A,nemotron,0.5191564229,1,0.1
holdout_model_NVIDIA,nemotron_b023_P1_r2,A,nemotron,0.9812991124,1,0.1
holdout_model_NVIDIA,nemotron_b023_P2_r1,A,nemotron,0.9956531924,1,0.1
holdout_model_NVIDIA,nemotron_b023_P2_r2,A,nemotron,0.9914304273,1,0.1
holdout_model_NVIDIA,nemotron_b023_P3_r1,A,nemotron,0.9387127523,1,0.1
holdout_model_NVIDIA,nemotron_b023_P3_r2,A,nemotron,0.9030661642,1,0.1
holdout_model_NVIDIA,nemotron_b024_P1_r1,A,nemotron,0.9966530858,1,0.1
holdout_model_NVIDIA,nemotron_b024_P1_r2,A,nemotron,0.9970447844,1,0.1
holdout_model_NVIDIA,nemotron_b024_P2_r1,A,nemotron,0.9999562874,1,0.1
holdout_model_NVIDIA,nemotron_b024_P2_r2,A,nemotron,0.9935785096,1,0.1
holdout_model_NVIDIA,nemotron_b024_P3_r1,A,nemotron,0.9758856411,1,0.1
holdout_model_NVIDIA,nemotron_b024_P3_r2,A,nemotron,0.9191185449,1,0.1
holdout_model_NVIDIA,nemotron_b025_P1_r1,A,nemotron,0.9997347187,1,0.1
holdout_model_NVIDIA,nemotron_b025_P1_r2,A,nemotron,0.9984868563,1,0.1
holdout_model_NVIDIA,nemotron_b025_P2_r1,A,nemotron,0.9696321789,1,0.1
holdout_model_NVIDIA,nemotron_b025_P2_r2,A,nemotron,0.9633939583,1,0.1
holdout_model_NVIDIA,nemotron_b025_P3_r1,A,nemotron,0.9679392711,1,0.1
holdout_model_NVIDIA,nemotron_b025_P3_r2,A,nemotron,0.9495581059,1,0.1
holdout_model_NVIDIA,nemotron_b026_P1_r1,A,nemotron,0.9843116404,1,0.1
holdout_model_NVIDIA,nemotron_b026_P1_r2,A,nemotron,0.9309843856,1,0.1
holdout_model_NVIDIA,nemotron_b026_P2_r1,A,nemotron,0.9935392231,1,0.1
holdout_model_NVIDIA,nemotron_b026_P2_r2,A,nemotron,0.9998006909,1,0.1
holdout_model_NVIDIA,nemotron_b026_P3_r1,A,nemotron,0.5420701702,1,0.1
holdout_model_NVIDIA,nemotron_b026_P3_r2,A,nemotron,0.9928116160,1,0.1
holdout_model_NVIDIA,nemotron_b027_P1_r1,A,nemotron,0.9972787697,1,0.1
holdout_model_NVIDIA,nemotron_b027_P1_r2,A,nemotron,0.9993977803,1,0.1
holdout_model_NVIDIA,nemotron_b027_P2_r1,A,nemotron,0.9303601698,1,0.1
holdout_model_NVIDIA,nemotron_b027_P2_r2,A,nemotron,0.9963270526,1,0.1
holdout_model_NVIDIA,nemotron_b027_P3_r1,A,nemotron,0.5320193549,1,0.1
holdout_model_NVIDIA,nemotron_b027_P3_r2,A,nemotron,0.8491505268,1,0.1
holdout_model_NVIDIA,nemotron_b028_P1_r1,A,nemotron,0.9822809985,1,0.1
holdout_model_NVIDIA,nemotron_b028_P1_r2,A,nemotron,0.9741148526,1,0.1
holdout_model_NVIDIA,nemotron_b028_P2_r1,A,nemotron,0.9931587520,1,0.1
holdout_model_NVIDIA,nemotron_b028_P2_r2,A,nemotron,0.9752081897,1,0.1
holdout_model_NVIDIA,nemotron_b028_P3_r1,A,nemotron,0.1759743286,0,0.1
holdout_model_NVIDIA,nemotron_b029_P1_r1,A,nemotron,0.8842480259,1,0.1
holdout_model_NVIDIA,nemotron_b029_P1_r2,A,nemotron,0.8090411943,1,0.1
holdout_model_NVIDIA,nemotron_b029_P2_r1,A,nemotron,0.9584619560,1,0.1
holdout_model_NVIDIA,nemotron_b029_P2_r2,A,nemotron,0.9815870489,1,0.1
holdout_model_NVIDIA,nemotron_b029_P3_r1,A,nemotron,0.4561618098,0,0.1
holdout_model_NVIDIA,nemotron_b029_P3_r2,A,nemotron,0.7104597658,1,0.1
holdout_model_NVIDIA,nemotron_b030_P1_r1,A,nemotron,0.9822012688,1,0.1
holdout_model_NVIDIA,nemotron_b030_P1_r2,A,nemotron,0.9865967019,1,0.1
holdout_model_NVIDIA,nemotron_b030_P2_r1,A,nemotron,0.9982886159,1,0.1
holdout_model_NVIDIA,nemotron_b030_P2_r2,A,nemotron,0.9994998742,1,0.1
holdout_model_NVIDIA,nemotron_b030_P3_r1,A,nemotron,0.9791913179,1,0.1
holdout_model_NVIDIA,nemotron_b030_P3_r2,A,nemotron,0.9749126846,1,0.1
holdout_model_NVIDIA,nemotron_b031_P1_r1,A,nemotron,0.9964748978,1,0.1
holdout_model_NVIDIA,nemotron_b031_P1_r2,A,nemotron,0.9997439364,1,0.1
holdout_model_NVIDIA,nemotron_b031_P2_r1,A,nemotron,0.9993224520,1,0.1
holdout_model_NVIDIA,nemotron_b031_P2_r2,A,nemotron,0.9963180043,1,0.1
holdout_model_NVIDIA,nemotron_b031_P3_r1,A,nemotron,0.9713089022,1,0.1
holdout_model_NVIDIA,nemotron_b031_P3_r2,A,nemotron,0.8992990472,1,0.1
holdout_model_NVIDIA,nemotron_b032_P1_r1,A,nemotron,0.9990063094,1,0.1
holdout_model_NVIDIA,nemotron_b032_P1_r2,A,nemotron,0.9996383803,1,0.1
holdout_model_NVIDIA,nemotron_b032_P2_r1,A,nemotron,0.9976625208,1,0.1
holdout_model_NVIDIA,nemotron_b032_P2_r2,A,nemotron,0.9942998464,1,0.1
holdout_model_NVIDIA,nemotron_b032_P3_r1,A,nemotron,0.7775307116,1,0.1
holdout_model_NVIDIA,nemotron_b032_P3_r2,A,nemotron,0.9961514674,1,0.1
holdout_model_NVIDIA,nemotron_b033_P1_r1,A,nemotron,0.9999434993,1,0.1
holdout_model_NVIDIA,nemotron_b033_P1_r2,A,nemotron,0.9998383109,1,0.1
holdout_model_NVIDIA,nemotron_b033_P2_r1,A,nemotron,0.9971657771,1,0.1
holdout_model_NVIDIA,nemotron_b033_P2_r2,A,nemotron,0.9989828840,1,0.1
holdout_model_NVIDIA,nemotron_b033_P3_r1,A,nemotron,0.8990682457,1,0.1
holdout_model_NVIDIA,nemotron_b033_P3_r2,A,nemotron,0.2036297647,0,0.1
holdout_model_NVIDIA,nemotron_b034_P1_r1,A,nemotron,0.9680049662,1,0.1
holdout_model_NVIDIA,nemotron_b034_P1_r2,A,nemotron,0.9898973630,1,0.1
holdout_model_NVIDIA,nemotron_b034_P2_r1,A,nemotron,0.9999623147,1,0.1
holdout_model_NVIDIA,nemotron_b034_P2_r2,A,nemotron,0.9976833788,1,0.1
holdout_model_NVIDIA,nemotron_b034_P3_r1,A,nemotron,0.9785161125,1,0.1
holdout_model_NVIDIA,nemotron_b034_P3_r2,A,nemotron,0.9847532010,1,0.1
holdout_model_NVIDIA,nemotron_b035_P1_r1,A,nemotron,0.9534806705,1,0.1
holdout_model_NVIDIA,nemotron_b035_P1_r2,A,nemotron,0.9534413039,1,0.1
holdout_model_NVIDIA,nemotron_b035_P2_r1,A,nemotron,0.9673689104,1,0.1
holdout_model_NVIDIA,nemotron_b035_P2_r2,A,nemotron,0.9874434968,1,0.1
holdout_model_NVIDIA,nemotron_b035_P3_r1,A,nemotron,0.0885910952,0,0.1
holdout_model_NVIDIA,nemotron_b035_P3_r2,A,nemotron,0.2473943678,0,0.1
holdout_model_NVIDIA,nemotron_b036_P1_r1,A,nemotron,0.9776396046,1,0.1
holdout_model_NVIDIA,nemotron_b036_P1_r2,A,nemotron,0.9806037989,1,0.1
holdout_model_NVIDIA,nemotron_b036_P2_r1,A,nemotron,0.9990868403,1,0.1
holdout_model_NVIDIA,nemotron_b036_P2_r2,A,nemotron,0.9979375838,1,0.1
holdout_model_NVIDIA,nemotron_b036_P3_r1,A,nemotron,0.9954211871,1,0.1
holdout_model_NVIDIA,nemotron_b036_P3_r2,A,nemotron,0.9694121285,1,0.1
holdout_model_NVIDIA,nemotron_b037_P1_r1,A,nemotron,0.9701346899,1,0.1
holdout_model_NVIDIA,nemotron_b037_P1_r2,A,nemotron,0.9922751392,1,0.1
holdout_model_NVIDIA,nemotron_b037_P2_r1,A,nemotron,0.9998971106,1,0.1
holdout_model_NVIDIA,nemotron_b037_P2_r2,A,nemotron,0.9932443540,1,0.1
holdout_model_NVIDIA,nemotron_b037_P3_r1,A,nemotron,0.7001899360,1,0.1
holdout_model_NVIDIA,nemotron_b037_P3_r2,A,nemotron,0.6071649898,1,0.1
holdout_model_NVIDIA,nemotron_b038_P1_r1,A,nemotron,0.9998415649,1,0.1
holdout_model_NVIDIA,nemotron_b038_P1_r2,A,nemotron,0.9985188669,1,0.1
holdout_model_NVIDIA,nemotron_b038_P2_r1,A,nemotron,0.9997002971,1,0.1
holdout_model_NVIDIA,nemotron_b038_P2_r2,A,nemotron,0.9991066590,1,0.1
holdout_model_NVIDIA,nemotron_b038_P3_r1,A,nemotron,0.9558314107,1,0.1
holdout_model_NVIDIA,nemotron_b038_P3_r2,A,nemotron,0.9923500980,1,0.1
holdout_model_NVIDIA,nemotron_b039_P1_r1,A,nemotron,0.9823941571,1,0.1
holdout_model_NVIDIA,nemotron_b039_P1_r2,A,nemotron,0.9867319863,1,0.1
holdout_model_NVIDIA,nemotron_b039_P2_r1,A,nemotron,0.9999509670,1,0.1
holdout_model_NVIDIA,nemotron_b039_P2_r2,A,nemotron,0.9990445052,1,0.1
holdout_model_NVIDIA,nemotron_b039_P3_r1,A,nemotron,0.9672134970,1,0.1
holdout_model_NVIDIA,nemotron_b039_P3_r2,A,nemotron,0.9598587432,1,0.1
holdout_model_NVIDIA,nemotron_b040_P1_r1,A,nemotron,0.9997572350,1,0.1
holdout_model_NVIDIA,nemotron_b040_P1_r2,A,nemotron,0.9746741651,1,0.1
holdout_model_NVIDIA,nemotron_b040_P2_r1,A,nemotron,0.9991132615,1,0.1
holdout_model_NVIDIA,nemotron_b040_P2_r2,A,nemotron,0.9870373132,1,0.1
holdout_model_NVIDIA,nemotron_b040_P3_r1,A,nemotron,0.9846595836,1,0.1
holdout_model_NVIDIA,nemotron_b040_P3_r2,A,nemotron,0.9688782708,1,0.1
holdout_model_NVIDIA,nemotron_b041_P1_r1,A,nemotron,0.9921656748,1,0.1
holdout_model_NVIDIA,nemotron_b041_P1_r2,A,nemotron,0.9773639486,1,0.1
holdout_model_NVIDIA,nemotron_b041_P2_r1,A,nemotron,0.9980758302,1,0.1
holdout_model_NVIDIA,nemotron_b041_P2_r2,A,nemotron,0.9887808617,1,0.1
holdout_model_NVIDIA,nemotron_b041_P3_r1,A,nemotron,0.7705279616,1,0.1
holdout_model_NVIDIA,nemotron_b041_P3_r2,A,nemotron,0.9259715501,1,0.1
holdout_model_NVIDIA,nemotron_b042_P1_r1,A,nemotron,0.9971511286,1,0.1
holdout_model_NVIDIA,nemotron_b042_P1_r2,A,nemotron,0.9775818827,1,0.1
holdout_model_NVIDIA,nemotron_b042_P2_r1,A,nemotron,0.9973774180,1,0.1
holdout_model_NVIDIA,nemotron_b042_P2_r2,A,nemotron,0.9971909140,1,0.1
holdout_model_NVIDIA,nemotron_b042_P3_r1,A,nemotron,0.9064834930,1,0.1
holdout_model_NVIDIA,nemotron_b042_P3_r2,A,nemotron,0.9711456197,1,0.1
holdout_model_NVIDIA,nemotron_b043_P1_r1,A,nemotron,0.9999202557,1,0.1
holdout_model_NVIDIA,nemotron_b043_P1_r2,A,nemotron,0.9958786814,1,0.1
holdout_model_NVIDIA,nemotron_b043_P2_r1,A,nemotron,0.9993891452,1,0.1
holdout_model_NVIDIA,nemotron_b043_P2_r2,A,nemotron,0.9999979946,1,0.1
holdout_model_NVIDIA,nemotron_b043_P3_r1,A,nemotron,0.0433911900,0,0.1
holdout_model_NVIDIA,nemotron_b043_P3_r2,A,nemotron,0.9066127904,1,0.1
holdout_model_NVIDIA,nemotron_b044_P1_r1,A,nemotron,0.9981930543,1,0.1
holdout_model_NVIDIA,nemotron_b044_P1_r2,A,nemotron,0.9998245036,1,0.1
holdout_model_NVIDIA,nemotron_b044_P2_r1,A,nemotron,0.9963139112,1,0.1
holdout_model_NVIDIA,nemotron_b044_P2_r2,A,nemotron,0.9998433302,1,0.1
holdout_model_NVIDIA,nemotron_b044_P3_r1,A,nemotron,0.9890178808,1,0.1
holdout_model_NVIDIA,nemotron_b044_P3_r2,A,nemotron,0.9099390385,1,0.1
holdout_model_NVIDIA,nemotron_b045_P1_r1,A,nemotron,0.9877189490,1,0.1
holdout_model_NVIDIA,nemotron_b045_P1_r2,A,nemotron,0.9998286730,1,0.1
holdout_model_NVIDIA,nemotron_b045_P2_r1,A,nemotron,0.9984259705,1,0.1
holdout_model_NVIDIA,nemotron_b045_P2_r2,A,nemotron,0.9936662128,1,0.1
holdout_model_NVIDIA,nemotron_b045_P3_r1,A,nemotron,0.9312289742,1,0.1
holdout_model_NVIDIA,nemotron_b045_P3_r2,A,nemotron,0.8460777557,1,0.1
holdout_model_OpenAI,gpt_b001_P1_r1,A,gpt,0.8332695555,1,0.1
holdout_model_OpenAI,gpt_b001_P1_r2,A,gpt,0.1442061796,0,0.1
holdout_model_OpenAI,gpt_b001_P2_r1,A,gpt,0.9900378257,1,0.1
holdout_model_OpenAI,gpt_b001_P2_r2,A,gpt,0.9817515617,1,0.1
holdout_model_OpenAI,gpt_b001_P3_r1,A,gpt,0.8533501246,1,0.1
holdout_model_OpenAI,gpt_b001_P3_r2,A,gpt,0.4559593058,0,0.1
holdout_model_OpenAI,gpt_b002_P1_r1,A,gpt,0.8421445788,1,0.1
holdout_model_OpenAI,gpt_b002_P1_r2,A,gpt,0.4087242308,0,0.1
holdout_model_OpenAI,gpt_b002_P2_r1,A,gpt,0.9975829311,1,0.1
holdout_model_OpenAI,gpt_b002_P2_r2,A,gpt,0.9388390578,1,0.1
holdout_model_OpenAI,gpt_b002_P3_r1,A,gpt,0.8930914769,1,0.1
holdout_model_OpenAI,gpt_b002_P3_r2,A,gpt,0.2137671484,0,0.1
holdout_model_OpenAI,gpt_b003_P1_r1,A,gpt,0.9233083135,1,0.1
holdout_model_OpenAI,gpt_b003_P1_r2,A,gpt,0.9549315939,1,0.1
holdout_model_OpenAI,gpt_b003_P2_r1,A,gpt,0.9953401992,1,0.1
holdout_model_OpenAI,gpt_b003_P2_r2,A,gpt,0.9959568883,1,0.1
holdout_model_OpenAI,gpt_b003_P3_r1,A,gpt,0.8821106958,1,0.1
holdout_model_OpenAI,gpt_b003_P3_r2,A,gpt,0.7981566563,1,0.1
holdout_model_OpenAI,gpt_b004_P1_r1,A,gpt,0.5322813368,1,0.1
holdout_model_OpenAI,gpt_b004_P1_r2,A,gpt,0.8677217907,1,0.1
holdout_model_OpenAI,gpt_b004_P2_r1,A,gpt,0.9961176228,1,0.1
holdout_model_OpenAI,gpt_b004_P2_r2,A,gpt,0.9288595554,1,0.1
holdout_model_OpenAI,gpt_b004_P3_r1,A,gpt,0.5962582080,1,0.1
holdout_model_OpenAI,gpt_b004_P3_r2,A,gpt,0.0640430443,0,0.1
holdout_model_OpenAI,gpt_b005_P1_r1,A,gpt,0.9636001536,1,0.1
holdout_model_OpenAI,gpt_b005_P1_r2,A,gpt,0.8596871925,1,0.1
holdout_model_OpenAI,gpt_b005_P2_r1,A,gpt,0.9978225642,1,0.1
holdout_model_OpenAI,gpt_b005_P2_r2,A,gpt,0.9935101504,1,0.1
holdout_model_OpenAI,gpt_b005_P3_r1,A,gpt,0.9583049308,1,0.1
holdout_model_OpenAI,gpt_b005_P3_r2,A,gpt,0.9889511295,1,0.1
holdout_model_OpenAI,gpt_b006_P1_r1,A,gpt,0.7831925713,1,0.1
holdout_model_OpenAI,gpt_b006_P1_r2,A,gpt,0.5425382992,1,0.1
holdout_model_OpenAI,gpt_b006_P2_r1,A,gpt,0.9942030414,1,0.1
holdout_model_OpenAI,gpt_b006_P2_r2,A,gpt,0.9848623812,1,0.1
holdout_model_OpenAI,gpt_b006_P3_r1,A,gpt,0.7149680672,1,0.1
holdout_model_OpenAI,gpt_b006_P3_r2,A,gpt,0.8533811305,1,0.1
holdout_model_OpenAI,gpt_b007_P1_r1,A,gpt,0.7047636053,1,0.1
holdout_model_OpenAI,gpt_b007_P1_r2,A,gpt,0.9832283822,1,0.1
holdout_model_OpenAI,gpt_b007_P2_r1,A,gpt,0.9926747502,1,0.1
holdout_model_OpenAI,gpt_b007_P2_r2,A,gpt,0.9931583908,1,0.1
holdout_model_OpenAI,gpt_b007_P3_r1,A,gpt,0.7838063099,1,0.1
holdout_model_OpenAI,gpt_b007_P3_r2,A,gpt,0.9758691263,1,0.1
holdout_model_OpenAI,gpt_b008_P1_r1,A,gpt,0.8726784391,1,0.1
holdout_model_OpenAI,gpt_b008_P1_r2,A,gpt,0.9534655670,1,0.1
holdout_model_OpenAI,gpt_b008_P2_r1,A,gpt,0.9944533506,1,0.1
holdout_model_OpenAI,gpt_b008_P2_r2,A,gpt,0.9985909328,1,0.1
holdout_model_OpenAI,gpt_b008_P3_r1,A,gpt,0.8087303831,1,0.1
holdout_model_OpenAI,gpt_b008_P3_r2,A,gpt,0.9798481835,1,0.1
holdout_model_OpenAI,gpt_b009_P1_r1,A,gpt,0.9540257690,1,0.1
holdout_model_OpenAI,gpt_b009_P1_r2,A,gpt,0.6167598347,1,0.1
holdout_model_OpenAI,gpt_b009_P2_r1,A,gpt,0.9617550764,1,0.1
holdout_model_OpenAI,gpt_b009_P2_r2,A,gpt,0.9900618207,1,0.1
holdout_model_OpenAI,gpt_b009_P3_r1,A,gpt,0.8904330664,1,0.1
holdout_model_OpenAI,gpt_b009_P3_r2,A,gpt,0.6247008925,1,0.1
holdout_model_OpenAI,gpt_b010_P1_r1,A,gpt,0.5940814801,1,0.1
holdout_model_OpenAI,gpt_b010_P1_r2,A,gpt,0.9539313994,1,0.1
holdout_model_OpenAI,gpt_b010_P2_r1,A,gpt,0.9860847312,1,0.1
holdout_model_OpenAI,gpt_b010_P2_r2,A,gpt,0.8699159410,1,0.1
holdout_model_OpenAI,gpt_b010_P3_r1,A,gpt,0.2653113628,0,0.1
holdout_model_OpenAI,gpt_b010_P3_r2,A,gpt,0.8687296966,1,0.1
holdout_model_OpenAI,gpt_b011_P1_r1,A,gpt,0.9743941034,1,0.1
holdout_model_OpenAI,gpt_b011_P1_r2,A,gpt,0.9868468697,1,0.1
holdout_model_OpenAI,gpt_b011_P2_r1,A,gpt,0.9993131115,1,0.1
holdout_model_OpenAI,gpt_b011_P2_r2,A,gpt,0.9984847047,1,0.1
holdout_model_OpenAI,gpt_b011_P3_r1,A,gpt,0.9422581475,1,0.1
holdout_model_OpenAI,gpt_b011_P3_r2,A,gpt,0.9892737437,1,0.1
holdout_model_OpenAI,gpt_b012_P1_r1,A,gpt,0.9012966668,1,0.1
holdout_model_OpenAI,gpt_b012_P1_r2,A,gpt,0.9617177813,1,0.1
holdout_model_OpenAI,gpt_b012_P2_r1,A,gpt,0.9788462215,1,0.1
holdout_model_OpenAI,gpt_b012_P2_r2,A,gpt,0.9840789976,1,0.1
holdout_model_OpenAI,gpt_b012_P3_r1,A,gpt,0.6564089381,1,0.1
holdout_model_OpenAI,gpt_b012_P3_r2,A,gpt,0.8330709363,1,0.1
holdout_model_OpenAI,gpt_b013_P1_r1,A,gpt,0.9698361598,1,0.1
holdout_model_OpenAI,gpt_b013_P1_r2,A,gpt,0.9599533657,1,0.1
holdout_model_OpenAI,gpt_b013_P2_r1,A,gpt,0.9894504772,1,0.1
holdout_model_OpenAI,gpt_b013_P2_r2,A,gpt,0.9695622762,1,0.1
holdout_model_OpenAI,gpt_b013_P3_r1,A,gpt,0.6815543562,1,0.1
holdout_model_OpenAI,gpt_b013_P3_r2,A,gpt,0.8331001468,1,0.1
holdout_model_OpenAI,gpt_b014_P1_r1,A,gpt,0.9705421738,1,0.1
holdout_model_OpenAI,gpt_b014_P1_r2,A,gpt,0.9766771874,1,0.1
holdout_model_OpenAI,gpt_b014_P2_r1,A,gpt,0.9989010595,1,0.1
holdout_model_OpenAI,gpt_b014_P2_r2,A,gpt,0.9996753205,1,0.1
holdout_model_OpenAI,gpt_b014_P3_r1,A,gpt,0.9271667786,1,0.1
holdout_model_OpenAI,gpt_b014_P3_r2,A,gpt,0.8889754926,1,0.1
holdout_model_OpenAI,gpt_b015_P1_r1,A,gpt,0.9794576344,1,0.1
holdout_model_OpenAI,gpt_b015_P1_r2,A,gpt,0.9629889720,1,0.1
holdout_model_OpenAI,gpt_b015_P2_r1,A,gpt,0.9933338064,1,0.1
holdout_model_OpenAI,gpt_b015_P2_r2,A,gpt,0.9969217105,1,0.1
holdout_model_OpenAI,gpt_b015_P3_r1,A,gpt,0.9633818479,1,0.1
holdout_model_OpenAI,gpt_b015_P3_r2,A,gpt,0.8993172907,1,0.1
holdout_model_OpenAI,gpt_b016_P1_r1,A,gpt,0.9839139161,1,0.1
holdout_model_OpenAI,gpt_b016_P1_r2,A,gpt,0.9059349576,1,0.1
holdout_model_OpenAI,gpt_b016_P2_r1,A,gpt,0.9989181252,1,0.1
holdout_model_OpenAI,gpt_b016_P2_r2,A,gpt,0.9972485500,1,0.1
holdout_model_OpenAI,gpt_b016_P3_r1,A,gpt,0.9963481775,1,0.1
holdout_model_OpenAI,gpt_b016_P3_r2,A,gpt,0.9567420385,1,0.1
holdout_model_OpenAI,gpt_b017_P1_r1,A,gpt,0.9302059318,1,0.1
holdout_model_OpenAI,gpt_b017_P1_r2,A,gpt,0.7110025426,1,0.1
holdout_model_OpenAI,gpt_b017_P2_r1,A,gpt,0.9941894812,1,0.1
holdout_model_OpenAI,gpt_b017_P2_r2,A,gpt,0.9906446445,1,0.1
holdout_model_OpenAI,gpt_b017_P3_r1,A,gpt,0.9934292905,1,0.1
holdout_model_OpenAI,gpt_b017_P3_r2,A,gpt,0.9500661092,1,0.1
holdout_model_OpenAI,gpt_b018_P1_r1,A,gpt,0.9715791854,1,0.1
holdout_model_OpenAI,gpt_b018_P1_r2,A,gpt,0.9631906172,1,0.1
holdout_model_OpenAI,gpt_b018_P2_r1,A,gpt,0.9975593277,1,0.1
holdout_model_OpenAI,gpt_b018_P2_r2,A,gpt,0.9980987873,1,0.1
holdout_model_OpenAI,gpt_b018_P3_r1,A,gpt,0.9770128940,1,0.1
holdout_model_OpenAI,gpt_b018_P3_r2,A,gpt,0.9757176456,1,0.1
holdout_model_OpenAI,gpt_b019_P1_r1,A,gpt,0.9547147384,1,0.1
holdout_model_OpenAI,gpt_b019_P1_r2,A,gpt,0.9535914594,1,0.1
holdout_model_OpenAI,gpt_b019_P2_r1,A,gpt,0.9975238917,1,0.1
holdout_model_OpenAI,gpt_b019_P2_r2,A,gpt,0.9803065211,1,0.1
holdout_model_OpenAI,gpt_b019_P3_r1,A,gpt,0.9133476747,1,0.1
holdout_model_OpenAI,gpt_b019_P3_r2,A,gpt,0.8608263317,1,0.1
holdout_model_OpenAI,gpt_b020_P1_r1,A,gpt,0.9615323368,1,0.1
holdout_model_OpenAI,gpt_b020_P1_r2,A,gpt,0.9875449025,1,0.1
holdout_model_OpenAI,gpt_b020_P2_r1,A,gpt,0.9927438804,1,0.1
holdout_model_OpenAI,gpt_b020_P2_r2,A,gpt,0.9945507201,1,0.1
holdout_model_OpenAI,gpt_b020_P3_r1,A,gpt,0.9850825351,1,0.1
holdout_model_OpenAI,gpt_b020_P3_r2,A,gpt,0.9633787844,1,0.1
holdout_model_OpenAI,gpt_b021_P1_r1,A,gpt,0.9313119574,1,0.1
holdout_model_OpenAI,gpt_b021_P1_r2,A,gpt,0.9941243785,1,0.1
holdout_model_OpenAI,gpt_b021_P2_r1,A,gpt,0.9948760613,1,0.1
holdout_model_OpenAI,gpt_b021_P2_r2,A,gpt,0.9943863854,1,0.1
holdout_model_OpenAI,gpt_b021_P3_r1,A,gpt,0.9795629677,1,0.1
holdout_model_OpenAI,gpt_b021_P3_r2,A,gpt,0.9803591343,1,0.1
holdout_model_OpenAI,gpt_b022_P1_r1,A,gpt,0.9645172136,1,0.1
holdout_model_OpenAI,gpt_b022_P1_r2,A,gpt,0.9553162420,1,0.1
holdout_model_OpenAI,gpt_b022_P2_r1,A,gpt,0.9982505494,1,0.1
holdout_model_OpenAI,gpt_b022_P2_r2,A,gpt,0.9963441208,1,0.1
holdout_model_OpenAI,gpt_b022_P3_r1,A,gpt,0.9249825755,1,0.1
holdout_model_OpenAI,gpt_b022_P3_r2,A,gpt,0.9579289796,1,0.1
holdout_model_OpenAI,gpt_b023_P1_r1,A,gpt,0.9516907825,1,0.1
holdout_model_OpenAI,gpt_b023_P1_r2,A,gpt,0.9952181902,1,0.1
holdout_model_OpenAI,gpt_b023_P2_r1,A,gpt,0.9964029199,1,0.1
holdout_model_OpenAI,gpt_b023_P2_r2,A,gpt,0.9970348398,1,0.1
holdout_model_OpenAI,gpt_b023_P3_r1,A,gpt,0.5228823949,1,0.1
holdout_model_OpenAI,gpt_b023_P3_r2,A,gpt,0.7741030802,1,0.1
holdout_model_OpenAI,gpt_b024_P1_r1,A,gpt,0.9902180476,1,0.1
holdout_model_OpenAI,gpt_b024_P1_r2,A,gpt,0.9807210493,1,0.1
holdout_model_OpenAI,gpt_b024_P2_r1,A,gpt,0.9965303931,1,0.1
holdout_model_OpenAI,gpt_b024_P2_r2,A,gpt,0.9975797084,1,0.1
holdout_model_OpenAI,gpt_b024_P3_r1,A,gpt,0.9350052232,1,0.1
holdout_model_OpenAI,gpt_b024_P3_r2,A,gpt,0.9736544065,1,0.1
holdout_model_OpenAI,gpt_b025_P1_r1,A,gpt,0.9908981155,1,0.1
holdout_model_OpenAI,gpt_b025_P1_r2,A,gpt,0.9935056328,1,0.1
holdout_model_OpenAI,gpt_b025_P2_r1,A,gpt,0.9974135049,1,0.1
holdout_model_OpenAI,gpt_b025_P2_r2,A,gpt,0.9977299539,1,0.1
holdout_model_OpenAI,gpt_b025_P3_r1,A,gpt,0.9969319858,1,0.1
holdout_model_OpenAI,gpt_b025_P3_r2,A,gpt,0.8856508808,1,0.1
holdout_model_OpenAI,gpt_b026_P1_r1,A,gpt,0.9718840039,1,0.1
holdout_model_OpenAI,gpt_b026_P1_r2,A,gpt,0.7003504010,1,0.1
holdout_model_OpenAI,gpt_b026_P2_r1,A,gpt,0.9992971029,1,0.1
holdout_model_OpenAI,gpt_b026_P2_r2,A,gpt,0.9901250776,1,0.1
holdout_model_OpenAI,gpt_b026_P3_r1,A,gpt,0.9937906010,1,0.1
holdout_model_OpenAI,gpt_b026_P3_r2,A,gpt,0.9467484884,1,0.1
holdout_model_OpenAI,gpt_b027_P1_r1,A,gpt,0.9828411769,1,0.1
holdout_model_OpenAI,gpt_b027_P1_r2,A,gpt,0.9373974958,1,0.1
holdout_model_OpenAI,gpt_b027_P2_r1,A,gpt,0.9584276704,1,0.1
holdout_model_OpenAI,gpt_b027_P2_r2,A,gpt,0.9458654168,1,0.1
holdout_model_OpenAI,gpt_b027_P3_r1,A,gpt,0.9850845489,1,0.1
holdout_model_OpenAI,gpt_b027_P3_r2,A,gpt,0.9768839829,1,0.1
holdout_model_OpenAI,gpt_b028_P1_r1,A,gpt,0.9651157090,1,0.1
holdout_model_OpenAI,gpt_b028_P1_r2,A,gpt,0.9139584835,1,0.1
holdout_model_OpenAI,gpt_b028_P2_r1,A,gpt,0.9915344759,1,0.1
holdout_model_OpenAI,gpt_b028_P2_r2,A,gpt,0.9962035972,1,0.1
holdout_model_OpenAI,gpt_b028_P3_r1,A,gpt,0.9549002310,1,0.1
holdout_model_OpenAI,gpt_b028_P3_r2,A,gpt,0.7322187963,1,0.1
holdout_model_OpenAI,gpt_b029_P1_r1,A,gpt,0.8205205181,1,0.1
holdout_model_OpenAI,gpt_b029_P1_r2,A,gpt,0.6527103978,1,0.1
holdout_model_OpenAI,gpt_b029_P2_r1,A,gpt,0.9946747674,1,0.1
holdout_model_OpenAI,gpt_b029_P2_r2,A,gpt,0.9924950603,1,0.1
holdout_model_OpenAI,gpt_b029_P3_r1,A,gpt,0.9188893305,1,0.1
holdout_model_OpenAI,gpt_b029_P3_r2,A,gpt,0.7145697734,1,0.1
holdout_model_OpenAI,gpt_b030_P1_r1,A,gpt,0.9579705917,1,0.1
holdout_model_OpenAI,gpt_b030_P1_r2,A,gpt,0.8993545581,1,0.1
holdout_model_OpenAI,gpt_b030_P2_r1,A,gpt,0.9978664665,1,0.1
holdout_model_OpenAI,gpt_b030_P2_r2,A,gpt,0.9960003568,1,0.1
holdout_model_OpenAI,gpt_b030_P3_r1,A,gpt,0.9252339135,1,0.1
holdout_model_OpenAI,gpt_b030_P3_r2,A,gpt,0.9313854631,1,0.1
holdout_model_OpenAI,gpt_b031_P1_r1,A,gpt,0.9903669985,1,0.1
holdout_model_OpenAI,gpt_b031_P1_r2,A,gpt,0.9915620899,1,0.1
holdout_model_OpenAI,gpt_b031_P2_r1,A,gpt,0.9981547720,1,0.1
holdout_model_OpenAI,gpt_b031_P2_r2,A,gpt,0.9958722921,1,0.1
holdout_model_OpenAI,gpt_b031_P3_r1,A,gpt,0.9038660739,1,0.1
holdout_model_OpenAI,gpt_b031_P3_r2,A,gpt,0.9919988299,1,0.1
holdout_model_OpenAI,gpt_b032_P1_r1,A,gpt,0.9973692028,1,0.1
holdout_model_OpenAI,gpt_b032_P1_r2,A,gpt,0.9663582084,1,0.1
holdout_model_OpenAI,gpt_b032_P2_r1,A,gpt,0.9976599218,1,0.1
holdout_model_OpenAI,gpt_b032_P2_r2,A,gpt,0.9985573582,1,0.1
holdout_model_OpenAI,gpt_b032_P3_r1,A,gpt,0.9923905452,1,0.1
holdout_model_OpenAI,gpt_b032_P3_r2,A,gpt,0.9805652561,1,0.1
holdout_model_OpenAI,gpt_b033_P1_r1,A,gpt,0.9836455529,1,0.1
holdout_model_OpenAI,gpt_b033_P1_r2,A,gpt,0.9943298098,1,0.1
holdout_model_OpenAI,gpt_b033_P2_r1,A,gpt,0.9993248833,1,0.1
holdout_model_OpenAI,gpt_b033_P2_r2,A,gpt,0.9991457216,1,0.1
holdout_model_OpenAI,gpt_b033_P3_r1,A,gpt,0.9844529070,1,0.1
holdout_model_OpenAI,gpt_b033_P3_r2,A,gpt,0.9455176260,1,0.1
holdout_model_OpenAI,gpt_b034_P1_r1,A,gpt,0.9932656026,1,0.1
holdout_model_OpenAI,gpt_b034_P1_r2,A,gpt,0.9960324832,1,0.1
holdout_model_OpenAI,gpt_b034_P2_r1,A,gpt,0.9918546130,1,0.1
holdout_model_OpenAI,gpt_b034_P2_r2,A,gpt,0.9997698572,1,0.1
holdout_model_OpenAI,gpt_b034_P3_r1,A,gpt,0.8447611154,1,0.1
holdout_model_OpenAI,gpt_b034_P3_r2,A,gpt,0.9508781119,1,0.1
holdout_model_OpenAI,gpt_b035_P1_r1,A,gpt,0.9836950762,1,0.1
holdout_model_OpenAI,gpt_b035_P1_r2,A,gpt,0.9838607879,1,0.1
holdout_model_OpenAI,gpt_b035_P2_r1,A,gpt,0.9962460724,1,0.1
holdout_model_OpenAI,gpt_b035_P2_r2,A,gpt,0.9995536133,1,0.1
holdout_model_OpenAI,gpt_b035_P3_r1,A,gpt,0.9669790549,1,0.1
holdout_model_OpenAI,gpt_b035_P3_r2,A,gpt,0.9050765191,1,0.1
holdout_model_OpenAI,gpt_b036_P1_r1,A,gpt,0.9934062812,1,0.1
holdout_model_OpenAI,gpt_b036_P1_r2,A,gpt,0.9968750949,1,0.1
holdout_model_OpenAI,gpt_b036_P2_r1,A,gpt,0.9992215505,1,0.1
holdout_model_OpenAI,gpt_b036_P2_r2,A,gpt,0.9975276402,1,0.1
holdout_model_OpenAI,gpt_b036_P3_r1,A,gpt,0.9667193181,1,0.1
holdout_model_OpenAI,gpt_b036_P3_r2,A,gpt,0.9203795949,1,0.1
holdout_model_OpenAI,gpt_b037_P1_r1,A,gpt,0.9909039738,1,0.1
holdout_model_OpenAI,gpt_b037_P1_r2,A,gpt,0.9929643720,1,0.1
holdout_model_OpenAI,gpt_b037_P2_r1,A,gpt,0.9967288223,1,0.1
holdout_model_OpenAI,gpt_b037_P2_r2,A,gpt,0.9979178625,1,0.1
holdout_model_OpenAI,gpt_b037_P3_r1,A,gpt,0.9945746894,1,0.1
holdout_model_OpenAI,gpt_b037_P3_r2,A,gpt,0.9401597215,1,0.1
holdout_model_OpenAI,gpt_b038_P1_r1,A,gpt,0.9439051649,1,0.1
holdout_model_OpenAI,gpt_b038_P1_r2,A,gpt,0.9760950938,1,0.1
holdout_model_OpenAI,gpt_b038_P2_r1,A,gpt,0.9987699251,1,0.1
holdout_model_OpenAI,gpt_b038_P2_r2,A,gpt,0.9986845568,1,0.1
holdout_model_OpenAI,gpt_b038_P3_r1,A,gpt,0.9120415586,1,0.1
holdout_model_OpenAI,gpt_b038_P3_r2,A,gpt,0.9573143819,1,0.1
holdout_model_OpenAI,gpt_b039_P1_r1,A,gpt,0.9882732727,1,0.1
holdout_model_OpenAI,gpt_b039_P1_r2,A,gpt,0.9950222756,1,0.1
holdout_model_OpenAI,gpt_b039_P2_r1,A,gpt,0.9998288580,1,0.1
holdout_model_OpenAI,gpt_b039_P2_r2,A,gpt,0.9978793202,1,0.1
holdout_model_OpenAI,gpt_b039_P3_r1,A,gpt,0.9803795016,1,0.1
holdout_model_OpenAI,gpt_b039_P3_r2,A,gpt,0.9970292789,1,0.1
holdout_model_OpenAI,gpt_b040_P1_r1,A,gpt,0.9985209234,1,0.1
holdout_model_OpenAI,gpt_b040_P1_r2,A,gpt,0.9973284312,1,0.1
holdout_model_OpenAI,gpt_b040_P2_r1,A,gpt,0.9977304127,1,0.1
holdout_model_OpenAI,gpt_b040_P2_r2,A,gpt,0.9988758694,1,0.1
holdout_model_OpenAI,gpt_b040_P3_r1,A,gpt,0.9798866632,1,0.1
holdout_model_OpenAI,gpt_b040_P3_r2,A,gpt,0.9925970822,1,0.1
holdout_model_OpenAI,gpt_b041_P1_r1,A,gpt,0.9743955128,1,0.1
holdout_model_OpenAI,gpt_b041_P1_r2,A,gpt,0.9698167610,1,0.1
holdout_model_OpenAI,gpt_b041_P2_r1,A,gpt,0.9995012353,1,0.1
holdout_model_OpenAI,gpt_b041_P2_r2,A,gpt,0.9994493217,1,0.1
holdout_model_OpenAI,gpt_b041_P3_r1,A,gpt,0.9841364209,1,0.1
holdout_model_OpenAI,gpt_b041_P3_r2,A,gpt,0.9695457884,1,0.1
holdout_model_OpenAI,gpt_b042_P1_r1,A,gpt,0.9754363523,1,0.1
holdout_model_OpenAI,gpt_b042_P1_r2,A,gpt,0.9966371666,1,0.1
holdout_model_OpenAI,gpt_b042_P2_r1,A,gpt,0.9995394628,1,0.1
holdout_model_OpenAI,gpt_b042_P2_r2,A,gpt,0.9994092767,1,0.1
holdout_model_OpenAI,gpt_b042_P3_r1,A,gpt,0.9628323369,1,0.1
holdout_model_OpenAI,gpt_b042_P3_r2,A,gpt,0.9887907542,1,0.1
holdout_model_OpenAI,gpt_b043_P1_r1,A,gpt,0.9877221452,1,0.1
holdout_model_OpenAI,gpt_b043_P1_r2,A,gpt,0.9993010049,1,0.1
holdout_model_OpenAI,gpt_b043_P2_r1,A,gpt,0.9985700477,1,0.1
holdout_model_OpenAI,gpt_b043_P2_r2,A,gpt,0.9990111091,1,0.1
holdout_model_OpenAI,gpt_b043_P3_r1,A,gpt,0.9978988649,1,0.1
holdout_model_OpenAI,gpt_b043_P3_r2,A,gpt,0.9877977141,1,0.1
holdout_model_OpenAI,gpt_b044_P1_r1,A,gpt,0.9684113208,1,0.1
holdout_model_OpenAI,gpt_b044_P1_r2,A,gpt,0.9961459927,1,0.1
holdout_model_OpenAI,gpt_b044_P2_r1,A,gpt,0.9904208433,1,0.1
holdout_model_OpenAI,gpt_b044_P2_r2,A,gpt,0.9997935277,1,0.1
holdout_model_OpenAI,gpt_b044_P3_r1,A,gpt,0.9777739331,1,0.1
holdout_model_OpenAI,gpt_b044_P3_r2,A,gpt,0.9651590610,1,0.1
holdout_model_OpenAI,gpt_b045_P1_r1,A,gpt,0.9773687331,1,0.1
holdout_model_OpenAI,gpt_b045_P1_r2,A,gpt,0.9728974117,1,0.1
holdout_model_OpenAI,gpt_b045_P2_r1,A,gpt,0.9976377903,1,0.1
holdout_model_OpenAI,gpt_b045_P2_r2,A,gpt,0.9976263200,1,0.1
holdout_model_OpenAI,gpt_b045_P3_r1,A,gpt,0.9951333348,1,0.1
holdout_model_OpenAI,gpt_b045_P3_r2,A,gpt,0.9886537639,1,0.1
holdout_model_OpenAI,human_hard_rusltc_0001,H,,0.0083538753,0,0.1
holdout_model_OpenAI,human_hard_rusltc_0002,H,,0.0017875706,0,0.1
holdout_model_OpenAI,human_hard_rusltc_0003,H,,0.0320332111,0,0.1
holdout_model_OpenAI,human_hard_rusltc_0004,H,,0.1229833354,0,0.1
holdout_model_OpenAI,human_hard_rusltc_0005,H,,0.0001869833,0,0.1
holdout_model_OpenAI,human_hard_rusltc_0006,H,,0.0078462839,0,0.1
holdout_model_OpenAI,human_hard_rusltc_0007,H,,0.0016003936,0,0.1
holdout_model_OpenAI,human_hard_rusltc_0008,H,,0.0178439341,0,0.1
holdout_model_OpenAI,human_hard_rusltc_0009,H,,0.0185124756,0,0.1
holdout_model_OpenAI,human_hard_rusltc_0010,H,,0.0064996527,0,0.1
holdout_model_OpenAI,human_hard_rusltc_0011,H,,0.0117012647,0,0.1
holdout_model_OpenAI,human_hard_rusltc_0012,H,,0.0770131550,0,0.1
holdout_model_OpenAI,human_hard_rusltc_0013,H,,0.4958996254,0,0.1
holdout_model_OpenAI,human_hard_rusltc_0014,H,,0.0082450346,0,0.1
holdout_model_OpenAI,human_hard_rusltc_0015,H,,0.0146326952,0,0.1
holdout_model_OpenAI,human_hard_rusltc_0016,H,,0.2047333051,0,0.1
holdout_model_OpenAI,human_hard_rusltc_0017,H,,0.1381742639,0,0.1
holdout_model_OpenAI,human_hard_rusltc_0018,H,,0.0183621781,0,0.1
holdout_model_OpenAI,human_hard_rusltc_0019,H,,0.0035383771,0,0.1
holdout_model_OpenAI,human_hard_rusltc_0020,H,,0.0068714063,0,0.1
holdout_model_OpenAI,human_hard_rusltc_0021,H,,0.0257130069,0,0.1
holdout_model_OpenAI,human_hard_rusltc_0022,H,,0.1638170887,0,0.1
holdout_model_OpenAI,human_hard_rusltc_0023,H,,0.0564389230,0,0.1
holdout_model_OpenAI,human_hard_rusltc_0024,H,,0.0174073737,0,0.1
holdout_model_OpenAI,human_hard_rusltc_0025,H,,0.1349475049,0,0.1
holdout_model_OpenAI,human_hard_rusltc_0026,H,,0.3151725637,0,0.1
holdout_model_OpenAI,human_hard_rusltc_0027,H,,0.0197907381,0,0.1
holdout_model_OpenAI,human_hard_rusltc_0028,H,,0.0015316440,0,0.1
holdout_model_OpenAI,human_hard_rusltc_0029,H,,0.2114177687,0,0.1
holdout_model_OpenAI,human_hard_rusltc_0030,H,,0.0015768547,0,0.1
holdout_model_OpenAI,human_hard_rusltc_0031,H,,0.0029496288,0,0.1
holdout_model_OpenAI,human_hard_rusltc_0032,H,,0.0004211724,0,0.1
holdout_model_OpenAI,human_hard_rusltc_0033,H,,0.0016968053,0,0.1
holdout_model_OpenAI,human_hard_rusltc_0034,H,,0.0138555869,0,0.1
holdout_model_OpenAI,human_hard_rusltc_0035,H,,0.2118027745,0,0.1
holdout_model_OpenAI,human_hard_rusltc_0036,H,,0.0932029304,0,0.1
holdout_model_OpenAI,human_hard_rusltc_0037,H,,0.0869356671,0,0.1
holdout_model_OpenAI,human_hard_rusltc_0038,H,,0.0184423746,0,0.1
holdout_model_OpenAI,human_hard_rusltc_0039,H,,0.0011899465,0,0.1
holdout_model_OpenAI,human_hard_rusltc_0040,H,,0.0106596037,0,0.1
holdout_model_OpenAI,human_hard_rusltc_0041,H,,0.0345550627,0,0.1
holdout_model_OpenAI,human_hard_rusltc_0042,H,,0.0000216791,0,0.1
holdout_model_OpenAI,human_hard_rusltc_0043,H,,0.0809886148,0,0.1
holdout_model_OpenAI,human_hard_rusltc_0044,H,,0.1374883023,0,0.1
holdout_model_OpenAI,human_hard_rusltc_0045,H,,0.0133687306,0,0.1
holdout_model_OpenAI,human_hard_rusltc_0046,H,,0.0509990934,0,0.1
holdout_model_OpenAI,human_hard_rusltc_0047,H,,0.0367345271,0,0.1
holdout_model_OpenAI,human_hard_rusltc_0048,H,,0.0980225907,0,0.1
holdout_model_OpenAI,human_hard_rusltc_0049,H,,0.0021894602,0,0.1
holdout_model_OpenAI,human_hard_rusltc_0050,H,,0.0079417335,0,0.1
holdout_model_OpenAI,human_hard_rusltc_0051,H,,0.0025432537,0,0.1
holdout_model_OpenAI,human_hard_rusltc_0052,H,,0.2613386417,0,0.1
holdout_model_OpenAI,human_hard_rusltc_0053,H,,0.0390530333,0,0.1
holdout_model_OpenAI,human_hard_rusltc_0054,H,,0.0020550840,0,0.1
holdout_model_OpenAI,human_hard_rusltc_0055,H,,0.0277121680,0,0.1
holdout_model_OpenAI,human_hard_rusltc_0056,H,,0.1274524725,0,0.1
holdout_model_OpenAI,human_hard_rusltc_0057,H,,0.0006756852,0,0.1
holdout_model_OpenAI,human_hard_rusltc_0058,H,,0.0328710590,0,0.1
holdout_model_OpenAI,human_hard_rusltc_0059,H,,0.0090933402,0,0.1
holdout_model_OpenAI,human_hard_rusltc_0060,H,,0.0306646397,0,0.1
holdout_model_OpenAI,human_hard_rusltc_0061,H,,0.0111082518,0,0.1
holdout_model_OpenAI,human_hard_rusltc_0062,H,,0.0184953169,0,0.1
holdout_model_OpenAI,human_hard_rusltc_0063,H,,0.0307457933,0,0.1
holdout_model_OpenAI,human_hard_rusltc_0064,H,,0.6093440679,1,0.1
holdout_model_OpenAI,human_hard_rusltc_0065,H,,0.0207168500,0,0.1
holdout_model_OpenAI,human_hard_rusltc_0066,H,,0.0821940563,0,0.1
holdout_model_OpenAI,human_hard_rusltc_0067,H,,0.0248827680,0,0.1
holdout_model_OpenAI,human_hard_rusltc_0068,H,,0.0000842489,0,0.1
holdout_model_OpenAI,human_hard_rusltc_0069,H,,0.0586273835,0,0.1
holdout_model_OpenAI,human_hard_rusltc_0070,H,,0.2135846545,0,0.1
holdout_model_OpenAI,human_hard_rusltc_0071,H,,0.0140529032,0,0.1
holdout_model_OpenAI,human_hard_rusltc_0072,H,,0.1037813497,0,0.1
holdout_model_OpenAI,human_hard_rusltc_0073,H,,0.0510646574,0,0.1
holdout_model_OpenAI,human_news_buriy_2014_0001,H,,0.0010765778,0,0.1
holdout_model_OpenAI,human_news_buriy_2014_0002,H,,0.0002681316,0,0.1
holdout_model_OpenAI,human_news_buriy_2014_0003,H,,0.0022004459,0,0.1
holdout_model_OpenAI,human_news_buriy_2014_0004,H,,0.0001354032,0,0.1
holdout_model_OpenAI,human_news_buriy_2014_0005,H,,0.0325215383,0,0.1
holdout_model_OpenAI,human_news_buriy_2014_0006,H,,0.0022805919,0,0.1
holdout_model_OpenAI,human_news_buriy_2014_0007,H,,0.0488752651,0,0.1
holdout_model_OpenAI,human_news_buriy_2014_0008,H,,0.0129985054,0,0.1
holdout_model_OpenAI,human_news_buriy_2014_0009,H,,0.0019856175,0,0.1
holdout_model_OpenAI,human_news_buriy_2014_0010,H,,0.0000585514,0,0.1
holdout_model_OpenAI,human_news_buriy_2014_0011,H,,0.0012259238,0,0.1
holdout_model_OpenAI,human_news_buriy_2014_0012,H,,0.0007313562,0,0.1
holdout_model_OpenAI,human_news_buriy_2014_0013,H,,0.0127447878,0,0.1
holdout_model_OpenAI,human_news_buriy_2014_0014,H,,0.0028881696,0,0.1
holdout_model_OpenAI,human_news_buriy_2014_0015,H,,0.0003670237,0,0.1
holdout_model_OpenAI,human_news_buriy_2014_0016,H,,0.0004938633,0,0.1
holdout_model_OpenAI,human_news_buriy_2014_0017,H,,0.5448978425,1,0.1
holdout_model_OpenAI,human_news_buriy_2014_0018,H,,0.0029252246,0,0.1
holdout_model_OpenAI,human_news_buriy_2014_0019,H,,0.0529892724,0,0.1
holdout_model_OpenAI,human_news_buriy_2014_0020,H,,0.0000306349,0,0.1
holdout_model_OpenAI,human_news_buriy_2014_0021,H,,0.1469839273,0,0.1
holdout_model_OpenAI,human_news_buriy_2014_0022,H,,0.0005813546,0,0.1
holdout_model_OpenAI,human_news_buriy_2014_0023,H,,0.0001606433,0,0.1
holdout_model_OpenAI,human_news_buriy_2014_0024,H,,0.0013458970,0,0.1
holdout_model_OpenAI,human_news_buriy_2014_0025,H,,0.0015908697,0,0.1
holdout_model_OpenAI,human_news_buriy_2014_0026,H,,0.0016521737,0,0.1
holdout_model_OpenAI,human_news_buriy_2014_0027,H,,0.0010752183,0,0.1
holdout_model_OpenAI,human_news_buriy_2014_0028,H,,0.0001802232,0,0.1
holdout_model_OpenAI,human_news_buriy_2014_0029,H,,0.0009104884,0,0.1
holdout_model_OpenAI,human_news_buriy_2014_0030,H,,0.0302765806,0,0.1
holdout_model_OpenAI,human_news_buriy_2014_0031,H,,0.0022923441,0,0.1
holdout_model_OpenAI,human_news_buriy_2014_0032,H,,0.0009368918,0,0.1
holdout_model_OpenAI,human_news_buriy_2014_0033,H,,0.0024248279,0,0.1
holdout_model_OpenAI,human_news_buriy_2014_0034,H,,0.0318559723,0,0.1
holdout_model_OpenAI,human_news_buriy_2014_0035,H,,0.0001739525,0,0.1
holdout_model_OpenAI,human_news_buriy_2014_0036,H,,0.0043773404,0,0.1
holdout_model_OpenAI,human_news_buriy_2014_0037,H,,0.0018415543,0,0.1
holdout_model_OpenAI,human_news_buriy_2014_0038,H,,0.0001923836,0,0.1
holdout_model_OpenAI,human_news_buriy_2014_0039,H,,0.0033544470,0,0.1
holdout_model_OpenAI,human_news_buriy_2014_0040,H,,0.0020251557,0,0.1
holdout_model_OpenAI,human_news_buriy_2014_0041,H,,0.0529546276,0,0.1
holdout_model_OpenAI,human_news_buriy_2014_0042,H,,0.0003923540,0,0.1
holdout_model_OpenAI,human_news_buriy_2014_0043,H,,0.0042225479,0,0.1
holdout_model_OpenAI,human_news_buriy_2014_0044,H,,0.0160056391,0,0.1
holdout_model_OpenAI,human_news_buriy_2014_0045,H,,0.0034319990,0,0.1
holdout_model_OpenAI,human_news_buriy_2014_0046,H,,0.0033246023,0,0.1
holdout_model_OpenAI,human_news_buriy_2014_0047,H,,0.0008602588,0,0.1
holdout_model_OpenAI,human_news_buriy_2014_0048,H,,0.0008857032,0,0.1
holdout_model_OpenAI,human_news_buriy_2014_0049,H,,0.0001178602,0,0.1
holdout_model_OpenAI,human_news_buriy_2014_0050,H,,0.0068100721,0,0.1
holdout_model_OpenAI,human_news_buriy_2014_0051,H,,0.5750749332,1,0.1
holdout_model_OpenAI,human_news_buriy_2014_0052,H,,0.0004135645,0,0.1
holdout_model_OpenAI,human_news_buriy_2014_0053,H,,0.0000302968,0,0.1
holdout_model_OpenAI,human_news_buriy_2014_0054,H,,0.1075081789,0,0.1
holdout_model_OpenAI,human_news_buriy_2014_0055,H,,0.0000440127,0,0.1
holdout_model_OpenAI,human_news_buriy_2014_0056,H,,0.1418150814,0,0.1
holdout_model_OpenAI,human_news_buriy_2014_0057,H,,0.0007342034,0,0.1
holdout_model_OpenAI,human_news_buriy_2014_0058,H,,0.0184613636,0,0.1
holdout_model_OpenAI,human_news_buriy_2014_0059,H,,0.0003397309,0,0.1
holdout_model_OpenAI,human_news_buriy_2014_0060,H,,0.0007914020,0,0.1
holdout_model_OpenAI,human_news_gazeta_0001,H,,0.0121416267,0,0.1
holdout_model_OpenAI,human_news_gazeta_0002,H,,0.2084882504,0,0.1
holdout_model_OpenAI,human_news_gazeta_0003,H,,0.1435303515,0,0.1
holdout_model_OpenAI,human_news_gazeta_0004,H,,0.0101607737,0,0.1
holdout_model_OpenAI,human_news_gazeta_0005,H,,0.0007425809,0,0.1
holdout_model_OpenAI,human_news_gazeta_0006,H,,0.0026730679,0,0.1
holdout_model_OpenAI,human_news_gazeta_0007,H,,0.0009820758,0,0.1
holdout_model_OpenAI,human_news_gazeta_0008,H,,0.0405902869,0,0.1
holdout_model_OpenAI,human_news_gazeta_0009,H,,0.0013286524,0,0.1
holdout_model_OpenAI,human_news_gazeta_0010,H,,0.0427927424,0,0.1
holdout_model_OpenAI,human_news_gazeta_0011,H,,0.0002093252,0,0.1
holdout_model_OpenAI,human_news_gazeta_0012,H,,0.0146052390,0,0.1
holdout_model_OpenAI,human_news_gazeta_0013,H,,0.0324078400,0,0.1
holdout_model_OpenAI,human_news_gazeta_0014,H,,0.0000969619,0,0.1
holdout_model_OpenAI,human_news_gazeta_0015,H,,0.0197812693,0,0.1
holdout_model_OpenAI,human_news_gazeta_0016,H,,0.0001770270,0,0.1
holdout_model_OpenAI,human_news_gazeta_0017,H,,0.1037341370,0,0.1
holdout_model_OpenAI,human_news_gazeta_0018,H,,0.0562719886,0,0.1
holdout_model_OpenAI,human_news_gazeta_0019,H,,0.0015086925,0,0.1
holdout_model_OpenAI,human_news_gazeta_0020,H,,0.0006617400,0,0.1
holdout_model_OpenAI,human_news_gazeta_0021,H,,0.0238237190,0,0.1
holdout_model_OpenAI,human_news_gazeta_0022,H,,0.0187720590,0,0.1
holdout_model_OpenAI,human_news_gazeta_0023,H,,0.0005582925,0,0.1
holdout_model_OpenAI,human_news_gazeta_0024,H,,0.0068103318,0,0.1
holdout_model_OpenAI,human_news_gazeta_0025,H,,0.0052740695,0,0.1
holdout_model_OpenAI,human_news_gazeta_0026,H,,0.0012125460,0,0.1
holdout_model_OpenAI,human_news_gazeta_0027,H,,0.0013619729,0,0.1
holdout_model_OpenAI,human_news_gazeta_0028,H,,0.0004143731,0,0.1
holdout_model_OpenAI,human_news_gazeta_0029,H,,0.0577744335,0,0.1
holdout_model_OpenAI,human_news_gazeta_0030,H,,0.3007015736,0,0.1
holdout_model_OpenAI,human_news_gazeta_0031,H,,0.0226623451,0,0.1
holdout_model_OpenAI,human_news_gazeta_0032,H,,0.0024716626,0,0.1
holdout_model_OpenAI,human_news_gazeta_0033,H,,0.0084144984,0,0.1
holdout_model_OpenAI,human_news_gazeta_0034,H,,0.0986129300,0,0.1
holdout_model_OpenAI,human_news_gazeta_0035,H,,0.0581133883,0,0.1
holdout_model_OpenAI,human_news_gazeta_0036,H,,0.0040787647,0,0.1
holdout_model_OpenAI,human_news_gazeta_0037,H,,0.2483710812,0,0.1
holdout_model_OpenAI,human_news_gazeta_0038,H,,0.2704927848,0,0.1
holdout_model_OpenAI,human_news_gazeta_0039,H,,0.0413165950,0,0.1
holdout_model_OpenAI,human_news_gazeta_0040,H,,0.0194019567,0,0.1
holdout_model_OpenAI,human_news_gazeta_0041,H,,0.0002356289,0,0.1
holdout_model_OpenAI,human_news_gazeta_0042,H,,0.0068949556,0,0.1
holdout_model_OpenAI,human_news_gazeta_0043,H,,0.0699280067,0,0.1
holdout_model_OpenAI,human_news_gazeta_0044,H,,0.0013950886,0,0.1
holdout_model_OpenAI,human_news_gazeta_0045,H,,0.0016441201,0,0.1
holdout_model_OpenAI,human_news_gazeta_0046,H,,0.0003845578,0,0.1
holdout_model_OpenAI,human_news_gazeta_0047,H,,0.0076709622,0,0.1
holdout_model_OpenAI,human_news_gazeta_0048,H,,0.1003029116,0,0.1
holdout_model_OpenAI,human_news_gazeta_0049,H,,0.1145029631,0,0.1
holdout_model_OpenAI,human_news_gazeta_0050,H,,0.0077744925,0,0.1
holdout_model_OpenAI,human_news_gazeta_0051,H,,0.0023992964,0,0.1
holdout_model_OpenAI,human_news_gazeta_0052,H,,0.1644467735,0,0.1
holdout_model_OpenAI,human_news_gazeta_0053,H,,0.0537942134,0,0.1
holdout_model_OpenAI,human_news_gazeta_0054,H,,0.0454513466,0,0.1
holdout_model_OpenAI,human_news_gazeta_0055,H,,0.0009566678,0,0.1
holdout_model_OpenAI,human_news_gazeta_0056,H,,0.0042238919,0,0.1
holdout_model_OpenAI,human_news_gazeta_0057,H,,0.0728768016,0,0.1
holdout_model_OpenAI,human_news_gazeta_0058,H,,0.0079256102,0,0.1
holdout_model_OpenAI,human_news_gazeta_0059,H,,0.0035597268,0,0.1
holdout_model_OpenAI,human_news_gazeta_0060,H,,0.0007278782,0,0.1
holdout_model_OpenAI,human_news_lenta_0001,H,,0.0480440549,0,0.1
holdout_model_OpenAI,human_news_lenta_0002,H,,0.0026016850,0,0.1
holdout_model_OpenAI,human_news_lenta_0004,H,,0.0331485354,0,0.1
holdout_model_OpenAI,human_news_lenta_0007,H,,0.0000000000,0,0.1
holdout_model_OpenAI,human_news_lenta_0009,H,,0.0075565156,0,0.1
holdout_model_OpenAI,human_news_lenta_0010,H,,0.0000011911,0,0.1
holdout_model_OpenAI,human_news_lenta_0012,H,,0.0042102427,0,0.1
holdout_model_OpenAI,human_news_lenta_0013,H,,0.0646506696,0,0.1
holdout_model_OpenAI,human_news_lenta_0014,H,,0.0079324050,0,0.1
holdout_model_OpenAI,human_news_lenta_0015,H,,0.0411456788,0,0.1
holdout_model_OpenAI,human_news_lenta_0016,H,,0.0177028237,0,0.1
holdout_model_OpenAI,human_news_lenta_0017,H,,0.0000041532,0,0.1
holdout_model_OpenAI,human_news_lenta_0018,H,,0.0000126290,0,0.1
holdout_model_OpenAI,human_news_lenta_0021,H,,0.0675276654,0,0.1
holdout_model_OpenAI,human_news_lenta_0022,H,,0.0017728107,0,0.1
holdout_model_OpenAI,human_news_lenta_0023,H,,0.0761163029,0,0.1
holdout_model_OpenAI,human_news_lenta_0024,H,,0.0185078518,0,0.1
holdout_model_OpenAI,human_news_lenta_0027,H,,0.2211878249,0,0.1
holdout_model_OpenAI,human_news_lenta_0029,H,,0.0959339385,0,0.1
holdout_model_OpenAI,human_news_lenta_0034,H,,0.0018665553,0,0.1
holdout_model_OpenAI,human_news_lenta_0036,H,,0.0101267441,0,0.1
holdout_model_OpenAI,human_news_lenta_0039,H,,0.0000000051,0,0.1
holdout_model_OpenAI,human_news_lenta_0040,H,,0.1773469471,0,0.1
holdout_model_OpenAI,human_news_lenta_0041,H,,0.0002548702,0,0.1
holdout_model_OpenAI,human_news_lenta_0042,H,,0.0000702641,0,0.1
holdout_model_OpenAI,human_news_lenta_0044,H,,0.0033502017,0,0.1
holdout_model_OpenAI,human_news_lenta_0045,H,,0.0533480758,0,0.1
holdout_model_OpenAI,human_news_lenta_0046,H,,0.0000167059,0,0.1
holdout_model_OpenAI,human_news_lenta_0049,H,,0.0151786348,0,0.1
holdout_model_OpenAI,human_news_lenta_0051,H,,0.0131556121,0,0.1
holdout_model_OpenAI,human_news_lenta_0053,H,,0.0004460758,0,0.1
holdout_model_OpenAI,human_news_lenta_0055,H,,0.1020647527,0,0.1
holdout_model_OpenAI,human_science_cyberleninka_0001,H,,0.0580054706,0,0.1
holdout_model_OpenAI,human_science_cyberleninka_0002,H,,0.6864241664,1,0.1
holdout_model_OpenAI,human_science_cyberleninka_0003,H,,0.0631709910,0,0.1
holdout_model_OpenAI,human_science_cyberleninka_0004,H,,0.0822132221,0,0.1
holdout_model_OpenAI,human_science_cyberleninka_0005,H,,0.0223432564,0,0.1
holdout_model_OpenAI,human_science_cyberleninka_0006,H,,0.1256295691,0,0.1
holdout_model_OpenAI,human_science_cyberleninka_0007,H,,0.1806076843,0,0.1
holdout_model_OpenAI,human_science_cyberleninka_0008,H,,0.0020272274,0,0.1
holdout_model_OpenAI,human_science_cyberleninka_0009,H,,0.3105321945,0,0.1
holdout_model_OpenAI,human_science_cyberleninka_0010,H,,0.0073622862,0,0.1
holdout_model_OpenAI,human_science_cyberleninka_0011,H,,0.0156655806,0,0.1
holdout_model_OpenAI,human_science_cyberleninka_0013,H,,0.3744974930,0,0.1
holdout_model_OpenAI,human_science_cyberleninka_0014,H,,0.1837632333,0,0.1
holdout_model_OpenAI,human_science_cyberleninka_0015,H,,0.0013473550,0,0.1
holdout_model_OpenAI,human_science_cyberleninka_0016,H,,0.0300995998,0,0.1
holdout_model_OpenAI,human_science_cyberleninka_0017,H,,0.0465501713,0,0.1
holdout_model_OpenAI,human_science_cyberleninka_0018,H,,0.5409960058,1,0.1
holdout_model_OpenAI,human_science_cyberleninka_0019,H,,0.4389327844,0,0.1
holdout_model_OpenAI,human_science_cyberleninka_0020,H,,0.0101154390,0,0.1
holdout_model_OpenAI,human_science_cyberleninka_0021,H,,0.4454253729,0,0.1
holdout_model_OpenAI,human_science_cyberleninka_0022,H,,0.0047872197,0,0.1
holdout_model_OpenAI,human_science_cyberleninka_0023,H,,0.6314448273,1,0.1
holdout_model_OpenAI,human_science_cyberleninka_0024,H,,0.5473257040,1,0.1
holdout_model_OpenAI,human_science_cyberleninka_0025,H,,0.0473156169,0,0.1
holdout_model_OpenAI,human_science_cyberleninka_0026,H,,0.0189651800,0,0.1
holdout_model_OpenAI,human_science_cyberleninka_0027,H,,0.1052901972,0,0.1
holdout_model_OpenAI,human_science_cyberleninka_0028,H,,0.0005706644,0,0.1
holdout_model_OpenAI,human_science_cyberleninka_0029,H,,0.0378266504,0,0.1
holdout_model_OpenAI,human_science_cyberleninka_0030,H,,0.0029324079,0,0.1
holdout_model_OpenAI,human_science_cyberleninka_0031,H,,0.2162076830,0,0.1
holdout_model_OpenAI,human_science_cyberleninka_0032,H,,0.0713095345,0,0.1
holdout_model_OpenAI,human_science_cyberleninka_0033,H,,0.6612538973,1,0.1
holdout_model_OpenAI,human_science_cyberleninka_0034,H,,0.0029484895,0,0.1
holdout_model_OpenAI,human_science_cyberleninka_0035,H,,0.4213069801,0,0.1
holdout_model_OpenAI,human_science_cyberleninka_0036,H,,0.3169783843,0,0.1
holdout_model_OpenAI,human_science_cyberleninka_0037,H,,0.4502745186,0,0.1
holdout_model_OpenAI,human_science_cyberleninka_0038,H,,0.1713058485,0,0.1
holdout_model_OpenAI,human_science_cyberleninka_0039,H,,0.0434192581,0,0.1
holdout_model_OpenAI,human_science_cyberleninka_0040,H,,0.0065823896,0,0.1
holdout_model_OpenAI,human_science_cyberleninka_0041,H,,0.1409742284,0,0.1
holdout_model_OpenAI,human_science_cyberleninka_0042,H,,0.0020304806,0,0.1
holdout_model_OpenAI,human_science_cyberleninka_0043,H,,0.2515429936,0,0.1
holdout_model_OpenAI,human_science_cyberleninka_0044,H,,0.7213298704,1,0.1
holdout_model_OpenAI,human_science_cyberleninka_0045,H,,0.0052438989,0,0.1
holdout_model_OpenAI,human_science_cyberleninka_0046,H,,0.0018154536,0,0.1
holdout_model_OpenAI,human_science_cyberleninka_0047,H,,0.0227433178,0,0.1
holdout_model_OpenAI,human_science_cyberleninka_0048,H,,0.0006971353,0,0.1
holdout_model_OpenAI,human_science_cyberleninka_0049,H,,0.0029059685,0,0.1
holdout_model_OpenAI,human_science_cyberleninka_0050,H,,0.0050899852,0,0.1
holdout_model_OpenAI,human_science_cyberleninka_0051,H,,0.1687987777,0,0.1
holdout_model_OpenAI,human_science_cyberleninka_0052,H,,0.2520423583,0,0.1
holdout_model_OpenAI,human_science_cyberleninka_0053,H,,0.0016884604,0,0.1
holdout_model_OpenAI,human_science_cyberleninka_0054,H,,0.0621731688,0,0.1
holdout_model_OpenAI,human_science_cyberleninka_0055,H,,0.0488868614,0,0.1
holdout_model_OpenAI,human_science_cyberleninka_0056,H,,0.0632377527,0,0.1
holdout_model_OpenAI,human_science_cyberleninka_0057,H,,0.1672009474,0,0.1
holdout_model_OpenAI,human_science_cyberleninka_0058,H,,0.4561562509,0,0.1
holdout_model_OpenAI,human_science_cyberleninka_0059,H,,0.6003239682,1,0.1
holdout_model_OpenAI,human_science_cyberleninka_0060,H,,0.0977642705,0,0.1
holdout_model_OpenAI,human_science_cyberleninka_0067,H,,0.2779731316,0,0.1
holdout_model_OpenAI,human_science_spbgu_0001,H,,0.0060108913,0,0.1
holdout_model_OpenAI,human_science_spbgu_0002,H,,0.0074929231,0,0.1
holdout_model_OpenAI,human_science_spbgu_0003,H,,0.2380183798,0,0.1
holdout_model_OpenAI,human_science_spbgu_0004,H,,0.0236441591,0,0.1
holdout_model_OpenAI,human_science_spbgu_0005,H,,0.0249568001,0,0.1
holdout_model_OpenAI,human_science_spbgu_0006,H,,0.0098789697,0,0.1
holdout_model_OpenAI,human_science_spbgu_0007,H,,0.0025865299,0,0.1
holdout_model_OpenAI,human_science_spbgu_0008,H,,0.0589886971,0,0.1
holdout_model_OpenAI,human_science_spbgu_0009,H,,0.0017636066,0,0.1
holdout_model_OpenAI,human_science_spbgu_0010,H,,0.0056671336,0,0.1
holdout_model_OpenAI,human_science_spbgu_0011,H,,0.0268659359,0,0.1
holdout_model_OpenAI,human_science_spbgu_0012,H,,0.0016206044,0,0.1
holdout_model_OpenAI,human_science_spbgu_0013,H,,0.0020170228,0,0.1
holdout_model_OpenAI,human_science_spbgu_0014,H,,0.1188605485,0,0.1
holdout_model_OpenAI,human_science_spbgu_0015,H,,0.0601190349,0,0.1
holdout_model_OpenAI,human_science_spbgu_0016,H,,0.0010236877,0,0.1
holdout_model_OpenAI,human_science_spbgu_0017,H,,0.0185063937,0,0.1
holdout_model_OpenAI,human_science_spbgu_0018,H,,0.0056488839,0,0.1
holdout_model_OpenAI,human_science_spbgu_0019,H,,0.0736880894,0,0.1
holdout_model_OpenAI,human_science_spbgu_0020,H,,0.0231523152,0,0.1
holdout_model_OpenAI,human_science_spbgu_0021,H,,0.0014363765,0,0.1
holdout_model_OpenAI,human_science_spbgu_0022,H,,0.0104206509,0,0.1
holdout_model_OpenAI,human_science_spbgu_0023,H,,0.0131470674,0,0.1
holdout_model_OpenAI,human_science_spbgu_0024,H,,0.0012063648,0,0.1
holdout_model_OpenAI,human_science_spbgu_0025,H,,0.0026374453,0,0.1
holdout_model_OpenAI,human_science_spbgu_0026,H,,0.0351261291,0,0.1
holdout_model_OpenAI,human_science_spbgu_0027,H,,0.0007930761,0,0.1
holdout_model_OpenAI,human_science_spbgu_0028,H,,0.0006879457,0,0.1
holdout_model_OpenAI,human_science_spbgu_0029,H,,0.0005677268,0,0.1
holdout_model_OpenAI,human_science_spbgu_0030,H,,0.0014765006,0,0.1
holdout_model_OpenAI,human_science_spbgu_0031,H,,0.0062712439,0,0.1
holdout_model_OpenAI,human_science_spbgu_0032,H,,0.0012203601,0,0.1
holdout_model_OpenAI,human_science_spbgu_0033,H,,0.0003533353,0,0.1
holdout_model_OpenAI,human_science_spbgu_0034,H,,0.0046668881,0,0.1
holdout_model_OpenAI,human_science_spbgu_0035,H,,0.0008108541,0,0.1
holdout_model_OpenAI,human_science_spbgu_0036,H,,0.0042413147,0,0.1
holdout_model_OpenAI,human_science_spbgu_0037,H,,0.0147071989,0,0.1
holdout_model_OpenAI,human_science_spbgu_0038,H,,0.0007755470,0,0.1
holdout_model_OpenAI,human_science_spbgu_0039,H,,0.0571070257,0,0.1
holdout_model_OpenAI,human_science_spbgu_0040,H,,0.0043394490,0,0.1
holdout_model_OpenAI,human_science_spbgu_0041,H,,0.0021289666,0,0.1
holdout_model_OpenAI,human_science_spbgu_0042,H,,0.0038751944,0,0.1
holdout_model_OpenAI,human_science_spbgu_0043,H,,0.0041744479,0,0.1
holdout_model_OpenAI,human_science_spbgu_0044,H,,0.0122415246,0,0.1
holdout_model_OpenAI,human_science_spbgu_0045,H,,0.0019848794,0,0.1
holdout_model_OpenAI,human_science_spbgu_0046,H,,0.0003103107,0,0.1
holdout_model_OpenAI,human_science_spbgu_0048,H,,0.0022425909,0,0.1
holdout_model_OpenAI,human_science_spbgu_0049,H,,0.0010423389,0,0.1
holdout_model_OpenAI,human_science_spbgu_0050,H,,0.0196153164,0,0.1
holdout_model_OpenAI,human_science_spbgu_0054,H,,0.0001037041,0,0.1
holdout_model_OpenAI,human_science_spbgu_0055,H,,0.0016707113,0,0.1
holdout_model_OpenAI,human_science_spbgu_0057,H,,0.0454019807,0,0.1
holdout_model_OpenAI,human_science_spbgu_0059,H,,0.0057350231,0,0.1
holdout_model_OpenAI,human_science_spbgu_0060,H,,0.0000223539,0,0.1
holdout_model_OpenAI,human_science_spbgu_0061,H,,0.0012010397,0,0.1
holdout_model_OpenAI,human_science_spbgu_0062,H,,0.0049824612,0,0.1
holdout_model_OpenAI,human_science_spbgu_0063,H,,0.0377610154,0,0.1
holdout_model_OpenAI,human_science_spbgu_0064,H,,0.0004659826,0,0.1
holdout_model_OpenAI,human_science_spbgu_0065,H,,0.0009860792,0,0.1
holdout_model_OpenAI,human_science_urfu_0001,H,,0.1112276295,0,0.1
holdout_model_OpenAI,human_science_urfu_0002,H,,0.0129804797,0,0.1
holdout_model_OpenAI,human_science_urfu_0003,H,,0.0596838383,0,0.1
holdout_model_OpenAI,human_science_urfu_0004,H,,0.0203491414,0,0.1
holdout_model_OpenAI,human_science_urfu_0005,H,,0.0238361717,0,0.1
holdout_model_OpenAI,human_science_urfu_0006,H,,0.0033991411,0,0.1
holdout_model_OpenAI,human_science_urfu_0007,H,,0.3170677025,0,0.1
holdout_model_OpenAI,human_science_urfu_0008,H,,0.0020817878,0,0.1
holdout_model_OpenAI,human_science_urfu_0009,H,,0.0156371424,0,0.1
holdout_model_OpenAI,human_science_urfu_0010,H,,0.0235204405,0,0.1
holdout_model_OpenAI,human_science_urfu_0011,H,,0.0280098068,0,0.1
holdout_model_OpenAI,human_science_urfu_0012,H,,0.0042192507,0,0.1
holdout_model_OpenAI,human_science_urfu_0013,H,,0.1235398879,0,0.1
holdout_model_OpenAI,human_science_urfu_0014,H,,0.0004083011,0,0.1
holdout_model_OpenAI,human_science_urfu_0015,H,,0.0096649211,0,0.1
holdout_model_OpenAI,human_science_urfu_0016,H,,0.0307610193,0,0.1
holdout_model_OpenAI,human_science_urfu_0017,H,,0.0221333829,0,0.1
holdout_model_OpenAI,human_science_urfu_0018,H,,0.0155903654,0,0.1
holdout_model_OpenAI,human_science_urfu_0019,H,,0.0244240599,0,0.1
holdout_model_OpenAI,human_science_urfu_0020,H,,0.0003965100,0,0.1
holdout_model_OpenAI,human_science_urfu_0021,H,,0.0206834367,0,0.1
holdout_model_OpenAI,human_science_urfu_0022,H,,0.0211728412,0,0.1
holdout_model_OpenAI,human_science_urfu_0023,H,,0.0002738309,0,0.1
holdout_model_OpenAI,human_science_urfu_0024,H,,0.0367872763,0,0.1
holdout_model_OpenAI,human_science_urfu_0025,H,,0.0596113650,0,0.1
holdout_model_OpenAI,human_science_urfu_0026,H,,0.0577377586,0,0.1
holdout_model_OpenAI,human_science_urfu_0027,H,,0.0719156918,0,0.1
holdout_model_OpenAI,human_science_urfu_0028,H,,0.0351365638,0,0.1
holdout_model_OpenAI,human_science_urfu_0029,H,,0.0085664780,0,0.1
holdout_model_OpenAI,human_science_urfu_0030,H,,0.1344447561,0,0.1
holdout_model_OpenAI,human_science_urfu_0031,H,,0.0001234277,0,0.1
holdout_model_OpenAI,human_science_urfu_0032,H,,0.4228656278,0,0.1
holdout_model_OpenAI,human_science_urfu_0033,H,,0.0214681305,0,0.1
holdout_model_OpenAI,human_science_urfu_0034,H,,0.0121907528,0,0.1
holdout_model_OpenAI,human_science_urfu_0035,H,,0.0360812096,0,0.1
holdout_model_OpenAI,human_science_urfu_0036,H,,0.0430730551,0,0.1
holdout_model_OpenAI,human_science_urfu_0037,H,,0.0795689223,0,0.1
holdout_model_OpenAI,human_science_urfu_0038,H,,0.0000039142,0,0.1
holdout_model_OpenAI,human_science_urfu_0039,H,,0.0000130538,0,0.1
holdout_model_OpenAI,human_science_urfu_0040,H,,0.0000000425,0,0.1
holdout_model_OpenAI,human_science_urfu_0041,H,,0.0001822949,0,0.1
holdout_model_OpenAI,human_science_urfu_0042,H,,0.0000119642,0,0.1
holdout_model_OpenAI,human_science_urfu_0043,H,,0.0000336921,0,0.1
holdout_model_OpenAI,human_science_urfu_0044,H,,0.1648731247,0,0.1
holdout_model_OpenAI,human_science_urfu_0045,H,,0.0479978554,0,0.1
holdout_model_OpenAI,human_science_urfu_0046,H,,0.0002030454,0,0.1
holdout_model_OpenAI,human_science_urfu_0047,H,,0.0303999595,0,0.1
holdout_model_OpenAI,human_science_urfu_0048,H,,0.0027357615,0,0.1
holdout_prompt_P1,deepseek_pro_b001_P1_r1,A,deepseek_pro,0.9999999957,1,10.0
holdout_prompt_P1,deepseek_pro_b001_P1_r2,A,deepseek_pro,0.9999997338,1,10.0
holdout_prompt_P1,deepseek_pro_b002_P1_r1,A,deepseek_pro,0.9999984228,1,10.0
holdout_prompt_P1,deepseek_pro_b002_P1_r2,A,deepseek_pro,0.9999987817,1,10.0
holdout_prompt_P1,deepseek_pro_b003_P1_r1,A,deepseek_pro,0.9999999891,1,10.0
holdout_prompt_P1,deepseek_pro_b003_P1_r2,A,deepseek_pro,0.9999997197,1,10.0
holdout_prompt_P1,deepseek_pro_b004_P1_r1,A,deepseek_pro,0.9998030908,1,10.0
holdout_prompt_P1,deepseek_pro_b004_P1_r2,A,deepseek_pro,0.9999580579,1,10.0
holdout_prompt_P1,deepseek_pro_b005_P1_r1,A,deepseek_pro,0.9992683733,1,10.0
holdout_prompt_P1,deepseek_pro_b005_P1_r2,A,deepseek_pro,0.9999999368,1,10.0
holdout_prompt_P1,deepseek_pro_b006_P1_r1,A,deepseek_pro,0.9999999983,1,10.0
holdout_prompt_P1,deepseek_pro_b006_P1_r2,A,deepseek_pro,0.9999985151,1,10.0
holdout_prompt_P1,deepseek_pro_b007_P1_r1,A,deepseek_pro,0.9999999683,1,10.0
holdout_prompt_P1,deepseek_pro_b007_P1_r2,A,deepseek_pro,0.9999954886,1,10.0
holdout_prompt_P1,deepseek_pro_b008_P1_r1,A,deepseek_pro,0.9999999574,1,10.0
holdout_prompt_P1,deepseek_pro_b008_P1_r2,A,deepseek_pro,0.9999918809,1,10.0
holdout_prompt_P1,deepseek_pro_b009_P1_r1,A,deepseek_pro,0.9999653428,1,10.0
holdout_prompt_P1,deepseek_pro_b009_P1_r2,A,deepseek_pro,0.9999959503,1,10.0
holdout_prompt_P1,deepseek_pro_b010_P1_r1,A,deepseek_pro,0.9939570253,1,10.0
holdout_prompt_P1,deepseek_pro_b010_P1_r2,A,deepseek_pro,0.9999813067,1,10.0
holdout_prompt_P1,deepseek_pro_b011_P1_r1,A,deepseek_pro,0.9999880606,1,10.0
holdout_prompt_P1,deepseek_pro_b011_P1_r2,A,deepseek_pro,0.9999991891,1,10.0
holdout_prompt_P1,deepseek_pro_b012_P1_r1,A,deepseek_pro,0.9999996682,1,10.0
holdout_prompt_P1,deepseek_pro_b012_P1_r2,A,deepseek_pro,0.9999993936,1,10.0
holdout_prompt_P1,deepseek_pro_b013_P1_r1,A,deepseek_pro,0.9995986709,1,10.0
holdout_prompt_P1,deepseek_pro_b013_P1_r2,A,deepseek_pro,0.9999997952,1,10.0
holdout_prompt_P1,deepseek_pro_b014_P1_r1,A,deepseek_pro,0.9996941528,1,10.0
holdout_prompt_P1,deepseek_pro_b014_P1_r2,A,deepseek_pro,0.9999991709,1,10.0
holdout_prompt_P1,deepseek_pro_b015_P1_r1,A,deepseek_pro,0.9997699572,1,10.0
holdout_prompt_P1,deepseek_pro_b015_P1_r2,A,deepseek_pro,0.9999999917,1,10.0
holdout_prompt_P1,deepseek_pro_b016_P1_r1,A,deepseek_pro,0.8719802208,1,10.0
holdout_prompt_P1,deepseek_pro_b016_P1_r2,A,deepseek_pro,0.9875611070,1,10.0
holdout_prompt_P1,deepseek_pro_b017_P1_r1,A,deepseek_pro,0.9999985236,1,10.0
holdout_prompt_P1,deepseek_pro_b017_P1_r2,A,deepseek_pro,0.9999889002,1,10.0
holdout_prompt_P1,deepseek_pro_b018_P1_r1,A,deepseek_pro,0.9999999481,1,10.0
holdout_prompt_P1,deepseek_pro_b018_P1_r2,A,deepseek_pro,0.9980984476,1,10.0
holdout_prompt_P1,deepseek_pro_b019_P1_r1,A,deepseek_pro,0.9999939800,1,10.0
holdout_prompt_P1,deepseek_pro_b019_P1_r2,A,deepseek_pro,0.9891332855,1,10.0
holdout_prompt_P1,deepseek_pro_b020_P1_r1,A,deepseek_pro,0.9998570267,1,10.0
holdout_prompt_P1,deepseek_pro_b020_P1_r2,A,deepseek_pro,0.9999905224,1,10.0
holdout_prompt_P1,deepseek_pro_b021_P1_r1,A,deepseek_pro,0.9995690797,1,10.0
holdout_prompt_P1,deepseek_pro_b021_P1_r2,A,deepseek_pro,0.9975277646,1,10.0
holdout_prompt_P1,deepseek_pro_b022_P1_r1,A,deepseek_pro,0.9998727009,1,10.0
holdout_prompt_P1,deepseek_pro_b022_P1_r2,A,deepseek_pro,0.9998948711,1,10.0
holdout_prompt_P1,deepseek_pro_b023_P1_r1,A,deepseek_pro,0.9996283669,1,10.0
holdout_prompt_P1,deepseek_pro_b023_P1_r2,A,deepseek_pro,0.9999998120,1,10.0
holdout_prompt_P1,deepseek_pro_b024_P1_r1,A,deepseek_pro,0.9999999960,1,10.0
holdout_prompt_P1,deepseek_pro_b024_P1_r2,A,deepseek_pro,0.9999999672,1,10.0
holdout_prompt_P1,deepseek_pro_b025_P1_r1,A,deepseek_pro,0.9999990674,1,10.0
holdout_prompt_P1,deepseek_pro_b025_P1_r2,A,deepseek_pro,0.9999355020,1,10.0
holdout_prompt_P1,deepseek_pro_b026_P1_r1,A,deepseek_pro,0.9999996091,1,10.0
holdout_prompt_P1,deepseek_pro_b026_P1_r2,A,deepseek_pro,0.9998324455,1,10.0
holdout_prompt_P1,deepseek_pro_b027_P1_r1,A,deepseek_pro,0.9991285538,1,10.0
holdout_prompt_P1,deepseek_pro_b027_P1_r2,A,deepseek_pro,0.9994788809,1,10.0
holdout_prompt_P1,deepseek_pro_b028_P1_r1,A,deepseek_pro,0.9999638176,1,10.0
holdout_prompt_P1,deepseek_pro_b028_P1_r2,A,deepseek_pro,0.9999874584,1,10.0
holdout_prompt_P1,deepseek_pro_b029_P1_r1,A,deepseek_pro,0.9999574929,1,10.0
holdout_prompt_P1,deepseek_pro_b029_P1_r2,A,deepseek_pro,0.9999991516,1,10.0
holdout_prompt_P1,deepseek_pro_b030_P1_r1,A,deepseek_pro,0.9629940554,1,10.0
holdout_prompt_P1,deepseek_pro_b030_P1_r2,A,deepseek_pro,0.9999010041,1,10.0
holdout_prompt_P1,deepseek_pro_b031_P1_r1,A,deepseek_pro,0.9999999941,1,10.0
holdout_prompt_P1,deepseek_pro_b031_P1_r2,A,deepseek_pro,0.9999999899,1,10.0
holdout_prompt_P1,deepseek_pro_b032_P1_r1,A,deepseek_pro,0.9951963176,1,10.0
holdout_prompt_P1,deepseek_pro_b032_P1_r2,A,deepseek_pro,0.9999950777,1,10.0
holdout_prompt_P1,deepseek_pro_b033_P1_r1,A,deepseek_pro,0.9999999966,1,10.0
holdout_prompt_P1,deepseek_pro_b033_P1_r2,A,deepseek_pro,0.9999999509,1,10.0
holdout_prompt_P1,deepseek_pro_b034_P1_r1,A,deepseek_pro,0.9999993558,1,10.0
holdout_prompt_P1,deepseek_pro_b034_P1_r2,A,deepseek_pro,0.9999997470,1,10.0
holdout_prompt_P1,deepseek_pro_b035_P1_r1,A,deepseek_pro,0.9999969402,1,10.0
holdout_prompt_P1,deepseek_pro_b035_P1_r2,A,deepseek_pro,0.9999446762,1,10.0
holdout_prompt_P1,deepseek_pro_b036_P1_r1,A,deepseek_pro,0.6605646488,1,10.0
holdout_prompt_P1,deepseek_pro_b036_P1_r2,A,deepseek_pro,0.9974625988,1,10.0
holdout_prompt_P1,deepseek_pro_b037_P1_r1,A,deepseek_pro,0.9999995720,1,10.0
holdout_prompt_P1,deepseek_pro_b037_P1_r2,A,deepseek_pro,0.9995886386,1,10.0
holdout_prompt_P1,deepseek_pro_b038_P1_r1,A,deepseek_pro,0.9945384674,1,10.0
holdout_prompt_P1,deepseek_pro_b038_P1_r2,A,deepseek_pro,0.9975401169,1,10.0
holdout_prompt_P1,deepseek_pro_b039_P1_r1,A,deepseek_pro,0.9999999990,1,10.0
holdout_prompt_P1,deepseek_pro_b039_P1_r2,A,deepseek_pro,0.9999999995,1,10.0
holdout_prompt_P1,deepseek_pro_b040_P1_r1,A,deepseek_pro,0.9999998646,1,10.0
holdout_prompt_P1,deepseek_pro_b040_P1_r2,A,deepseek_pro,0.9999995498,1,10.0
holdout_prompt_P1,deepseek_pro_b041_P1_r1,A,deepseek_pro,0.9498643010,1,10.0
holdout_prompt_P1,deepseek_pro_b041_P1_r2,A,deepseek_pro,0.9999651464,1,10.0
holdout_prompt_P1,deepseek_pro_b042_P1_r1,A,deepseek_pro,0.9999244246,1,10.0
holdout_prompt_P1,deepseek_pro_b042_P1_r2,A,deepseek_pro,0.9999643094,1,10.0
holdout_prompt_P1,deepseek_pro_b043_P1_r1,A,deepseek_pro,0.9999932031,1,10.0
holdout_prompt_P1,deepseek_pro_b043_P1_r2,A,deepseek_pro,0.9995843624,1,10.0
holdout_prompt_P1,deepseek_pro_b044_P1_r1,A,deepseek_pro,0.9999267680,1,10.0
holdout_prompt_P1,deepseek_pro_b044_P1_r2,A,deepseek_pro,0.9995856471,1,10.0
holdout_prompt_P1,deepseek_pro_b045_P1_r1,A,deepseek_pro,0.9999999721,1,10.0
holdout_prompt_P1,deepseek_pro_b045_P1_r2,A,deepseek_pro,0.9999748408,1,10.0
holdout_prompt_P1,gpt_b001_P1_r1,A,gpt,0.9856094110,1,10.0
holdout_prompt_P1,gpt_b001_P1_r2,A,gpt,0.0633854669,0,10.0
holdout_prompt_P1,gpt_b002_P1_r1,A,gpt,0.9910190640,1,10.0
holdout_prompt_P1,gpt_b002_P1_r2,A,gpt,0.7834278906,1,10.0
holdout_prompt_P1,gpt_b003_P1_r1,A,gpt,0.9986307084,1,10.0
holdout_prompt_P1,gpt_b003_P1_r2,A,gpt,0.9999343339,1,10.0
holdout_prompt_P1,gpt_b004_P1_r1,A,gpt,0.7280240480,1,10.0
holdout_prompt_P1,gpt_b004_P1_r2,A,gpt,0.9953108864,1,10.0
holdout_prompt_P1,gpt_b005_P1_r1,A,gpt,0.9993276102,1,10.0
holdout_prompt_P1,gpt_b005_P1_r2,A,gpt,0.9998816422,1,10.0
holdout_prompt_P1,gpt_b006_P1_r1,A,gpt,0.9852028618,1,10.0
holdout_prompt_P1,gpt_b006_P1_r2,A,gpt,0.8392094252,1,10.0
holdout_prompt_P1,gpt_b007_P1_r1,A,gpt,0.8922955736,1,10.0
holdout_prompt_P1,gpt_b007_P1_r2,A,gpt,0.9999037173,1,10.0
holdout_prompt_P1,gpt_b008_P1_r1,A,gpt,0.9940355309,1,10.0
holdout_prompt_P1,gpt_b008_P1_r2,A,gpt,0.9995094325,1,10.0
holdout_prompt_P1,gpt_b009_P1_r1,A,gpt,0.9994937625,1,10.0
holdout_prompt_P1,gpt_b009_P1_r2,A,gpt,0.9140532304,1,10.0
holdout_prompt_P1,gpt_b010_P1_r1,A,gpt,0.9933820056,1,10.0
holdout_prompt_P1,gpt_b010_P1_r2,A,gpt,0.9995624783,1,10.0
holdout_prompt_P1,gpt_b011_P1_r1,A,gpt,0.9997400565,1,10.0
holdout_prompt_P1,gpt_b011_P1_r2,A,gpt,0.9999656209,1,10.0
holdout_prompt_P1,gpt_b012_P1_r1,A,gpt,0.9986123111,1,10.0
holdout_prompt_P1,gpt_b012_P1_r2,A,gpt,0.9994463198,1,10.0
holdout_prompt_P1,gpt_b013_P1_r1,A,gpt,0.9998148353,1,10.0
holdout_prompt_P1,gpt_b013_P1_r2,A,gpt,0.9996785410,1,10.0
holdout_prompt_P1,gpt_b014_P1_r1,A,gpt,0.9996410070,1,10.0
holdout_prompt_P1,gpt_b014_P1_r2,A,gpt,0.9996088357,1,10.0
holdout_prompt_P1,gpt_b015_P1_r1,A,gpt,0.9999327666,1,10.0
holdout_prompt_P1,gpt_b015_P1_r2,A,gpt,0.9994918316,1,10.0
holdout_prompt_P1,gpt_b016_P1_r1,A,gpt,0.9999596692,1,10.0
holdout_prompt_P1,gpt_b016_P1_r2,A,gpt,0.9942735943,1,10.0
holdout_prompt_P1,gpt_b017_P1_r1,A,gpt,0.9995819658,1,10.0
holdout_prompt_P1,gpt_b017_P1_r2,A,gpt,0.9650330180,1,10.0
holdout_prompt_P1,gpt_b018_P1_r1,A,gpt,0.9999045017,1,10.0
holdout_prompt_P1,gpt_b018_P1_r2,A,gpt,0.9991419719,1,10.0
holdout_prompt_P1,gpt_b019_P1_r1,A,gpt,0.9995049940,1,10.0
holdout_prompt_P1,gpt_b019_P1_r2,A,gpt,0.9989456457,1,10.0
holdout_prompt_P1,gpt_b020_P1_r1,A,gpt,0.9998938506,1,10.0
holdout_prompt_P1,gpt_b020_P1_r2,A,gpt,0.9998918455,1,10.0
holdout_prompt_P1,gpt_b021_P1_r1,A,gpt,0.9965245401,1,10.0
holdout_prompt_P1,gpt_b021_P1_r2,A,gpt,0.9999646968,1,10.0
holdout_prompt_P1,gpt_b022_P1_r1,A,gpt,0.9993849883,1,10.0
holdout_prompt_P1,gpt_b022_P1_r2,A,gpt,0.9990732174,1,10.0
holdout_prompt_P1,gpt_b023_P1_r1,A,gpt,0.9984403592,1,10.0
holdout_prompt_P1,gpt_b023_P1_r2,A,gpt,0.9999830952,1,10.0
holdout_prompt_P1,gpt_b024_P1_r1,A,gpt,0.9999452137,1,10.0
holdout_prompt_P1,gpt_b024_P1_r2,A,gpt,0.9999325438,1,10.0
holdout_prompt_P1,gpt_b025_P1_r1,A,gpt,0.9999254481,1,10.0
holdout_prompt_P1,gpt_b025_P1_r2,A,gpt,0.9999635824,1,10.0
holdout_prompt_P1,gpt_b026_P1_r1,A,gpt,0.9999191104,1,10.0
holdout_prompt_P1,gpt_b026_P1_r2,A,gpt,0.8433134316,1,10.0
holdout_prompt_P1,gpt_b027_P1_r1,A,gpt,0.9998590308,1,10.0
holdout_prompt_P1,gpt_b027_P1_r2,A,gpt,0.9973468455,1,10.0
holdout_prompt_P1,gpt_b028_P1_r1,A,gpt,0.9994349768,1,10.0
holdout_prompt_P1,gpt_b028_P1_r2,A,gpt,0.9992898904,1,10.0
holdout_prompt_P1,gpt_b029_P1_r1,A,gpt,0.9959012249,1,10.0
holdout_prompt_P1,gpt_b029_P1_r2,A,gpt,0.7770737504,1,10.0
holdout_prompt_P1,gpt_b030_P1_r1,A,gpt,0.9998379364,1,10.0
holdout_prompt_P1,gpt_b030_P1_r2,A,gpt,0.9901888264,1,10.0
holdout_prompt_P1,gpt_b031_P1_r1,A,gpt,0.9999381406,1,10.0
holdout_prompt_P1,gpt_b031_P1_r2,A,gpt,0.9999676929,1,10.0
holdout_prompt_P1,gpt_b032_P1_r1,A,gpt,0.9999942061,1,10.0
holdout_prompt_P1,gpt_b032_P1_r2,A,gpt,0.9993041946,1,10.0
holdout_prompt_P1,gpt_b033_P1_r1,A,gpt,0.9999864535,1,10.0
holdout_prompt_P1,gpt_b033_P1_r2,A,gpt,0.9999550266,1,10.0
holdout_prompt_P1,gpt_b034_P1_r1,A,gpt,0.9999917599,1,10.0
holdout_prompt_P1,gpt_b034_P1_r2,A,gpt,0.9999928357,1,10.0
holdout_prompt_P1,gpt_b035_P1_r1,A,gpt,0.9998609639,1,10.0
holdout_prompt_P1,gpt_b035_P1_r2,A,gpt,0.9998123083,1,10.0
holdout_prompt_P1,gpt_b036_P1_r1,A,gpt,0.9999594450,1,10.0
holdout_prompt_P1,gpt_b036_P1_r2,A,gpt,0.9999920063,1,10.0
holdout_prompt_P1,gpt_b037_P1_r1,A,gpt,0.9999744773,1,10.0
holdout_prompt_P1,gpt_b037_P1_r2,A,gpt,0.9999774921,1,10.0
holdout_prompt_P1,gpt_b038_P1_r1,A,gpt,0.9967075150,1,10.0
holdout_prompt_P1,gpt_b038_P1_r2,A,gpt,0.9997059186,1,10.0
holdout_prompt_P1,gpt_b039_P1_r1,A,gpt,0.9999411686,1,10.0
holdout_prompt_P1,gpt_b039_P1_r2,A,gpt,0.9999834414,1,10.0
holdout_prompt_P1,gpt_b040_P1_r1,A,gpt,0.9999996389,1,10.0
holdout_prompt_P1,gpt_b040_P1_r2,A,gpt,0.9999913943,1,10.0
holdout_prompt_P1,gpt_b041_P1_r1,A,gpt,0.9995254719,1,10.0
holdout_prompt_P1,gpt_b041_P1_r2,A,gpt,0.9994129016,1,10.0
holdout_prompt_P1,gpt_b042_P1_r1,A,gpt,0.9994490590,1,10.0
holdout_prompt_P1,gpt_b042_P1_r2,A,gpt,0.9999900983,1,10.0
holdout_prompt_P1,gpt_b043_P1_r1,A,gpt,0.9999039830,1,10.0
holdout_prompt_P1,gpt_b043_P1_r2,A,gpt,0.9999999571,1,10.0
holdout_prompt_P1,gpt_b044_P1_r1,A,gpt,0.9999464593,1,10.0
holdout_prompt_P1,gpt_b044_P1_r2,A,gpt,0.9999917695,1,10.0
holdout_prompt_P1,gpt_b045_P1_r1,A,gpt,0.9999736357,1,10.0
holdout_prompt_P1,gpt_b045_P1_r2,A,gpt,0.9997940192,1,10.0
holdout_prompt_P1,human_hard_rusltc_0001,H,,0.0001462113,0,10.0
holdout_prompt_P1,human_hard_rusltc_0002,H,,0.0000123673,0,10.0
holdout_prompt_P1,human_hard_rusltc_0003,H,,0.0014683888,0,10.0
holdout_prompt_P1,human_hard_rusltc_0004,H,,0.0002048704,0,10.0
holdout_prompt_P1,human_hard_rusltc_0005,H,,0.0000000110,0,10.0
holdout_prompt_P1,human_hard_rusltc_0006,H,,0.0000605713,0,10.0
holdout_prompt_P1,human_hard_rusltc_0007,H,,0.0000001698,0,10.0
holdout_prompt_P1,human_hard_rusltc_0008,H,,0.0071305971,0,10.0
holdout_prompt_P1,human_hard_rusltc_0009,H,,0.0004295741,0,10.0
holdout_prompt_P1,human_hard_rusltc_0010,H,,0.0000783271,0,10.0
holdout_prompt_P1,human_hard_rusltc_0011,H,,0.0002774270,0,10.0
holdout_prompt_P1,human_hard_rusltc_0012,H,,0.0359864995,0,10.0
holdout_prompt_P1,human_hard_rusltc_0013,H,,0.6922552909,1,10.0
holdout_prompt_P1,human_hard_rusltc_0014,H,,0.0003161818,0,10.0
holdout_prompt_P1,human_hard_rusltc_0015,H,,0.0011212833,0,10.0
holdout_prompt_P1,human_hard_rusltc_0016,H,,0.1134428409,0,10.0
holdout_prompt_P1,human_hard_rusltc_0017,H,,0.0192868801,0,10.0
holdout_prompt_P1,human_hard_rusltc_0018,H,,0.0014731837,0,10.0
holdout_prompt_P1,human_hard_rusltc_0019,H,,0.0000239385,0,10.0
holdout_prompt_P1,human_hard_rusltc_0020,H,,0.0000016478,0,10.0
holdout_prompt_P1,human_hard_rusltc_0021,H,,0.0020593340,0,10.0
holdout_prompt_P1,human_hard_rusltc_0022,H,,0.0934561005,0,10.0
holdout_prompt_P1,human_hard_rusltc_0023,H,,0.0077811485,0,10.0
holdout_prompt_P1,human_hard_rusltc_0024,H,,0.0013331799,0,10.0
holdout_prompt_P1,human_hard_rusltc_0025,H,,0.0403893293,0,10.0
holdout_prompt_P1,human_hard_rusltc_0026,H,,0.3682144859,0,10.0
holdout_prompt_P1,human_hard_rusltc_0027,H,,0.0006858214,0,10.0
holdout_prompt_P1,human_hard_rusltc_0028,H,,0.0000111068,0,10.0
holdout_prompt_P1,human_hard_rusltc_0029,H,,0.2524946596,0,10.0
holdout_prompt_P1,human_hard_rusltc_0030,H,,0.0000039169,0,10.0
holdout_prompt_P1,human_hard_rusltc_0031,H,,0.0000508196,0,10.0
holdout_prompt_P1,human_hard_rusltc_0032,H,,0.0000004424,0,10.0
holdout_prompt_P1,human_hard_rusltc_0033,H,,0.0000097193,0,10.0
holdout_prompt_P1,human_hard_rusltc_0034,H,,0.0010537998,0,10.0
holdout_prompt_P1,human_hard_rusltc_0035,H,,0.2391075789,0,10.0
holdout_prompt_P1,human_hard_rusltc_0036,H,,0.0214830409,0,10.0
holdout_prompt_P1,human_hard_rusltc_0037,H,,0.0294185525,0,10.0
holdout_prompt_P1,human_hard_rusltc_0038,H,,0.0019459363,0,10.0
holdout_prompt_P1,human_hard_rusltc_0039,H,,0.0000037279,0,10.0
holdout_prompt_P1,human_hard_rusltc_0040,H,,0.0001589851,0,10.0
holdout_prompt_P1,human_hard_rusltc_0041,H,,0.0027297205,0,10.0
holdout_prompt_P1,human_hard_rusltc_0042,H,,0.0000000002,0,10.0
holdout_prompt_P1,human_hard_rusltc_0043,H,,0.0080027672,0,10.0
holdout_prompt_P1,human_hard_rusltc_0044,H,,0.0473437014,0,10.0
holdout_prompt_P1,human_hard_rusltc_0045,H,,0.0007084117,0,10.0
holdout_prompt_P1,human_hard_rusltc_0046,H,,0.0053057778,0,10.0
holdout_prompt_P1,human_hard_rusltc_0047,H,,0.0076195790,0,10.0
holdout_prompt_P1,human_hard_rusltc_0048,H,,0.0187161720,0,10.0
holdout_prompt_P1,human_hard_rusltc_0049,H,,0.0000320501,0,10.0
holdout_prompt_P1,human_hard_rusltc_0050,H,,0.0001236371,0,10.0
holdout_prompt_P1,human_hard_rusltc_0051,H,,0.0000221542,0,10.0
holdout_prompt_P1,human_hard_rusltc_0052,H,,0.1798334312,0,10.0
holdout_prompt_P1,human_hard_rusltc_0053,H,,0.0013519463,0,10.0
holdout_prompt_P1,human_hard_rusltc_0054,H,,0.0000143142,0,10.0
holdout_prompt_P1,human_hard_rusltc_0055,H,,0.0021434809,0,10.0
holdout_prompt_P1,human_hard_rusltc_0056,H,,0.0303141152,0,10.0
holdout_prompt_P1,human_hard_rusltc_0057,H,,0.0000056328,0,10.0
holdout_prompt_P1,human_hard_rusltc_0058,H,,0.0030542451,0,10.0
holdout_prompt_P1,human_hard_rusltc_0059,H,,0.0000730270,0,10.0
holdout_prompt_P1,human_hard_rusltc_0060,H,,0.0037830041,0,10.0
holdout_prompt_P1,human_hard_rusltc_0061,H,,0.0004027466,0,10.0
holdout_prompt_P1,human_hard_rusltc_0062,H,,0.0005393681,0,10.0
holdout_prompt_P1,human_hard_rusltc_0063,H,,0.0009495816,0,10.0
holdout_prompt_P1,human_hard_rusltc_0064,H,,0.7908553245,1,10.0
holdout_prompt_P1,human_hard_rusltc_0065,H,,0.0024599619,0,10.0
holdout_prompt_P1,human_hard_rusltc_0066,H,,0.0145601339,0,10.0
holdout_prompt_P1,human_hard_rusltc_0067,H,,0.0033870451,0,10.0
holdout_prompt_P1,human_hard_rusltc_0068,H,,0.0000000476,0,10.0
holdout_prompt_P1,human_hard_rusltc_0069,H,,0.0068765432,0,10.0
holdout_prompt_P1,human_hard_rusltc_0070,H,,0.2352658821,0,10.0
holdout_prompt_P1,human_hard_rusltc_0071,H,,0.0004788030,0,10.0
holdout_prompt_P1,human_hard_rusltc_0072,H,,0.0376652293,0,10.0
holdout_prompt_P1,human_hard_rusltc_0073,H,,0.0043721510,0,10.0
holdout_prompt_P1,human_news_buriy_2014_0001,H,,0.0000028258,0,10.0
holdout_prompt_P1,human_news_buriy_2014_0002,H,,0.0000003670,0,10.0
holdout_prompt_P1,human_news_buriy_2014_0003,H,,0.0000077774,0,10.0
holdout_prompt_P1,human_news_buriy_2014_0004,H,,0.0000000492,0,10.0
holdout_prompt_P1,human_news_buriy_2014_0005,H,,0.0023835817,0,10.0
holdout_prompt_P1,human_news_buriy_2014_0006,H,,0.0000471615,0,10.0
holdout_prompt_P1,human_news_buriy_2014_0007,H,,0.0045762967,0,10.0
holdout_prompt_P1,human_news_buriy_2014_0008,H,,0.0006189278,0,10.0
holdout_prompt_P1,human_news_buriy_2014_0009,H,,0.0000143235,0,10.0
holdout_prompt_P1,human_news_buriy_2014_0010,H,,0.0000000576,0,10.0
holdout_prompt_P1,human_news_buriy_2014_0011,H,,0.0000060239,0,10.0
holdout_prompt_P1,human_news_buriy_2014_0012,H,,0.0000004693,0,10.0
holdout_prompt_P1,human_news_buriy_2014_0013,H,,0.0007804198,0,10.0
holdout_prompt_P1,human_news_buriy_2014_0014,H,,0.0000183159,0,10.0
holdout_prompt_P1,human_news_buriy_2014_0015,H,,0.0000005469,0,10.0
holdout_prompt_P1,human_news_buriy_2014_0016,H,,0.0000002928,0,10.0
holdout_prompt_P1,human_news_buriy_2014_0017,H,,0.8611720436,1,10.0
holdout_prompt_P1,human_news_buriy_2014_0018,H,,0.0000175185,0,10.0
holdout_prompt_P1,human_news_buriy_2014_0019,H,,0.0221719858,0,10.0
holdout_prompt_P1,human_news_buriy_2014_0020,H,,0.0000000011,0,10.0
holdout_prompt_P1,human_news_buriy_2014_0021,H,,0.0667767624,0,10.0
holdout_prompt_P1,human_news_buriy_2014_0022,H,,0.0000007131,0,10.0
holdout_prompt_P1,human_news_buriy_2014_0023,H,,0.0000000852,0,10.0
holdout_prompt_P1,human_news_buriy_2014_0024,H,,0.0000017617,0,10.0
holdout_prompt_P1,human_news_buriy_2014_0025,H,,0.0000037436,0,10.0
holdout_prompt_P1,human_news_buriy_2014_0026,H,,0.0000047357,0,10.0
holdout_prompt_P1,human_news_buriy_2014_0027,H,,0.0000027802,0,10.0
holdout_prompt_P1,human_news_buriy_2014_0028,H,,0.0000001692,0,10.0
holdout_prompt_P1,human_news_buriy_2014_0029,H,,0.0000021892,0,10.0
holdout_prompt_P1,human_news_buriy_2014_0030,H,,0.0052366574,0,10.0
holdout_prompt_P1,human_news_buriy_2014_0031,H,,0.0000080155,0,10.0
holdout_prompt_P1,human_news_buriy_2014_0032,H,,0.0000014599,0,10.0
holdout_prompt_P1,human_news_buriy_2014_0033,H,,0.0000371097,0,10.0
holdout_prompt_P1,human_news_buriy_2014_0034,H,,0.0028086607,0,10.0
holdout_prompt_P1,human_news_buriy_2014_0035,H,,0.0000001465,0,10.0
holdout_prompt_P1,human_news_buriy_2014_0036,H,,0.0000407213,0,10.0
holdout_prompt_P1,human_news_buriy_2014_0037,H,,0.0000289594,0,10.0
holdout_prompt_P1,human_news_buriy_2014_0038,H,,0.0000000908,0,10.0
holdout_prompt_P1,human_news_buriy_2014_0039,H,,0.0000286409,0,10.0
holdout_prompt_P1,human_news_buriy_2014_0040,H,,0.0000051102,0,10.0
holdout_prompt_P1,human_news_buriy_2014_0041,H,,0.0146211963,0,10.0
holdout_prompt_P1,human_news_buriy_2014_0042,H,,0.0000003187,0,10.0
holdout_prompt_P1,human_news_buriy_2014_0043,H,,0.0000495584,0,10.0
holdout_prompt_P1,human_news_buriy_2014_0044,H,,0.0013030853,0,10.0
holdout_prompt_P1,human_news_buriy_2014_0045,H,,0.0000790652,0,10.0
holdout_prompt_P1,human_news_buriy_2014_0046,H,,0.0000437987,0,10.0
holdout_prompt_P1,human_news_buriy_2014_0047,H,,0.0000019778,0,10.0
holdout_prompt_P1,human_news_buriy_2014_0048,H,,0.0000018462,0,10.0
holdout_prompt_P1,human_news_buriy_2014_0049,H,,0.0000000584,0,10.0
holdout_prompt_P1,human_news_buriy_2014_0050,H,,0.0001417438,0,10.0
holdout_prompt_P1,human_news_buriy_2014_0051,H,,0.9131066664,1,10.0
holdout_prompt_P1,human_news_buriy_2014_0052,H,,0.0000002994,0,10.0
holdout_prompt_P1,human_news_buriy_2014_0053,H,,0.0000000007,0,10.0
holdout_prompt_P1,human_news_buriy_2014_0054,H,,0.0511190866,0,10.0
holdout_prompt_P1,human_news_buriy_2014_0055,H,,0.0000000049,0,10.0
holdout_prompt_P1,human_news_buriy_2014_0056,H,,0.0581652835,0,10.0
holdout_prompt_P1,human_news_buriy_2014_0057,H,,0.0000047797,0,10.0
holdout_prompt_P1,human_news_buriy_2014_0058,H,,0.0011640333,0,10.0
holdout_prompt_P1,human_news_buriy_2014_0059,H,,0.0000005219,0,10.0
holdout_prompt_P1,human_news_buriy_2014_0060,H,,0.0000012884,0,10.0
holdout_prompt_P1,human_news_gazeta_0001,H,,0.0005830395,0,10.0
holdout_prompt_P1,human_news_gazeta_0002,H,,0.2001327313,0,10.0
holdout_prompt_P1,human_news_gazeta_0003,H,,0.1036064835,0,10.0
holdout_prompt_P1,human_news_gazeta_0004,H,,0.0006712577,0,10.0
holdout_prompt_P1,human_news_gazeta_0005,H,,0.0000019474,0,10.0
holdout_prompt_P1,human_news_gazeta_0006,H,,0.0000171215,0,10.0
holdout_prompt_P1,human_news_gazeta_0007,H,,0.0000026969,0,10.0
holdout_prompt_P1,human_news_gazeta_0008,H,,0.0127430921,0,10.0
holdout_prompt_P1,human_news_gazeta_0009,H,,0.0000066571,0,10.0
holdout_prompt_P1,human_news_gazeta_0010,H,,0.0059628918,0,10.0
holdout_prompt_P1,human_news_gazeta_0011,H,,0.0000001417,0,10.0
holdout_prompt_P1,human_news_gazeta_0012,H,,0.0005644191,0,10.0
holdout_prompt_P1,human_news_gazeta_0013,H,,0.0039937614,0,10.0
holdout_prompt_P1,human_news_gazeta_0014,H,,0.0000000374,0,10.0
holdout_prompt_P1,human_news_gazeta_0015,H,,0.0025424263,0,10.0
holdout_prompt_P1,human_news_gazeta_0016,H,,0.0000001383,0,10.0
holdout_prompt_P1,human_news_gazeta_0017,H,,0.0756158947,0,10.0
holdout_prompt_P1,human_news_gazeta_0018,H,,0.0120419898,0,10.0
holdout_prompt_P1,human_news_gazeta_0019,H,,0.0000088918,0,10.0
holdout_prompt_P1,human_news_gazeta_0020,H,,0.0000030552,0,10.0
holdout_prompt_P1,human_news_gazeta_0021,H,,0.0030846407,0,10.0
holdout_prompt_P1,human_news_gazeta_0022,H,,0.0010801947,0,10.0
holdout_prompt_P1,human_news_gazeta_0023,H,,0.0000007144,0,10.0
holdout_prompt_P1,human_news_gazeta_0024,H,,0.0001687229,0,10.0
holdout_prompt_P1,human_news_gazeta_0025,H,,0.0000882075,0,10.0
holdout_prompt_P1,human_news_gazeta_0026,H,,0.0000038535,0,10.0
holdout_prompt_P1,human_news_gazeta_0027,H,,0.0000069312,0,10.0
holdout_prompt_P1,human_news_gazeta_0028,H,,0.0000010721,0,10.0
holdout_prompt_P1,human_news_gazeta_0029,H,,0.0064820654,0,10.0
holdout_prompt_P1,human_news_gazeta_0030,H,,0.3891831308,0,10.0
holdout_prompt_P1,human_news_gazeta_0031,H,,0.0015192345,0,10.0
holdout_prompt_P1,human_news_gazeta_0032,H,,0.0000381559,0,10.0
holdout_prompt_P1,human_news_gazeta_0033,H,,0.0004706503,0,10.0
holdout_prompt_P1,human_news_gazeta_0034,H,,0.0248092743,0,10.0
holdout_prompt_P1,human_news_gazeta_0035,H,,0.0120466535,0,10.0
holdout_prompt_P1,human_news_gazeta_0036,H,,0.0000592459,0,10.0
holdout_prompt_P1,human_news_gazeta_0037,H,,0.3461927312,0,10.0
holdout_prompt_P1,human_news_gazeta_0038,H,,0.4170457705,0,10.0
holdout_prompt_P1,human_news_gazeta_0039,H,,0.0067372319,0,10.0
holdout_prompt_P1,human_news_gazeta_0040,H,,0.0020953938,0,10.0
holdout_prompt_P1,human_news_gazeta_0041,H,,0.0000001313,0,10.0
holdout_prompt_P1,human_news_gazeta_0042,H,,0.0001868054,0,10.0
holdout_prompt_P1,human_news_gazeta_0043,H,,0.0147932404,0,10.0
holdout_prompt_P1,human_news_gazeta_0044,H,,0.0000066349,0,10.0
holdout_prompt_P1,human_news_gazeta_0045,H,,0.0000071859,0,10.0
holdout_prompt_P1,human_news_gazeta_0046,H,,0.0000003006,0,10.0
holdout_prompt_P1,human_news_gazeta_0047,H,,0.0001125245,0,10.0
holdout_prompt_P1,human_news_gazeta_0048,H,,0.0448629294,0,10.0
holdout_prompt_P1,human_news_gazeta_0049,H,,0.0415758368,0,10.0
holdout_prompt_P1,human_news_gazeta_0050,H,,0.0002677397,0,10.0
holdout_prompt_P1,human_news_gazeta_0051,H,,0.0000329276,0,10.0
holdout_prompt_P1,human_news_gazeta_0052,H,,0.1062548929,0,10.0
holdout_prompt_P1,human_news_gazeta_0053,H,,0.0322518612,0,10.0
holdout_prompt_P1,human_news_gazeta_0054,H,,0.0083427211,0,10.0
holdout_prompt_P1,human_news_gazeta_0055,H,,0.0000065956,0,10.0
holdout_prompt_P1,human_news_gazeta_0056,H,,0.0000668455,0,10.0
holdout_prompt_P1,human_news_gazeta_0057,H,,0.0148402251,0,10.0
holdout_prompt_P1,human_news_gazeta_0058,H,,0.0002019946,0,10.0
holdout_prompt_P1,human_news_gazeta_0059,H,,0.0000497034,0,10.0
holdout_prompt_P1,human_news_gazeta_0060,H,,0.0000010108,0,10.0
holdout_prompt_P1,human_news_lenta_0001,H,,0.0075822235,0,10.0
holdout_prompt_P1,human_news_lenta_0002,H,,0.0000223027,0,10.0
holdout_prompt_P1,human_news_lenta_0004,H,,0.0045289810,0,10.0
holdout_prompt_P1,human_news_lenta_0007,H,,0.0000000000,0,10.0
holdout_prompt_P1,human_news_lenta_0009,H,,0.0004958572,0,10.0
holdout_prompt_P1,human_news_lenta_0010,H,,0.0000000003,0,10.0
holdout_prompt_P1,human_news_lenta_0012,H,,0.0000459637,0,10.0
holdout_prompt_P1,human_news_lenta_0013,H,,0.0120004646,0,10.0
holdout_prompt_P1,human_news_lenta_0014,H,,0.0000695297,0,10.0
holdout_prompt_P1,human_news_lenta_0015,H,,0.0019707125,0,10.0
holdout_prompt_P1,human_news_lenta_0016,H,,0.0012832652,0,10.0
holdout_prompt_P1,human_news_lenta_0017,H,,0.0000000001,0,10.0
holdout_prompt_P1,human_news_lenta_0018,H,,0.0000000006,0,10.0
holdout_prompt_P1,human_news_lenta_0021,H,,0.0066839939,0,10.0
holdout_prompt_P1,human_news_lenta_0022,H,,0.0000060628,0,10.0
holdout_prompt_P1,human_news_lenta_0023,H,,0.0257237558,0,10.0
holdout_prompt_P1,human_news_lenta_0024,H,,0.0014237630,0,10.0
holdout_prompt_P1,human_news_lenta_0027,H,,0.1745950468,0,10.0
holdout_prompt_P1,human_news_lenta_0029,H,,0.0297159982,0,10.0
holdout_prompt_P1,human_news_lenta_0034,H,,0.0000144169,0,10.0
holdout_prompt_P1,human_news_lenta_0036,H,,0.0008211023,0,10.0
holdout_prompt_P1,human_news_lenta_0039,H,,0.0000000000,0,10.0
holdout_prompt_P1,human_news_lenta_0040,H,,0.0753677204,0,10.0
holdout_prompt_P1,human_news_lenta_0041,H,,0.0000003913,0,10.0
holdout_prompt_P1,human_news_lenta_0042,H,,0.0000000262,0,10.0
holdout_prompt_P1,human_news_lenta_0044,H,,0.0000263999,0,10.0
holdout_prompt_P1,human_news_lenta_0045,H,,0.0053520140,0,10.0
holdout_prompt_P1,human_news_lenta_0046,H,,0.0000000007,0,10.0
holdout_prompt_P1,human_news_lenta_0049,H,,0.0009664873,0,10.0
holdout_prompt_P1,human_news_lenta_0051,H,,0.0033070042,0,10.0
holdout_prompt_P1,human_news_lenta_0053,H,,0.0000001141,0,10.0
holdout_prompt_P1,human_news_lenta_0055,H,,0.0492101729,0,10.0
holdout_prompt_P1,human_science_cyberleninka_0001,H,,0.0054221887,0,10.0
holdout_prompt_P1,human_science_cyberleninka_0002,H,,0.9302849097,1,10.0
holdout_prompt_P1,human_science_cyberleninka_0003,H,,0.0014020467,0,10.0
holdout_prompt_P1,human_science_cyberleninka_0004,H,,0.0162240155,0,10.0
holdout_prompt_P1,human_science_cyberleninka_0005,H,,0.0002648761,0,10.0
holdout_prompt_P1,human_science_cyberleninka_0006,H,,0.0008984398,0,10.0
holdout_prompt_P1,human_science_cyberleninka_0007,H,,0.0106511153,0,10.0
holdout_prompt_P1,human_science_cyberleninka_0008,H,,0.0000151808,0,10.0
holdout_prompt_P1,human_science_cyberleninka_0009,H,,0.5778924225,1,10.0
holdout_prompt_P1,human_science_cyberleninka_0010,H,,0.0000996782,0,10.0
holdout_prompt_P1,human_science_cyberleninka_0011,H,,0.0000086183,0,10.0
holdout_prompt_P1,human_science_cyberleninka_0013,H,,0.3518748006,0,10.0
holdout_prompt_P1,human_science_cyberleninka_0014,H,,0.0644280245,0,10.0
holdout_prompt_P1,human_science_cyberleninka_0015,H,,0.0000000535,0,10.0
holdout_prompt_P1,human_science_cyberleninka_0016,H,,0.0019214994,0,10.0
holdout_prompt_P1,human_science_cyberleninka_0017,H,,0.0051756266,0,10.0
holdout_prompt_P1,human_science_cyberleninka_0018,H,,0.6737372375,1,10.0
holdout_prompt_P1,human_science_cyberleninka_0019,H,,0.2750897791,0,10.0
holdout_prompt_P1,human_science_cyberleninka_0020,H,,0.0000250038,0,10.0
holdout_prompt_P1,human_science_cyberleninka_0021,H,,0.1716126200,0,10.0
holdout_prompt_P1,human_science_cyberleninka_0022,H,,0.0000920655,0,10.0
holdout_prompt_P1,human_science_cyberleninka_0023,H,,0.6692999411,1,10.0
holdout_prompt_P1,human_science_cyberleninka_0024,H,,0.6369792749,1,10.0
holdout_prompt_P1,human_science_cyberleninka_0025,H,,0.0019081969,0,10.0
holdout_prompt_P1,human_science_cyberleninka_0026,H,,0.0005542242,0,10.0
holdout_prompt_P1,human_science_cyberleninka_0027,H,,0.0046061297,0,10.0
holdout_prompt_P1,human_science_cyberleninka_0028,H,,0.0000005226,0,10.0
holdout_prompt_P1,human_science_cyberleninka_0029,H,,0.0013814703,0,10.0
holdout_prompt_P1,human_science_cyberleninka_0030,H,,0.0000096352,0,10.0
holdout_prompt_P1,human_science_cyberleninka_0031,H,,0.0185063147,0,10.0
holdout_prompt_P1,human_science_cyberleninka_0032,H,,0.0404996198,0,10.0
holdout_prompt_P1,human_science_cyberleninka_0033,H,,0.8016775936,1,10.0
holdout_prompt_P1,human_science_cyberleninka_0034,H,,0.0000201389,0,10.0
holdout_prompt_P1,human_science_cyberleninka_0035,H,,0.2010307072,0,10.0
holdout_prompt_P1,human_science_cyberleninka_0036,H,,0.2303710157,0,10.0
holdout_prompt_P1,human_science_cyberleninka_0037,H,,0.1335464836,0,10.0
holdout_prompt_P1,human_science_cyberleninka_0038,H,,0.0213847165,0,10.0
holdout_prompt_P1,human_science_cyberleninka_0039,H,,0.0005387860,0,10.0
holdout_prompt_P1,human_science_cyberleninka_0040,H,,0.0000122609,0,10.0
holdout_prompt_P1,human_science_cyberleninka_0041,H,,0.0395597152,0,10.0
holdout_prompt_P1,human_science_cyberleninka_0042,H,,0.0000050499,0,10.0
holdout_prompt_P1,human_science_cyberleninka_0043,H,,0.1078606349,0,10.0
holdout_prompt_P1,human_science_cyberleninka_0044,H,,0.8244238945,1,10.0
holdout_prompt_P1,human_science_cyberleninka_0045,H,,0.0000270386,0,10.0
holdout_prompt_P1,human_science_cyberleninka_0046,H,,0.0000005060,0,10.0
holdout_prompt_P1,human_science_cyberleninka_0047,H,,0.0010187370,0,10.0
holdout_prompt_P1,human_science_cyberleninka_0048,H,,0.0000011928,0,10.0
holdout_prompt_P1,human_science_cyberleninka_0049,H,,0.0000078202,0,10.0
holdout_prompt_P1,human_science_cyberleninka_0050,H,,0.0000381146,0,10.0
holdout_prompt_P1,human_science_cyberleninka_0051,H,,0.0599962588,0,10.0
holdout_prompt_P1,human_science_cyberleninka_0052,H,,0.4163608144,0,10.0
holdout_prompt_P1,human_science_cyberleninka_0053,H,,0.0001564040,0,10.0
holdout_prompt_P1,human_science_cyberleninka_0054,H,,0.0054271781,0,10.0
holdout_prompt_P1,human_science_cyberleninka_0055,H,,0.0068479802,0,10.0
holdout_prompt_P1,human_science_cyberleninka_0056,H,,0.0069246363,0,10.0
holdout_prompt_P1,human_science_cyberleninka_0057,H,,0.0187204408,0,10.0
holdout_prompt_P1,human_science_cyberleninka_0058,H,,0.5818874724,1,10.0
holdout_prompt_P1,human_science_cyberleninka_0059,H,,0.5887124890,1,10.0
holdout_prompt_P1,human_science_cyberleninka_0060,H,,0.0057647591,0,10.0
holdout_prompt_P1,human_science_cyberleninka_0067,H,,0.1268618152,0,10.0
holdout_prompt_P1,human_science_spbgu_0001,H,,0.0002083068,0,10.0
holdout_prompt_P1,human_science_spbgu_0002,H,,0.0001734579,0,10.0
holdout_prompt_P1,human_science_spbgu_0003,H,,0.0000350332,0,10.0
holdout_prompt_P1,human_science_spbgu_0004,H,,0.0000000309,0,10.0
holdout_prompt_P1,human_science_spbgu_0005,H,,0.0007392128,0,10.0
holdout_prompt_P1,human_science_spbgu_0006,H,,0.0000460570,0,10.0
holdout_prompt_P1,human_science_spbgu_0007,H,,0.0000046659,0,10.0
holdout_prompt_P1,human_science_spbgu_0008,H,,0.0118534219,0,10.0
holdout_prompt_P1,human_science_spbgu_0009,H,,0.0000022553,0,10.0
holdout_prompt_P1,human_science_spbgu_0010,H,,0.0000525043,0,10.0
holdout_prompt_P1,human_science_spbgu_0011,H,,0.0016208652,0,10.0
holdout_prompt_P1,human_science_spbgu_0012,H,,0.0000028201,0,10.0
holdout_prompt_P1,human_science_spbgu_0013,H,,0.0000065937,0,10.0
holdout_prompt_P1,human_science_spbgu_0014,H,,0.0148165010,0,10.0
holdout_prompt_P1,human_science_spbgu_0015,H,,0.0024338479,0,10.0
holdout_prompt_P1,human_science_spbgu_0016,H,,0.0000049407,0,10.0
holdout_prompt_P1,human_science_spbgu_0017,H,,0.0005066488,0,10.0
holdout_prompt_P1,human_science_spbgu_0018,H,,0.0000072059,0,10.0
holdout_prompt_P1,human_science_spbgu_0019,H,,0.0026236954,0,10.0
holdout_prompt_P1,human_science_spbgu_0020,H,,0.0007059120,0,10.0
holdout_prompt_P1,human_science_spbgu_0021,H,,0.0000019227,0,10.0
holdout_prompt_P1,human_science_spbgu_0022,H,,0.0001210032,0,10.0
holdout_prompt_P1,human_science_spbgu_0023,H,,0.0002497582,0,10.0
holdout_prompt_P1,human_science_spbgu_0024,H,,0.0000028275,0,10.0
holdout_prompt_P1,human_science_spbgu_0025,H,,0.0000058130,0,10.0
holdout_prompt_P1,human_science_spbgu_0026,H,,0.0013999355,0,10.0
holdout_prompt_P1,human_science_spbgu_0027,H,,0.0000006305,0,10.0
holdout_prompt_P1,human_science_spbgu_0028,H,,0.0000012296,0,10.0
holdout_prompt_P1,human_science_spbgu_0029,H,,0.0000007626,0,10.0
holdout_prompt_P1,human_science_spbgu_0030,H,,0.0000032944,0,10.0
holdout_prompt_P1,human_science_spbgu_0031,H,,0.0000443781,0,10.0
holdout_prompt_P1,human_science_spbgu_0032,H,,0.0000062519,0,10.0
holdout_prompt_P1,human_science_spbgu_0033,H,,0.0000006429,0,10.0
holdout_prompt_P1,human_science_spbgu_0034,H,,0.0000926006,0,10.0
holdout_prompt_P1,human_science_spbgu_0035,H,,0.0000001430,0,10.0
holdout_prompt_P1,human_science_spbgu_0036,H,,0.0000106929,0,10.0
holdout_prompt_P1,human_science_spbgu_0037,H,,0.0001588618,0,10.0
holdout_prompt_P1,human_science_spbgu_0038,H,,0.0000009044,0,10.0
holdout_prompt_P1,human_science_spbgu_0039,H,,0.0023039772,0,10.0
holdout_prompt_P1,human_science_spbgu_0040,H,,0.0000180991,0,10.0
holdout_prompt_P1,human_science_spbgu_0041,H,,0.0000300796,0,10.0
holdout_prompt_P1,human_science_spbgu_0042,H,,0.0000290714,0,10.0
holdout_prompt_P1,human_science_spbgu_0043,H,,0.0000421314,0,10.0
holdout_prompt_P1,human_science_spbgu_0044,H,,0.0000863289,0,10.0
holdout_prompt_P1,human_science_spbgu_0045,H,,0.0000083672,0,10.0
holdout_prompt_P1,human_science_spbgu_0046,H,,0.0000004463,0,10.0
holdout_prompt_P1,human_science_spbgu_0048,H,,0.0000058598,0,10.0
holdout_prompt_P1,human_science_spbgu_0049,H,,0.0000017597,0,10.0
holdout_prompt_P1,human_science_spbgu_0050,H,,0.0006062842,0,10.0
holdout_prompt_P1,human_science_spbgu_0054,H,,0.0000000025,0,10.0
holdout_prompt_P1,human_science_spbgu_0055,H,,0.0000044371,0,10.0
holdout_prompt_P1,human_science_spbgu_0057,H,,0.0019324232,0,10.0
holdout_prompt_P1,human_science_spbgu_0059,H,,0.0000248619,0,10.0
holdout_prompt_P1,human_science_spbgu_0060,H,,0.0000000071,0,10.0
holdout_prompt_P1,human_science_spbgu_0061,H,,0.0000010444,0,10.0
holdout_prompt_P1,human_science_spbgu_0062,H,,0.0000245697,0,10.0
holdout_prompt_P1,human_science_spbgu_0063,H,,0.0025958830,0,10.0
holdout_prompt_P1,human_science_spbgu_0064,H,,0.0000003735,0,10.0
holdout_prompt_P1,human_science_spbgu_0065,H,,0.0000023209,0,10.0
holdout_prompt_P1,human_science_urfu_0001,H,,0.0133401492,0,10.0
holdout_prompt_P1,human_science_urfu_0002,H,,0.0008102416,0,10.0
holdout_prompt_P1,human_science_urfu_0003,H,,0.0048683190,0,10.0
holdout_prompt_P1,human_science_urfu_0004,H,,0.0005052568,0,10.0
holdout_prompt_P1,human_science_urfu_0005,H,,0.0007275833,0,10.0
holdout_prompt_P1,human_science_urfu_0006,H,,0.0000036434,0,10.0
holdout_prompt_P1,human_science_urfu_0007,H,,0.1880959627,0,10.0
holdout_prompt_P1,human_science_urfu_0008,H,,0.0000269544,0,10.0
holdout_prompt_P1,human_science_urfu_0009,H,,0.0009117934,0,10.0
holdout_prompt_P1,human_science_urfu_0010,H,,0.0005659927,0,10.0
holdout_prompt_P1,human_science_urfu_0011,H,,0.0020395514,0,10.0
holdout_prompt_P1,human_science_urfu_0012,H,,0.0000312511,0,10.0
holdout_prompt_P1,human_science_urfu_0013,H,,0.0187041143,0,10.0
holdout_prompt_P1,human_science_urfu_0014,H,,0.0000009241,0,10.0
holdout_prompt_P1,human_science_urfu_0015,H,,0.0001097165,0,10.0
holdout_prompt_P1,human_science_urfu_0016,H,,0.0040744982,0,10.0
holdout_prompt_P1,human_science_urfu_0017,H,,0.0003215830,0,10.0
holdout_prompt_P1,human_science_urfu_0018,H,,0.0000967102,0,10.0
holdout_prompt_P1,human_science_urfu_0019,H,,0.0006016815,0,10.0
holdout_prompt_P1,human_science_urfu_0020,H,,0.0000001503,0,10.0
holdout_prompt_P1,human_science_urfu_0021,H,,0.0014487995,0,10.0
holdout_prompt_P1,human_science_urfu_0022,H,,0.0010648163,0,10.0
holdout_prompt_P1,human_science_urfu_0023,H,,0.0000002937,0,10.0
holdout_prompt_P1,human_science_urfu_0024,H,,0.0017040657,0,10.0
holdout_prompt_P1,human_science_urfu_0025,H,,0.0043826969,0,10.0
holdout_prompt_P1,human_science_urfu_0026,H,,0.0047866013,0,10.0
holdout_prompt_P1,human_science_urfu_0027,H,,0.0057483858,0,10.0
holdout_prompt_P1,human_science_urfu_0028,H,,0.0021616714,0,10.0
holdout_prompt_P1,human_science_urfu_0029,H,,0.0000791842,0,10.0
holdout_prompt_P1,human_science_urfu_0030,H,,0.0175276203,0,10.0
holdout_prompt_P1,human_science_urfu_0031,H,,0.0000000095,0,10.0
holdout_prompt_P1,human_science_urfu_0032,H,,0.2891526037,0,10.0
holdout_prompt_P1,human_science_urfu_0033,H,,0.0011916111,0,10.0
holdout_prompt_P1,human_science_urfu_0034,H,,0.0002926464,0,10.0
holdout_prompt_P1,human_science_urfu_0035,H,,0.0015017936,0,10.0
holdout_prompt_P1,human_science_urfu_0036,H,,0.0065260008,0,10.0
holdout_prompt_P1,human_science_urfu_0037,H,,0.0379997125,0,10.0
holdout_prompt_P1,human_science_urfu_0038,H,,0.0000000001,0,10.0
holdout_prompt_P1,human_science_urfu_0039,H,,0.0000000003,0,10.0
holdout_prompt_P1,human_science_urfu_0040,H,,0.0000000000,0,10.0
holdout_prompt_P1,human_science_urfu_0041,H,,0.0000001742,0,10.0
holdout_prompt_P1,human_science_urfu_0042,H,,0.0000000023,0,10.0
holdout_prompt_P1,human_science_urfu_0043,H,,0.0000000120,0,10.0
holdout_prompt_P1,human_science_urfu_0044,H,,0.1730211573,0,10.0
holdout_prompt_P1,human_science_urfu_0045,H,,0.0239005955,0,10.0
holdout_prompt_P1,human_science_urfu_0046,H,,0.0000000432,0,10.0
holdout_prompt_P1,human_science_urfu_0047,H,,0.0024961401,0,10.0
holdout_prompt_P1,human_science_urfu_0048,H,,0.0000198025,0,10.0
holdout_prompt_P1,nemotron_b001_P1_r1,A,nemotron,1.0000000000,1,10.0
holdout_prompt_P1,nemotron_b001_P1_r2,A,nemotron,1.0000000000,1,10.0
holdout_prompt_P1,nemotron_b002_P1_r1,A,nemotron,1.0000000000,1,10.0
holdout_prompt_P1,nemotron_b002_P1_r2,A,nemotron,1.0000000000,1,10.0
holdout_prompt_P1,nemotron_b003_P1_r1,A,nemotron,1.0000000000,1,10.0
holdout_prompt_P1,nemotron_b003_P1_r2,A,nemotron,1.0000000000,1,10.0
holdout_prompt_P1,nemotron_b004_P1_r1,A,nemotron,1.0000000000,1,10.0
holdout_prompt_P1,nemotron_b004_P1_r2,A,nemotron,0.9999999996,1,10.0
holdout_prompt_P1,nemotron_b005_P1_r1,A,nemotron,1.0000000000,1,10.0
holdout_prompt_P1,nemotron_b005_P1_r2,A,nemotron,1.0000000000,1,10.0
holdout_prompt_P1,nemotron_b006_P1_r1,A,nemotron,1.0000000000,1,10.0
holdout_prompt_P1,nemotron_b006_P1_r2,A,nemotron,1.0000000000,1,10.0
holdout_prompt_P1,nemotron_b007_P1_r1,A,nemotron,1.0000000000,1,10.0
holdout_prompt_P1,nemotron_b007_P1_r2,A,nemotron,1.0000000000,1,10.0
holdout_prompt_P1,nemotron_b008_P1_r1,A,nemotron,1.0000000000,1,10.0
holdout_prompt_P1,nemotron_b008_P1_r2,A,nemotron,1.0000000000,1,10.0
holdout_prompt_P1,nemotron_b009_P1_r1,A,nemotron,1.0000000000,1,10.0
holdout_prompt_P1,nemotron_b009_P1_r2,A,nemotron,1.0000000000,1,10.0
holdout_prompt_P1,nemotron_b010_P1_r1,A,nemotron,1.0000000000,1,10.0
holdout_prompt_P1,nemotron_b010_P1_r2,A,nemotron,1.0000000000,1,10.0
holdout_prompt_P1,nemotron_b011_P1_r1,A,nemotron,1.0000000000,1,10.0
holdout_prompt_P1,nemotron_b011_P1_r2,A,nemotron,1.0000000000,1,10.0
holdout_prompt_P1,nemotron_b012_P1_r1,A,nemotron,1.0000000000,1,10.0
holdout_prompt_P1,nemotron_b012_P1_r2,A,nemotron,1.0000000000,1,10.0
holdout_prompt_P1,nemotron_b013_P1_r1,A,nemotron,1.0000000000,1,10.0
holdout_prompt_P1,nemotron_b013_P1_r2,A,nemotron,0.9999999996,1,10.0
holdout_prompt_P1,nemotron_b014_P1_r1,A,nemotron,1.0000000000,1,10.0
holdout_prompt_P1,nemotron_b014_P1_r2,A,nemotron,1.0000000000,1,10.0
holdout_prompt_P1,nemotron_b015_P1_r1,A,nemotron,1.0000000000,1,10.0
holdout_prompt_P1,nemotron_b015_P1_r2,A,nemotron,0.9999999687,1,10.0
holdout_prompt_P1,nemotron_b016_P1_r1,A,nemotron,1.0000000000,1,10.0
holdout_prompt_P1,nemotron_b016_P1_r2,A,nemotron,1.0000000000,1,10.0
holdout_prompt_P1,nemotron_b017_P1_r1,A,nemotron,1.0000000000,1,10.0
holdout_prompt_P1,nemotron_b017_P1_r2,A,nemotron,0.9999999941,1,10.0
holdout_prompt_P1,nemotron_b018_P1_r1,A,nemotron,0.9999999928,1,10.0
holdout_prompt_P1,nemotron_b018_P1_r2,A,nemotron,0.9999999986,1,10.0
holdout_prompt_P1,nemotron_b019_P1_r1,A,nemotron,0.9999999990,1,10.0
holdout_prompt_P1,nemotron_b019_P1_r2,A,nemotron,0.9999996049,1,10.0
holdout_prompt_P1,nemotron_b020_P1_r1,A,nemotron,0.9999997081,1,10.0
holdout_prompt_P1,nemotron_b020_P1_r2,A,nemotron,1.0000000000,1,10.0
holdout_prompt_P1,nemotron_b021_P1_r1,A,nemotron,0.9999999975,1,10.0
holdout_prompt_P1,nemotron_b021_P1_r2,A,nemotron,0.9999998753,1,10.0
holdout_prompt_P1,nemotron_b022_P1_r1,A,nemotron,0.9999999964,1,10.0
holdout_prompt_P1,nemotron_b022_P1_r2,A,nemotron,0.9999999999,1,10.0
holdout_prompt_P1,nemotron_b023_P1_r1,A,nemotron,0.9999996819,1,10.0
holdout_prompt_P1,nemotron_b023_P1_r2,A,nemotron,0.9999999845,1,10.0
holdout_prompt_P1,nemotron_b024_P1_r1,A,nemotron,1.0000000000,1,10.0
holdout_prompt_P1,nemotron_b024_P1_r2,A,nemotron,1.0000000000,1,10.0
holdout_prompt_P1,nemotron_b025_P1_r1,A,nemotron,1.0000000000,1,10.0
holdout_prompt_P1,nemotron_b025_P1_r2,A,nemotron,1.0000000000,1,10.0
holdout_prompt_P1,nemotron_b026_P1_r1,A,nemotron,0.9999999999,1,10.0
holdout_prompt_P1,nemotron_b026_P1_r2,A,nemotron,0.9999999999,1,10.0
holdout_prompt_P1,nemotron_b027_P1_r1,A,nemotron,1.0000000000,1,10.0
holdout_prompt_P1,nemotron_b027_P1_r2,A,nemotron,1.0000000000,1,10.0
holdout_prompt_P1,nemotron_b028_P1_r1,A,nemotron,1.0000000000,1,10.0
holdout_prompt_P1,nemotron_b028_P1_r2,A,nemotron,1.0000000000,1,10.0
holdout_prompt_P1,nemotron_b029_P1_r1,A,nemotron,1.0000000000,1,10.0
holdout_prompt_P1,nemotron_b029_P1_r2,A,nemotron,0.9999999996,1,10.0
holdout_prompt_P1,nemotron_b030_P1_r1,A,nemotron,1.0000000000,1,10.0
holdout_prompt_P1,nemotron_b030_P1_r2,A,nemotron,1.0000000000,1,10.0
holdout_prompt_P1,nemotron_b031_P1_r1,A,nemotron,1.0000000000,1,10.0
holdout_prompt_P1,nemotron_b031_P1_r2,A,nemotron,1.0000000000,1,10.0
holdout_prompt_P1,nemotron_b032_P1_r1,A,nemotron,1.0000000000,1,10.0
holdout_prompt_P1,nemotron_b032_P1_r2,A,nemotron,1.0000000000,1,10.0
holdout_prompt_P1,nemotron_b033_P1_r1,A,nemotron,1.0000000000,1,10.0
holdout_prompt_P1,nemotron_b033_P1_r2,A,nemotron,1.0000000000,1,10.0
holdout_prompt_P1,nemotron_b034_P1_r1,A,nemotron,1.0000000000,1,10.0
holdout_prompt_P1,nemotron_b034_P1_r2,A,nemotron,1.0000000000,1,10.0
holdout_prompt_P1,nemotron_b035_P1_r1,A,nemotron,0.9999999769,1,10.0
holdout_prompt_P1,nemotron_b035_P1_r2,A,nemotron,0.9999999905,1,10.0
holdout_prompt_P1,nemotron_b036_P1_r1,A,nemotron,0.9999999945,1,10.0
holdout_prompt_P1,nemotron_b036_P1_r2,A,nemotron,0.9999999999,1,10.0
holdout_prompt_P1,nemotron_b037_P1_r1,A,nemotron,0.9999999999,1,10.0
holdout_prompt_P1,nemotron_b037_P1_r2,A,nemotron,0.9999999999,1,10.0
holdout_prompt_P1,nemotron_b038_P1_r1,A,nemotron,1.0000000000,1,10.0
holdout_prompt_P1,nemotron_b038_P1_r2,A,nemotron,1.0000000000,1,10.0
holdout_prompt_P1,nemotron_b039_P1_r1,A,nemotron,0.9999999867,1,10.0
holdout_prompt_P1,nemotron_b039_P1_r2,A,nemotron,1.0000000000,1,10.0
holdout_prompt_P1,nemotron_b040_P1_r1,A,nemotron,1.0000000000,1,10.0
holdout_prompt_P1,nemotron_b040_P1_r2,A,nemotron,1.0000000000,1,10.0
holdout_prompt_P1,nemotron_b041_P1_r1,A,nemotron,1.0000000000,1,10.0
holdout_prompt_P1,nemotron_b041_P1_r2,A,nemotron,0.9999999996,1,10.0
holdout_prompt_P1,nemotron_b042_P1_r1,A,nemotron,1.0000000000,1,10.0
holdout_prompt_P1,nemotron_b042_P1_r2,A,nemotron,0.9999999952,1,10.0
holdout_prompt_P1,nemotron_b043_P1_r1,A,nemotron,1.0000000000,1,10.0
holdout_prompt_P1,nemotron_b043_P1_r2,A,nemotron,1.0000000000,1,10.0
holdout_prompt_P1,nemotron_b044_P1_r1,A,nemotron,0.9999999999,1,10.0
holdout_prompt_P1,nemotron_b044_P1_r2,A,nemotron,1.0000000000,1,10.0
holdout_prompt_P1,nemotron_b045_P1_r1,A,nemotron,0.9999999999,1,10.0
holdout_prompt_P1,nemotron_b045_P1_r2,A,nemotron,1.0000000000,1,10.0
holdout_prompt_P1,real_claude_b001_P1_r1,A,real_claude,0.9999999999,1,10.0
holdout_prompt_P1,real_claude_b001_P1_r2,A,real_claude,1.0000000000,1,10.0
holdout_prompt_P1,real_claude_b002_P1_r1,A,real_claude,1.0000000000,1,10.0
holdout_prompt_P1,real_claude_b002_P1_r2,A,real_claude,0.9999999958,1,10.0
holdout_prompt_P1,real_claude_b003_P1_r1,A,real_claude,0.9999949242,1,10.0
holdout_prompt_P1,real_claude_b003_P1_r2,A,real_claude,0.9999992141,1,10.0
holdout_prompt_P1,real_claude_b004_P1_r1,A,real_claude,0.9999999978,1,10.0
holdout_prompt_P1,real_claude_b004_P1_r2,A,real_claude,0.9999999958,1,10.0
holdout_prompt_P1,real_claude_b005_P1_r1,A,real_claude,1.0000000000,1,10.0
holdout_prompt_P1,real_claude_b005_P1_r2,A,real_claude,1.0000000000,1,10.0
holdout_prompt_P1,real_claude_b006_P1_r1,A,real_claude,0.9999999999,1,10.0
holdout_prompt_P1,real_claude_b006_P1_r2,A,real_claude,1.0000000000,1,10.0
holdout_prompt_P1,real_claude_b007_P1_r1,A,real_claude,0.9999999938,1,10.0
holdout_prompt_P1,real_claude_b007_P1_r2,A,real_claude,0.9999999988,1,10.0
holdout_prompt_P1,real_claude_b008_P1_r1,A,real_claude,0.9999999978,1,10.0
holdout_prompt_P1,real_claude_b008_P1_r2,A,real_claude,0.9999999959,1,10.0
holdout_prompt_P1,real_claude_b009_P1_r1,A,real_claude,0.9999999819,1,10.0
holdout_prompt_P1,real_claude_b009_P1_r2,A,real_claude,0.9999999959,1,10.0
holdout_prompt_P1,real_claude_b010_P1_r1,A,real_claude,0.9999999918,1,10.0
holdout_prompt_P1,real_claude_b010_P1_r2,A,real_claude,0.9999999537,1,10.0
holdout_prompt_P1,real_claude_b011_P1_r1,A,real_claude,1.0000000000,1,10.0
holdout_prompt_P1,real_claude_b011_P1_r2,A,real_claude,0.9999999994,1,10.0
holdout_prompt_P1,real_claude_b012_P1_r1,A,real_claude,0.9999999523,1,10.0
holdout_prompt_P1,real_claude_b012_P1_r2,A,real_claude,0.9999999999,1,10.0
holdout_prompt_P1,real_claude_b013_P1_r1,A,real_claude,0.9999999987,1,10.0
holdout_prompt_P1,real_claude_b013_P1_r2,A,real_claude,1.0000000000,1,10.0
holdout_prompt_P1,real_claude_b014_P1_r1,A,real_claude,0.9999999998,1,10.0
holdout_prompt_P1,real_claude_b014_P1_r2,A,real_claude,0.9999999978,1,10.0
holdout_prompt_P1,real_claude_b015_P1_r1,A,real_claude,0.9999999901,1,10.0
holdout_prompt_P1,real_claude_b015_P1_r2,A,real_claude,1.0000000000,1,10.0
holdout_prompt_P1,real_claude_b016_P1_r1,A,real_claude,1.0000000000,1,10.0
holdout_prompt_P1,real_claude_b016_P1_r2,A,real_claude,0.9999999981,1,10.0
holdout_prompt_P1,real_claude_b017_P1_r1,A,real_claude,0.9999999998,1,10.0
holdout_prompt_P1,real_claude_b017_P1_r2,A,real_claude,0.9999999987,1,10.0
holdout_prompt_P1,real_claude_b018_P1_r1,A,real_claude,0.9999999972,1,10.0
holdout_prompt_P1,real_claude_b018_P1_r2,A,real_claude,0.9999999876,1,10.0
holdout_prompt_P1,real_claude_b019_P1_r1,A,real_claude,0.9999698907,1,10.0
holdout_prompt_P1,real_claude_b019_P1_r2,A,real_claude,0.9999999979,1,10.0
holdout_prompt_P1,real_claude_b020_P1_r1,A,real_claude,0.9999999658,1,10.0
holdout_prompt_P1,real_claude_b020_P1_r2,A,real_claude,0.9999999371,1,10.0
holdout_prompt_P1,real_claude_b021_P1_r1,A,real_claude,0.9999999972,1,10.0
holdout_prompt_P1,real_claude_b021_P1_r2,A,real_claude,0.9999992030,1,10.0
holdout_prompt_P1,real_claude_b022_P1_r1,A,real_claude,0.9999999960,1,10.0
holdout_prompt_P1,real_claude_b022_P1_r2,A,real_claude,0.9999999424,1,10.0
holdout_prompt_P1,real_claude_b023_P1_r1,A,real_claude,0.9999999999,1,10.0
holdout_prompt_P1,real_claude_b023_P1_r2,A,real_claude,1.0000000000,1,10.0
holdout_prompt_P1,real_claude_b024_P1_r1,A,real_claude,1.0000000000,1,10.0
holdout_prompt_P1,real_claude_b024_P1_r2,A,real_claude,1.0000000000,1,10.0
holdout_prompt_P1,real_claude_b025_P1_r1,A,real_claude,0.9999999958,1,10.0
holdout_prompt_P1,real_claude_b025_P1_r2,A,real_claude,0.9999999998,1,10.0
holdout_prompt_P1,real_claude_b026_P1_r1,A,real_claude,0.9999999995,1,10.0
holdout_prompt_P1,real_claude_b026_P1_r2,A,real_claude,0.9999999997,1,10.0
holdout_prompt_P1,real_claude_b027_P1_r1,A,real_claude,0.9999999164,1,10.0
holdout_prompt_P1,real_claude_b027_P1_r2,A,real_claude,0.9999993466,1,10.0
holdout_prompt_P1,real_claude_b028_P1_r1,A,real_claude,0.9999999788,1,10.0
holdout_prompt_P1,real_claude_b028_P1_r2,A,real_claude,1.0000000000,1,10.0
holdout_prompt_P1,real_claude_b029_P1_r1,A,real_claude,0.9999999983,1,10.0
holdout_prompt_P1,real_claude_b029_P1_r2,A,real_claude,1.0000000000,1,10.0
holdout_prompt_P1,real_claude_b030_P1_r1,A,real_claude,0.9999999989,1,10.0
holdout_prompt_P1,real_claude_b030_P1_r2,A,real_claude,0.9999999991,1,10.0
holdout_prompt_P1,real_claude_b031_P1_r1,A,real_claude,1.0000000000,1,10.0
holdout_prompt_P1,real_claude_b031_P1_r2,A,real_claude,1.0000000000,1,10.0
holdout_prompt_P1,real_claude_b032_P1_r1,A,real_claude,0.9999999997,1,10.0
holdout_prompt_P1,real_claude_b032_P1_r2,A,real_claude,1.0000000000,1,10.0
holdout_prompt_P1,real_claude_b033_P1_r1,A,real_claude,1.0000000000,1,10.0
holdout_prompt_P1,real_claude_b033_P1_r2,A,real_claude,0.9999999892,1,10.0
holdout_prompt_P1,real_claude_b034_P1_r1,A,real_claude,1.0000000000,1,10.0
holdout_prompt_P1,real_claude_b034_P1_r2,A,real_claude,0.9999999999,1,10.0
holdout_prompt_P1,real_claude_b035_P1_r1,A,real_claude,1.0000000000,1,10.0
holdout_prompt_P1,real_claude_b035_P1_r2,A,real_claude,1.0000000000,1,10.0
holdout_prompt_P1,real_claude_b036_P1_r1,A,real_claude,0.9999998332,1,10.0
holdout_prompt_P1,real_claude_b036_P1_r2,A,real_claude,0.9999999810,1,10.0
holdout_prompt_P1,real_claude_b037_P1_r1,A,real_claude,0.9999999614,1,10.0
holdout_prompt_P1,real_claude_b037_P1_r2,A,real_claude,0.9999999997,1,10.0
holdout_prompt_P1,real_claude_b038_P1_r1,A,real_claude,0.9999999654,1,10.0
holdout_prompt_P1,real_claude_b038_P1_r2,A,real_claude,0.9999999991,1,10.0
holdout_prompt_P1,real_claude_b039_P1_r1,A,real_claude,0.9999999998,1,10.0
holdout_prompt_P1,real_claude_b039_P1_r2,A,real_claude,0.9999998549,1,10.0
holdout_prompt_P1,real_claude_b040_P1_r1,A,real_claude,0.9999999999,1,10.0
holdout_prompt_P1,real_claude_b040_P1_r2,A,real_claude,0.9999999990,1,10.0
holdout_prompt_P1,real_claude_b041_P1_r1,A,real_claude,0.9999999702,1,10.0
holdout_prompt_P1,real_claude_b041_P1_r2,A,real_claude,0.9999999970,1,10.0
holdout_prompt_P1,real_claude_b042_P1_r1,A,real_claude,0.9999999999,1,10.0
holdout_prompt_P1,real_claude_b042_P1_r2,A,real_claude,0.9999999999,1,10.0
holdout_prompt_P1,real_claude_b043_P1_r1,A,real_claude,1.0000000000,1,10.0
holdout_prompt_P1,real_claude_b043_P1_r2,A,real_claude,0.9999999999,1,10.0
holdout_prompt_P1,real_claude_b044_P1_r1,A,real_claude,0.9999999996,1,10.0
holdout_prompt_P1,real_claude_b044_P1_r2,A,real_claude,0.9999999998,1,10.0
holdout_prompt_P1,real_claude_b045_P1_r1,A,real_claude,0.9999999988,1,10.0
holdout_prompt_P1,real_claude_b045_P1_r2,A,real_claude,0.9999999972,1,10.0
holdout_prompt_P2,deepseek_pro_b001_P2_r1,A,deepseek_pro,1.0000000000,1,10.0
holdout_prompt_P2,deepseek_pro_b001_P2_r2,A,deepseek_pro,0.9999993076,1,10.0
holdout_prompt_P2,deepseek_pro_b002_P2_r1,A,deepseek_pro,0.9999999967,1,10.0
holdout_prompt_P2,deepseek_pro_b002_P2_r2,A,deepseek_pro,0.9999999996,1,10.0
holdout_prompt_P2,deepseek_pro_b003_P2_r1,A,deepseek_pro,0.9999999993,1,10.0
holdout_prompt_P2,deepseek_pro_b003_P2_r2,A,deepseek_pro,1.0000000000,1,10.0
holdout_prompt_P2,deepseek_pro_b004_P2_r1,A,deepseek_pro,0.9999996438,1,10.0
holdout_prompt_P2,deepseek_pro_b004_P2_r2,A,deepseek_pro,0.9999999489,1,10.0
holdout_prompt_P2,deepseek_pro_b005_P2_r1,A,deepseek_pro,1.0000000000,1,10.0
holdout_prompt_P2,deepseek_pro_b005_P2_r2,A,deepseek_pro,0.9999999140,1,10.0
holdout_prompt_P2,deepseek_pro_b006_P2_r1,A,deepseek_pro,0.9999999525,1,10.0
holdout_prompt_P2,deepseek_pro_b006_P2_r2,A,deepseek_pro,1.0000000000,1,10.0
holdout_prompt_P2,deepseek_pro_b007_P2_r1,A,deepseek_pro,0.9996381700,1,10.0
holdout_prompt_P2,deepseek_pro_b007_P2_r2,A,deepseek_pro,1.0000000000,1,10.0
holdout_prompt_P2,deepseek_pro_b008_P2_r1,A,deepseek_pro,0.9999999977,1,10.0
holdout_prompt_P2,deepseek_pro_b008_P2_r2,A,deepseek_pro,0.9999994873,1,10.0
holdout_prompt_P2,deepseek_pro_b009_P2_r1,A,deepseek_pro,1.0000000000,1,10.0
holdout_prompt_P2,deepseek_pro_b009_P2_r2,A,deepseek_pro,0.9999724825,1,10.0
holdout_prompt_P2,deepseek_pro_b010_P2_r1,A,deepseek_pro,0.9999937436,1,10.0
holdout_prompt_P2,deepseek_pro_b010_P2_r2,A,deepseek_pro,0.9999973800,1,10.0
holdout_prompt_P2,deepseek_pro_b011_P2_r1,A,deepseek_pro,1.0000000000,1,10.0
holdout_prompt_P2,deepseek_pro_b011_P2_r2,A,deepseek_pro,1.0000000000,1,10.0
holdout_prompt_P2,deepseek_pro_b012_P2_r1,A,deepseek_pro,1.0000000000,1,10.0
holdout_prompt_P2,deepseek_pro_b012_P2_r2,A,deepseek_pro,0.9999999968,1,10.0
holdout_prompt_P2,deepseek_pro_b013_P2_r1,A,deepseek_pro,0.9999999997,1,10.0
holdout_prompt_P2,deepseek_pro_b013_P2_r2,A,deepseek_pro,0.8685812978,1,10.0
holdout_prompt_P2,deepseek_pro_b014_P2_r1,A,deepseek_pro,0.9999988502,1,10.0
holdout_prompt_P2,deepseek_pro_b014_P2_r2,A,deepseek_pro,0.9999999986,1,10.0
holdout_prompt_P2,deepseek_pro_b015_P2_r1,A,deepseek_pro,1.0000000000,1,10.0
holdout_prompt_P2,deepseek_pro_b015_P2_r2,A,deepseek_pro,0.9999958247,1,10.0
holdout_prompt_P2,deepseek_pro_b016_P2_r1,A,deepseek_pro,0.9999922850,1,10.0
holdout_prompt_P2,deepseek_pro_b016_P2_r2,A,deepseek_pro,0.9999999994,1,10.0
holdout_prompt_P2,deepseek_pro_b017_P2_r1,A,deepseek_pro,0.9999743139,1,10.0
holdout_prompt_P2,deepseek_pro_b017_P2_r2,A,deepseek_pro,0.9999999934,1,10.0
holdout_prompt_P2,deepseek_pro_b018_P2_r1,A,deepseek_pro,0.9999585019,1,10.0
holdout_prompt_P2,deepseek_pro_b018_P2_r2,A,deepseek_pro,0.9995051079,1,10.0
holdout_prompt_P2,deepseek_pro_b019_P2_r1,A,deepseek_pro,1.0000000000,1,10.0
holdout_prompt_P2,deepseek_pro_b019_P2_r2,A,deepseek_pro,1.0000000000,1,10.0
holdout_prompt_P2,deepseek_pro_b020_P2_r1,A,deepseek_pro,0.9999920824,1,10.0
holdout_prompt_P2,deepseek_pro_b020_P2_r2,A,deepseek_pro,0.9999997951,1,10.0
holdout_prompt_P2,deepseek_pro_b021_P2_r1,A,deepseek_pro,0.9999999960,1,10.0
holdout_prompt_P2,deepseek_pro_b021_P2_r2,A,deepseek_pro,0.9999503552,1,10.0
holdout_prompt_P2,deepseek_pro_b022_P2_r1,A,deepseek_pro,1.0000000000,1,10.0
holdout_prompt_P2,deepseek_pro_b022_P2_r2,A,deepseek_pro,0.9998097436,1,10.0
holdout_prompt_P2,deepseek_pro_b023_P2_r1,A,deepseek_pro,0.9999999518,1,10.0
holdout_prompt_P2,deepseek_pro_b023_P2_r2,A,deepseek_pro,1.0000000000,1,10.0
holdout_prompt_P2,deepseek_pro_b024_P2_r1,A,deepseek_pro,0.9570963588,1,10.0
holdout_prompt_P2,deepseek_pro_b024_P2_r2,A,deepseek_pro,0.9999999999,1,10.0
holdout_prompt_P2,deepseek_pro_b025_P2_r1,A,deepseek_pro,0.9999999590,1,10.0
holdout_prompt_P2,deepseek_pro_b025_P2_r2,A,deepseek_pro,0.9999998168,1,10.0
holdout_prompt_P2,deepseek_pro_b026_P2_r1,A,deepseek_pro,0.9999999996,1,10.0
holdout_prompt_P2,deepseek_pro_b026_P2_r2,A,deepseek_pro,0.9999999695,1,10.0
holdout_prompt_P2,deepseek_pro_b027_P2_r1,A,deepseek_pro,0.9999995884,1,10.0
holdout_prompt_P2,deepseek_pro_b027_P2_r2,A,deepseek_pro,1.0000000000,1,10.0
holdout_prompt_P2,deepseek_pro_b028_P2_r1,A,deepseek_pro,0.9999999983,1,10.0
holdout_prompt_P2,deepseek_pro_b028_P2_r2,A,deepseek_pro,0.9999979569,1,10.0
holdout_prompt_P2,deepseek_pro_b029_P2_r1,A,deepseek_pro,0.9999866165,1,10.0
holdout_prompt_P2,deepseek_pro_b029_P2_r2,A,deepseek_pro,0.9999973010,1,10.0
holdout_prompt_P2,deepseek_pro_b030_P2_r1,A,deepseek_pro,0.9999999998,1,10.0
holdout_prompt_P2,deepseek_pro_b030_P2_r2,A,deepseek_pro,1.0000000000,1,10.0
holdout_prompt_P2,deepseek_pro_b031_P2_r1,A,deepseek_pro,0.9999999996,1,10.0
holdout_prompt_P2,deepseek_pro_b031_P2_r2,A,deepseek_pro,0.9999998596,1,10.0
holdout_prompt_P2,deepseek_pro_b032_P2_r1,A,deepseek_pro,1.0000000000,1,10.0
holdout_prompt_P2,deepseek_pro_b032_P2_r2,A,deepseek_pro,1.0000000000,1,10.0
holdout_prompt_P2,deepseek_pro_b033_P2_r1,A,deepseek_pro,1.0000000000,1,10.0
holdout_prompt_P2,deepseek_pro_b033_P2_r2,A,deepseek_pro,0.9994373880,1,10.0
holdout_prompt_P2,deepseek_pro_b034_P2_r1,A,deepseek_pro,0.9999995327,1,10.0
holdout_prompt_P2,deepseek_pro_b034_P2_r2,A,deepseek_pro,0.9999999990,1,10.0
holdout_prompt_P2,deepseek_pro_b035_P2_r1,A,deepseek_pro,0.9973073100,1,10.0
holdout_prompt_P2,deepseek_pro_b035_P2_r2,A,deepseek_pro,0.9999999980,1,10.0
holdout_prompt_P2,deepseek_pro_b036_P2_r1,A,deepseek_pro,1.0000000000,1,10.0
holdout_prompt_P2,deepseek_pro_b036_P2_r2,A,deepseek_pro,0.9634862431,1,10.0
holdout_prompt_P2,deepseek_pro_b037_P2_r1,A,deepseek_pro,0.9999999957,1,10.0
holdout_prompt_P2,deepseek_pro_b037_P2_r2,A,deepseek_pro,1.0000000000,1,10.0
holdout_prompt_P2,deepseek_pro_b038_P2_r1,A,deepseek_pro,0.9999998045,1,10.0
holdout_prompt_P2,deepseek_pro_b038_P2_r2,A,deepseek_pro,0.9572606595,1,10.0
holdout_prompt_P2,deepseek_pro_b039_P2_r1,A,deepseek_pro,0.9931393109,1,10.0
holdout_prompt_P2,deepseek_pro_b039_P2_r2,A,deepseek_pro,0.9999998755,1,10.0
holdout_prompt_P2,deepseek_pro_b040_P2_r1,A,deepseek_pro,1.0000000000,1,10.0
holdout_prompt_P2,deepseek_pro_b040_P2_r2,A,deepseek_pro,1.0000000000,1,10.0
holdout_prompt_P2,deepseek_pro_b041_P2_r1,A,deepseek_pro,0.8538789439,1,10.0
holdout_prompt_P2,deepseek_pro_b041_P2_r2,A,deepseek_pro,0.9999997166,1,10.0
holdout_prompt_P2,deepseek_pro_b042_P2_r1,A,deepseek_pro,0.9999999173,1,10.0
holdout_prompt_P2,deepseek_pro_b042_P2_r2,A,deepseek_pro,0.9999999723,1,10.0
holdout_prompt_P2,deepseek_pro_b043_P2_r1,A,deepseek_pro,0.9999988557,1,10.0
holdout_prompt_P2,deepseek_pro_b043_P2_r2,A,deepseek_pro,0.9999176673,1,10.0
holdout_prompt_P2,deepseek_pro_b044_P2_r1,A,deepseek_pro,0.9999999567,1,10.0
holdout_prompt_P2,deepseek_pro_b044_P2_r2,A,deepseek_pro,1.0000000000,1,10.0
holdout_prompt_P2,deepseek_pro_b045_P2_r1,A,deepseek_pro,0.9999999366,1,10.0
holdout_prompt_P2,deepseek_pro_b045_P2_r2,A,deepseek_pro,0.9998096312,1,10.0
holdout_prompt_P2,gpt_b001_P2_r1,A,gpt,0.9999926275,1,10.0
holdout_prompt_P2,gpt_b001_P2_r2,A,gpt,0.9999853854,1,10.0
holdout_prompt_P2,gpt_b002_P2_r1,A,gpt,0.9999998807,1,10.0
holdout_prompt_P2,gpt_b002_P2_r2,A,gpt,0.9907233559,1,10.0
holdout_prompt_P2,gpt_b003_P2_r1,A,gpt,0.9999999839,1,10.0
holdout_prompt_P2,gpt_b003_P2_r2,A,gpt,0.9999994379,1,10.0
holdout_prompt_P2,gpt_b004_P2_r1,A,gpt,0.9999998247,1,10.0
holdout_prompt_P2,gpt_b004_P2_r2,A,gpt,0.9963823912,1,10.0
holdout_prompt_P2,gpt_b005_P2_r1,A,gpt,0.9999997443,1,10.0
holdout_prompt_P2,gpt_b005_P2_r2,A,gpt,0.9999229481,1,10.0
holdout_prompt_P2,gpt_b006_P2_r1,A,gpt,0.9999999821,1,10.0
holdout_prompt_P2,gpt_b006_P2_r2,A,gpt,0.9999346700,1,10.0
holdout_prompt_P2,gpt_b007_P2_r1,A,gpt,0.9999998907,1,10.0
holdout_prompt_P2,gpt_b007_P2_r2,A,gpt,0.9999966705,1,10.0
holdout_prompt_P2,gpt_b008_P2_r1,A,gpt,0.9999986339,1,10.0
holdout_prompt_P2,gpt_b008_P2_r2,A,gpt,0.9999999646,1,10.0
holdout_prompt_P2,gpt_b009_P2_r1,A,gpt,0.9997707401,1,10.0
holdout_prompt_P2,gpt_b009_P2_r2,A,gpt,0.9999932506,1,10.0
holdout_prompt_P2,gpt_b010_P2_r1,A,gpt,0.9999163619,1,10.0
holdout_prompt_P2,gpt_b010_P2_r2,A,gpt,0.9196182408,1,10.0
holdout_prompt_P2,gpt_b011_P2_r1,A,gpt,0.9999999927,1,10.0
holdout_prompt_P2,gpt_b011_P2_r2,A,gpt,0.9999999359,1,10.0
holdout_prompt_P2,gpt_b012_P2_r1,A,gpt,0.9998146975,1,10.0
holdout_prompt_P2,gpt_b012_P2_r2,A,gpt,0.9999511412,1,10.0
holdout_prompt_P2,gpt_b013_P2_r1,A,gpt,0.9996658930,1,10.0
holdout_prompt_P2,gpt_b013_P2_r2,A,gpt,0.9990586529,1,10.0
holdout_prompt_P2,gpt_b014_P2_r1,A,gpt,0.9999999903,1,10.0
holdout_prompt_P2,gpt_b014_P2_r2,A,gpt,0.9999999996,1,10.0
holdout_prompt_P2,gpt_b015_P2_r1,A,gpt,0.9999977544,1,10.0
holdout_prompt_P2,gpt_b015_P2_r2,A,gpt,0.9999999434,1,10.0
holdout_prompt_P2,gpt_b016_P2_r1,A,gpt,0.9999997247,1,10.0
holdout_prompt_P2,gpt_b016_P2_r2,A,gpt,0.9999970722,1,10.0
holdout_prompt_P2,gpt_b017_P2_r1,A,gpt,0.9999977718,1,10.0
holdout_prompt_P2,gpt_b017_P2_r2,A,gpt,0.9999965817,1,10.0
holdout_prompt_P2,gpt_b018_P2_r1,A,gpt,0.9999998857,1,10.0
holdout_prompt_P2,gpt_b018_P2_r2,A,gpt,0.9999976496,1,10.0
holdout_prompt_P2,gpt_b019_P2_r1,A,gpt,0.9999980153,1,10.0
holdout_prompt_P2,gpt_b019_P2_r2,A,gpt,0.9999973331,1,10.0
holdout_prompt_P2,gpt_b020_P2_r1,A,gpt,0.9999380559,1,10.0
holdout_prompt_P2,gpt_b020_P2_r2,A,gpt,0.9999840583,1,10.0
holdout_prompt_P2,gpt_b021_P2_r1,A,gpt,0.9999995103,1,10.0
holdout_prompt_P2,gpt_b021_P2_r2,A,gpt,0.9999861412,1,10.0
holdout_prompt_P2,gpt_b022_P2_r1,A,gpt,0.9999996954,1,10.0
holdout_prompt_P2,gpt_b022_P2_r2,A,gpt,0.9999987688,1,10.0
holdout_prompt_P2,gpt_b023_P2_r1,A,gpt,0.9999988534,1,10.0
holdout_prompt_P2,gpt_b023_P2_r2,A,gpt,0.9999997974,1,10.0
holdout_prompt_P2,gpt_b024_P2_r1,A,gpt,0.9999903574,1,10.0
holdout_prompt_P2,gpt_b024_P2_r2,A,gpt,0.9999997712,1,10.0
holdout_prompt_P2,gpt_b025_P2_r1,A,gpt,0.9999923974,1,10.0
holdout_prompt_P2,gpt_b025_P2_r2,A,gpt,0.9999994778,1,10.0
holdout_prompt_P2,gpt_b026_P2_r1,A,gpt,0.9999998291,1,10.0
holdout_prompt_P2,gpt_b026_P2_r2,A,gpt,0.9999972326,1,10.0
holdout_prompt_P2,gpt_b027_P2_r1,A,gpt,0.9986710314,1,10.0
holdout_prompt_P2,gpt_b027_P2_r2,A,gpt,0.9985113126,1,10.0
holdout_prompt_P2,gpt_b028_P2_r1,A,gpt,0.9999618310,1,10.0
holdout_prompt_P2,gpt_b028_P2_r2,A,gpt,0.9999977558,1,10.0
holdout_prompt_P2,gpt_b029_P2_r1,A,gpt,0.9999988409,1,10.0
holdout_prompt_P2,gpt_b029_P2_r2,A,gpt,0.9999989156,1,10.0
holdout_prompt_P2,gpt_b030_P2_r1,A,gpt,0.9999955227,1,10.0
holdout_prompt_P2,gpt_b030_P2_r2,A,gpt,0.9999994691,1,10.0
holdout_prompt_P2,gpt_b031_P2_r1,A,gpt,0.9999999229,1,10.0
holdout_prompt_P2,gpt_b031_P2_r2,A,gpt,0.9999985840,1,10.0
holdout_prompt_P2,gpt_b032_P2_r1,A,gpt,0.9999992175,1,10.0
holdout_prompt_P2,gpt_b032_P2_r2,A,gpt,0.9999999454,1,10.0
holdout_prompt_P2,gpt_b033_P2_r1,A,gpt,0.9999999914,1,10.0
holdout_prompt_P2,gpt_b033_P2_r2,A,gpt,0.9999999835,1,10.0
holdout_prompt_P2,gpt_b034_P2_r1,A,gpt,0.9999847858,1,10.0
holdout_prompt_P2,gpt_b034_P2_r2,A,gpt,0.9999999996,1,10.0
holdout_prompt_P2,gpt_b035_P2_r1,A,gpt,0.9999982441,1,10.0
holdout_prompt_P2,gpt_b035_P2_r2,A,gpt,0.9999999475,1,10.0
holdout_prompt_P2,gpt_b036_P2_r1,A,gpt,0.9999999741,1,10.0
holdout_prompt_P2,gpt_b036_P2_r2,A,gpt,0.9999997329,1,10.0
holdout_prompt_P2,gpt_b037_P2_r1,A,gpt,0.9999997150,1,10.0
holdout_prompt_P2,gpt_b037_P2_r2,A,gpt,0.9999996294,1,10.0
holdout_prompt_P2,gpt_b038_P2_r1,A,gpt,0.9999999802,1,10.0
holdout_prompt_P2,gpt_b038_P2_r2,A,gpt,0.9999999011,1,10.0
holdout_prompt_P2,gpt_b039_P2_r1,A,gpt,1.0000000000,1,10.0
holdout_prompt_P2,gpt_b039_P2_r2,A,gpt,0.9999998795,1,10.0
holdout_prompt_P2,gpt_b040_P2_r1,A,gpt,0.9999997231,1,10.0
holdout_prompt_P2,gpt_b040_P2_r2,A,gpt,0.9999999886,1,10.0
holdout_prompt_P2,gpt_b041_P2_r1,A,gpt,0.9999998169,1,10.0
holdout_prompt_P2,gpt_b041_P2_r2,A,gpt,0.9999999833,1,10.0
holdout_prompt_P2,gpt_b042_P2_r1,A,gpt,0.9999999894,1,10.0
holdout_prompt_P2,gpt_b042_P2_r2,A,gpt,0.9999998043,1,10.0
holdout_prompt_P2,gpt_b043_P2_r1,A,gpt,0.9999999872,1,10.0
holdout_prompt_P2,gpt_b043_P2_r2,A,gpt,0.9999999978,1,10.0
holdout_prompt_P2,gpt_b044_P2_r1,A,gpt,0.9999966374,1,10.0
holdout_prompt_P2,gpt_b044_P2_r2,A,gpt,1.0000000000,1,10.0
holdout_prompt_P2,gpt_b045_P2_r1,A,gpt,0.9999996016,1,10.0
holdout_prompt_P2,gpt_b045_P2_r2,A,gpt,0.9999991017,1,10.0
holdout_prompt_P2,human_hard_rusltc_0001,H,,0.0000848641,0,10.0
holdout_prompt_P2,human_hard_rusltc_0002,H,,0.0000157650,0,10.0
holdout_prompt_P2,human_hard_rusltc_0003,H,,0.0014667918,0,10.0
holdout_prompt_P2,human_hard_rusltc_0004,H,,0.0001443146,0,10.0
holdout_prompt_P2,human_hard_rusltc_0005,H,,0.0000000583,0,10.0
holdout_prompt_P2,human_hard_rusltc_0006,H,,0.0002120903,0,10.0
holdout_prompt_P2,human_hard_rusltc_0007,H,,0.0000006657,0,10.0
holdout_prompt_P2,human_hard_rusltc_0008,H,,0.0646107173,0,10.0
holdout_prompt_P2,human_hard_rusltc_0009,H,,0.0004000088,0,10.0
holdout_prompt_P2,human_hard_rusltc_0010,H,,0.0000815184,0,10.0
holdout_prompt_P2,human_hard_rusltc_0011,H,,0.0002673465,0,10.0
holdout_prompt_P2,human_hard_rusltc_0012,H,,0.0272349777,0,10.0
holdout_prompt_P2,human_hard_rusltc_0013,H,,0.6227867681,1,10.0
holdout_prompt_P2,human_hard_rusltc_0014,H,,0.0002713480,0,10.0
holdout_prompt_P2,human_hard_rusltc_0015,H,,0.0026775947,0,10.0
holdout_prompt_P2,human_hard_rusltc_0016,H,,0.1617511249,0,10.0
holdout_prompt_P2,human_hard_rusltc_0017,H,,0.0144265424,0,10.0
holdout_prompt_P2,human_hard_rusltc_0018,H,,0.0013045812,0,10.0
holdout_prompt_P2,human_hard_rusltc_0019,H,,0.0000268577,0,10.0
holdout_prompt_P2,human_hard_rusltc_0020,H,,0.0000007933,0,10.0
holdout_prompt_P2,human_hard_rusltc_0021,H,,0.0008361601,0,10.0
holdout_prompt_P2,human_hard_rusltc_0022,H,,0.0769579681,0,10.0
holdout_prompt_P2,human_hard_rusltc_0023,H,,0.0060731602,0,10.0
holdout_prompt_P2,human_hard_rusltc_0024,H,,0.0008280383,0,10.0
holdout_prompt_P2,human_hard_rusltc_0025,H,,0.0633557738,0,10.0
holdout_prompt_P2,human_hard_rusltc_0026,H,,0.2415860148,0,10.0
holdout_prompt_P2,human_hard_rusltc_0027,H,,0.0007761872,0,10.0
holdout_prompt_P2,human_hard_rusltc_0028,H,,0.0000091138,0,10.0
holdout_prompt_P2,human_hard_rusltc_0029,H,,0.2773162902,0,10.0
holdout_prompt_P2,human_hard_rusltc_0030,H,,0.0000070346,0,10.0
holdout_prompt_P2,human_hard_rusltc_0031,H,,0.0000404412,0,10.0
holdout_prompt_P2,human_hard_rusltc_0032,H,,0.0000008680,0,10.0
holdout_prompt_P2,human_hard_rusltc_0033,H,,0.0000088672,0,10.0
holdout_prompt_P2,human_hard_rusltc_0034,H,,0.0009632279,0,10.0
holdout_prompt_P2,human_hard_rusltc_0035,H,,0.1316938189,0,10.0
holdout_prompt_P2,human_hard_rusltc_0036,H,,0.0125990220,0,10.0
holdout_prompt_P2,human_hard_rusltc_0037,H,,0.0203543268,0,10.0
holdout_prompt_P2,human_hard_rusltc_0038,H,,0.0015603839,0,10.0
holdout_prompt_P2,human_hard_rusltc_0039,H,,0.0000037696,0,10.0
holdout_prompt_P2,human_hard_rusltc_0040,H,,0.0001627661,0,10.0
holdout_prompt_P2,human_hard_rusltc_0041,H,,0.0022843342,0,10.0
holdout_prompt_P2,human_hard_rusltc_0042,H,,0.0000000005,0,10.0
holdout_prompt_P2,human_hard_rusltc_0043,H,,0.0057552991,0,10.0
holdout_prompt_P2,human_hard_rusltc_0044,H,,0.0432688924,0,10.0
holdout_prompt_P2,human_hard_rusltc_0045,H,,0.0005262007,0,10.0
holdout_prompt_P2,human_hard_rusltc_0046,H,,0.0049270137,0,10.0
holdout_prompt_P2,human_hard_rusltc_0047,H,,0.0097123416,0,10.0
holdout_prompt_P2,human_hard_rusltc_0048,H,,0.0156027937,0,10.0
holdout_prompt_P2,human_hard_rusltc_0049,H,,0.0000373662,0,10.0
holdout_prompt_P2,human_hard_rusltc_0050,H,,0.0002089831,0,10.0
holdout_prompt_P2,human_hard_rusltc_0051,H,,0.0000350271,0,10.0
holdout_prompt_P2,human_hard_rusltc_0052,H,,0.4313617499,0,10.0
holdout_prompt_P2,human_hard_rusltc_0053,H,,0.0027169309,0,10.0
holdout_prompt_P2,human_hard_rusltc_0054,H,,0.0000179839,0,10.0
holdout_prompt_P2,human_hard_rusltc_0055,H,,0.0029819273,0,10.0
holdout_prompt_P2,human_hard_rusltc_0056,H,,0.0307370290,0,10.0
holdout_prompt_P2,human_hard_rusltc_0057,H,,0.0000056564,0,10.0
holdout_prompt_P2,human_hard_rusltc_0058,H,,0.0025458005,0,10.0
holdout_prompt_P2,human_hard_rusltc_0059,H,,0.0000715935,0,10.0
holdout_prompt_P2,human_hard_rusltc_0060,H,,0.0037615569,0,10.0
holdout_prompt_P2,human_hard_rusltc_0061,H,,0.0002275198,0,10.0
holdout_prompt_P2,human_hard_rusltc_0062,H,,0.0006042438,0,10.0
holdout_prompt_P2,human_hard_rusltc_0063,H,,0.0012646024,0,10.0
holdout_prompt_P2,human_hard_rusltc_0064,H,,0.7552276548,1,10.0
holdout_prompt_P2,human_hard_rusltc_0065,H,,0.0024490798,0,10.0
holdout_prompt_P2,human_hard_rusltc_0066,H,,0.0250871669,0,10.0
holdout_prompt_P2,human_hard_rusltc_0067,H,,0.0028188846,0,10.0
holdout_prompt_P2,human_hard_rusltc_0068,H,,0.0000000672,0,10.0
holdout_prompt_P2,human_hard_rusltc_0069,H,,0.0090783238,0,10.0
holdout_prompt_P2,human_hard_rusltc_0070,H,,0.2288122409,0,10.0
holdout_prompt_P2,human_hard_rusltc_0071,H,,0.0011784398,0,10.0
holdout_prompt_P2,human_hard_rusltc_0072,H,,0.0460193531,0,10.0
holdout_prompt_P2,human_hard_rusltc_0073,H,,0.0057480670,0,10.0
holdout_prompt_P2,human_news_buriy_2014_0001,H,,0.0000035792,0,10.0
holdout_prompt_P2,human_news_buriy_2014_0002,H,,0.0000002687,0,10.0
holdout_prompt_P2,human_news_buriy_2014_0003,H,,0.0000076555,0,10.0
holdout_prompt_P2,human_news_buriy_2014_0004,H,,0.0000000724,0,10.0
holdout_prompt_P2,human_news_buriy_2014_0005,H,,0.0021515119,0,10.0
holdout_prompt_P2,human_news_buriy_2014_0006,H,,0.0000351338,0,10.0
holdout_prompt_P2,human_news_buriy_2014_0007,H,,0.0046430074,0,10.0
holdout_prompt_P2,human_news_buriy_2014_0008,H,,0.0006823154,0,10.0
holdout_prompt_P2,human_news_buriy_2014_0009,H,,0.0000105984,0,10.0
holdout_prompt_P2,human_news_buriy_2014_0010,H,,0.0000000361,0,10.0
holdout_prompt_P2,human_news_buriy_2014_0011,H,,0.0000098990,0,10.0
holdout_prompt_P2,human_news_buriy_2014_0012,H,,0.0000005593,0,10.0
holdout_prompt_P2,human_news_buriy_2014_0013,H,,0.0007664402,0,10.0
holdout_prompt_P2,human_news_buriy_2014_0014,H,,0.0000335621,0,10.0
holdout_prompt_P2,human_news_buriy_2014_0015,H,,0.0000004298,0,10.0
holdout_prompt_P2,human_news_buriy_2014_0016,H,,0.0000002330,0,10.0
holdout_prompt_P2,human_news_buriy_2014_0017,H,,0.8433821408,1,10.0
holdout_prompt_P2,human_news_buriy_2014_0018,H,,0.0000234451,0,10.0
holdout_prompt_P2,human_news_buriy_2014_0019,H,,0.0153702943,0,10.0
holdout_prompt_P2,human_news_buriy_2014_0020,H,,0.0000000027,0,10.0
holdout_prompt_P2,human_news_buriy_2014_0021,H,,0.0613725604,0,10.0
holdout_prompt_P2,human_news_buriy_2014_0022,H,,0.0000008116,0,10.0
holdout_prompt_P2,human_news_buriy_2014_0023,H,,0.0000000832,0,10.0
holdout_prompt_P2,human_news_buriy_2014_0024,H,,0.0000053378,0,10.0
holdout_prompt_P2,human_news_buriy_2014_0025,H,,0.0000051092,0,10.0
holdout_prompt_P2,human_news_buriy_2014_0026,H,,0.0000070446,0,10.0
holdout_prompt_P2,human_news_buriy_2014_0027,H,,0.0000033575,0,10.0
holdout_prompt_P2,human_news_buriy_2014_0028,H,,0.0000001497,0,10.0
holdout_prompt_P2,human_news_buriy_2014_0029,H,,0.0000022329,0,10.0
holdout_prompt_P2,human_news_buriy_2014_0030,H,,0.0040073473,0,10.0
holdout_prompt_P2,human_news_buriy_2014_0031,H,,0.0000106805,0,10.0
holdout_prompt_P2,human_news_buriy_2014_0032,H,,0.0000025876,0,10.0
holdout_prompt_P2,human_news_buriy_2014_0033,H,,0.0000795475,0,10.0
holdout_prompt_P2,human_news_buriy_2014_0034,H,,0.0019061155,0,10.0
holdout_prompt_P2,human_news_buriy_2014_0035,H,,0.0000001925,0,10.0
holdout_prompt_P2,human_news_buriy_2014_0036,H,,0.0000350804,0,10.0
holdout_prompt_P2,human_news_buriy_2014_0037,H,,0.0000619080,0,10.0
holdout_prompt_P2,human_news_buriy_2014_0038,H,,0.0000001297,0,10.0
holdout_prompt_P2,human_news_buriy_2014_0039,H,,0.0000338820,0,10.0
holdout_prompt_P2,human_news_buriy_2014_0040,H,,0.0000113775,0,10.0
holdout_prompt_P2,human_news_buriy_2014_0041,H,,0.0145569116,0,10.0
holdout_prompt_P2,human_news_buriy_2014_0042,H,,0.0000007000,0,10.0
holdout_prompt_P2,human_news_buriy_2014_0043,H,,0.0000773448,0,10.0
holdout_prompt_P2,human_news_buriy_2014_0044,H,,0.0011327025,0,10.0
holdout_prompt_P2,human_news_buriy_2014_0045,H,,0.0001329648,0,10.0
holdout_prompt_P2,human_news_buriy_2014_0046,H,,0.0000317200,0,10.0
holdout_prompt_P2,human_news_buriy_2014_0047,H,,0.0000019487,0,10.0
holdout_prompt_P2,human_news_buriy_2014_0048,H,,0.0000019860,0,10.0
holdout_prompt_P2,human_news_buriy_2014_0049,H,,0.0000000609,0,10.0
holdout_prompt_P2,human_news_buriy_2014_0050,H,,0.0001119003,0,10.0
holdout_prompt_P2,human_news_buriy_2014_0051,H,,0.8990489027,1,10.0
holdout_prompt_P2,human_news_buriy_2014_0052,H,,0.0000003585,0,10.0
holdout_prompt_P2,human_news_buriy_2014_0053,H,,0.0000000011,0,10.0
holdout_prompt_P2,human_news_buriy_2014_0054,H,,0.0456395625,0,10.0
holdout_prompt_P2,human_news_buriy_2014_0055,H,,0.0000000065,0,10.0
holdout_prompt_P2,human_news_buriy_2014_0056,H,,0.0599439281,0,10.0
holdout_prompt_P2,human_news_buriy_2014_0057,H,,0.0000049423,0,10.0
holdout_prompt_P2,human_news_buriy_2014_0058,H,,0.0011615335,0,10.0
holdout_prompt_P2,human_news_buriy_2014_0059,H,,0.0000005177,0,10.0
holdout_prompt_P2,human_news_buriy_2014_0060,H,,0.0000018922,0,10.0
holdout_prompt_P2,human_news_gazeta_0001,H,,0.0005877618,0,10.0
holdout_prompt_P2,human_news_gazeta_0002,H,,0.0927804556,0,10.0
holdout_prompt_P2,human_news_gazeta_0003,H,,0.0643138509,0,10.0
holdout_prompt_P2,human_news_gazeta_0004,H,,0.0005345534,0,10.0
holdout_prompt_P2,human_news_gazeta_0005,H,,0.0000016304,0,10.0
holdout_prompt_P2,human_news_gazeta_0006,H,,0.0000175962,0,10.0
holdout_prompt_P2,human_news_gazeta_0007,H,,0.0000026081,0,10.0
holdout_prompt_P2,human_news_gazeta_0008,H,,0.0094138249,0,10.0
holdout_prompt_P2,human_news_gazeta_0009,H,,0.0000062441,0,10.0
holdout_prompt_P2,human_news_gazeta_0010,H,,0.0049562243,0,10.0
holdout_prompt_P2,human_news_gazeta_0011,H,,0.0000001512,0,10.0
holdout_prompt_P2,human_news_gazeta_0012,H,,0.0004303925,0,10.0
holdout_prompt_P2,human_news_gazeta_0013,H,,0.0037213088,0,10.0
holdout_prompt_P2,human_news_gazeta_0014,H,,0.0000000550,0,10.0
holdout_prompt_P2,human_news_gazeta_0015,H,,0.0020343161,0,10.0
holdout_prompt_P2,human_news_gazeta_0016,H,,0.0000001441,0,10.0
holdout_prompt_P2,human_news_gazeta_0017,H,,0.0355047523,0,10.0
holdout_prompt_P2,human_news_gazeta_0018,H,,0.0077705266,0,10.0
holdout_prompt_P2,human_news_gazeta_0019,H,,0.0000076022,0,10.0
holdout_prompt_P2,human_news_gazeta_0020,H,,0.0000022758,0,10.0
holdout_prompt_P2,human_news_gazeta_0021,H,,0.0026839969,0,10.0
holdout_prompt_P2,human_news_gazeta_0022,H,,0.0012685306,0,10.0
holdout_prompt_P2,human_news_gazeta_0023,H,,0.0000009649,0,10.0
holdout_prompt_P2,human_news_gazeta_0024,H,,0.0001202276,0,10.0
holdout_prompt_P2,human_news_gazeta_0025,H,,0.0001183978,0,10.0
holdout_prompt_P2,human_news_gazeta_0026,H,,0.0000037757,0,10.0
holdout_prompt_P2,human_news_gazeta_0027,H,,0.0000066281,0,10.0
holdout_prompt_P2,human_news_gazeta_0028,H,,0.0000007986,0,10.0
holdout_prompt_P2,human_news_gazeta_0029,H,,0.0052778027,0,10.0
holdout_prompt_P2,human_news_gazeta_0030,H,,0.3230080282,0,10.0
holdout_prompt_P2,human_news_gazeta_0031,H,,0.0022194336,0,10.0
holdout_prompt_P2,human_news_gazeta_0032,H,,0.0000398231,0,10.0
holdout_prompt_P2,human_news_gazeta_0033,H,,0.0004049714,0,10.0
holdout_prompt_P2,human_news_gazeta_0034,H,,0.0247647107,0,10.0
holdout_prompt_P2,human_news_gazeta_0035,H,,0.0125506750,0,10.0
holdout_prompt_P2,human_news_gazeta_0036,H,,0.0000478853,0,10.0
holdout_prompt_P2,human_news_gazeta_0037,H,,0.2540640900,0,10.0
holdout_prompt_P2,human_news_gazeta_0038,H,,0.3023227687,0,10.0
holdout_prompt_P2,human_news_gazeta_0039,H,,0.0056919788,0,10.0
holdout_prompt_P2,human_news_gazeta_0040,H,,0.0014026104,0,10.0
holdout_prompt_P2,human_news_gazeta_0041,H,,0.0000002050,0,10.0
holdout_prompt_P2,human_news_gazeta_0042,H,,0.0001595992,0,10.0
holdout_prompt_P2,human_news_gazeta_0043,H,,0.0113227176,0,10.0
holdout_prompt_P2,human_news_gazeta_0044,H,,0.0000117553,0,10.0
holdout_prompt_P2,human_news_gazeta_0045,H,,0.0000108961,0,10.0
holdout_prompt_P2,human_news_gazeta_0046,H,,0.0000003590,0,10.0
holdout_prompt_P2,human_news_gazeta_0047,H,,0.0000848332,0,10.0
holdout_prompt_P2,human_news_gazeta_0048,H,,0.0405507110,0,10.0
holdout_prompt_P2,human_news_gazeta_0049,H,,0.0480202223,0,10.0
holdout_prompt_P2,human_news_gazeta_0050,H,,0.0002384737,0,10.0
holdout_prompt_P2,human_news_gazeta_0051,H,,0.0000346087,0,10.0
holdout_prompt_P2,human_news_gazeta_0052,H,,0.0669624352,0,10.0
holdout_prompt_P2,human_news_gazeta_0053,H,,0.0191718168,0,10.0
holdout_prompt_P2,human_news_gazeta_0054,H,,0.0062998301,0,10.0
holdout_prompt_P2,human_news_gazeta_0055,H,,0.0000047311,0,10.0
holdout_prompt_P2,human_news_gazeta_0056,H,,0.0000670465,0,10.0
holdout_prompt_P2,human_news_gazeta_0057,H,,0.0166413906,0,10.0
holdout_prompt_P2,human_news_gazeta_0058,H,,0.0002987696,0,10.0
holdout_prompt_P2,human_news_gazeta_0059,H,,0.0000389091,0,10.0
holdout_prompt_P2,human_news_gazeta_0060,H,,0.0000012089,0,10.0
holdout_prompt_P2,human_news_lenta_0001,H,,0.0058395580,0,10.0
holdout_prompt_P2,human_news_lenta_0002,H,,0.0000203091,0,10.0
holdout_prompt_P2,human_news_lenta_0004,H,,0.0029095602,0,10.0
holdout_prompt_P2,human_news_lenta_0007,H,,0.0000000000,0,10.0
holdout_prompt_P2,human_news_lenta_0009,H,,0.0004040564,0,10.0
holdout_prompt_P2,human_news_lenta_0010,H,,0.0000000001,0,10.0
holdout_prompt_P2,human_news_lenta_0012,H,,0.0000328376,0,10.0
holdout_prompt_P2,human_news_lenta_0013,H,,0.0067214248,0,10.0
holdout_prompt_P2,human_news_lenta_0014,H,,0.0000586543,0,10.0
holdout_prompt_P2,human_news_lenta_0015,H,,0.0020812668,0,10.0
holdout_prompt_P2,human_news_lenta_0016,H,,0.0009243875,0,10.0
holdout_prompt_P2,human_news_lenta_0017,H,,0.0000000002,0,10.0
holdout_prompt_P2,human_news_lenta_0018,H,,0.0000000010,0,10.0
holdout_prompt_P2,human_news_lenta_0021,H,,0.0060910223,0,10.0
holdout_prompt_P2,human_news_lenta_0022,H,,0.0000053037,0,10.0
holdout_prompt_P2,human_news_lenta_0023,H,,0.0355342961,0,10.0
holdout_prompt_P2,human_news_lenta_0024,H,,0.0014939118,0,10.0
holdout_prompt_P2,human_news_lenta_0027,H,,0.1831798434,0,10.0
holdout_prompt_P2,human_news_lenta_0029,H,,0.0263242082,0,10.0
holdout_prompt_P2,human_news_lenta_0034,H,,0.0000198933,0,10.0
holdout_prompt_P2,human_news_lenta_0036,H,,0.0004981103,0,10.0
holdout_prompt_P2,human_news_lenta_0039,H,,0.0000000000,0,10.0
holdout_prompt_P2,human_news_lenta_0040,H,,0.0642005123,0,10.0
holdout_prompt_P2,human_news_lenta_0041,H,,0.0000003421,0,10.0
holdout_prompt_P2,human_news_lenta_0042,H,,0.0000000281,0,10.0
holdout_prompt_P2,human_news_lenta_0044,H,,0.0000359527,0,10.0
holdout_prompt_P2,human_news_lenta_0045,H,,0.0043951932,0,10.0
holdout_prompt_P2,human_news_lenta_0046,H,,0.0000000014,0,10.0
holdout_prompt_P2,human_news_lenta_0049,H,,0.0006332641,0,10.0
holdout_prompt_P2,human_news_lenta_0051,H,,0.0014525093,0,10.0
holdout_prompt_P2,human_news_lenta_0053,H,,0.0000003729,0,10.0
holdout_prompt_P2,human_news_lenta_0055,H,,0.0399922744,0,10.0
holdout_prompt_P2,human_science_cyberleninka_0001,H,,0.0109270165,0,10.0
holdout_prompt_P2,human_science_cyberleninka_0002,H,,0.9075915300,1,10.0
holdout_prompt_P2,human_science_cyberleninka_0003,H,,0.0010793483,0,10.0
holdout_prompt_P2,human_science_cyberleninka_0004,H,,0.0241900036,0,10.0
holdout_prompt_P2,human_science_cyberleninka_0005,H,,0.0004008838,0,10.0
holdout_prompt_P2,human_science_cyberleninka_0006,H,,0.0003917749,0,10.0
holdout_prompt_P2,human_science_cyberleninka_0007,H,,0.0038617921,0,10.0
holdout_prompt_P2,human_science_cyberleninka_0008,H,,0.0000269268,0,10.0
holdout_prompt_P2,human_science_cyberleninka_0009,H,,0.7076323076,1,10.0
holdout_prompt_P2,human_science_cyberleninka_0010,H,,0.0000614178,0,10.0
holdout_prompt_P2,human_science_cyberleninka_0011,H,,0.0000033875,0,10.0
holdout_prompt_P2,human_science_cyberleninka_0013,H,,0.3586012648,0,10.0
holdout_prompt_P2,human_science_cyberleninka_0014,H,,0.1133494437,0,10.0
holdout_prompt_P2,human_science_cyberleninka_0015,H,,0.0000000443,0,10.0
holdout_prompt_P2,human_science_cyberleninka_0016,H,,0.0033976607,0,10.0
holdout_prompt_P2,human_science_cyberleninka_0017,H,,0.0057390886,0,10.0
holdout_prompt_P2,human_science_cyberleninka_0018,H,,0.6970842900,1,10.0
holdout_prompt_P2,human_science_cyberleninka_0019,H,,0.3621579070,0,10.0
holdout_prompt_P2,human_science_cyberleninka_0020,H,,0.0000343061,0,10.0
holdout_prompt_P2,human_science_cyberleninka_0021,H,,0.2373280079,0,10.0
holdout_prompt_P2,human_science_cyberleninka_0022,H,,0.0002219766,0,10.0
holdout_prompt_P2,human_science_cyberleninka_0023,H,,0.7382555866,1,10.0
holdout_prompt_P2,human_science_cyberleninka_0024,H,,0.6957452397,1,10.0
holdout_prompt_P2,human_science_cyberleninka_0025,H,,0.0019396477,0,10.0
holdout_prompt_P2,human_science_cyberleninka_0026,H,,0.0006804709,0,10.0
holdout_prompt_P2,human_science_cyberleninka_0027,H,,0.0035775634,0,10.0
holdout_prompt_P2,human_science_cyberleninka_0028,H,,0.0000010046,0,10.0
holdout_prompt_P2,human_science_cyberleninka_0029,H,,0.0030319334,0,10.0
holdout_prompt_P2,human_science_cyberleninka_0030,H,,0.0000058953,0,10.0
holdout_prompt_P2,human_science_cyberleninka_0031,H,,0.0112229500,0,10.0
holdout_prompt_P2,human_science_cyberleninka_0032,H,,0.0273397529,0,10.0
holdout_prompt_P2,human_science_cyberleninka_0033,H,,0.7877468917,1,10.0
holdout_prompt_P2,human_science_cyberleninka_0034,H,,0.0000425435,0,10.0
holdout_prompt_P2,human_science_cyberleninka_0035,H,,0.1790365649,0,10.0
holdout_prompt_P2,human_science_cyberleninka_0036,H,,0.2840858278,0,10.0
holdout_prompt_P2,human_science_cyberleninka_0037,H,,0.0652607423,0,10.0
holdout_prompt_P2,human_science_cyberleninka_0038,H,,0.0204834710,0,10.0
holdout_prompt_P2,human_science_cyberleninka_0039,H,,0.0003495066,0,10.0
holdout_prompt_P2,human_science_cyberleninka_0040,H,,0.0000137959,0,10.0
holdout_prompt_P2,human_science_cyberleninka_0041,H,,0.0480060446,0,10.0
holdout_prompt_P2,human_science_cyberleninka_0042,H,,0.0000110987,0,10.0
holdout_prompt_P2,human_science_cyberleninka_0043,H,,0.0361031145,0,10.0
holdout_prompt_P2,human_science_cyberleninka_0044,H,,0.7687986539,1,10.0
holdout_prompt_P2,human_science_cyberleninka_0045,H,,0.0000409437,0,10.0
holdout_prompt_P2,human_science_cyberleninka_0046,H,,0.0000004506,0,10.0
holdout_prompt_P2,human_science_cyberleninka_0047,H,,0.0004725063,0,10.0
holdout_prompt_P2,human_science_cyberleninka_0048,H,,0.0000023735,0,10.0
holdout_prompt_P2,human_science_cyberleninka_0049,H,,0.0000141384,0,10.0
holdout_prompt_P2,human_science_cyberleninka_0050,H,,0.0000530042,0,10.0
holdout_prompt_P2,human_science_cyberleninka_0051,H,,0.0656652911,0,10.0
holdout_prompt_P2,human_science_cyberleninka_0052,H,,0.4405132826,0,10.0
holdout_prompt_P2,human_science_cyberleninka_0053,H,,0.0000789415,0,10.0
holdout_prompt_P2,human_science_cyberleninka_0054,H,,0.0045966945,0,10.0
holdout_prompt_P2,human_science_cyberleninka_0055,H,,0.0064295560,0,10.0
holdout_prompt_P2,human_science_cyberleninka_0056,H,,0.0113031829,0,10.0
holdout_prompt_P2,human_science_cyberleninka_0057,H,,0.0267338231,0,10.0
holdout_prompt_P2,human_science_cyberleninka_0058,H,,0.6917183528,1,10.0
holdout_prompt_P2,human_science_cyberleninka_0059,H,,0.6631550632,1,10.0
holdout_prompt_P2,human_science_cyberleninka_0060,H,,0.0041669307,0,10.0
holdout_prompt_P2,human_science_cyberleninka_0067,H,,0.1841914682,0,10.0
holdout_prompt_P2,human_science_spbgu_0001,H,,0.0003457539,0,10.0
holdout_prompt_P2,human_science_spbgu_0002,H,,0.0003624907,0,10.0
holdout_prompt_P2,human_science_spbgu_0003,H,,0.0000042964,0,10.0
holdout_prompt_P2,human_science_spbgu_0004,H,,0.0000000017,0,10.0
holdout_prompt_P2,human_science_spbgu_0005,H,,0.0023242996,0,10.0
holdout_prompt_P2,human_science_spbgu_0006,H,,0.0000763697,0,10.0
holdout_prompt_P2,human_science_spbgu_0007,H,,0.0000067562,0,10.0
holdout_prompt_P2,human_science_spbgu_0008,H,,0.0129951733,0,10.0
holdout_prompt_P2,human_science_spbgu_0009,H,,0.0000026837,0,10.0
holdout_prompt_P2,human_science_spbgu_0010,H,,0.0000708199,0,10.0
holdout_prompt_P2,human_science_spbgu_0011,H,,0.0021810414,0,10.0
holdout_prompt_P2,human_science_spbgu_0012,H,,0.0000085854,0,10.0
holdout_prompt_P2,human_science_spbgu_0013,H,,0.0000093498,0,10.0
holdout_prompt_P2,human_science_spbgu_0014,H,,0.0197613966,0,10.0
holdout_prompt_P2,human_science_spbgu_0015,H,,0.0041551224,0,10.0
holdout_prompt_P2,human_science_spbgu_0016,H,,0.0000112777,0,10.0
holdout_prompt_P2,human_science_spbgu_0017,H,,0.0006596075,0,10.0
holdout_prompt_P2,human_science_spbgu_0018,H,,0.0000369157,0,10.0
holdout_prompt_P2,human_science_spbgu_0019,H,,0.0031920558,0,10.0
holdout_prompt_P2,human_science_spbgu_0020,H,,0.0008629299,0,10.0
holdout_prompt_P2,human_science_spbgu_0021,H,,0.0000047794,0,10.0
holdout_prompt_P2,human_science_spbgu_0022,H,,0.0001877031,0,10.0
holdout_prompt_P2,human_science_spbgu_0023,H,,0.0002993603,0,10.0
holdout_prompt_P2,human_science_spbgu_0024,H,,0.0000038783,0,10.0
holdout_prompt_P2,human_science_spbgu_0025,H,,0.0000127469,0,10.0
holdout_prompt_P2,human_science_spbgu_0026,H,,0.0036381522,0,10.0
holdout_prompt_P2,human_science_spbgu_0027,H,,0.0000007263,0,10.0
holdout_prompt_P2,human_science_spbgu_0028,H,,0.0000020766,0,10.0
holdout_prompt_P2,human_science_spbgu_0029,H,,0.0000017993,0,10.0
holdout_prompt_P2,human_science_spbgu_0030,H,,0.0000085925,0,10.0
holdout_prompt_P2,human_science_spbgu_0031,H,,0.0000647377,0,10.0
holdout_prompt_P2,human_science_spbgu_0032,H,,0.0000127755,0,10.0
holdout_prompt_P2,human_science_spbgu_0033,H,,0.0000008267,0,10.0
holdout_prompt_P2,human_science_spbgu_0034,H,,0.0000949721,0,10.0
holdout_prompt_P2,human_science_spbgu_0035,H,,0.0000003500,0,10.0
holdout_prompt_P2,human_science_spbgu_0036,H,,0.0000316857,0,10.0
holdout_prompt_P2,human_science_spbgu_0037,H,,0.0005204838,0,10.0
holdout_prompt_P2,human_science_spbgu_0038,H,,0.0000017407,0,10.0
holdout_prompt_P2,human_science_spbgu_0039,H,,0.0039414226,0,10.0
holdout_prompt_P2,human_science_spbgu_0040,H,,0.0000375993,0,10.0
holdout_prompt_P2,human_science_spbgu_0041,H,,0.0000798073,0,10.0
holdout_prompt_P2,human_science_spbgu_0042,H,,0.0000735164,0,10.0
holdout_prompt_P2,human_science_spbgu_0043,H,,0.0000913173,0,10.0
holdout_prompt_P2,human_science_spbgu_0044,H,,0.0003567500,0,10.0
holdout_prompt_P2,human_science_spbgu_0045,H,,0.0000170178,0,10.0
holdout_prompt_P2,human_science_spbgu_0046,H,,0.0000006367,0,10.0
holdout_prompt_P2,human_science_spbgu_0048,H,,0.0000123447,0,10.0
holdout_prompt_P2,human_science_spbgu_0049,H,,0.0000036300,0,10.0
holdout_prompt_P2,human_science_spbgu_0050,H,,0.0010961847,0,10.0
holdout_prompt_P2,human_science_spbgu_0054,H,,0.0000000103,0,10.0
holdout_prompt_P2,human_science_spbgu_0055,H,,0.0000081311,0,10.0
holdout_prompt_P2,human_science_spbgu_0057,H,,0.0031031691,0,10.0
holdout_prompt_P2,human_science_spbgu_0059,H,,0.0000720500,0,10.0
holdout_prompt_P2,human_science_spbgu_0060,H,,0.0000000100,0,10.0
holdout_prompt_P2,human_science_spbgu_0061,H,,0.0000026614,0,10.0
holdout_prompt_P2,human_science_spbgu_0062,H,,0.0000646750,0,10.0
holdout_prompt_P2,human_science_spbgu_0063,H,,0.0101196775,0,10.0
holdout_prompt_P2,human_science_spbgu_0064,H,,0.0000008094,0,10.0
holdout_prompt_P2,human_science_spbgu_0065,H,,0.0000048311,0,10.0
holdout_prompt_P2,human_science_urfu_0001,H,,0.0413391475,0,10.0
holdout_prompt_P2,human_science_urfu_0002,H,,0.0016347445,0,10.0
holdout_prompt_P2,human_science_urfu_0003,H,,0.0153424500,0,10.0
holdout_prompt_P2,human_science_urfu_0004,H,,0.0023005452,0,10.0
holdout_prompt_P2,human_science_urfu_0005,H,,0.0019474517,0,10.0
holdout_prompt_P2,human_science_urfu_0006,H,,0.0000153311,0,10.0
holdout_prompt_P2,human_science_urfu_0007,H,,0.2598287425,0,10.0
holdout_prompt_P2,human_science_urfu_0008,H,,0.0000406842,0,10.0
holdout_prompt_P2,human_science_urfu_0009,H,,0.0017030218,0,10.0
holdout_prompt_P2,human_science_urfu_0010,H,,0.0011941388,0,10.0
holdout_prompt_P2,human_science_urfu_0011,H,,0.0034483816,0,10.0
holdout_prompt_P2,human_science_urfu_0012,H,,0.0001041300,0,10.0
holdout_prompt_P2,human_science_urfu_0013,H,,0.0472166523,0,10.0
holdout_prompt_P2,human_science_urfu_0014,H,,0.0000018298,0,10.0
holdout_prompt_P2,human_science_urfu_0015,H,,0.0003608605,0,10.0
holdout_prompt_P2,human_science_urfu_0016,H,,0.0086942439,0,10.0
holdout_prompt_P2,human_science_urfu_0017,H,,0.0010981920,0,10.0
holdout_prompt_P2,human_science_urfu_0018,H,,0.0003182905,0,10.0
holdout_prompt_P2,human_science_urfu_0019,H,,0.0014785296,0,10.0
holdout_prompt_P2,human_science_urfu_0020,H,,0.0000004915,0,10.0
holdout_prompt_P2,human_science_urfu_0021,H,,0.0031301048,0,10.0
holdout_prompt_P2,human_science_urfu_0022,H,,0.0035445772,0,10.0
holdout_prompt_P2,human_science_urfu_0023,H,,0.0000007300,0,10.0
holdout_prompt_P2,human_science_urfu_0024,H,,0.0049190282,0,10.0
holdout_prompt_P2,human_science_urfu_0025,H,,0.0145279510,0,10.0
holdout_prompt_P2,human_science_urfu_0026,H,,0.0087600064,0,10.0
holdout_prompt_P2,human_science_urfu_0027,H,,0.0217631650,0,10.0
holdout_prompt_P2,human_science_urfu_0028,H,,0.0077328365,0,10.0
holdout_prompt_P2,human_science_urfu_0029,H,,0.0003395818,0,10.0
holdout_prompt_P2,human_science_urfu_0030,H,,0.0513827830,0,10.0
holdout_prompt_P2,human_science_urfu_0031,H,,0.0000000324,0,10.0
holdout_prompt_P2,human_science_urfu_0032,H,,0.4950992644,0,10.0
holdout_prompt_P2,human_science_urfu_0033,H,,0.0024479271,0,10.0
holdout_prompt_P2,human_science_urfu_0034,H,,0.0006821142,0,10.0
holdout_prompt_P2,human_science_urfu_0035,H,,0.0047976055,0,10.0
holdout_prompt_P2,human_science_urfu_0036,H,,0.0107076655,0,10.0
holdout_prompt_P2,human_science_urfu_0037,H,,0.0477205018,0,10.0
holdout_prompt_P2,human_science_urfu_0038,H,,0.0000000002,0,10.0
holdout_prompt_P2,human_science_urfu_0039,H,,0.0000000027,0,10.0
holdout_prompt_P2,human_science_urfu_0040,H,,0.0000000000,0,10.0
holdout_prompt_P2,human_science_urfu_0041,H,,0.0000004463,0,10.0
holdout_prompt_P2,human_science_urfu_0042,H,,0.0000000040,0,10.0
holdout_prompt_P2,human_science_urfu_0043,H,,0.0000000297,0,10.0
holdout_prompt_P2,human_science_urfu_0044,H,,0.2196571423,0,10.0
holdout_prompt_P2,human_science_urfu_0045,H,,0.0319331517,0,10.0
holdout_prompt_P2,human_science_urfu_0046,H,,0.0000002087,0,10.0
holdout_prompt_P2,human_science_urfu_0047,H,,0.0105030705,0,10.0
holdout_prompt_P2,human_science_urfu_0048,H,,0.0000578691,0,10.0
holdout_prompt_P2,nemotron_b001_P2_r1,A,nemotron,1.0000000000,1,10.0
holdout_prompt_P2,nemotron_b001_P2_r2,A,nemotron,1.0000000000,1,10.0
holdout_prompt_P2,nemotron_b002_P2_r1,A,nemotron,1.0000000000,1,10.0
holdout_prompt_P2,nemotron_b002_P2_r2,A,nemotron,1.0000000000,1,10.0
holdout_prompt_P2,nemotron_b003_P2_r1,A,nemotron,1.0000000000,1,10.0
holdout_prompt_P2,nemotron_b003_P2_r2,A,nemotron,1.0000000000,1,10.0
holdout_prompt_P2,nemotron_b004_P2_r1,A,nemotron,1.0000000000,1,10.0
holdout_prompt_P2,nemotron_b004_P2_r2,A,nemotron,0.9999999999,1,10.0
holdout_prompt_P2,nemotron_b005_P2_r1,A,nemotron,1.0000000000,1,10.0
holdout_prompt_P2,nemotron_b005_P2_r2,A,nemotron,1.0000000000,1,10.0
holdout_prompt_P2,nemotron_b006_P2_r1,A,nemotron,1.0000000000,1,10.0
holdout_prompt_P2,nemotron_b006_P2_r2,A,nemotron,1.0000000000,1,10.0
holdout_prompt_P2,nemotron_b007_P2_r1,A,nemotron,1.0000000000,1,10.0
holdout_prompt_P2,nemotron_b007_P2_r2,A,nemotron,1.0000000000,1,10.0
holdout_prompt_P2,nemotron_b008_P2_r1,A,nemotron,1.0000000000,1,10.0
holdout_prompt_P2,nemotron_b008_P2_r2,A,nemotron,1.0000000000,1,10.0
holdout_prompt_P2,nemotron_b009_P2_r1,A,nemotron,1.0000000000,1,10.0
holdout_prompt_P2,nemotron_b009_P2_r2,A,nemotron,1.0000000000,1,10.0
holdout_prompt_P2,nemotron_b010_P2_r1,A,nemotron,1.0000000000,1,10.0
holdout_prompt_P2,nemotron_b010_P2_r2,A,nemotron,1.0000000000,1,10.0
holdout_prompt_P2,nemotron_b011_P2_r1,A,nemotron,1.0000000000,1,10.0
holdout_prompt_P2,nemotron_b011_P2_r2,A,nemotron,1.0000000000,1,10.0
holdout_prompt_P2,nemotron_b012_P2_r1,A,nemotron,1.0000000000,1,10.0
holdout_prompt_P2,nemotron_b012_P2_r2,A,nemotron,1.0000000000,1,10.0
holdout_prompt_P2,nemotron_b013_P2_r1,A,nemotron,1.0000000000,1,10.0
holdout_prompt_P2,nemotron_b013_P2_r2,A,nemotron,1.0000000000,1,10.0
holdout_prompt_P2,nemotron_b014_P2_r1,A,nemotron,1.0000000000,1,10.0
holdout_prompt_P2,nemotron_b014_P2_r2,A,nemotron,1.0000000000,1,10.0
holdout_prompt_P2,nemotron_b015_P2_r1,A,nemotron,0.9999999996,1,10.0
holdout_prompt_P2,nemotron_b015_P2_r2,A,nemotron,1.0000000000,1,10.0
holdout_prompt_P2,nemotron_b016_P2_r1,A,nemotron,1.0000000000,1,10.0
holdout_prompt_P2,nemotron_b016_P2_r2,A,nemotron,1.0000000000,1,10.0
holdout_prompt_P2,nemotron_b017_P2_r1,A,nemotron,0.9999999999,1,10.0
holdout_prompt_P2,nemotron_b017_P2_r2,A,nemotron,0.9999999999,1,10.0
holdout_prompt_P2,nemotron_b018_P2_r1,A,nemotron,0.9810000467,1,10.0
holdout_prompt_P2,nemotron_b018_P2_r2,A,nemotron,1.0000000000,1,10.0
holdout_prompt_P2,nemotron_b019_P2_r1,A,nemotron,1.0000000000,1,10.0
holdout_prompt_P2,nemotron_b019_P2_r2,A,nemotron,1.0000000000,1,10.0
holdout_prompt_P2,nemotron_b020_P2_r1,A,nemotron,1.0000000000,1,10.0
holdout_prompt_P2,nemotron_b020_P2_r2,A,nemotron,1.0000000000,1,10.0
holdout_prompt_P2,nemotron_b021_P2_r1,A,nemotron,1.0000000000,1,10.0
holdout_prompt_P2,nemotron_b021_P2_r2,A,nemotron,1.0000000000,1,10.0
holdout_prompt_P2,nemotron_b022_P2_r1,A,nemotron,1.0000000000,1,10.0
holdout_prompt_P2,nemotron_b022_P2_r2,A,nemotron,1.0000000000,1,10.0
holdout_prompt_P2,nemotron_b023_P2_r1,A,nemotron,1.0000000000,1,10.0
holdout_prompt_P2,nemotron_b023_P2_r2,A,nemotron,1.0000000000,1,10.0
holdout_prompt_P2,nemotron_b024_P2_r1,A,nemotron,1.0000000000,1,10.0
holdout_prompt_P2,nemotron_b024_P2_r2,A,nemotron,1.0000000000,1,10.0
holdout_prompt_P2,nemotron_b025_P2_r1,A,nemotron,1.0000000000,1,10.0
holdout_prompt_P2,nemotron_b025_P2_r2,A,nemotron,0.9999999996,1,10.0
holdout_prompt_P2,nemotron_b026_P2_r1,A,nemotron,1.0000000000,1,10.0
holdout_prompt_P2,nemotron_b026_P2_r2,A,nemotron,1.0000000000,1,10.0
holdout_prompt_P2,nemotron_b027_P2_r1,A,nemotron,1.0000000000,1,10.0
holdout_prompt_P2,nemotron_b027_P2_r2,A,nemotron,0.9999999998,1,10.0
holdout_prompt_P2,nemotron_b028_P2_r1,A,nemotron,1.0000000000,1,10.0
holdout_prompt_P2,nemotron_b028_P2_r2,A,nemotron,0.9999999999,1,10.0
holdout_prompt_P2,nemotron_b029_P2_r1,A,nemotron,1.0000000000,1,10.0
holdout_prompt_P2,nemotron_b029_P2_r2,A,nemotron,1.0000000000,1,10.0
holdout_prompt_P2,nemotron_b030_P2_r1,A,nemotron,1.0000000000,1,10.0
holdout_prompt_P2,nemotron_b030_P2_r2,A,nemotron,1.0000000000,1,10.0
holdout_prompt_P2,nemotron_b031_P2_r1,A,nemotron,1.0000000000,1,10.0
holdout_prompt_P2,nemotron_b031_P2_r2,A,nemotron,0.9999999998,1,10.0
holdout_prompt_P2,nemotron_b032_P2_r1,A,nemotron,1.0000000000,1,10.0
holdout_prompt_P2,nemotron_b032_P2_r2,A,nemotron,1.0000000000,1,10.0
holdout_prompt_P2,nemotron_b033_P2_r1,A,nemotron,1.0000000000,1,10.0
holdout_prompt_P2,nemotron_b033_P2_r2,A,nemotron,1.0000000000,1,10.0
holdout_prompt_P2,nemotron_b034_P2_r1,A,nemotron,1.0000000000,1,10.0
holdout_prompt_P2,nemotron_b034_P2_r2,A,nemotron,1.0000000000,1,10.0
holdout_prompt_P2,nemotron_b035_P2_r1,A,nemotron,0.9999999967,1,10.0
holdout_prompt_P2,nemotron_b035_P2_r2,A,nemotron,0.9999999941,1,10.0
holdout_prompt_P2,nemotron_b036_P2_r1,A,nemotron,1.0000000000,1,10.0
holdout_prompt_P2,nemotron_b036_P2_r2,A,nemotron,1.0000000000,1,10.0
holdout_prompt_P2,nemotron_b037_P2_r1,A,nemotron,1.0000000000,1,10.0
holdout_prompt_P2,nemotron_b037_P2_r2,A,nemotron,1.0000000000,1,10.0
holdout_prompt_P2,nemotron_b038_P2_r1,A,nemotron,1.0000000000,1,10.0
holdout_prompt_P2,nemotron_b038_P2_r2,A,nemotron,1.0000000000,1,10.0
holdout_prompt_P2,nemotron_b039_P2_r1,A,nemotron,1.0000000000,1,10.0
holdout_prompt_P2,nemotron_b039_P2_r2,A,nemotron,1.0000000000,1,10.0
holdout_prompt_P2,nemotron_b040_P2_r1,A,nemotron,1.0000000000,1,10.0
holdout_prompt_P2,nemotron_b040_P2_r2,A,nemotron,1.0000000000,1,10.0
holdout_prompt_P2,nemotron_b041_P2_r1,A,nemotron,1.0000000000,1,10.0
holdout_prompt_P2,nemotron_b041_P2_r2,A,nemotron,0.9999946677,1,10.0
holdout_prompt_P2,nemotron_b042_P2_r1,A,nemotron,1.0000000000,1,10.0
holdout_prompt_P2,nemotron_b042_P2_r2,A,nemotron,0.9999999999,1,10.0
holdout_prompt_P2,nemotron_b043_P2_r1,A,nemotron,1.0000000000,1,10.0
holdout_prompt_P2,nemotron_b043_P2_r2,A,nemotron,1.0000000000,1,10.0
holdout_prompt_P2,nemotron_b044_P2_r1,A,nemotron,1.0000000000,1,10.0
holdout_prompt_P2,nemotron_b044_P2_r2,A,nemotron,1.0000000000,1,10.0
holdout_prompt_P2,nemotron_b045_P2_r1,A,nemotron,1.0000000000,1,10.0
holdout_prompt_P2,nemotron_b045_P2_r2,A,nemotron,1.0000000000,1,10.0
holdout_prompt_P2,real_claude_b001_P2_r1,A,real_claude,0.9999999937,1,10.0
holdout_prompt_P2,real_claude_b001_P2_r2,A,real_claude,0.9999999647,1,10.0
holdout_prompt_P2,real_claude_b002_P2_r1,A,real_claude,0.8194496373,1,10.0
holdout_prompt_P2,real_claude_b002_P2_r2,A,real_claude,0.9999999658,1,10.0
holdout_prompt_P2,real_claude_b003_P2_r1,A,real_claude,0.9999995687,1,10.0
holdout_prompt_P2,real_claude_b003_P2_r2,A,real_claude,0.9999986220,1,10.0
holdout_prompt_P2,real_claude_b004_P2_r1,A,real_claude,0.9999994190,1,10.0
holdout_prompt_P2,real_claude_b004_P2_r2,A,real_claude,0.9999961202,1,10.0
holdout_prompt_P2,real_claude_b005_P2_r1,A,real_claude,0.9999994817,1,10.0
holdout_prompt_P2,real_claude_b005_P2_r2,A,real_claude,0.9991148173,1,10.0
holdout_prompt_P2,real_claude_b006_P2_r1,A,real_claude,0.9999999997,1,10.0
holdout_prompt_P2,real_claude_b006_P2_r2,A,real_claude,1.0000000000,1,10.0
holdout_prompt_P2,real_claude_b007_P2_r1,A,real_claude,0.9995224936,1,10.0
holdout_prompt_P2,real_claude_b007_P2_r2,A,real_claude,0.9999957571,1,10.0
holdout_prompt_P2,real_claude_b008_P2_r1,A,real_claude,0.9999999870,1,10.0
holdout_prompt_P2,real_claude_b008_P2_r2,A,real_claude,0.9999618675,1,10.0
holdout_prompt_P2,real_claude_b009_P2_r1,A,real_claude,0.9999996073,1,10.0
holdout_prompt_P2,real_claude_b009_P2_r2,A,real_claude,0.9999739705,1,10.0
holdout_prompt_P2,real_claude_b010_P2_r1,A,real_claude,0.9999999991,1,10.0
holdout_prompt_P2,real_claude_b010_P2_r2,A,real_claude,0.9999994418,1,10.0
holdout_prompt_P2,real_claude_b011_P2_r1,A,real_claude,0.9994947647,1,10.0
holdout_prompt_P2,real_claude_b011_P2_r2,A,real_claude,0.9999981386,1,10.0
holdout_prompt_P2,real_claude_b012_P2_r1,A,real_claude,0.9999992986,1,10.0
holdout_prompt_P2,real_claude_b012_P2_r2,A,real_claude,0.9999994797,1,10.0
holdout_prompt_P2,real_claude_b013_P2_r1,A,real_claude,0.9936312762,1,10.0
holdout_prompt_P2,real_claude_b013_P2_r2,A,real_claude,0.9999998766,1,10.0
holdout_prompt_P2,real_claude_b014_P2_r1,A,real_claude,0.9999998777,1,10.0
holdout_prompt_P2,real_claude_b014_P2_r2,A,real_claude,1.0000000000,1,10.0
holdout_prompt_P2,real_claude_b015_P2_r1,A,real_claude,0.9999999840,1,10.0
holdout_prompt_P2,real_claude_b015_P2_r2,A,real_claude,0.9999999897,1,10.0
holdout_prompt_P2,real_claude_b016_P2_r1,A,real_claude,0.9999999900,1,10.0
holdout_prompt_P2,real_claude_b016_P2_r2,A,real_claude,0.9999999999,1,10.0
holdout_prompt_P2,real_claude_b017_P2_r1,A,real_claude,1.0000000000,1,10.0
holdout_prompt_P2,real_claude_b017_P2_r2,A,real_claude,0.9999999997,1,10.0
holdout_prompt_P2,real_claude_b018_P2_r1,A,real_claude,0.9999999908,1,10.0
holdout_prompt_P2,real_claude_b018_P2_r2,A,real_claude,0.9999997316,1,10.0
holdout_prompt_P2,real_claude_b019_P2_r1,A,real_claude,0.9999989690,1,10.0
holdout_prompt_P2,real_claude_b019_P2_r2,A,real_claude,0.9999999436,1,10.0
holdout_prompt_P2,real_claude_b020_P2_r1,A,real_claude,0.9999911719,1,10.0
holdout_prompt_P2,real_claude_b020_P2_r2,A,real_claude,0.9999999920,1,10.0
holdout_prompt_P2,real_claude_b021_P2_r1,A,real_claude,0.9999999940,1,10.0
holdout_prompt_P2,real_claude_b021_P2_r2,A,real_claude,1.0000000000,1,10.0
holdout_prompt_P2,real_claude_b022_P2_r1,A,real_claude,0.9999999961,1,10.0
holdout_prompt_P2,real_claude_b022_P2_r2,A,real_claude,0.9999999983,1,10.0
holdout_prompt_P2,real_claude_b023_P2_r1,A,real_claude,0.9999994736,1,10.0
holdout_prompt_P2,real_claude_b023_P2_r2,A,real_claude,0.9999999542,1,10.0
holdout_prompt_P2,real_claude_b024_P2_r1,A,real_claude,0.9999990615,1,10.0
holdout_prompt_P2,real_claude_b024_P2_r2,A,real_claude,0.9984713098,1,10.0
holdout_prompt_P2,real_claude_b025_P2_r1,A,real_claude,0.9999999880,1,10.0
holdout_prompt_P2,real_claude_b025_P2_r2,A,real_claude,0.9999999991,1,10.0
holdout_prompt_P2,real_claude_b026_P2_r1,A,real_claude,0.9999999884,1,10.0
holdout_prompt_P2,real_claude_b026_P2_r2,A,real_claude,1.0000000000,1,10.0
holdout_prompt_P2,real_claude_b027_P2_r1,A,real_claude,0.9999681021,1,10.0
holdout_prompt_P2,real_claude_b027_P2_r2,A,real_claude,0.9999999979,1,10.0
holdout_prompt_P2,real_claude_b028_P2_r1,A,real_claude,0.9999999974,1,10.0
holdout_prompt_P2,real_claude_b028_P2_r2,A,real_claude,0.9997138944,1,10.0
holdout_prompt_P2,real_claude_b029_P2_r1,A,real_claude,0.9999999957,1,10.0
holdout_prompt_P2,real_claude_b029_P2_r2,A,real_claude,0.9999997023,1,10.0
holdout_prompt_P2,real_claude_b030_P2_r1,A,real_claude,0.9999999633,1,10.0
holdout_prompt_P2,real_claude_b030_P2_r2,A,real_claude,0.9999999984,1,10.0
holdout_prompt_P2,real_claude_b031_P2_r1,A,real_claude,0.9999999994,1,10.0
holdout_prompt_P2,real_claude_b031_P2_r2,A,real_claude,0.9999998026,1,10.0
holdout_prompt_P2,real_claude_b032_P2_r1,A,real_claude,0.9999986297,1,10.0
holdout_prompt_P2,real_claude_b032_P2_r2,A,real_claude,1.0000000000,1,10.0
holdout_prompt_P2,real_claude_b033_P2_r1,A,real_claude,0.9999999724,1,10.0
holdout_prompt_P2,real_claude_b033_P2_r2,A,real_claude,0.9999992115,1,10.0
holdout_prompt_P2,real_claude_b034_P2_r1,A,real_claude,0.9999999638,1,10.0
holdout_prompt_P2,real_claude_b034_P2_r2,A,real_claude,0.9999999909,1,10.0
holdout_prompt_P2,real_claude_b035_P2_r1,A,real_claude,0.9999999747,1,10.0
holdout_prompt_P2,real_claude_b035_P2_r2,A,real_claude,0.9999999942,1,10.0
holdout_prompt_P2,real_claude_b036_P2_r1,A,real_claude,0.9996726570,1,10.0
holdout_prompt_P2,real_claude_b036_P2_r2,A,real_claude,1.0000000000,1,10.0
holdout_prompt_P2,real_claude_b037_P2_r1,A,real_claude,0.9999999999,1,10.0
holdout_prompt_P2,real_claude_b037_P2_r2,A,real_claude,0.9999999924,1,10.0
holdout_prompt_P2,real_claude_b038_P2_r1,A,real_claude,0.9984253996,1,10.0
holdout_prompt_P2,real_claude_b038_P2_r2,A,real_claude,0.9999998454,1,10.0
holdout_prompt_P2,real_claude_b039_P2_r1,A,real_claude,1.0000000000,1,10.0
holdout_prompt_P2,real_claude_b039_P2_r2,A,real_claude,1.0000000000,1,10.0
holdout_prompt_P2,real_claude_b040_P2_r1,A,real_claude,0.9999621831,1,10.0
holdout_prompt_P2,real_claude_b040_P2_r2,A,real_claude,0.9999999970,1,10.0
holdout_prompt_P2,real_claude_b041_P2_r1,A,real_claude,0.9999999999,1,10.0
holdout_prompt_P2,real_claude_b041_P2_r2,A,real_claude,0.9999999618,1,10.0
holdout_prompt_P2,real_claude_b042_P2_r1,A,real_claude,0.9999999852,1,10.0
holdout_prompt_P2,real_claude_b042_P2_r2,A,real_claude,0.9999999927,1,10.0
holdout_prompt_P2,real_claude_b043_P2_r1,A,real_claude,0.9981715154,1,10.0
holdout_prompt_P2,real_claude_b043_P2_r2,A,real_claude,0.9999999661,1,10.0
holdout_prompt_P2,real_claude_b044_P2_r1,A,real_claude,0.9999999878,1,10.0
holdout_prompt_P2,real_claude_b044_P2_r2,A,real_claude,0.9999999978,1,10.0
holdout_prompt_P2,real_claude_b045_P2_r1,A,real_claude,1.0000000000,1,10.0
holdout_prompt_P2,real_claude_b045_P2_r2,A,real_claude,0.9999999830,1,10.0
holdout_prompt_P3,deepseek_pro_b001_P3_r1,A,deepseek_pro,0.1158619134,0,10.0
holdout_prompt_P3,deepseek_pro_b001_P3_r2,A,deepseek_pro,0.0564776797,0,10.0
holdout_prompt_P3,deepseek_pro_b002_P3_r1,A,deepseek_pro,0.1059064841,0,10.0
holdout_prompt_P3,deepseek_pro_b002_P3_r2,A,deepseek_pro,0.9994778883,1,10.0
holdout_prompt_P3,deepseek_pro_b003_P3_r1,A,deepseek_pro,0.0098384555,0,10.0
holdout_prompt_P3,deepseek_pro_b003_P3_r2,A,deepseek_pro,0.7493772616,1,10.0
holdout_prompt_P3,deepseek_pro_b004_P3_r1,A,deepseek_pro,0.9565840742,1,10.0
holdout_prompt_P3,deepseek_pro_b004_P3_r2,A,deepseek_pro,0.0323449704,0,10.0
holdout_prompt_P3,deepseek_pro_b005_P3_r1,A,deepseek_pro,0.9983189024,1,10.0
holdout_prompt_P3,deepseek_pro_b005_P3_r2,A,deepseek_pro,0.9856772455,1,10.0
holdout_prompt_P3,deepseek_pro_b006_P3_r1,A,deepseek_pro,0.9996618710,1,10.0
holdout_prompt_P3,deepseek_pro_b006_P3_r2,A,deepseek_pro,0.9809529238,1,10.0
holdout_prompt_P3,deepseek_pro_b007_P3_r1,A,deepseek_pro,0.9999506226,1,10.0
holdout_prompt_P3,deepseek_pro_b007_P3_r2,A,deepseek_pro,0.9993393880,1,10.0
holdout_prompt_P3,deepseek_pro_b008_P3_r1,A,deepseek_pro,0.9998766138,1,10.0
holdout_prompt_P3,deepseek_pro_b008_P3_r2,A,deepseek_pro,0.9787397273,1,10.0
holdout_prompt_P3,deepseek_pro_b009_P3_r1,A,deepseek_pro,0.9777184127,1,10.0
holdout_prompt_P3,deepseek_pro_b009_P3_r2,A,deepseek_pro,0.2665987116,0,10.0
holdout_prompt_P3,deepseek_pro_b010_P3_r1,A,deepseek_pro,0.0629476014,0,10.0
holdout_prompt_P3,deepseek_pro_b010_P3_r2,A,deepseek_pro,0.3617760584,0,10.0
holdout_prompt_P3,deepseek_pro_b011_P3_r1,A,deepseek_pro,0.9860524249,1,10.0
holdout_prompt_P3,deepseek_pro_b011_P3_r2,A,deepseek_pro,0.6575221498,1,10.0
holdout_prompt_P3,deepseek_pro_b012_P3_r1,A,deepseek_pro,0.5634665562,1,10.0
holdout_prompt_P3,deepseek_pro_b012_P3_r2,A,deepseek_pro,0.9932052257,1,10.0
holdout_prompt_P3,deepseek_pro_b013_P3_r1,A,deepseek_pro,0.3481747445,0,10.0
holdout_prompt_P3,deepseek_pro_b013_P3_r2,A,deepseek_pro,0.9881656409,1,10.0
holdout_prompt_P3,deepseek_pro_b014_P3_r1,A,deepseek_pro,0.9775822174,1,10.0
holdout_prompt_P3,deepseek_pro_b014_P3_r2,A,deepseek_pro,0.1150726332,0,10.0
holdout_prompt_P3,deepseek_pro_b015_P3_r1,A,deepseek_pro,0.2041539435,0,10.0
holdout_prompt_P3,deepseek_pro_b015_P3_r2,A,deepseek_pro,0.0000023067,0,10.0
holdout_prompt_P3,deepseek_pro_b016_P3_r1,A,deepseek_pro,0.2325591077,0,10.0
holdout_prompt_P3,deepseek_pro_b016_P3_r2,A,deepseek_pro,0.3970371316,0,10.0
holdout_prompt_P3,deepseek_pro_b017_P3_r1,A,deepseek_pro,0.8521291527,1,10.0
holdout_prompt_P3,deepseek_pro_b017_P3_r2,A,deepseek_pro,0.9472464233,1,10.0
holdout_prompt_P3,deepseek_pro_b018_P3_r1,A,deepseek_pro,0.9638035797,1,10.0
holdout_prompt_P3,deepseek_pro_b018_P3_r2,A,deepseek_pro,0.7403232702,1,10.0
holdout_prompt_P3,deepseek_pro_b019_P3_r1,A,deepseek_pro,0.9954828119,1,10.0
holdout_prompt_P3,deepseek_pro_b019_P3_r2,A,deepseek_pro,0.9967162161,1,10.0
holdout_prompt_P3,deepseek_pro_b020_P3_r1,A,deepseek_pro,0.9522330994,1,10.0
holdout_prompt_P3,deepseek_pro_b020_P3_r2,A,deepseek_pro,0.6943828431,1,10.0
holdout_prompt_P3,deepseek_pro_b021_P3_r1,A,deepseek_pro,0.9862124127,1,10.0
holdout_prompt_P3,deepseek_pro_b021_P3_r2,A,deepseek_pro,0.5387683889,1,10.0
holdout_prompt_P3,deepseek_pro_b022_P3_r1,A,deepseek_pro,0.3180626562,0,10.0
holdout_prompt_P3,deepseek_pro_b022_P3_r2,A,deepseek_pro,0.9397929260,1,10.0
holdout_prompt_P3,deepseek_pro_b023_P3_r1,A,deepseek_pro,0.6564515555,1,10.0
holdout_prompt_P3,deepseek_pro_b023_P3_r2,A,deepseek_pro,0.9553808162,1,10.0
holdout_prompt_P3,deepseek_pro_b024_P3_r1,A,deepseek_pro,0.9102606373,1,10.0
holdout_prompt_P3,deepseek_pro_b024_P3_r2,A,deepseek_pro,0.9999238639,1,10.0
holdout_prompt_P3,deepseek_pro_b025_P3_r1,A,deepseek_pro,0.9998511991,1,10.0
holdout_prompt_P3,deepseek_pro_b025_P3_r2,A,deepseek_pro,0.9999963943,1,10.0
holdout_prompt_P3,deepseek_pro_b026_P3_r1,A,deepseek_pro,0.8744386102,1,10.0
holdout_prompt_P3,deepseek_pro_b026_P3_r2,A,deepseek_pro,0.8520318956,1,10.0
holdout_prompt_P3,deepseek_pro_b027_P3_r1,A,deepseek_pro,0.0261111318,0,10.0
holdout_prompt_P3,deepseek_pro_b027_P3_r2,A,deepseek_pro,0.8860949870,1,10.0
holdout_prompt_P3,deepseek_pro_b028_P3_r1,A,deepseek_pro,0.0423809595,0,10.0
holdout_prompt_P3,deepseek_pro_b028_P3_r2,A,deepseek_pro,0.7530640806,1,10.0
holdout_prompt_P3,deepseek_pro_b029_P3_r1,A,deepseek_pro,0.3135089244,0,10.0
holdout_prompt_P3,deepseek_pro_b029_P3_r2,A,deepseek_pro,0.2756928893,0,10.0
holdout_prompt_P3,deepseek_pro_b030_P3_r1,A,deepseek_pro,0.9998156298,1,10.0
holdout_prompt_P3,deepseek_pro_b030_P3_r2,A,deepseek_pro,0.8472732683,1,10.0
holdout_prompt_P3,deepseek_pro_b031_P3_r1,A,deepseek_pro,0.9999986614,1,10.0
holdout_prompt_P3,deepseek_pro_b031_P3_r2,A,deepseek_pro,0.9920055175,1,10.0
holdout_prompt_P3,deepseek_pro_b032_P3_r1,A,deepseek_pro,0.9869906881,1,10.0
holdout_prompt_P3,deepseek_pro_b032_P3_r2,A,deepseek_pro,0.9977553149,1,10.0
holdout_prompt_P3,deepseek_pro_b033_P3_r1,A,deepseek_pro,0.9773666360,1,10.0
holdout_prompt_P3,deepseek_pro_b033_P3_r2,A,deepseek_pro,0.9998271151,1,10.0
holdout_prompt_P3,deepseek_pro_b034_P3_r1,A,deepseek_pro,0.9999626270,1,10.0
holdout_prompt_P3,deepseek_pro_b034_P3_r2,A,deepseek_pro,0.9982960325,1,10.0
holdout_prompt_P3,deepseek_pro_b035_P3_r1,A,deepseek_pro,0.7165634327,1,10.0
holdout_prompt_P3,deepseek_pro_b035_P3_r2,A,deepseek_pro,0.8798226579,1,10.0
holdout_prompt_P3,deepseek_pro_b036_P3_r1,A,deepseek_pro,0.0015500007,0,10.0
holdout_prompt_P3,deepseek_pro_b036_P3_r2,A,deepseek_pro,0.9867270107,1,10.0
holdout_prompt_P3,deepseek_pro_b037_P3_r1,A,deepseek_pro,0.9692319720,1,10.0
holdout_prompt_P3,deepseek_pro_b037_P3_r2,A,deepseek_pro,0.9127124844,1,10.0
holdout_prompt_P3,deepseek_pro_b038_P3_r1,A,deepseek_pro,0.9841376370,1,10.0
holdout_prompt_P3,deepseek_pro_b038_P3_r2,A,deepseek_pro,0.8600416806,1,10.0
holdout_prompt_P3,deepseek_pro_b039_P3_r1,A,deepseek_pro,0.9239830773,1,10.0
holdout_prompt_P3,deepseek_pro_b039_P3_r2,A,deepseek_pro,0.9937530778,1,10.0
holdout_prompt_P3,deepseek_pro_b040_P3_r1,A,deepseek_pro,0.9916394482,1,10.0
holdout_prompt_P3,deepseek_pro_b040_P3_r2,A,deepseek_pro,0.9798137496,1,10.0
holdout_prompt_P3,deepseek_pro_b041_P3_r1,A,deepseek_pro,0.9999953306,1,10.0
holdout_prompt_P3,deepseek_pro_b041_P3_r2,A,deepseek_pro,0.7576203165,1,10.0
holdout_prompt_P3,deepseek_pro_b042_P3_r1,A,deepseek_pro,0.9999182368,1,10.0
holdout_prompt_P3,deepseek_pro_b042_P3_r2,A,deepseek_pro,0.9875158472,1,10.0
holdout_prompt_P3,deepseek_pro_b043_P3_r1,A,deepseek_pro,0.8627090072,1,10.0
holdout_prompt_P3,deepseek_pro_b043_P3_r2,A,deepseek_pro,0.9179001040,1,10.0
holdout_prompt_P3,deepseek_pro_b044_P3_r1,A,deepseek_pro,0.9999810762,1,10.0
holdout_prompt_P3,deepseek_pro_b044_P3_r2,A,deepseek_pro,0.9966754273,1,10.0
holdout_prompt_P3,deepseek_pro_b045_P3_r1,A,deepseek_pro,0.9936676384,1,10.0
holdout_prompt_P3,deepseek_pro_b045_P3_r2,A,deepseek_pro,0.9999869583,1,10.0
holdout_prompt_P3,gpt_b001_P3_r1,A,gpt,0.9836115912,1,10.0
holdout_prompt_P3,gpt_b001_P3_r2,A,gpt,0.8434260267,1,10.0
holdout_prompt_P3,gpt_b002_P3_r1,A,gpt,0.9984769728,1,10.0
holdout_prompt_P3,gpt_b002_P3_r2,A,gpt,0.0339154891,0,10.0
holdout_prompt_P3,gpt_b003_P3_r1,A,gpt,0.9957100770,1,10.0
holdout_prompt_P3,gpt_b003_P3_r2,A,gpt,0.3171503672,0,10.0
holdout_prompt_P3,gpt_b004_P3_r1,A,gpt,0.9412422960,1,10.0
holdout_prompt_P3,gpt_b004_P3_r2,A,gpt,0.0002226638,0,10.0
holdout_prompt_P3,gpt_b005_P3_r1,A,gpt,0.9985821968,1,10.0
holdout_prompt_P3,gpt_b005_P3_r2,A,gpt,0.9999932774,1,10.0
holdout_prompt_P3,gpt_b006_P3_r1,A,gpt,0.9766072095,1,10.0
holdout_prompt_P3,gpt_b006_P3_r2,A,gpt,0.9972135850,1,10.0
holdout_prompt_P3,gpt_b007_P3_r1,A,gpt,0.9970769057,1,10.0
holdout_prompt_P3,gpt_b007_P3_r2,A,gpt,0.9999991259,1,10.0
holdout_prompt_P3,gpt_b008_P3_r1,A,gpt,0.9995511347,1,10.0
holdout_prompt_P3,gpt_b008_P3_r2,A,gpt,0.9999948959,1,10.0
holdout_prompt_P3,gpt_b009_P3_r1,A,gpt,0.9942837115,1,10.0
holdout_prompt_P3,gpt_b009_P3_r2,A,gpt,0.8695363802,1,10.0
holdout_prompt_P3,gpt_b010_P3_r1,A,gpt,0.2653945291,0,10.0
holdout_prompt_P3,gpt_b010_P3_r2,A,gpt,0.9993092526,1,10.0
holdout_prompt_P3,gpt_b011_P3_r1,A,gpt,0.9969523048,1,10.0
holdout_prompt_P3,gpt_b011_P3_r2,A,gpt,0.9999859883,1,10.0
holdout_prompt_P3,gpt_b012_P3_r1,A,gpt,0.7988946430,1,10.0
holdout_prompt_P3,gpt_b012_P3_r2,A,gpt,0.9431442022,1,10.0
holdout_prompt_P3,gpt_b013_P3_r1,A,gpt,0.9443304255,1,10.0
holdout_prompt_P3,gpt_b013_P3_r2,A,gpt,0.9789096519,1,10.0
holdout_prompt_P3,gpt_b014_P3_r1,A,gpt,0.9995763521,1,10.0
holdout_prompt_P3,gpt_b014_P3_r2,A,gpt,0.9984361219,1,10.0
holdout_prompt_P3,gpt_b015_P3_r1,A,gpt,0.9998583921,1,10.0
holdout_prompt_P3,gpt_b015_P3_r2,A,gpt,0.9896139192,1,10.0
holdout_prompt_P3,gpt_b016_P3_r1,A,gpt,0.9999993313,1,10.0
holdout_prompt_P3,gpt_b016_P3_r2,A,gpt,0.9982622311,1,10.0
holdout_prompt_P3,gpt_b017_P3_r1,A,gpt,0.9999990141,1,10.0
holdout_prompt_P3,gpt_b017_P3_r2,A,gpt,0.9996348719,1,10.0
holdout_prompt_P3,gpt_b018_P3_r1,A,gpt,0.9999739601,1,10.0
holdout_prompt_P3,gpt_b018_P3_r2,A,gpt,0.9999973828,1,10.0
holdout_prompt_P3,gpt_b019_P3_r1,A,gpt,0.9974935573,1,10.0
holdout_prompt_P3,gpt_b019_P3_r2,A,gpt,0.9941201308,1,10.0
holdout_prompt_P3,gpt_b020_P3_r1,A,gpt,0.9999964079,1,10.0
holdout_prompt_P3,gpt_b020_P3_r2,A,gpt,0.9997994810,1,10.0
holdout_prompt_P3,gpt_b021_P3_r1,A,gpt,0.9999826566,1,10.0
holdout_prompt_P3,gpt_b021_P3_r2,A,gpt,0.9999524627,1,10.0
holdout_prompt_P3,gpt_b022_P3_r1,A,gpt,0.9996125388,1,10.0
holdout_prompt_P3,gpt_b022_P3_r2,A,gpt,0.9999674506,1,10.0
holdout_prompt_P3,gpt_b023_P3_r1,A,gpt,0.7945970916,1,10.0
holdout_prompt_P3,gpt_b023_P3_r2,A,gpt,0.9447904906,1,10.0
holdout_prompt_P3,gpt_b024_P3_r1,A,gpt,0.9996553236,1,10.0
holdout_prompt_P3,gpt_b024_P3_r2,A,gpt,0.9999864079,1,10.0
holdout_prompt_P3,gpt_b025_P3_r1,A,gpt,0.9999999889,1,10.0
holdout_prompt_P3,gpt_b025_P3_r2,A,gpt,0.9950403703,1,10.0
holdout_prompt_P3,gpt_b026_P3_r1,A,gpt,0.9999972838,1,10.0
holdout_prompt_P3,gpt_b026_P3_r2,A,gpt,0.9995548739,1,10.0
holdout_prompt_P3,gpt_b027_P3_r1,A,gpt,0.9999889481,1,10.0
holdout_prompt_P3,gpt_b027_P3_r2,A,gpt,0.9999766827,1,10.0
holdout_prompt_P3,gpt_b028_P3_r1,A,gpt,0.9999782155,1,10.0
holdout_prompt_P3,gpt_b028_P3_r2,A,gpt,0.9923396492,1,10.0
holdout_prompt_P3,gpt_b029_P3_r1,A,gpt,0.9985579976,1,10.0
holdout_prompt_P3,gpt_b029_P3_r2,A,gpt,0.9537044174,1,10.0
holdout_prompt_P3,gpt_b030_P3_r1,A,gpt,0.9975520180,1,10.0
holdout_prompt_P3,gpt_b030_P3_r2,A,gpt,0.9989962528,1,10.0
holdout_prompt_P3,gpt_b031_P3_r1,A,gpt,0.9995198578,1,10.0
holdout_prompt_P3,gpt_b031_P3_r2,A,gpt,0.9999981922,1,10.0
holdout_prompt_P3,gpt_b032_P3_r1,A,gpt,0.9999863540,1,10.0
holdout_prompt_P3,gpt_b032_P3_r2,A,gpt,0.9999398616,1,10.0
holdout_prompt_P3,gpt_b033_P3_r1,A,gpt,0.9999923114,1,10.0
holdout_prompt_P3,gpt_b033_P3_r2,A,gpt,0.9998677488,1,10.0
holdout_prompt_P3,gpt_b034_P3_r1,A,gpt,0.9658689879,1,10.0
holdout_prompt_P3,gpt_b034_P3_r2,A,gpt,0.9950643727,1,10.0
holdout_prompt_P3,gpt_b035_P3_r1,A,gpt,0.9998881057,1,10.0
holdout_prompt_P3,gpt_b035_P3_r2,A,gpt,0.9996990784,1,10.0
holdout_prompt_P3,gpt_b036_P3_r1,A,gpt,0.9997704639,1,10.0
holdout_prompt_P3,gpt_b036_P3_r2,A,gpt,0.9963045278,1,10.0
holdout_prompt_P3,gpt_b037_P3_r1,A,gpt,0.9999975904,1,10.0
holdout_prompt_P3,gpt_b037_P3_r2,A,gpt,0.9994838991,1,10.0
holdout_prompt_P3,gpt_b038_P3_r1,A,gpt,0.9991573512,1,10.0
holdout_prompt_P3,gpt_b038_P3_r2,A,gpt,0.9995448808,1,10.0
holdout_prompt_P3,gpt_b039_P3_r1,A,gpt,0.9999751973,1,10.0
holdout_prompt_P3,gpt_b039_P3_r2,A,gpt,0.9999997865,1,10.0
holdout_prompt_P3,gpt_b040_P3_r1,A,gpt,0.9997957404,1,10.0
holdout_prompt_P3,gpt_b040_P3_r2,A,gpt,0.9999907917,1,10.0
holdout_prompt_P3,gpt_b041_P3_r1,A,gpt,0.9999965936,1,10.0
holdout_prompt_P3,gpt_b041_P3_r2,A,gpt,0.9999246658,1,10.0
holdout_prompt_P3,gpt_b042_P3_r1,A,gpt,0.9999863352,1,10.0
holdout_prompt_P3,gpt_b042_P3_r2,A,gpt,0.9999997915,1,10.0
holdout_prompt_P3,gpt_b043_P3_r1,A,gpt,0.9999998540,1,10.0
holdout_prompt_P3,gpt_b043_P3_r2,A,gpt,0.9999819947,1,10.0
holdout_prompt_P3,gpt_b044_P3_r1,A,gpt,0.9999734067,1,10.0
holdout_prompt_P3,gpt_b044_P3_r2,A,gpt,0.9999506277,1,10.0
holdout_prompt_P3,gpt_b045_P3_r1,A,gpt,0.9999997682,1,10.0
holdout_prompt_P3,gpt_b045_P3_r2,A,gpt,0.9999684506,1,10.0
holdout_prompt_P3,human_hard_rusltc_0001,H,,0.0000002655,0,10.0
holdout_prompt_P3,human_hard_rusltc_0002,H,,0.0000000383,0,10.0
holdout_prompt_P3,human_hard_rusltc_0003,H,,0.0001849276,0,10.0
holdout_prompt_P3,human_hard_rusltc_0004,H,,0.8036613484,1,10.0
holdout_prompt_P3,human_hard_rusltc_0005,H,,0.0000242402,0,10.0
holdout_prompt_P3,human_hard_rusltc_0006,H,,0.3969140665,0,10.0
holdout_prompt_P3,human_hard_rusltc_0007,H,,0.0054827375,0,10.0
holdout_prompt_P3,human_hard_rusltc_0008,H,,0.1791758266,0,10.0
holdout_prompt_P3,human_hard_rusltc_0009,H,,0.0000215170,0,10.0
holdout_prompt_P3,human_hard_rusltc_0010,H,,0.0000025854,0,10.0
holdout_prompt_P3,human_hard_rusltc_0011,H,,0.0000088408,0,10.0
holdout_prompt_P3,human_hard_rusltc_0012,H,,0.0000290016,0,10.0
holdout_prompt_P3,human_hard_rusltc_0013,H,,0.0572101004,0,10.0
holdout_prompt_P3,human_hard_rusltc_0014,H,,0.0000236182,0,10.0
holdout_prompt_P3,human_hard_rusltc_0015,H,,0.0002298282,0,10.0
holdout_prompt_P3,human_hard_rusltc_0016,H,,0.0413174469,0,10.0
holdout_prompt_P3,human_hard_rusltc_0017,H,,0.0006759031,0,10.0
holdout_prompt_P3,human_hard_rusltc_0018,H,,0.0002800842,0,10.0
holdout_prompt_P3,human_hard_rusltc_0019,H,,0.0000009865,0,10.0
holdout_prompt_P3,human_hard_rusltc_0020,H,,0.0000100883,0,10.0
holdout_prompt_P3,human_hard_rusltc_0021,H,,0.0000046260,0,10.0
holdout_prompt_P3,human_hard_rusltc_0022,H,,0.0000818182,0,10.0
holdout_prompt_P3,human_hard_rusltc_0023,H,,0.0011852524,0,10.0
holdout_prompt_P3,human_hard_rusltc_0024,H,,0.0000055832,0,10.0
holdout_prompt_P3,human_hard_rusltc_0025,H,,0.0480693339,0,10.0
holdout_prompt_P3,human_hard_rusltc_0026,H,,0.0021529860,0,10.0
holdout_prompt_P3,human_hard_rusltc_0027,H,,0.0006692311,0,10.0
holdout_prompt_P3,human_hard_rusltc_0028,H,,0.0000000152,0,10.0
holdout_prompt_P3,human_hard_rusltc_0029,H,,0.0347220106,0,10.0
holdout_prompt_P3,human_hard_rusltc_0030,H,,0.0000002836,0,10.0
holdout_prompt_P3,human_hard_rusltc_0031,H,,0.0000001677,0,10.0
holdout_prompt_P3,human_hard_rusltc_0032,H,,0.0000000247,0,10.0
holdout_prompt_P3,human_hard_rusltc_0033,H,,0.0000000234,0,10.0
holdout_prompt_P3,human_hard_rusltc_0034,H,,0.0000026154,0,10.0
holdout_prompt_P3,human_hard_rusltc_0035,H,,0.0001052065,0,10.0
holdout_prompt_P3,human_hard_rusltc_0036,H,,0.0005797199,0,10.0
holdout_prompt_P3,human_hard_rusltc_0037,H,,0.0000090236,0,10.0
holdout_prompt_P3,human_hard_rusltc_0038,H,,0.0000250196,0,10.0
holdout_prompt_P3,human_hard_rusltc_0039,H,,0.0000001659,0,10.0
holdout_prompt_P3,human_hard_rusltc_0040,H,,0.0000646517,0,10.0
holdout_prompt_P3,human_hard_rusltc_0041,H,,0.0000234498,0,10.0
holdout_prompt_P3,human_hard_rusltc_0042,H,,0.0000000000,0,10.0
holdout_prompt_P3,human_hard_rusltc_0043,H,,0.0004694776,0,10.0
holdout_prompt_P3,human_hard_rusltc_0044,H,,0.0011297546,0,10.0
holdout_prompt_P3,human_hard_rusltc_0045,H,,0.0000129588,0,10.0
holdout_prompt_P3,human_hard_rusltc_0046,H,,0.0004946374,0,10.0
holdout_prompt_P3,human_hard_rusltc_0047,H,,0.0002587941,0,10.0
holdout_prompt_P3,human_hard_rusltc_0048,H,,0.0000943744,0,10.0
holdout_prompt_P3,human_hard_rusltc_0049,H,,0.0000000120,0,10.0
holdout_prompt_P3,human_hard_rusltc_0050,H,,0.0000475424,0,10.0
holdout_prompt_P3,human_hard_rusltc_0051,H,,0.0000064826,0,10.0
holdout_prompt_P3,human_hard_rusltc_0052,H,,0.9866127476,1,10.0
holdout_prompt_P3,human_hard_rusltc_0053,H,,0.0207043670,0,10.0
holdout_prompt_P3,human_hard_rusltc_0054,H,,0.0000001070,0,10.0
holdout_prompt_P3,human_hard_rusltc_0055,H,,0.0002256256,0,10.0
holdout_prompt_P3,human_hard_rusltc_0056,H,,0.0263702770,0,10.0
holdout_prompt_P3,human_hard_rusltc_0057,H,,0.0000000011,0,10.0
holdout_prompt_P3,human_hard_rusltc_0058,H,,0.0000224757,0,10.0
holdout_prompt_P3,human_hard_rusltc_0059,H,,0.0000015085,0,10.0
holdout_prompt_P3,human_hard_rusltc_0060,H,,0.0000174760,0,10.0
holdout_prompt_P3,human_hard_rusltc_0061,H,,0.0000015139,0,10.0
holdout_prompt_P3,human_hard_rusltc_0062,H,,0.0014543828,0,10.0
holdout_prompt_P3,human_hard_rusltc_0063,H,,0.0005319566,0,10.0
holdout_prompt_P3,human_hard_rusltc_0064,H,,0.3253827749,0,10.0
holdout_prompt_P3,human_hard_rusltc_0065,H,,0.0000003411,0,10.0
holdout_prompt_P3,human_hard_rusltc_0066,H,,0.1126576720,0,10.0
holdout_prompt_P3,human_hard_rusltc_0067,H,,0.0000032117,0,10.0
holdout_prompt_P3,human_hard_rusltc_0068,H,,0.0000000000,0,10.0
holdout_prompt_P3,human_hard_rusltc_0069,H,,0.0026316562,0,10.0
holdout_prompt_P3,human_hard_rusltc_0070,H,,0.0006340577,0,10.0
holdout_prompt_P3,human_hard_rusltc_0071,H,,0.0016824981,0,10.0
holdout_prompt_P3,human_hard_rusltc_0072,H,,0.0012918844,0,10.0
holdout_prompt_P3,human_hard_rusltc_0073,H,,0.0003971964,0,10.0
holdout_prompt_P3,human_news_buriy_2014_0001,H,,0.0000001148,0,10.0
holdout_prompt_P3,human_news_buriy_2014_0002,H,,0.0000000302,0,10.0
holdout_prompt_P3,human_news_buriy_2014_0003,H,,0.0000000105,0,10.0
holdout_prompt_P3,human_news_buriy_2014_0004,H,,0.0000000004,0,10.0
holdout_prompt_P3,human_news_buriy_2014_0005,H,,0.0000148673,0,10.0
holdout_prompt_P3,human_news_buriy_2014_0006,H,,0.0000000001,0,10.0
holdout_prompt_P3,human_news_buriy_2014_0007,H,,0.0000041100,0,10.0
holdout_prompt_P3,human_news_buriy_2014_0008,H,,0.0000022284,0,10.0
holdout_prompt_P3,human_news_buriy_2014_0009,H,,0.0000000101,0,10.0
holdout_prompt_P3,human_news_buriy_2014_0010,H,,0.0000000000,0,10.0
holdout_prompt_P3,human_news_buriy_2014_0011,H,,0.0000002149,0,10.0
holdout_prompt_P3,human_news_buriy_2014_0012,H,,0.0000000094,0,10.0
holdout_prompt_P3,human_news_buriy_2014_0013,H,,0.0000037662,0,10.0
holdout_prompt_P3,human_news_buriy_2014_0014,H,,0.0000021615,0,10.0
holdout_prompt_P3,human_news_buriy_2014_0015,H,,0.0000000007,0,10.0
holdout_prompt_P3,human_news_buriy_2014_0016,H,,0.0000000015,0,10.0
holdout_prompt_P3,human_news_buriy_2014_0017,H,,0.0078878670,0,10.0
holdout_prompt_P3,human_news_buriy_2014_0018,H,,0.0000042220,0,10.0
holdout_prompt_P3,human_news_buriy_2014_0019,H,,0.0000001413,0,10.0
holdout_prompt_P3,human_news_buriy_2014_0020,H,,0.0000000002,0,10.0
holdout_prompt_P3,human_news_buriy_2014_0021,H,,0.0053755322,0,10.0
holdout_prompt_P3,human_news_buriy_2014_0022,H,,0.0000000003,0,10.0
holdout_prompt_P3,human_news_buriy_2014_0023,H,,0.0000000000,0,10.0
holdout_prompt_P3,human_news_buriy_2014_0024,H,,0.0000232545,0,10.0
holdout_prompt_P3,human_news_buriy_2014_0025,H,,0.0000000445,0,10.0
holdout_prompt_P3,human_news_buriy_2014_0026,H,,0.0000001004,0,10.0
holdout_prompt_P3,human_news_buriy_2014_0027,H,,0.0000008712,0,10.0
holdout_prompt_P3,human_news_buriy_2014_0028,H,,0.0000000003,0,10.0
holdout_prompt_P3,human_news_buriy_2014_0029,H,,0.0000000015,0,10.0
holdout_prompt_P3,human_news_buriy_2014_0030,H,,0.0000014875,0,10.0
holdout_prompt_P3,human_news_buriy_2014_0031,H,,0.0000000476,0,10.0
holdout_prompt_P3,human_news_buriy_2014_0032,H,,0.0000001054,0,10.0
holdout_prompt_P3,human_news_buriy_2014_0033,H,,0.0000007149,0,10.0
holdout_prompt_P3,human_news_buriy_2014_0034,H,,0.0000065259,0,10.0
holdout_prompt_P3,human_news_buriy_2014_0035,H,,0.0000000004,0,10.0
holdout_prompt_P3,human_news_buriy_2014_0036,H,,0.0000001691,0,10.0
holdout_prompt_P3,human_news_buriy_2014_0037,H,,0.0000000341,0,10.0
holdout_prompt_P3,human_news_buriy_2014_0038,H,,0.0000000004,0,10.0
holdout_prompt_P3,human_news_buriy_2014_0039,H,,0.0000000303,0,10.0
holdout_prompt_P3,human_news_buriy_2014_0040,H,,0.0000022729,0,10.0
holdout_prompt_P3,human_news_buriy_2014_0041,H,,0.0000043218,0,10.0
holdout_prompt_P3,human_news_buriy_2014_0042,H,,0.0000000266,0,10.0
holdout_prompt_P3,human_news_buriy_2014_0043,H,,0.0000023337,0,10.0
holdout_prompt_P3,human_news_buriy_2014_0044,H,,0.0000006906,0,10.0
holdout_prompt_P3,human_news_buriy_2014_0045,H,,0.0000001040,0,10.0
holdout_prompt_P3,human_news_buriy_2014_0046,H,,0.0000000062,0,10.0
holdout_prompt_P3,human_news_buriy_2014_0047,H,,0.0000000071,0,10.0
holdout_prompt_P3,human_news_buriy_2014_0048,H,,0.0000000031,0,10.0
holdout_prompt_P3,human_news_buriy_2014_0049,H,,0.0000000000,0,10.0
holdout_prompt_P3,human_news_buriy_2014_0050,H,,0.0000000757,0,10.0
holdout_prompt_P3,human_news_buriy_2014_0051,H,,0.0382298268,0,10.0
holdout_prompt_P3,human_news_buriy_2014_0052,H,,0.0000000004,0,10.0
holdout_prompt_P3,human_news_buriy_2014_0053,H,,0.0000000001,0,10.0
holdout_prompt_P3,human_news_buriy_2014_0054,H,,0.0004342407,0,10.0
holdout_prompt_P3,human_news_buriy_2014_0055,H,,0.0000000000,0,10.0
holdout_prompt_P3,human_news_buriy_2014_0056,H,,0.0016237582,0,10.0
holdout_prompt_P3,human_news_buriy_2014_0057,H,,0.0000000012,0,10.0
holdout_prompt_P3,human_news_buriy_2014_0058,H,,0.0000021026,0,10.0
holdout_prompt_P3,human_news_buriy_2014_0059,H,,0.0000000010,0,10.0
holdout_prompt_P3,human_news_buriy_2014_0060,H,,0.0000000024,0,10.0
holdout_prompt_P3,human_news_gazeta_0001,H,,0.0000003333,0,10.0
holdout_prompt_P3,human_news_gazeta_0002,H,,0.0001047585,0,10.0
holdout_prompt_P3,human_news_gazeta_0003,H,,0.0033551502,0,10.0
holdout_prompt_P3,human_news_gazeta_0004,H,,0.0000004983,0,10.0
holdout_prompt_P3,human_news_gazeta_0005,H,,0.0000000091,0,10.0
holdout_prompt_P3,human_news_gazeta_0006,H,,0.0000000237,0,10.0
holdout_prompt_P3,human_news_gazeta_0007,H,,0.0000000433,0,10.0
holdout_prompt_P3,human_news_gazeta_0008,H,,0.0000004587,0,10.0
holdout_prompt_P3,human_news_gazeta_0009,H,,0.0000000108,0,10.0
holdout_prompt_P3,human_news_gazeta_0010,H,,0.0005295632,0,10.0
holdout_prompt_P3,human_news_gazeta_0011,H,,0.0000000002,0,10.0
holdout_prompt_P3,human_news_gazeta_0012,H,,0.0000003358,0,10.0
holdout_prompt_P3,human_news_gazeta_0013,H,,0.0000100000,0,10.0
holdout_prompt_P3,human_news_gazeta_0014,H,,0.0000000001,0,10.0
holdout_prompt_P3,human_news_gazeta_0015,H,,0.0000034016,0,10.0
holdout_prompt_P3,human_news_gazeta_0016,H,,0.0000000003,0,10.0
holdout_prompt_P3,human_news_gazeta_0017,H,,0.0000077622,0,10.0
holdout_prompt_P3,human_news_gazeta_0018,H,,0.0000007048,0,10.0
holdout_prompt_P3,human_news_gazeta_0019,H,,0.0000000001,0,10.0
holdout_prompt_P3,human_news_gazeta_0020,H,,0.0000000002,0,10.0
holdout_prompt_P3,human_news_gazeta_0021,H,,0.0000015670,0,10.0
holdout_prompt_P3,human_news_gazeta_0022,H,,0.0000294665,0,10.0
holdout_prompt_P3,human_news_gazeta_0023,H,,0.0000000010,0,10.0
holdout_prompt_P3,human_news_gazeta_0024,H,,0.0000000037,0,10.0
holdout_prompt_P3,human_news_gazeta_0025,H,,0.0000024347,0,10.0
holdout_prompt_P3,human_news_gazeta_0026,H,,0.0000001189,0,10.0
holdout_prompt_P3,human_news_gazeta_0027,H,,0.0000007479,0,10.0
holdout_prompt_P3,human_news_gazeta_0028,H,,0.0000000003,0,10.0
holdout_prompt_P3,human_news_gazeta_0029,H,,0.0000001602,0,10.0
holdout_prompt_P3,human_news_gazeta_0030,H,,0.0126309738,0,10.0
holdout_prompt_P3,human_news_gazeta_0031,H,,0.0004708402,0,10.0
holdout_prompt_P3,human_news_gazeta_0032,H,,0.0000000140,0,10.0
holdout_prompt_P3,human_news_gazeta_0033,H,,0.0000003960,0,10.0
holdout_prompt_P3,human_news_gazeta_0034,H,,0.0014127896,0,10.0
holdout_prompt_P3,human_news_gazeta_0035,H,,0.0008082571,0,10.0
holdout_prompt_P3,human_news_gazeta_0036,H,,0.0000000809,0,10.0
holdout_prompt_P3,human_news_gazeta_0037,H,,0.0000761027,0,10.0
holdout_prompt_P3,human_news_gazeta_0038,H,,0.0005737093,0,10.0
holdout_prompt_P3,human_news_gazeta_0039,H,,0.0000017692,0,10.0
holdout_prompt_P3,human_news_gazeta_0040,H,,0.0000125212,0,10.0
holdout_prompt_P3,human_news_gazeta_0041,H,,0.0000000381,0,10.0
holdout_prompt_P3,human_news_gazeta_0042,H,,0.0000017071,0,10.0
holdout_prompt_P3,human_news_gazeta_0043,H,,0.0005605904,0,10.0
holdout_prompt_P3,human_news_gazeta_0044,H,,0.0000003729,0,10.0
holdout_prompt_P3,human_news_gazeta_0045,H,,0.0000008853,0,10.0
holdout_prompt_P3,human_news_gazeta_0046,H,,0.0000000029,0,10.0
holdout_prompt_P3,human_news_gazeta_0047,H,,0.0000001096,0,10.0
holdout_prompt_P3,human_news_gazeta_0048,H,,0.0002477788,0,10.0
holdout_prompt_P3,human_news_gazeta_0049,H,,0.0027079340,0,10.0
holdout_prompt_P3,human_news_gazeta_0050,H,,0.0000010564,0,10.0
holdout_prompt_P3,human_news_gazeta_0051,H,,0.0000000672,0,10.0
holdout_prompt_P3,human_news_gazeta_0052,H,,0.0000959345,0,10.0
holdout_prompt_P3,human_news_gazeta_0053,H,,0.0000025297,0,10.0
holdout_prompt_P3,human_news_gazeta_0054,H,,0.0000060785,0,10.0
holdout_prompt_P3,human_news_gazeta_0055,H,,0.0000000008,0,10.0
holdout_prompt_P3,human_news_gazeta_0056,H,,0.0000001307,0,10.0
holdout_prompt_P3,human_news_gazeta_0057,H,,0.0010011641,0,10.0
holdout_prompt_P3,human_news_gazeta_0058,H,,0.0000062635,0,10.0
holdout_prompt_P3,human_news_gazeta_0059,H,,0.0000000745,0,10.0
holdout_prompt_P3,human_news_gazeta_0060,H,,0.0000000056,0,10.0
holdout_prompt_P3,human_news_lenta_0001,H,,0.0000484765,0,10.0
holdout_prompt_P3,human_news_lenta_0002,H,,0.0000000243,0,10.0
holdout_prompt_P3,human_news_lenta_0004,H,,0.0000403651,0,10.0
holdout_prompt_P3,human_news_lenta_0007,H,,0.0000000000,0,10.0
holdout_prompt_P3,human_news_lenta_0009,H,,0.0000018650,0,10.0
holdout_prompt_P3,human_news_lenta_0010,H,,0.0000000000,0,10.0
holdout_prompt_P3,human_news_lenta_0012,H,,0.0000000161,0,10.0
holdout_prompt_P3,human_news_lenta_0013,H,,0.0000001910,0,10.0
holdout_prompt_P3,human_news_lenta_0014,H,,0.0000000003,0,10.0
holdout_prompt_P3,human_news_lenta_0015,H,,0.0002501861,0,10.0
holdout_prompt_P3,human_news_lenta_0016,H,,0.0000000014,0,10.0
holdout_prompt_P3,human_news_lenta_0017,H,,0.0000000000,0,10.0
holdout_prompt_P3,human_news_lenta_0018,H,,0.0000000000,0,10.0
holdout_prompt_P3,human_news_lenta_0021,H,,0.0000010260,0,10.0
holdout_prompt_P3,human_news_lenta_0022,H,,0.0000000000,0,10.0
holdout_prompt_P3,human_news_lenta_0023,H,,0.0272820587,0,10.0
holdout_prompt_P3,human_news_lenta_0024,H,,0.0000235053,0,10.0
holdout_prompt_P3,human_news_lenta_0027,H,,0.0141830039,0,10.0
holdout_prompt_P3,human_news_lenta_0029,H,,0.0007486044,0,10.0
holdout_prompt_P3,human_news_lenta_0034,H,,0.0000003459,0,10.0
holdout_prompt_P3,human_news_lenta_0036,H,,0.0000000050,0,10.0
holdout_prompt_P3,human_news_lenta_0039,H,,0.0000000000,0,10.0
holdout_prompt_P3,human_news_lenta_0040,H,,0.0001051025,0,10.0
holdout_prompt_P3,human_news_lenta_0041,H,,0.0000000001,0,10.0
holdout_prompt_P3,human_news_lenta_0042,H,,0.0000000002,0,10.0
holdout_prompt_P3,human_news_lenta_0044,H,,0.0000068075,0,10.0
holdout_prompt_P3,human_news_lenta_0045,H,,0.0002066182,0,10.0
holdout_prompt_P3,human_news_lenta_0046,H,,0.0000000009,0,10.0
holdout_prompt_P3,human_news_lenta_0049,H,,0.0000001233,0,10.0
holdout_prompt_P3,human_news_lenta_0051,H,,0.0000000312,0,10.0
holdout_prompt_P3,human_news_lenta_0053,H,,0.0000001201,0,10.0
holdout_prompt_P3,human_news_lenta_0055,H,,0.0006027036,0,10.0
holdout_prompt_P3,human_science_cyberleninka_0001,H,,0.0004946265,0,10.0
holdout_prompt_P3,human_science_cyberleninka_0002,H,,0.1625206249,0,10.0
holdout_prompt_P3,human_science_cyberleninka_0003,H,,0.0038744090,0,10.0
holdout_prompt_P3,human_science_cyberleninka_0004,H,,0.0033177616,0,10.0
holdout_prompt_P3,human_science_cyberleninka_0005,H,,0.0010542755,0,10.0
holdout_prompt_P3,human_science_cyberleninka_0006,H,,0.0716213195,0,10.0
holdout_prompt_P3,human_science_cyberleninka_0007,H,,0.3877753981,0,10.0
holdout_prompt_P3,human_science_cyberleninka_0008,H,,0.0000000059,0,10.0
holdout_prompt_P3,human_science_cyberleninka_0009,H,,0.2089116588,0,10.0
holdout_prompt_P3,human_science_cyberleninka_0010,H,,0.0000001584,0,10.0
holdout_prompt_P3,human_science_cyberleninka_0011,H,,0.0000002172,0,10.0
holdout_prompt_P3,human_science_cyberleninka_0013,H,,0.0357750574,0,10.0
holdout_prompt_P3,human_science_cyberleninka_0014,H,,0.1336351828,0,10.0
holdout_prompt_P3,human_science_cyberleninka_0015,H,,0.0000021347,0,10.0
holdout_prompt_P3,human_science_cyberleninka_0016,H,,0.0018754027,0,10.0
holdout_prompt_P3,human_science_cyberleninka_0017,H,,0.0000218370,0,10.0
holdout_prompt_P3,human_science_cyberleninka_0018,H,,0.9865353813,1,10.0
holdout_prompt_P3,human_science_cyberleninka_0019,H,,0.9628685290,1,10.0
holdout_prompt_P3,human_science_cyberleninka_0020,H,,0.0005679692,0,10.0
holdout_prompt_P3,human_science_cyberleninka_0021,H,,0.9988916523,1,10.0
holdout_prompt_P3,human_science_cyberleninka_0022,H,,0.0000795994,0,10.0
holdout_prompt_P3,human_science_cyberleninka_0023,H,,0.9811051960,1,10.0
holdout_prompt_P3,human_science_cyberleninka_0024,H,,0.3712020934,0,10.0
holdout_prompt_P3,human_science_cyberleninka_0025,H,,0.0014154634,0,10.0
holdout_prompt_P3,human_science_cyberleninka_0026,H,,0.0000018664,0,10.0
holdout_prompt_P3,human_science_cyberleninka_0027,H,,0.0008903740,0,10.0
holdout_prompt_P3,human_science_cyberleninka_0028,H,,0.0000000004,0,10.0
holdout_prompt_P3,human_science_cyberleninka_0029,H,,0.0131022831,0,10.0
holdout_prompt_P3,human_science_cyberleninka_0030,H,,0.0000000002,0,10.0
holdout_prompt_P3,human_science_cyberleninka_0031,H,,0.0014837160,0,10.0
holdout_prompt_P3,human_science_cyberleninka_0032,H,,0.0000428134,0,10.0
holdout_prompt_P3,human_science_cyberleninka_0033,H,,0.9107330518,1,10.0
holdout_prompt_P3,human_science_cyberleninka_0034,H,,0.0000001789,0,10.0
holdout_prompt_P3,human_science_cyberleninka_0035,H,,0.0482429977,0,10.0
holdout_prompt_P3,human_science_cyberleninka_0036,H,,0.5694812087,1,10.0
holdout_prompt_P3,human_science_cyberleninka_0037,H,,0.0000948083,0,10.0
holdout_prompt_P3,human_science_cyberleninka_0038,H,,0.0022475121,0,10.0
holdout_prompt_P3,human_science_cyberleninka_0039,H,,0.0423902882,0,10.0
holdout_prompt_P3,human_science_cyberleninka_0040,H,,0.0000004635,0,10.0
holdout_prompt_P3,human_science_cyberleninka_0041,H,,0.0062212211,0,10.0
holdout_prompt_P3,human_science_cyberleninka_0042,H,,0.0000002442,0,10.0
holdout_prompt_P3,human_science_cyberleninka_0043,H,,0.0000005480,0,10.0
holdout_prompt_P3,human_science_cyberleninka_0044,H,,0.9898901699,1,10.0
holdout_prompt_P3,human_science_cyberleninka_0045,H,,0.0000013847,0,10.0
holdout_prompt_P3,human_science_cyberleninka_0046,H,,0.0000000312,0,10.0
holdout_prompt_P3,human_science_cyberleninka_0047,H,,0.0000000810,0,10.0
holdout_prompt_P3,human_science_cyberleninka_0048,H,,0.0000000014,0,10.0
holdout_prompt_P3,human_science_cyberleninka_0049,H,,0.0000000039,0,10.0
holdout_prompt_P3,human_science_cyberleninka_0050,H,,0.0000001385,0,10.0
holdout_prompt_P3,human_science_cyberleninka_0051,H,,0.0253443841,0,10.0
holdout_prompt_P3,human_science_cyberleninka_0052,H,,0.1626435899,0,10.0
holdout_prompt_P3,human_science_cyberleninka_0053,H,,0.0000000000,0,10.0
holdout_prompt_P3,human_science_cyberleninka_0054,H,,0.0013788457,0,10.0
holdout_prompt_P3,human_science_cyberleninka_0055,H,,0.0000121587,0,10.0
holdout_prompt_P3,human_science_cyberleninka_0056,H,,0.0071447674,0,10.0
holdout_prompt_P3,human_science_cyberleninka_0057,H,,0.1316743243,0,10.0
holdout_prompt_P3,human_science_cyberleninka_0058,H,,0.9027607722,1,10.0
holdout_prompt_P3,human_science_cyberleninka_0059,H,,0.9958492910,1,10.0
holdout_prompt_P3,human_science_cyberleninka_0060,H,,0.0002693437,0,10.0
holdout_prompt_P3,human_science_cyberleninka_0067,H,,0.9650715100,1,10.0
holdout_prompt_P3,human_science_spbgu_0001,H,,0.0000051243,0,10.0
holdout_prompt_P3,human_science_spbgu_0002,H,,0.0000146977,0,10.0
holdout_prompt_P3,human_science_spbgu_0003,H,,0.0073569463,0,10.0
holdout_prompt_P3,human_science_spbgu_0004,H,,0.0000014882,0,10.0
holdout_prompt_P3,human_science_spbgu_0005,H,,0.2976788534,0,10.0
holdout_prompt_P3,human_science_spbgu_0006,H,,0.0000023677,0,10.0
holdout_prompt_P3,human_science_spbgu_0007,H,,0.0000000079,0,10.0
holdout_prompt_P3,human_science_spbgu_0008,H,,0.0000186681,0,10.0
holdout_prompt_P3,human_science_spbgu_0009,H,,0.0000000105,0,10.0
holdout_prompt_P3,human_science_spbgu_0010,H,,0.0000001180,0,10.0
holdout_prompt_P3,human_science_spbgu_0011,H,,0.0000031579,0,10.0
holdout_prompt_P3,human_science_spbgu_0012,H,,0.0000008413,0,10.0
holdout_prompt_P3,human_science_spbgu_0013,H,,0.0000000005,0,10.0
holdout_prompt_P3,human_science_spbgu_0014,H,,0.0001154180,0,10.0
holdout_prompt_P3,human_science_spbgu_0015,H,,0.0000016546,0,10.0
holdout_prompt_P3,human_science_spbgu_0016,H,,0.0000000014,0,10.0
holdout_prompt_P3,human_science_spbgu_0017,H,,0.0000020414,0,10.0
holdout_prompt_P3,human_science_spbgu_0018,H,,0.0000036590,0,10.0
holdout_prompt_P3,human_science_spbgu_0019,H,,0.0000173866,0,10.0
holdout_prompt_P3,human_science_spbgu_0020,H,,0.0000622339,0,10.0
holdout_prompt_P3,human_science_spbgu_0021,H,,0.0000000545,0,10.0
holdout_prompt_P3,human_science_spbgu_0022,H,,0.0000106785,0,10.0
holdout_prompt_P3,human_science_spbgu_0023,H,,0.0000000120,0,10.0
holdout_prompt_P3,human_science_spbgu_0024,H,,0.0000000014,0,10.0
holdout_prompt_P3,human_science_spbgu_0025,H,,0.0000000172,0,10.0
holdout_prompt_P3,human_science_spbgu_0026,H,,0.0003651350,0,10.0
holdout_prompt_P3,human_science_spbgu_0027,H,,0.0000000001,0,10.0
holdout_prompt_P3,human_science_spbgu_0028,H,,0.0000000033,0,10.0
holdout_prompt_P3,human_science_spbgu_0029,H,,0.0000000026,0,10.0
holdout_prompt_P3,human_science_spbgu_0030,H,,0.0000000782,0,10.0
holdout_prompt_P3,human_science_spbgu_0031,H,,0.0007511964,0,10.0
holdout_prompt_P3,human_science_spbgu_0032,H,,0.0000001849,0,10.0
holdout_prompt_P3,human_science_spbgu_0033,H,,0.0000000011,0,10.0
holdout_prompt_P3,human_science_spbgu_0034,H,,0.0000000099,0,10.0
holdout_prompt_P3,human_science_spbgu_0035,H,,0.0000000006,0,10.0
holdout_prompt_P3,human_science_spbgu_0036,H,,0.0000048727,0,10.0
holdout_prompt_P3,human_science_spbgu_0037,H,,0.0000585203,0,10.0
holdout_prompt_P3,human_science_spbgu_0038,H,,0.0000000527,0,10.0
holdout_prompt_P3,human_science_spbgu_0039,H,,0.0000322002,0,10.0
holdout_prompt_P3,human_science_spbgu_0040,H,,0.0000000039,0,10.0
holdout_prompt_P3,human_science_spbgu_0041,H,,0.0000018157,0,10.0
holdout_prompt_P3,human_science_spbgu_0042,H,,0.0000003298,0,10.0
holdout_prompt_P3,human_science_spbgu_0043,H,,0.0000064548,0,10.0
holdout_prompt_P3,human_science_spbgu_0044,H,,0.0001961797,0,10.0
holdout_prompt_P3,human_science_spbgu_0045,H,,0.0000012519,0,10.0
holdout_prompt_P3,human_science_spbgu_0046,H,,0.0000000004,0,10.0
holdout_prompt_P3,human_science_spbgu_0048,H,,0.0000004965,0,10.0
holdout_prompt_P3,human_science_spbgu_0049,H,,0.0000005767,0,10.0
holdout_prompt_P3,human_science_spbgu_0050,H,,0.0000096755,0,10.0
holdout_prompt_P3,human_science_spbgu_0054,H,,0.0000000003,0,10.0
holdout_prompt_P3,human_science_spbgu_0055,H,,0.0000000360,0,10.0
holdout_prompt_P3,human_science_spbgu_0057,H,,0.0091812477,0,10.0
holdout_prompt_P3,human_science_spbgu_0059,H,,0.0000069107,0,10.0
holdout_prompt_P3,human_science_spbgu_0060,H,,0.0000000000,0,10.0
holdout_prompt_P3,human_science_spbgu_0061,H,,0.0000000416,0,10.0
holdout_prompt_P3,human_science_spbgu_0062,H,,0.0000009044,0,10.0
holdout_prompt_P3,human_science_spbgu_0063,H,,0.0008314937,0,10.0
holdout_prompt_P3,human_science_spbgu_0064,H,,0.0000000033,0,10.0
holdout_prompt_P3,human_science_spbgu_0065,H,,0.0000000065,0,10.0
holdout_prompt_P3,human_science_urfu_0001,H,,0.4755344061,0,10.0
holdout_prompt_P3,human_science_urfu_0002,H,,0.0000345092,0,10.0
holdout_prompt_P3,human_science_urfu_0003,H,,0.2295496342,0,10.0
holdout_prompt_P3,human_science_urfu_0004,H,,0.3227977302,0,10.0
holdout_prompt_P3,human_science_urfu_0005,H,,0.0116994457,0,10.0
holdout_prompt_P3,human_science_urfu_0006,H,,0.0000206451,0,10.0
holdout_prompt_P3,human_science_urfu_0007,H,,0.1354938647,0,10.0
holdout_prompt_P3,human_science_urfu_0008,H,,0.0000000050,0,10.0
holdout_prompt_P3,human_science_urfu_0009,H,,0.0000029009,0,10.0
holdout_prompt_P3,human_science_urfu_0010,H,,0.0001932091,0,10.0
holdout_prompt_P3,human_science_urfu_0011,H,,0.0000285370,0,10.0
holdout_prompt_P3,human_science_urfu_0012,H,,0.0000320608,0,10.0
holdout_prompt_P3,human_science_urfu_0013,H,,0.8002463285,1,10.0
holdout_prompt_P3,human_science_urfu_0014,H,,0.0000000008,0,10.0
holdout_prompt_P3,human_science_urfu_0015,H,,0.0048116689,0,10.0
holdout_prompt_P3,human_science_urfu_0016,H,,0.0039654361,0,10.0
holdout_prompt_P3,human_science_urfu_0017,H,,0.1144772457,0,10.0
holdout_prompt_P3,human_science_urfu_0018,H,,0.0190331538,0,10.0
holdout_prompt_P3,human_science_urfu_0019,H,,0.0017564785,0,10.0
holdout_prompt_P3,human_science_urfu_0020,H,,0.0000015729,0,10.0
holdout_prompt_P3,human_science_urfu_0021,H,,0.0000685009,0,10.0
holdout_prompt_P3,human_science_urfu_0022,H,,0.0022468818,0,10.0
holdout_prompt_P3,human_science_urfu_0023,H,,0.0000000145,0,10.0
holdout_prompt_P3,human_science_urfu_0024,H,,0.3053352676,0,10.0
holdout_prompt_P3,human_science_urfu_0025,H,,0.6786385171,1,10.0
holdout_prompt_P3,human_science_urfu_0026,H,,0.0353563389,0,10.0
holdout_prompt_P3,human_science_urfu_0027,H,,0.9294848900,1,10.0
holdout_prompt_P3,human_science_urfu_0028,H,,0.4637714392,0,10.0
holdout_prompt_P3,human_science_urfu_0029,H,,0.0181761057,0,10.0
holdout_prompt_P3,human_science_urfu_0030,H,,0.3484982913,0,10.0
holdout_prompt_P3,human_science_urfu_0031,H,,0.0000000516,0,10.0
holdout_prompt_P3,human_science_urfu_0032,H,,0.9930251491,1,10.0
holdout_prompt_P3,human_science_urfu_0033,H,,0.0003100355,0,10.0
holdout_prompt_P3,human_science_urfu_0034,H,,0.0000524498,0,10.0
holdout_prompt_P3,human_science_urfu_0035,H,,0.1683293222,0,10.0
holdout_prompt_P3,human_science_urfu_0036,H,,0.0000407600,0,10.0
holdout_prompt_P3,human_science_urfu_0037,H,,0.0003919661,0,10.0
holdout_prompt_P3,human_science_urfu_0038,H,,0.0000000000,0,10.0
holdout_prompt_P3,human_science_urfu_0039,H,,0.0000000000,0,10.0
holdout_prompt_P3,human_science_urfu_0040,H,,0.0000000000,0,10.0
holdout_prompt_P3,human_science_urfu_0041,H,,0.0000000000,0,10.0
holdout_prompt_P3,human_science_urfu_0042,H,,0.0000000000,0,10.0
holdout_prompt_P3,human_science_urfu_0043,H,,0.0000000000,0,10.0
holdout_prompt_P3,human_science_urfu_0044,H,,0.0000379585,0,10.0
holdout_prompt_P3,human_science_urfu_0045,H,,0.0000000359,0,10.0
holdout_prompt_P3,human_science_urfu_0046,H,,0.0000000000,0,10.0
holdout_prompt_P3,human_science_urfu_0047,H,,0.0001027917,0,10.0
holdout_prompt_P3,human_science_urfu_0048,H,,0.0000016413,0,10.0
holdout_prompt_P3,nemotron_b001_P3_r1,A,nemotron,0.9936404620,1,10.0
holdout_prompt_P3,nemotron_b001_P3_r2,A,nemotron,0.9999978551,1,10.0
holdout_prompt_P3,nemotron_b002_P3_r1,A,nemotron,0.6862067648,1,10.0
holdout_prompt_P3,nemotron_b002_P3_r2,A,nemotron,0.0687344888,0,10.0
holdout_prompt_P3,nemotron_b003_P3_r1,A,nemotron,0.9999999473,1,10.0
holdout_prompt_P3,nemotron_b003_P3_r2,A,nemotron,0.8025935123,1,10.0
holdout_prompt_P3,nemotron_b004_P3_r1,A,nemotron,0.9976050274,1,10.0
holdout_prompt_P3,nemotron_b004_P3_r2,A,nemotron,0.9499310979,1,10.0
holdout_prompt_P3,nemotron_b005_P3_r1,A,nemotron,0.9794840635,1,10.0
holdout_prompt_P3,nemotron_b005_P3_r2,A,nemotron,0.9999504409,1,10.0
holdout_prompt_P3,nemotron_b006_P3_r1,A,nemotron,0.9999916256,1,10.0
holdout_prompt_P3,nemotron_b006_P3_r2,A,nemotron,0.9971810797,1,10.0
holdout_prompt_P3,nemotron_b007_P3_r1,A,nemotron,0.9999990699,1,10.0
holdout_prompt_P3,nemotron_b007_P3_r2,A,nemotron,0.9999998594,1,10.0
holdout_prompt_P3,nemotron_b008_P3_r1,A,nemotron,0.9998157951,1,10.0
holdout_prompt_P3,nemotron_b008_P3_r2,A,nemotron,0.9993938556,1,10.0
holdout_prompt_P3,nemotron_b009_P3_r1,A,nemotron,0.9847280945,1,10.0
holdout_prompt_P3,nemotron_b009_P3_r2,A,nemotron,0.9999539081,1,10.0
holdout_prompt_P3,nemotron_b010_P3_r1,A,nemotron,0.9990458344,1,10.0
holdout_prompt_P3,nemotron_b010_P3_r2,A,nemotron,0.9996594834,1,10.0
holdout_prompt_P3,nemotron_b011_P3_r1,A,nemotron,0.9999987468,1,10.0
holdout_prompt_P3,nemotron_b011_P3_r2,A,nemotron,0.9989351522,1,10.0
holdout_prompt_P3,nemotron_b012_P3_r1,A,nemotron,0.9999998561,1,10.0
holdout_prompt_P3,nemotron_b012_P3_r2,A,nemotron,0.9681789324,1,10.0
holdout_prompt_P3,nemotron_b013_P3_r1,A,nemotron,0.6750128549,1,10.0
holdout_prompt_P3,nemotron_b013_P3_r2,A,nemotron,0.9969254417,1,10.0
holdout_prompt_P3,nemotron_b014_P3_r1,A,nemotron,0.9974272797,1,10.0
holdout_prompt_P3,nemotron_b014_P3_r2,A,nemotron,0.9999934377,1,10.0
holdout_prompt_P3,nemotron_b015_P3_r1,A,nemotron,0.0087887951,0,10.0
holdout_prompt_P3,nemotron_b015_P3_r2,A,nemotron,0.0000568032,0,10.0
holdout_prompt_P3,nemotron_b016_P3_r1,A,nemotron,0.9997170896,1,10.0
holdout_prompt_P3,nemotron_b016_P3_r2,A,nemotron,0.9997772637,1,10.0
holdout_prompt_P3,nemotron_b017_P3_r1,A,nemotron,0.9466260796,1,10.0
holdout_prompt_P3,nemotron_b017_P3_r2,A,nemotron,0.9946021809,1,10.0
holdout_prompt_P3,nemotron_b018_P3_r1,A,nemotron,0.9458486097,1,10.0
holdout_prompt_P3,nemotron_b018_P3_r2,A,nemotron,0.6330096195,1,10.0
holdout_prompt_P3,nemotron_b019_P3_r1,A,nemotron,0.1099613970,0,10.0
holdout_prompt_P3,nemotron_b019_P3_r2,A,nemotron,0.0004948653,0,10.0
holdout_prompt_P3,nemotron_b020_P3_r1,A,nemotron,0.8602392935,1,10.0
holdout_prompt_P3,nemotron_b020_P3_r2,A,nemotron,0.5283259010,1,10.0
holdout_prompt_P3,nemotron_b021_P3_r1,A,nemotron,0.0000096140,0,10.0
holdout_prompt_P3,nemotron_b021_P3_r2,A,nemotron,0.2416549075,0,10.0
holdout_prompt_P3,nemotron_b022_P3_r1,A,nemotron,0.9999521328,1,10.0
holdout_prompt_P3,nemotron_b022_P3_r2,A,nemotron,0.9943933951,1,10.0
holdout_prompt_P3,nemotron_b023_P3_r1,A,nemotron,0.9997973868,1,10.0
holdout_prompt_P3,nemotron_b023_P3_r2,A,nemotron,0.9819479275,1,10.0
holdout_prompt_P3,nemotron_b024_P3_r1,A,nemotron,0.9999853862,1,10.0
holdout_prompt_P3,nemotron_b024_P3_r2,A,nemotron,0.9993071325,1,10.0
holdout_prompt_P3,nemotron_b025_P3_r1,A,nemotron,0.9999875103,1,10.0
holdout_prompt_P3,nemotron_b025_P3_r2,A,nemotron,0.9997506828,1,10.0
holdout_prompt_P3,nemotron_b026_P3_r1,A,nemotron,0.0179441387,0,10.0
holdout_prompt_P3,nemotron_b026_P3_r2,A,nemotron,0.9999850027,1,10.0
holdout_prompt_P3,nemotron_b027_P3_r1,A,nemotron,0.2440296187,0,10.0
holdout_prompt_P3,nemotron_b027_P3_r2,A,nemotron,0.9951537049,1,10.0
holdout_prompt_P3,nemotron_b028_P3_r1,A,nemotron,0.0470245726,0,10.0
holdout_prompt_P3,nemotron_b029_P3_r1,A,nemotron,0.4343051679,0,10.0
holdout_prompt_P3,nemotron_b029_P3_r2,A,nemotron,0.7851851352,1,10.0
holdout_prompt_P3,nemotron_b030_P3_r1,A,nemotron,0.9996810592,1,10.0
holdout_prompt_P3,nemotron_b030_P3_r2,A,nemotron,0.9999796453,1,10.0
holdout_prompt_P3,nemotron_b031_P3_r1,A,nemotron,0.9998980411,1,10.0
holdout_prompt_P3,nemotron_b031_P3_r2,A,nemotron,0.9730045295,1,10.0
holdout_prompt_P3,nemotron_b032_P3_r1,A,nemotron,0.8625081222,1,10.0
holdout_prompt_P3,nemotron_b032_P3_r2,A,nemotron,0.9999994300,1,10.0
holdout_prompt_P3,nemotron_b033_P3_r1,A,nemotron,0.9996067487,1,10.0
holdout_prompt_P3,nemotron_b033_P3_r2,A,nemotron,0.0002652001,0,10.0
holdout_prompt_P3,nemotron_b034_P3_r1,A,nemotron,0.9998362735,1,10.0
holdout_prompt_P3,nemotron_b034_P3_r2,A,nemotron,0.9998461200,1,10.0
holdout_prompt_P3,nemotron_b035_P3_r1,A,nemotron,0.0103316320,0,10.0
holdout_prompt_P3,nemotron_b035_P3_r2,A,nemotron,0.1227655088,0,10.0
holdout_prompt_P3,nemotron_b036_P3_r1,A,nemotron,0.9999957742,1,10.0
holdout_prompt_P3,nemotron_b036_P3_r2,A,nemotron,0.9951991733,1,10.0
holdout_prompt_P3,nemotron_b037_P3_r1,A,nemotron,0.3751282961,0,10.0
holdout_prompt_P3,nemotron_b037_P3_r2,A,nemotron,0.8388283309,1,10.0
holdout_prompt_P3,nemotron_b038_P3_r1,A,nemotron,0.9995923301,1,10.0
holdout_prompt_P3,nemotron_b038_P3_r2,A,nemotron,0.9999812556,1,10.0
holdout_prompt_P3,nemotron_b039_P3_r1,A,nemotron,0.9999873159,1,10.0
holdout_prompt_P3,nemotron_b039_P3_r2,A,nemotron,0.9997302199,1,10.0
holdout_prompt_P3,nemotron_b040_P3_r1,A,nemotron,0.9993815118,1,10.0
holdout_prompt_P3,nemotron_b040_P3_r2,A,nemotron,0.9999018214,1,10.0
holdout_prompt_P3,nemotron_b041_P3_r1,A,nemotron,0.2214814858,0,10.0
holdout_prompt_P3,nemotron_b041_P3_r2,A,nemotron,0.9986271396,1,10.0
holdout_prompt_P3,nemotron_b042_P3_r1,A,nemotron,0.9785659175,1,10.0
holdout_prompt_P3,nemotron_b042_P3_r2,A,nemotron,0.9995594761,1,10.0
holdout_prompt_P3,nemotron_b043_P3_r1,A,nemotron,0.0000032872,0,10.0
holdout_prompt_P3,nemotron_b043_P3_r2,A,nemotron,0.9857372672,1,10.0
holdout_prompt_P3,nemotron_b044_P3_r1,A,nemotron,0.9999893164,1,10.0
holdout_prompt_P3,nemotron_b044_P3_r2,A,nemotron,0.8399993932,1,10.0
holdout_prompt_P3,nemotron_b045_P3_r1,A,nemotron,0.9125367625,1,10.0
holdout_prompt_P3,nemotron_b045_P3_r2,A,nemotron,0.9851486354,1,10.0
holdout_prompt_P3,real_claude_b001_P3_r1,A,real_claude,0.9999801817,1,10.0
holdout_prompt_P3,real_claude_b001_P3_r2,A,real_claude,0.9999942787,1,10.0
holdout_prompt_P3,real_claude_b002_P3_r1,A,real_claude,0.9982402819,1,10.0
holdout_prompt_P3,real_claude_b002_P3_r2,A,real_claude,0.9989763857,1,10.0
holdout_prompt_P3,real_claude_b003_P3_r1,A,real_claude,0.5299010460,1,10.0
holdout_prompt_P3,real_claude_b003_P3_r2,A,real_claude,0.7531870444,1,10.0
holdout_prompt_P3,real_claude_b004_P3_r1,A,real_claude,0.9998740096,1,10.0
holdout_prompt_P3,real_claude_b004_P3_r2,A,real_claude,0.9999691148,1,10.0
holdout_prompt_P3,real_claude_b005_P3_r1,A,real_claude,0.9999184891,1,10.0
holdout_prompt_P3,real_claude_b005_P3_r2,A,real_claude,0.9999998798,1,10.0
holdout_prompt_P3,real_claude_b006_P3_r1,A,real_claude,0.9990431228,1,10.0
holdout_prompt_P3,real_claude_b006_P3_r2,A,real_claude,0.9824618877,1,10.0
holdout_prompt_P3,real_claude_b007_P3_r1,A,real_claude,0.9999881851,1,10.0
holdout_prompt_P3,real_claude_b007_P3_r2,A,real_claude,0.9999193565,1,10.0
holdout_prompt_P3,real_claude_b008_P3_r1,A,real_claude,0.9999952685,1,10.0
holdout_prompt_P3,real_claude_b008_P3_r2,A,real_claude,0.9992156617,1,10.0
holdout_prompt_P3,real_claude_b009_P3_r1,A,real_claude,0.9995951665,1,10.0
holdout_prompt_P3,real_claude_b009_P3_r2,A,real_claude,0.9991903040,1,10.0
holdout_prompt_P3,real_claude_b010_P3_r1,A,real_claude,0.9999554289,1,10.0
holdout_prompt_P3,real_claude_b010_P3_r2,A,real_claude,0.9999813275,1,10.0
holdout_prompt_P3,real_claude_b011_P3_r1,A,real_claude,0.9998028658,1,10.0
holdout_prompt_P3,real_claude_b011_P3_r2,A,real_claude,0.9993370321,1,10.0
holdout_prompt_P3,real_claude_b012_P3_r1,A,real_claude,0.9993508556,1,10.0
holdout_prompt_P3,real_claude_b012_P3_r2,A,real_claude,0.9999997842,1,10.0
holdout_prompt_P3,real_claude_b013_P3_r1,A,real_claude,0.9999091171,1,10.0
holdout_prompt_P3,real_claude_b013_P3_r2,A,real_claude,0.9999939929,1,10.0
holdout_prompt_P3,real_claude_b014_P3_r1,A,real_claude,0.9999333125,1,10.0
holdout_prompt_P3,real_claude_b014_P3_r2,A,real_claude,0.9999921713,1,10.0
holdout_prompt_P3,real_claude_b015_P3_r1,A,real_claude,0.9996399205,1,10.0
holdout_prompt_P3,real_claude_b015_P3_r2,A,real_claude,0.9995161386,1,10.0
holdout_prompt_P3,real_claude_b016_P3_r1,A,real_claude,0.9999775828,1,10.0
holdout_prompt_P3,real_claude_b016_P3_r2,A,real_claude,0.9999799113,1,10.0
holdout_prompt_P3,real_claude_b017_P3_r1,A,real_claude,0.9940363089,1,10.0
holdout_prompt_P3,real_claude_b017_P3_r2,A,real_claude,0.9999604450,1,10.0
holdout_prompt_P3,real_claude_b018_P3_r1,A,real_claude,0.9999131087,1,10.0
holdout_prompt_P3,real_claude_b018_P3_r2,A,real_claude,0.9999302554,1,10.0
holdout_prompt_P3,real_claude_b019_P3_r1,A,real_claude,0.9992171057,1,10.0
holdout_prompt_P3,real_claude_b019_P3_r2,A,real_claude,0.9588162867,1,10.0
holdout_prompt_P3,real_claude_b020_P3_r1,A,real_claude,0.9999144563,1,10.0
holdout_prompt_P3,real_claude_b020_P3_r2,A,real_claude,0.9993177259,1,10.0
holdout_prompt_P3,real_claude_b021_P3_r1,A,real_claude,0.9997971891,1,10.0
holdout_prompt_P3,real_claude_b021_P3_r2,A,real_claude,0.9980989244,1,10.0
holdout_prompt_P3,real_claude_b022_P3_r1,A,real_claude,0.9999840535,1,10.0
holdout_prompt_P3,real_claude_b022_P3_r2,A,real_claude,0.9994279853,1,10.0
holdout_prompt_P3,real_claude_b023_P3_r1,A,real_claude,0.9999998913,1,10.0
holdout_prompt_P3,real_claude_b023_P3_r2,A,real_claude,0.9995201450,1,10.0
holdout_prompt_P3,real_claude_b024_P3_r1,A,real_claude,0.9999972301,1,10.0
holdout_prompt_P3,real_claude_b024_P3_r2,A,real_claude,0.9999999991,1,10.0
holdout_prompt_P3,real_claude_b025_P3_r1,A,real_claude,0.9999854860,1,10.0
holdout_prompt_P3,real_claude_b025_P3_r2,A,real_claude,0.9999620995,1,10.0
holdout_prompt_P3,real_claude_b026_P3_r1,A,real_claude,0.9988154764,1,10.0
holdout_prompt_P3,real_claude_b026_P3_r2,A,real_claude,0.9998788998,1,10.0
holdout_prompt_P3,real_claude_b027_P3_r1,A,real_claude,0.9998870071,1,10.0
holdout_prompt_P3,real_claude_b027_P3_r2,A,real_claude,0.9999998696,1,10.0
holdout_prompt_P3,real_claude_b028_P3_r1,A,real_claude,0.9981325399,1,10.0
holdout_prompt_P3,real_claude_b028_P3_r2,A,real_claude,0.9984983128,1,10.0
holdout_prompt_P3,real_claude_b029_P3_r1,A,real_claude,0.9994277364,1,10.0
holdout_prompt_P3,real_claude_b029_P3_r2,A,real_claude,0.9998617922,1,10.0
holdout_prompt_P3,real_claude_b030_P3_r1,A,real_claude,0.9999973619,1,10.0
holdout_prompt_P3,real_claude_b030_P3_r2,A,real_claude,0.9999997246,1,10.0
holdout_prompt_P3,real_claude_b031_P3_r1,A,real_claude,0.9999990969,1,10.0
holdout_prompt_P3,real_claude_b031_P3_r2,A,real_claude,0.9999996489,1,10.0
holdout_prompt_P3,real_claude_b032_P3_r1,A,real_claude,0.9999569619,1,10.0
holdout_prompt_P3,real_claude_b032_P3_r2,A,real_claude,0.9999701968,1,10.0
holdout_prompt_P3,real_claude_b033_P3_r1,A,real_claude,0.9999999985,1,10.0
holdout_prompt_P3,real_claude_b033_P3_r2,A,real_claude,0.9999185259,1,10.0
holdout_prompt_P3,real_claude_b034_P3_r1,A,real_claude,0.9999911737,1,10.0
holdout_prompt_P3,real_claude_b034_P3_r2,A,real_claude,0.9999623721,1,10.0
holdout_prompt_P3,real_claude_b035_P3_r1,A,real_claude,0.9999958042,1,10.0
holdout_prompt_P3,real_claude_b035_P3_r2,A,real_claude,0.9997889083,1,10.0
holdout_prompt_P3,real_claude_b036_P3_r1,A,real_claude,0.9999904830,1,10.0
holdout_prompt_P3,real_claude_b036_P3_r2,A,real_claude,0.9999714132,1,10.0
holdout_prompt_P3,real_claude_b037_P3_r1,A,real_claude,0.9999988368,1,10.0
holdout_prompt_P3,real_claude_b037_P3_r2,A,real_claude,0.9999996282,1,10.0
holdout_prompt_P3,real_claude_b038_P3_r1,A,real_claude,0.9999991666,1,10.0
holdout_prompt_P3,real_claude_b038_P3_r2,A,real_claude,0.9998434920,1,10.0
holdout_prompt_P3,real_claude_b039_P3_r1,A,real_claude,0.9999920859,1,10.0
holdout_prompt_P3,real_claude_b039_P3_r2,A,real_claude,0.9995764959,1,10.0
holdout_prompt_P3,real_claude_b040_P3_r1,A,real_claude,0.9999995081,1,10.0
holdout_prompt_P3,real_claude_b040_P3_r2,A,real_claude,0.9999862858,1,10.0
holdout_prompt_P3,real_claude_b041_P3_r1,A,real_claude,0.9936771731,1,10.0
holdout_prompt_P3,real_claude_b041_P3_r2,A,real_claude,0.9751877699,1,10.0
holdout_prompt_P3,real_claude_b042_P3_r1,A,real_claude,0.9998933900,1,10.0
holdout_prompt_P3,real_claude_b042_P3_r2,A,real_claude,0.9998681421,1,10.0
holdout_prompt_P3,real_claude_b043_P3_r1,A,real_claude,0.9999996416,1,10.0
holdout_prompt_P3,real_claude_b043_P3_r2,A,real_claude,0.9999955642,1,10.0
holdout_prompt_P3,real_claude_b044_P3_r1,A,real_claude,0.9999996422,1,10.0
holdout_prompt_P3,real_claude_b044_P3_r2,A,real_claude,0.9999997034,1,10.0
holdout_prompt_P3,real_claude_b045_P3_r1,A,real_claude,0.9998425216,1,10.0
holdout_prompt_P3,real_claude_b045_P3_r2,A,real_claude,0.9996521882,1,10.0
holdout_source,human_hard_rusltc_0001,H,,0.0198229688,0,0.1
holdout_source,human_hard_rusltc_0002,H,,0.0028465254,0,0.1
holdout_source,human_hard_rusltc_0003,H,,0.0455882500,0,0.1
holdout_source,human_hard_rusltc_0004,H,,0.1492239460,0,0.1
holdout_source,human_hard_rusltc_0005,H,,0.0001590075,0,0.1
holdout_source,human_hard_rusltc_0006,H,,0.0271235788,0,0.1
holdout_source,human_hard_rusltc_0007,H,,0.0014866956,0,0.1
holdout_source,human_hard_rusltc_0008,H,,0.0097263496,0,0.1
holdout_source,human_hard_rusltc_0009,H,,0.0291387302,0,0.1
holdout_source,human_hard_rusltc_0010,H,,0.0164077661,0,0.1
holdout_source,human_hard_rusltc_0011,H,,0.0299195759,0,0.1
holdout_source,human_hard_rusltc_0012,H,,0.0935264385,0,0.1
holdout_source,human_hard_rusltc_0013,H,,0.6036926262,1,0.1
holdout_source,human_hard_rusltc_0014,H,,0.0363669231,0,0.1
holdout_source,human_hard_rusltc_0015,H,,0.0309511089,0,0.1
holdout_source,human_hard_rusltc_0016,H,,0.2417937201,0,0.1
holdout_source,human_hard_rusltc_0017,H,,0.1867143692,0,0.1
holdout_source,human_hard_rusltc_0018,H,,0.0819991329,0,0.1
holdout_source,human_hard_rusltc_0019,H,,0.0063388463,0,0.1
holdout_source,human_hard_rusltc_0020,H,,0.0034630870,0,0.1
holdout_source,human_hard_rusltc_0021,H,,0.0697638176,0,0.1
holdout_source,human_hard_rusltc_0022,H,,0.1219763791,0,0.1
holdout_source,human_hard_rusltc_0023,H,,0.1333590007,0,0.1
holdout_source,human_hard_rusltc_0024,H,,0.0562680415,0,0.1
holdout_source,human_hard_rusltc_0025,H,,0.1412031923,0,0.1
holdout_source,human_hard_rusltc_0026,H,,0.3635981327,0,0.1
holdout_source,human_hard_rusltc_0027,H,,0.0793249780,0,0.1
holdout_source,human_hard_rusltc_0028,H,,0.0021624121,0,0.1
holdout_source,human_hard_rusltc_0029,H,,0.4086602757,0,0.1
holdout_source,human_hard_rusltc_0030,H,,0.0030803690,0,0.1
holdout_source,human_hard_rusltc_0031,H,,0.0107576394,0,0.1
holdout_source,human_hard_rusltc_0032,H,,0.0009842289,0,0.1
holdout_source,human_hard_rusltc_0033,H,,0.0030254219,0,0.1
holdout_source,human_hard_rusltc_0034,H,,0.0262462902,0,0.1
holdout_source,human_hard_rusltc_0035,H,,0.2367684402,0,0.1
holdout_source,human_hard_rusltc_0036,H,,0.1631796803,0,0.1
holdout_source,human_hard_rusltc_0037,H,,0.1163279427,0,0.1
holdout_source,human_hard_rusltc_0038,H,,0.0284386814,0,0.1
holdout_source,human_hard_rusltc_0039,H,,0.0023750274,0,0.1
holdout_source,human_hard_rusltc_0040,H,,0.0286091050,0,0.1
holdout_source,human_hard_rusltc_0041,H,,0.0488481458,0,0.1
holdout_source,human_hard_rusltc_0042,H,,0.0000041681,0,0.1
holdout_source,human_hard_rusltc_0043,H,,0.0611904937,0,0.1
holdout_source,human_hard_rusltc_0044,H,,0.2512248991,0,0.1
holdout_source,human_hard_rusltc_0045,H,,0.0213659616,0,0.1
holdout_source,human_hard_rusltc_0046,H,,0.1174418434,0,0.1
holdout_source,human_hard_rusltc_0047,H,,0.1136079382,0,0.1
holdout_source,human_hard_rusltc_0048,H,,0.1245855370,0,0.1
holdout_source,human_hard_rusltc_0049,H,,0.0008456487,0,0.1
holdout_source,human_hard_rusltc_0050,H,,0.0099651454,0,0.1
holdout_source,human_hard_rusltc_0051,H,,0.0114503742,0,0.1
holdout_source,human_hard_rusltc_0052,H,,0.7822621992,1,0.1
holdout_source,human_hard_rusltc_0053,H,,0.0952500962,0,0.1
holdout_source,human_hard_rusltc_0054,H,,0.0030061101,0,0.1
holdout_source,human_hard_rusltc_0055,H,,0.0757376774,0,0.1
holdout_source,human_hard_rusltc_0056,H,,0.2008054890,0,0.1
holdout_source,human_hard_rusltc_0057,H,,0.0008649042,0,0.1
holdout_source,human_hard_rusltc_0058,H,,0.0534217153,0,0.1
holdout_source,human_hard_rusltc_0059,H,,0.0167953668,0,0.1
holdout_source,human_hard_rusltc_0060,H,,0.0341511426,0,0.1
holdout_source,human_hard_rusltc_0061,H,,0.0038629785,0,0.1
holdout_source,human_hard_rusltc_0062,H,,0.0867691951,0,0.1
holdout_source,human_hard_rusltc_0063,H,,0.0697858603,0,0.1
holdout_source,human_hard_rusltc_0064,H,,0.6960172792,1,0.1
holdout_source,human_hard_rusltc_0065,H,,0.0034366442,0,0.1
holdout_source,human_hard_rusltc_0066,H,,0.2102063865,0,0.1
holdout_source,human_hard_rusltc_0067,H,,0.0194593022,0,0.1
holdout_source,human_hard_rusltc_0068,H,,0.0000586094,0,0.1
holdout_source,human_hard_rusltc_0069,H,,0.1258231146,0,0.1
holdout_source,human_hard_rusltc_0070,H,,0.2055340830,0,0.1
holdout_source,human_hard_rusltc_0071,H,,0.0232071124,0,0.1
holdout_source,human_hard_rusltc_0072,H,,0.1095051924,0,0.1
holdout_source,human_hard_rusltc_0073,H,,0.0751377084,0,0.1
holdout_source,human_news_buriy_2014_0001,H,,0.0029411204,0,0.1
holdout_source,human_news_buriy_2014_0002,H,,0.0015807146,0,0.1
holdout_source,human_news_buriy_2014_0003,H,,0.0043326893,0,0.1
holdout_source,human_news_buriy_2014_0004,H,,0.0001070675,0,0.1
holdout_source,human_news_buriy_2014_0005,H,,0.0196450236,0,0.1
holdout_source,human_news_buriy_2014_0006,H,,0.0002697095,0,0.1
holdout_source,human_news_buriy_2014_0007,H,,0.0126591698,0,0.1
holdout_source,human_news_buriy_2014_0008,H,,0.0280516440,0,0.1
holdout_source,human_news_buriy_2014_0009,H,,0.0066052748,0,0.1
holdout_source,human_news_buriy_2014_0010,H,,0.0000218430,0,0.1
holdout_source,human_news_buriy_2014_0011,H,,0.0027881737,0,0.1
holdout_source,human_news_buriy_2014_0012,H,,0.0026283942,0,0.1
holdout_source,human_news_buriy_2014_0013,H,,0.0197044426,0,0.1
holdout_source,human_news_buriy_2014_0014,H,,0.0163205706,0,0.1
holdout_source,human_news_buriy_2014_0015,H,,0.0018552390,0,0.1
holdout_source,human_news_buriy_2014_0016,H,,0.0011972641,0,0.1
holdout_source,human_news_buriy_2014_0017,H,,0.4976514151,0,0.1
holdout_source,human_news_buriy_2014_0018,H,,0.0078601824,0,0.1
holdout_source,human_news_buriy_2014_0019,H,,0.0084751712,0,0.1
holdout_source,human_news_buriy_2014_0020,H,,0.0001075461,0,0.1
holdout_source,human_news_buriy_2014_0021,H,,0.3895009853,0,0.1
holdout_source,human_news_buriy_2014_0022,H,,0.0005845296,0,0.1
holdout_source,human_news_buriy_2014_0023,H,,0.0000881309,0,0.1
holdout_source,human_news_buriy_2014_0024,H,,0.0048485899,0,0.1
holdout_source,human_news_buriy_2014_0025,H,,0.0029109468,0,0.1
holdout_source,human_news_buriy_2014_0026,H,,0.0071754269,0,0.1
holdout_source,human_news_buriy_2014_0027,H,,0.0036310146,0,0.1
holdout_source,human_news_buriy_2014_0028,H,,0.0006533851,0,0.1
holdout_source,human_news_buriy_2014_0029,H,,0.0020981619,0,0.1
holdout_source,human_news_buriy_2014_0030,H,,0.0355171584,0,0.1
holdout_source,human_news_buriy_2014_0031,H,,0.0042473953,0,0.1
holdout_source,human_news_buriy_2014_0032,H,,0.0045157218,0,0.1
holdout_source,human_news_buriy_2014_0033,H,,0.0059824312,0,0.1
holdout_source,human_news_buriy_2014_0034,H,,0.0293658256,0,0.1
holdout_source,human_news_buriy_2014_0035,H,,0.0010700846,0,0.1
holdout_source,human_news_buriy_2014_0036,H,,0.0068350504,0,0.1
holdout_source,human_news_buriy_2014_0037,H,,0.0015697768,0,0.1
holdout_source,human_news_buriy_2014_0038,H,,0.0007043242,0,0.1
holdout_source,human_news_buriy_2014_0039,H,,0.0064779855,0,0.1
holdout_source,human_news_buriy_2014_0040,H,,0.0079578691,0,0.1
holdout_source,human_news_buriy_2014_0041,H,,0.0613716758,0,0.1
holdout_source,human_news_buriy_2014_0042,H,,0.0010556562,0,0.1
holdout_source,human_news_buriy_2014_0043,H,,0.0229993907,0,0.1
holdout_source,human_news_buriy_2014_0044,H,,0.0067052716,0,0.1
holdout_source,human_news_buriy_2014_0045,H,,0.0022160836,0,0.1
holdout_source,human_news_buriy_2014_0046,H,,0.0054344105,0,0.1
holdout_source,human_news_buriy_2014_0047,H,,0.0022288949,0,0.1
holdout_source,human_news_buriy_2014_0048,H,,0.0016961202,0,0.1
holdout_source,human_news_buriy_2014_0049,H,,0.0001136571,0,0.1
holdout_source,human_news_buriy_2014_0050,H,,0.0134584683,0,0.1
holdout_source,human_news_buriy_2014_0051,H,,0.7037421645,1,0.1
holdout_source,human_news_buriy_2014_0052,H,,0.0005825405,0,0.1
holdout_source,human_news_buriy_2014_0053,H,,0.0000507406,0,0.1
holdout_source,human_news_buriy_2014_0054,H,,0.1787956569,0,0.1
holdout_source,human_news_buriy_2014_0055,H,,0.0002159199,0,0.1
holdout_source,human_news_buriy_2014_0056,H,,0.2634331618,0,0.1
holdout_source,human_news_buriy_2014_0057,H,,0.0012813678,0,0.1
holdout_source,human_news_buriy_2014_0058,H,,0.0253030728,0,0.1
holdout_source,human_news_buriy_2014_0059,H,,0.0015747678,0,0.1
holdout_source,human_news_buriy_2014_0060,H,,0.0010289266,0,0.1
holdout_source,human_news_gazeta_0001,H,,0.0173493686,0,0.1
holdout_source,human_news_gazeta_0002,H,,0.2822641251,0,0.1
holdout_source,human_news_gazeta_0003,H,,0.2807003994,0,0.1
holdout_source,human_news_gazeta_0004,H,,0.0377744964,0,0.1
holdout_source,human_news_gazeta_0005,H,,0.0017079638,0,0.1
holdout_source,human_news_gazeta_0006,H,,0.0047945750,0,0.1
holdout_source,human_news_gazeta_0007,H,,0.0033396694,0,0.1
holdout_source,human_news_gazeta_0008,H,,0.0220852542,0,0.1
holdout_source,human_news_gazeta_0009,H,,0.0064021379,0,0.1
holdout_source,human_news_gazeta_0010,H,,0.1104436254,0,0.1
holdout_source,human_news_gazeta_0011,H,,0.0005661967,0,0.1
holdout_source,human_news_gazeta_0012,H,,0.0124204317,0,0.1
holdout_source,human_news_gazeta_0013,H,,0.0652638525,0,0.1
holdout_source,human_news_gazeta_0014,H,,0.0001610296,0,0.1
holdout_source,human_news_gazeta_0015,H,,0.0589284721,0,0.1
holdout_source,human_news_gazeta_0016,H,,0.0008318148,0,0.1
holdout_source,human_news_gazeta_0017,H,,0.1097292675,0,0.1
holdout_source,human_news_gazeta_0018,H,,0.0445821982,0,0.1
holdout_source,human_news_gazeta_0019,H,,0.0010268552,0,0.1
holdout_source,human_news_gazeta_0020,H,,0.0010958512,0,0.1
holdout_source,human_news_gazeta_0021,H,,0.0178408665,0,0.1
holdout_source,human_news_gazeta_0022,H,,0.0675604481,0,0.1
holdout_source,human_news_gazeta_0023,H,,0.0014154579,0,0.1
holdout_source,human_news_gazeta_0024,H,,0.0040450194,0,0.1
holdout_source,human_news_gazeta_0025,H,,0.0127066215,0,0.1
holdout_source,human_news_gazeta_0026,H,,0.0035067813,0,0.1
holdout_source,human_news_gazeta_0027,H,,0.0101046878,0,0.1
holdout_source,human_news_gazeta_0028,H,,0.0017264280,0,0.1
holdout_source,human_news_gazeta_0029,H,,0.0252621467,0,0.1
holdout_source,human_news_gazeta_0030,H,,0.5391906040,1,0.1
holdout_source,human_news_gazeta_0031,H,,0.0986838738,0,0.1
holdout_source,human_news_gazeta_0032,H,,0.0061077461,0,0.1
holdout_source,human_news_gazeta_0033,H,,0.0174552553,0,0.1
holdout_source,human_news_gazeta_0034,H,,0.2228152485,0,0.1
holdout_source,human_news_gazeta_0035,H,,0.0760849045,0,0.1
holdout_source,human_news_gazeta_0036,H,,0.0085262528,0,0.1
holdout_source,human_news_gazeta_0037,H,,0.2021798027,0,0.1
holdout_source,human_news_gazeta_0038,H,,0.4604348804,0,0.1
holdout_source,human_news_gazeta_0039,H,,0.0310537300,0,0.1
holdout_source,human_news_gazeta_0040,H,,0.0490589288,0,0.1
holdout_source,human_news_gazeta_0041,H,,0.0020869694,0,0.1
holdout_source,human_news_gazeta_0042,H,,0.0315354247,0,0.1
holdout_source,human_news_gazeta_0043,H,,0.1116076457,0,0.1
holdout_source,human_news_gazeta_0044,H,,0.0054630819,0,0.1
holdout_source,human_news_gazeta_0045,H,,0.0069195220,0,0.1
holdout_source,human_news_gazeta_0046,H,,0.0009518348,0,0.1
holdout_source,human_news_gazeta_0047,H,,0.0124383764,0,0.1
holdout_source,human_news_gazeta_0048,H,,0.2251540442,0,0.1
holdout_source,human_news_gazeta_0049,H,,0.1325358197,0,0.1
holdout_source,human_news_gazeta_0050,H,,0.0238964919,0,0.1
holdout_source,human_news_gazeta_0051,H,,0.0059926932,0,0.1
holdout_source,human_news_gazeta_0052,H,,0.1598580236,0,0.1
holdout_source,human_news_gazeta_0053,H,,0.0517541840,0,0.1
holdout_source,human_news_gazeta_0054,H,,0.0368051695,0,0.1
holdout_source,human_news_gazeta_0055,H,,0.0031638613,0,0.1
holdout_source,human_news_gazeta_0056,H,,0.0090398466,0,0.1
holdout_source,human_news_gazeta_0057,H,,0.1312108187,0,0.1
holdout_source,human_news_gazeta_0058,H,,0.0208812786,0,0.1
holdout_source,human_news_gazeta_0059,H,,0.0132179968,0,0.1
holdout_source,human_news_gazeta_0060,H,,0.0015913332,0,0.1
holdout_source,human_news_lenta_0001,H,,0.1094385171,0,0.1
holdout_source,human_news_lenta_0002,H,,0.0062628617,0,0.1
holdout_source,human_news_lenta_0004,H,,0.1137964557,0,0.1
holdout_source,human_news_lenta_0007,H,,0.0000000000,0,0.1
holdout_source,human_news_lenta_0009,H,,0.0017204826,0,0.1
holdout_source,human_news_lenta_0010,H,,0.0000000135,0,0.1
holdout_source,human_news_lenta_0012,H,,0.0042379615,0,0.1
holdout_source,human_news_lenta_0013,H,,0.0503915601,0,0.1
holdout_source,human_news_lenta_0014,H,,0.0045500136,0,0.1
holdout_source,human_news_lenta_0015,H,,0.1075517373,0,0.1
holdout_source,human_news_lenta_0016,H,,0.0026573922,0,0.1
holdout_source,human_news_lenta_0017,H,,0.0000050508,0,0.1
holdout_source,human_news_lenta_0018,H,,0.0001090140,0,0.1
holdout_source,human_news_lenta_0021,H,,0.0704985967,0,0.1
holdout_source,human_news_lenta_0022,H,,0.0006526194,0,0.1
holdout_source,human_news_lenta_0023,H,,0.1944429441,0,0.1
holdout_source,human_news_lenta_0024,H,,0.0542513701,0,0.1
holdout_source,human_news_lenta_0027,H,,0.3252503948,0,0.1
holdout_source,human_news_lenta_0029,H,,0.1172553559,0,0.1
holdout_source,human_news_lenta_0034,H,,0.0110850763,0,0.1
holdout_source,human_news_lenta_0036,H,,0.0075496860,0,0.1
holdout_source,human_news_lenta_0039,H,,0.0000000000,0,0.1
holdout_source,human_news_lenta_0040,H,,0.1666716714,0,0.1
holdout_source,human_news_lenta_0041,H,,0.0008341637,0,0.1
holdout_source,human_news_lenta_0042,H,,0.0002249756,0,0.1
holdout_source,human_news_lenta_0044,H,,0.0032076626,0,0.1
holdout_source,human_news_lenta_0045,H,,0.0800843446,0,0.1
holdout_source,human_news_lenta_0046,H,,0.0000791593,0,0.1
holdout_source,human_news_lenta_0049,H,,0.0351130149,0,0.1
holdout_source,human_news_lenta_0051,H,,0.0058177646,0,0.1
holdout_source,human_news_lenta_0053,H,,0.0007771398,0,0.1
holdout_source,human_news_lenta_0055,H,,0.3100407857,0,0.1
holdout_source,human_science_cyberleninka_0001,H,,0.0530774128,0,0.1
holdout_source,human_science_cyberleninka_0002,H,,0.5623732191,1,0.1
holdout_source,human_science_cyberleninka_0003,H,,0.0386200232,0,0.1
holdout_source,human_science_cyberleninka_0004,H,,0.0404101309,0,0.1
holdout_source,human_science_cyberleninka_0005,H,,0.0267041997,0,0.1
holdout_source,human_science_cyberleninka_0006,H,,0.1868007164,0,0.1
holdout_source,human_science_cyberleninka_0007,H,,0.3738955826,0,0.1
holdout_source,human_science_cyberleninka_0008,H,,0.0001273372,0,0.1
holdout_source,human_science_cyberleninka_0009,H,,0.0476173839,0,0.1
holdout_source,human_science_cyberleninka_0010,H,,0.0006101142,0,0.1
holdout_source,human_science_cyberleninka_0011,H,,0.0012967027,0,0.1
holdout_source,human_science_cyberleninka_0013,H,,0.4509773165,0,0.1
holdout_source,human_science_cyberleninka_0014,H,,0.2915771175,0,0.1
holdout_source,human_science_cyberleninka_0015,H,,0.0010465519,0,0.1
holdout_source,human_science_cyberleninka_0016,H,,0.0198784327,0,0.1
holdout_source,human_science_cyberleninka_0017,H,,0.0033342737,0,0.1
holdout_source,human_science_cyberleninka_0018,H,,0.7467777520,1,0.1
holdout_source,human_science_cyberleninka_0019,H,,0.5743304616,1,0.1
holdout_source,human_science_cyberleninka_0020,H,,0.0100647604,0,0.1
holdout_source,human_science_cyberleninka_0021,H,,0.7145907627,1,0.1
holdout_source,human_science_cyberleninka_0022,H,,0.0014767328,0,0.1
holdout_source,human_science_cyberleninka_0023,H,,0.7832982590,1,0.1
holdout_source,human_science_cyberleninka_0024,H,,0.5416479823,1,0.1
holdout_source,human_science_cyberleninka_0025,H,,0.0682581142,0,0.1
holdout_source,human_science_cyberleninka_0026,H,,0.0060748695,0,0.1
holdout_source,human_science_cyberleninka_0027,H,,0.0973652041,0,0.1
holdout_source,human_science_cyberleninka_0028,H,,0.0002676095,0,0.1
holdout_source,human_science_cyberleninka_0029,H,,0.0760643552,0,0.1
holdout_source,human_science_cyberleninka_0030,H,,0.0002867742,0,0.1
holdout_source,human_science_cyberleninka_0031,H,,0.0297877437,0,0.1
holdout_source,human_science_cyberleninka_0032,H,,0.0134169225,0,0.1
holdout_source,human_science_cyberleninka_0033,H,,0.8293892135,1,0.1
holdout_source,human_science_cyberleninka_0034,H,,0.0004449619,0,0.1
holdout_source,human_science_cyberleninka_0035,H,,0.0743467653,0,0.1
holdout_source,human_science_cyberleninka_0036,H,,0.5036889836,1,0.1
holdout_source,human_science_cyberleninka_0037,H,,0.0987651256,0,0.1
holdout_source,human_science_cyberleninka_0038,H,,0.0757334928,0,0.1
holdout_source,human_science_cyberleninka_0039,H,,0.1301604756,0,0.1
holdout_source,human_science_cyberleninka_0040,H,,0.0010685466,0,0.1
holdout_source,human_science_cyberleninka_0041,H,,0.0578367564,0,0.1
holdout_source,human_science_cyberleninka_0042,H,,0.0003466405,0,0.1
holdout_source,human_science_cyberleninka_0043,H,,0.0055736595,0,0.1
holdout_source,human_science_cyberleninka_0044,H,,0.7259599989,1,0.1
holdout_source,human_science_cyberleninka_0045,H,,0.0058706715,0,0.1
holdout_source,human_science_cyberleninka_0046,H,,0.0022803941,0,0.1
holdout_source,human_science_cyberleninka_0047,H,,0.0014980523,0,0.1
holdout_source,human_science_cyberleninka_0048,H,,0.0002120294,0,0.1
holdout_source,human_science_cyberleninka_0049,H,,0.0005319019,0,0.1
holdout_source,human_science_cyberleninka_0050,H,,0.0032507381,0,0.1
holdout_source,human_science_cyberleninka_0051,H,,0.2283526044,0,0.1
holdout_source,human_science_cyberleninka_0052,H,,0.2046599217,0,0.1
holdout_source,human_science_cyberleninka_0053,H,,0.0000005054,0,0.1
holdout_source,human_science_cyberleninka_0054,H,,0.1198621531,0,0.1
holdout_source,human_science_cyberleninka_0055,H,,0.0063430833,0,0.1
holdout_source,human_science_cyberleninka_0056,H,,0.0898241905,0,0.1
holdout_source,human_science_cyberleninka_0057,H,,0.2568313808,0,0.1
holdout_source,human_science_cyberleninka_0058,H,,0.6578056252,1,0.1
holdout_source,human_science_cyberleninka_0059,H,,0.7875349483,1,0.1
holdout_source,human_science_cyberleninka_0060,H,,0.0368433669,0,0.1
holdout_source,human_science_cyberleninka_0067,H,,0.4702206114,0,0.1
holdout_source,human_science_spbgu_0001,H,,0.0095471780,0,0.1
holdout_source,human_science_spbgu_0002,H,,0.0160756070,0,0.1
holdout_source,human_science_spbgu_0003,H,,0.1752790005,0,0.1
holdout_source,human_science_spbgu_0004,H,,0.0057486236,0,0.1
holdout_source,human_science_spbgu_0005,H,,0.0616114171,0,0.1
holdout_source,human_science_spbgu_0006,H,,0.0033252170,0,0.1
holdout_source,human_science_spbgu_0007,H,,0.0004342441,0,0.1
holdout_source,human_science_spbgu_0008,H,,0.0606422292,0,0.1
holdout_source,human_science_spbgu_0009,H,,0.0016850986,0,0.1
holdout_source,human_science_spbgu_0010,H,,0.0021748713,0,0.1
holdout_source,human_science_spbgu_0011,H,,0.0079735637,0,0.1
holdout_source,human_science_spbgu_0012,H,,0.0004843104,0,0.1
holdout_source,human_science_spbgu_0013,H,,0.0001957796,0,0.1
holdout_source,human_science_spbgu_0014,H,,0.0411172839,0,0.1
holdout_source,human_science_spbgu_0015,H,,0.0047010032,0,0.1
holdout_source,human_science_spbgu_0016,H,,0.0000429705,0,0.1
holdout_source,human_science_spbgu_0017,H,,0.0044808512,0,0.1
holdout_source,human_science_spbgu_0018,H,,0.0012710555,0,0.1
holdout_source,human_science_spbgu_0019,H,,0.0098835490,0,0.1
holdout_source,human_science_spbgu_0020,H,,0.0097297319,0,0.1
holdout_source,human_science_spbgu_0021,H,,0.0004378576,0,0.1
holdout_source,human_science_spbgu_0022,H,,0.0116671050,0,0.1
holdout_source,human_science_spbgu_0023,H,,0.0006566880,0,0.1
holdout_source,human_science_spbgu_0024,H,,0.0005275294,0,0.1
holdout_source,human_science_spbgu_0025,H,,0.0000885420,0,0.1
holdout_source,human_science_spbgu_0026,H,,0.0171911103,0,0.1
holdout_source,human_science_spbgu_0027,H,,0.0000177045,0,0.1
holdout_source,human_science_spbgu_0028,H,,0.0003540139,0,0.1
holdout_source,human_science_spbgu_0029,H,,0.0001409156,0,0.1
holdout_source,human_science_spbgu_0030,H,,0.0000617822,0,0.1
holdout_source,human_science_spbgu_0031,H,,0.0014984393,0,0.1
holdout_source,human_science_spbgu_0032,H,,0.0008205270,0,0.1
holdout_source,human_science_spbgu_0033,H,,0.0001760368,0,0.1
holdout_source,human_science_spbgu_0034,H,,0.0009052215,0,0.1
holdout_source,human_science_spbgu_0035,H,,0.0000680934,0,0.1
holdout_source,human_science_spbgu_0036,H,,0.0016473477,0,0.1
holdout_source,human_science_spbgu_0037,H,,0.0032110414,0,0.1
holdout_source,human_science_spbgu_0038,H,,0.0003950629,0,0.1
holdout_source,human_science_spbgu_0039,H,,0.0062804267,0,0.1
holdout_source,human_science_spbgu_0040,H,,0.0000436137,0,0.1
holdout_source,human_science_spbgu_0041,H,,0.0007204997,0,0.1
holdout_source,human_science_spbgu_0042,H,,0.0015066637,0,0.1
holdout_source,human_science_spbgu_0043,H,,0.0022729979,0,0.1
holdout_source,human_science_spbgu_0044,H,,0.0044302104,0,0.1
holdout_source,human_science_spbgu_0045,H,,0.0018202547,0,0.1
holdout_source,human_science_spbgu_0046,H,,0.0001049005,0,0.1
holdout_source,human_science_spbgu_0048,H,,0.0010088759,0,0.1
holdout_source,human_science_spbgu_0049,H,,0.0018596506,0,0.1
holdout_source,human_science_spbgu_0050,H,,0.0081051080,0,0.1
holdout_source,human_science_spbgu_0054,H,,0.0000046421,0,0.1
holdout_source,human_science_spbgu_0055,H,,0.0004173650,0,0.1
holdout_source,human_science_spbgu_0057,H,,0.0305611655,0,0.1
holdout_source,human_science_spbgu_0059,H,,0.0021800033,0,0.1
holdout_source,human_science_spbgu_0060,H,,0.0000344256,0,0.1
holdout_source,human_science_spbgu_0061,H,,0.0004321552,0,0.1
holdout_source,human_science_spbgu_0062,H,,0.0006784485,0,0.1
holdout_source,human_science_spbgu_0063,H,,0.0099488616,0,0.1
holdout_source,human_science_spbgu_0064,H,,0.0002483381,0,0.1
holdout_source,human_science_spbgu_0065,H,,0.0002290258,0,0.1
holdout_source,human_science_urfu_0001,H,,0.1614506424,0,0.1
holdout_source,human_science_urfu_0002,H,,0.0072472892,0,0.1
holdout_source,human_science_urfu_0003,H,,0.1014123182,0,0.1
holdout_source,human_science_urfu_0004,H,,0.0410092797,0,0.1
holdout_source,human_science_urfu_0005,H,,0.0572093728,0,0.1
holdout_source,human_science_urfu_0006,H,,0.0029644191,0,0.1
holdout_source,human_science_urfu_0007,H,,0.4693408503,0,0.1
holdout_source,human_science_urfu_0008,H,,0.0003744737,0,0.1
holdout_source,human_science_urfu_0009,H,,0.0022828058,0,0.1
holdout_source,human_science_urfu_0010,H,,0.0252482855,0,0.1
holdout_source,human_science_urfu_0011,H,,0.0126449411,0,0.1
holdout_source,human_science_urfu_0012,H,,0.0017299273,0,0.1
holdout_source,human_science_urfu_0013,H,,0.2237372760,0,0.1
holdout_source,human_science_urfu_0014,H,,0.0000377547,0,0.1
holdout_source,human_science_urfu_0015,H,,0.0258160380,0,0.1
holdout_source,human_science_urfu_0016,H,,0.1119367609,0,0.1
holdout_source,human_science_urfu_0017,H,,0.0386908206,0,0.1
holdout_source,human_science_urfu_0018,H,,0.0152888350,0,0.1
holdout_source,human_science_urfu_0019,H,,0.0327831131,0,0.1
holdout_source,human_science_urfu_0020,H,,0.0007069100,0,0.1
holdout_source,human_science_urfu_0021,H,,0.0061319878,0,0.1
holdout_source,human_science_urfu_0022,H,,0.0123168739,0,0.1
holdout_source,human_science_urfu_0023,H,,0.0001358093,0,0.1
holdout_source,human_science_urfu_0024,H,,0.0753930861,0,0.1
holdout_source,human_science_urfu_0025,H,,0.1138544438,0,0.1
holdout_source,human_science_urfu_0026,H,,0.0893353747,0,0.1
holdout_source,human_science_urfu_0027,H,,0.1818183091,0,0.1
holdout_source,human_science_urfu_0028,H,,0.1164941336,0,0.1
holdout_source,human_science_urfu_0029,H,,0.0122447486,0,0.1
holdout_source,human_science_urfu_0030,H,,0.1996185196,0,0.1
holdout_source,human_science_urfu_0031,H,,0.0000148505,0,0.1
holdout_source,human_science_urfu_0032,H,,0.5061680694,1,0.1
holdout_source,human_science_urfu_0033,H,,0.0125368518,0,0.1
holdout_source,human_science_urfu_0034,H,,0.0040040771,0,0.1
holdout_source,human_science_urfu_0035,H,,0.0896250201,0,0.1
holdout_source,human_science_urfu_0036,H,,0.0098246797,0,0.1
holdout_source,human_science_urfu_0037,H,,0.0223132029,0,0.1
holdout_source,human_science_urfu_0038,H,,0.0000000045,0,0.1
holdout_source,human_science_urfu_0039,H,,0.0000000409,0,0.1
holdout_source,human_science_urfu_0040,H,,0.0000000000,0,0.1
holdout_source,human_science_urfu_0041,H,,0.0000011790,0,0.1
holdout_source,human_science_urfu_0042,H,,0.0000000413,0,0.1
holdout_source,human_science_urfu_0043,H,,0.0000000855,0,0.1
holdout_source,human_science_urfu_0044,H,,0.0163874873,0,0.1
holdout_source,human_science_urfu_0045,H,,0.0007926053,0,0.1
holdout_source,human_science_urfu_0046,H,,0.0000001398,0,0.1
holdout_source,human_science_urfu_0047,H,,0.0073460206,0,0.1
holdout_source,human_science_urfu_0048,H,,0.0005911706,0,0.1
holdout_source,human_seo_alaev_0001,H,,0.0011913949,0,0.1
holdout_source,human_seo_alaev_0002,H,,0.0031774918,0,0.1
holdout_source,human_seo_alaev_0003,H,,0.0009361063,0,0.1
holdout_source,human_seo_alaev_0004,H,,0.0211970399,0,0.1
holdout_source,human_seo_alaev_0005,H,,0.0000401125,0,0.1
holdout_source,human_seo_alaev_0006,H,,0.0014074222,0,0.1
holdout_source,human_seo_alaev_0007,H,,0.0007856238,0,0.1
holdout_source,human_seo_alaev_0008,H,,0.0014919504,0,0.1
holdout_source,human_seo_alaev_0009,H,,0.0012204857,0,0.1
holdout_source,human_seo_alaev_0010,H,,0.0005220287,0,0.1
holdout_source,human_seo_alaev_0011,H,,0.0001382234,0,0.1
holdout_source,human_seo_alaev_0012,H,,0.0001076618,0,0.1
holdout_source,human_seo_alaev_0013,H,,0.0056674267,0,0.1
holdout_source,human_seo_alaev_0014,H,,0.0125203289,0,0.1
holdout_source,human_seo_alaev_0015,H,,0.0000440014,0,0.1
holdout_source,human_seo_alaev_0016,H,,0.0049026370,0,0.1
holdout_source,human_seo_alaev_0017,H,,0.0016396574,0,0.1
holdout_source,human_seo_alaev_0018,H,,0.0004600294,0,0.1
holdout_source,human_seo_alaev_0019,H,,0.0092613745,0,0.1
holdout_source,human_seo_alaev_0020,H,,0.0140143628,0,0.1
holdout_source,human_seo_alaev_0021,H,,0.0000000268,0,0.1
holdout_source,human_seo_drmax_0001,H,,0.0027434834,0,0.1
holdout_source,human_seo_drmax_0002,H,,0.0055396942,0,0.1
holdout_source,human_seo_drmax_0003,H,,0.0040312471,0,0.1
holdout_source,human_seo_drmax_0004,H,,0.0035926224,0,0.1
holdout_source,human_seo_drmax_0005,H,,0.0314135727,0,0.1
holdout_source,human_seo_drmax_0006,H,,0.0311866253,0,0.1
holdout_source,human_seo_drmax_0007,H,,0.0325408577,0,0.1
holdout_source,human_seo_drmax_0009,H,,0.0016299107,0,0.1
holdout_source,human_seo_drmax_0010,H,,0.0335598829,0,0.1
holdout_source,human_seo_drmax_0011,H,,0.0155222704,0,0.1
holdout_source,human_seo_drmax_0012,H,,0.0316471262,0,0.1
holdout_source,human_seo_drmax_0013,H,,0.0062049504,0,0.1
holdout_source,human_seo_drmax_0014,H,,0.0282874790,0,0.1
holdout_source,human_seo_drmax_0015,H,,0.0390210690,0,0.1
holdout_source,human_seo_drmax_0016,H,,0.0126542093,0,0.1
holdout_source,human_seo_drmax_0017,H,,0.0044184073,0,0.1
holdout_source,human_seo_drmax_0018,H,,0.0607147965,0,0.1
holdout_source,human_seo_drmax_0019,H,,0.0608851647,0,0.1
holdout_source,human_seo_drmax_0020,H,,0.0969891897,0,0.1
holdout_source,human_seo_drmax_0021,H,,0.0001465116,0,0.1
holdout_source,human_seo_drmax_0024,H,,0.0000679479,0,0.1
holdout_source,human_seo_drmax_0025,H,,0.0171216983,0,0.1
holdout_source,human_seo_optimizatorsha_ru_0001,H,,0.0329547555,0,0.1
holdout_source,human_seo_optimizatorsha_ru_0002,H,,0.0374121386,0,0.1
holdout_source,human_seo_optimizatorsha_ru_0003,H,,0.0382200529,0,0.1
holdout_source,human_seo_optimizatorsha_ru_0004,H,,0.0641907778,0,0.1
holdout_source,human_seo_optimizatorsha_ru_0005,H,,0.0033605070,0,0.1
holdout_source,human_seo_shakin_0001,H,,0.0990125624,0,0.1
holdout_source,human_seo_shakin_0002,H,,0.0189488621,0,0.1
holdout_source,human_seo_shakin_0003,H,,0.0034726372,0,0.1
holdout_source,human_seo_shakin_0004,H,,0.0007804835,0,0.1
holdout_source,human_seo_shakin_0005,H,,0.0021831652,0,0.1
holdout_source,human_seo_shakin_0007,H,,0.0278953064,0,0.1
holdout_source,human_seo_shakin_0008,H,,0.0017335509,0,0.1
holdout_source,human_seo_shakin_0009,H,,0.0019945218,0,0.1
holdout_source,human_seo_shakin_0010,H,,0.0000599494,0,0.1
holdout_source,human_seo_shakin_0011,H,,0.0013125365,0,0.1
holdout_source,human_seo_shakin_0012,H,,0.0008358646,0,0.1
holdout_source,human_seo_shakin_0013,H,,0.0001147435,0,0.1
holdout_source,human_seo_shakin_0014,H,,0.0075912886,0,0.1
holdout_source,human_seo_shakin_0015,H,,0.0003474344,0,0.1
holdout_source,human_seo_shakin_0017,H,,0.1705340458,0,0.1
holdout_source,human_seo_shakin_0018,H,,0.0913928168,0,0.1
holdout_source,human_seo_shakin_0019,H,,0.0001383611,0,0.1
holdout_source,human_seo_shakin_0020,H,,0.0041657306,0,0.1
holdout_source,human_seo_author_archive_0001,H,,0.0441208911,0,0.1
holdout_source,human_seo_author_archive_0002,H,,0.0073531548,0,0.1
holdout_source,human_seo_author_archive_0003,H,,0.1218099645,0,0.1
holdout_source,human_seo_author_archive_0004,H,,0.0000017579,0,0.1
holdout_source,human_seo_author_archive_0005,H,,0.0030546580,0,0.1
holdout_source,human_seo_author_archive_0006,H,,0.0098754892,0,0.1
holdout_source,nemotron_b001_P1_r1,A,nemotron,0.9987625287,1,0.1
holdout_source,nemotron_b001_P1_r2,A,nemotron,0.9993889206,1,0.1
holdout_source,nemotron_b001_P2_r1,A,nemotron,0.9873738459,1,0.1
holdout_source,nemotron_b001_P2_r2,A,nemotron,0.9452385521,1,0.1
holdout_source,nemotron_b001_P3_r1,A,nemotron,0.7311081898,1,0.1
holdout_source,nemotron_b001_P3_r2,A,nemotron,0.9893573957,1,0.1
holdout_source,nemotron_b002_P1_r1,A,nemotron,0.9915688961,1,0.1
holdout_source,nemotron_b002_P1_r2,A,nemotron,0.9482666583,1,0.1
holdout_source,nemotron_b002_P2_r1,A,nemotron,0.9941994242,1,0.1
holdout_source,nemotron_b002_P2_r2,A,nemotron,0.9966517927,1,0.1
holdout_source,nemotron_b002_P3_r1,A,nemotron,0.5025939325,1,0.1
holdout_source,nemotron_b002_P3_r2,A,nemotron,0.4238318763,0,0.1
holdout_source,nemotron_b003_P1_r1,A,nemotron,0.9890732667,1,0.1
holdout_source,nemotron_b003_P1_r2,A,nemotron,0.9951074764,1,0.1
holdout_source,nemotron_b003_P2_r1,A,nemotron,0.9950582499,1,0.1
holdout_source,nemotron_b003_P2_r2,A,nemotron,0.9827527444,1,0.1
holdout_source,nemotron_b003_P3_r1,A,nemotron,0.9882838778,1,0.1
holdout_source,nemotron_b003_P3_r2,A,nemotron,0.1815867594,0,0.1
holdout_source,nemotron_b004_P1_r1,A,nemotron,0.9827962210,1,0.1
holdout_source,nemotron_b004_P1_r2,A,nemotron,0.8874372349,1,0.1
holdout_source,nemotron_b004_P2_r1,A,nemotron,0.9283379607,1,0.1
holdout_source,nemotron_b004_P2_r2,A,nemotron,0.9898538516,1,0.1
holdout_source,nemotron_b004_P3_r1,A,nemotron,0.5948755560,1,0.1
holdout_source,nemotron_b004_P3_r2,A,nemotron,0.7274089731,1,0.1
holdout_source,nemotron_b005_P1_r1,A,nemotron,0.9260683243,1,0.1
holdout_source,nemotron_b005_P1_r2,A,nemotron,0.9557785671,1,0.1
holdout_source,nemotron_b005_P2_r1,A,nemotron,0.9979878077,1,0.1
holdout_source,nemotron_b005_P2_r2,A,nemotron,0.9948292666,1,0.1
holdout_source,nemotron_b005_P3_r1,A,nemotron,0.7950139397,1,0.1
holdout_source,nemotron_b005_P3_r2,A,nemotron,0.9621320299,1,0.1
holdout_source,nemotron_b006_P1_r1,A,nemotron,0.9928522468,1,0.1
holdout_source,nemotron_b006_P1_r2,A,nemotron,0.9950026596,1,0.1
holdout_source,nemotron_b006_P2_r1,A,nemotron,0.9974175015,1,0.1
holdout_source,nemotron_b006_P2_r2,A,nemotron,0.9941389362,1,0.1
holdout_source,nemotron_b006_P3_r1,A,nemotron,0.9507720796,1,0.1
holdout_source,nemotron_b006_P3_r2,A,nemotron,0.8040452358,1,0.1
holdout_source,nemotron_b007_P1_r1,A,nemotron,0.9980303059,1,0.1
holdout_source,nemotron_b007_P1_r2,A,nemotron,0.9987096629,1,0.1
holdout_source,nemotron_b007_P2_r1,A,nemotron,0.9997850937,1,0.1
holdout_source,nemotron_b007_P2_r2,A,nemotron,0.9990649981,1,0.1
holdout_source,nemotron_b007_P3_r1,A,nemotron,0.9913401277,1,0.1
holdout_source,nemotron_b007_P3_r2,A,nemotron,0.9871319340,1,0.1
holdout_source,nemotron_b008_P1_r1,A,nemotron,0.9949169216,1,0.1
holdout_source,nemotron_b008_P1_r2,A,nemotron,0.9899086658,1,0.1
holdout_source,nemotron_b008_P2_r1,A,nemotron,0.9937697810,1,0.1
holdout_source,nemotron_b008_P2_r2,A,nemotron,0.9949128260,1,0.1
holdout_source,nemotron_b008_P3_r1,A,nemotron,0.7308678643,1,0.1
holdout_source,nemotron_b008_P3_r2,A,nemotron,0.9106850589,1,0.1
holdout_source,nemotron_b009_P1_r1,A,nemotron,0.9990106447,1,0.1
holdout_source,nemotron_b009_P1_r2,A,nemotron,0.9990508332,1,0.1
holdout_source,nemotron_b009_P2_r1,A,nemotron,0.9943310411,1,0.1
holdout_source,nemotron_b009_P2_r2,A,nemotron,0.9999002147,1,0.1
holdout_source,nemotron_b009_P3_r1,A,nemotron,0.7178057759,1,0.1
holdout_source,nemotron_b009_P3_r2,A,nemotron,0.8904856629,1,0.1
holdout_source,nemotron_b010_P1_r1,A,nemotron,0.9944370455,1,0.1
holdout_source,nemotron_b010_P1_r2,A,nemotron,0.9560816759,1,0.1
holdout_source,nemotron_b010_P2_r1,A,nemotron,0.9995988174,1,0.1
holdout_source,nemotron_b010_P2_r2,A,nemotron,0.9989208899,1,0.1
holdout_source,nemotron_b010_P3_r1,A,nemotron,0.9171325872,1,0.1
holdout_source,nemotron_b010_P3_r2,A,nemotron,0.9424954570,1,0.1
holdout_source,nemotron_b011_P1_r1,A,nemotron,0.9921009153,1,0.1
holdout_source,nemotron_b011_P1_r2,A,nemotron,0.9962408924,1,0.1
holdout_source,nemotron_b011_P2_r1,A,nemotron,0.9996343780,1,0.1
holdout_source,nemotron_b011_P2_r2,A,nemotron,0.9983111410,1,0.1
holdout_source,nemotron_b011_P3_r1,A,nemotron,0.9767733630,1,0.1
holdout_source,nemotron_b011_P3_r2,A,nemotron,0.8669360240,1,0.1
holdout_source,nemotron_b012_P1_r1,A,nemotron,0.9971137353,1,0.1
holdout_source,nemotron_b012_P1_r2,A,nemotron,0.9848564318,1,0.1
holdout_source,nemotron_b012_P2_r1,A,nemotron,0.9955134436,1,0.1
holdout_source,nemotron_b012_P2_r2,A,nemotron,0.9728515693,1,0.1
holdout_source,nemotron_b012_P3_r1,A,nemotron,0.9875340195,1,0.1
holdout_source,nemotron_b012_P3_r2,A,nemotron,0.8203400184,1,0.1
holdout_source,nemotron_b013_P1_r1,A,nemotron,0.9986451319,1,0.1
holdout_source,nemotron_b013_P1_r2,A,nemotron,0.8828954639,1,0.1
holdout_source,nemotron_b013_P2_r1,A,nemotron,0.9775015986,1,0.1
holdout_source,nemotron_b013_P2_r2,A,nemotron,0.9926719902,1,0.1
holdout_source,nemotron_b013_P3_r1,A,nemotron,0.5373544950,1,0.1
holdout_source,nemotron_b013_P3_r2,A,nemotron,0.7820568970,1,0.1
holdout_source,nemotron_b014_P1_r1,A,nemotron,0.9988110161,1,0.1
holdout_source,nemotron_b014_P1_r2,A,nemotron,0.9984764865,1,0.1
holdout_source,nemotron_b014_P2_r1,A,nemotron,0.9995266893,1,0.1
holdout_source,nemotron_b014_P2_r2,A,nemotron,0.9987370264,1,0.1
holdout_source,nemotron_b014_P3_r1,A,nemotron,0.9753329249,1,0.1
holdout_source,nemotron_b014_P3_r2,A,nemotron,0.9929445317,1,0.1
holdout_source,nemotron_b015_P1_r1,A,nemotron,0.9844542568,1,0.1
holdout_source,nemotron_b015_P1_r2,A,nemotron,0.8492081977,1,0.1
holdout_source,nemotron_b015_P2_r1,A,nemotron,0.9870827637,1,0.1
holdout_source,nemotron_b015_P2_r2,A,nemotron,0.9674480257,1,0.1
holdout_source,nemotron_b015_P3_r1,A,nemotron,0.0893507481,0,0.1
holdout_source,nemotron_b015_P3_r2,A,nemotron,0.0278059013,0,0.1
holdout_source,nemotron_b016_P1_r1,A,nemotron,0.9758566949,1,0.1
holdout_source,nemotron_b016_P1_r2,A,nemotron,0.9945076199,1,0.1
holdout_source,nemotron_b016_P2_r1,A,nemotron,0.9927433970,1,0.1
holdout_source,nemotron_b016_P2_r2,A,nemotron,0.9996939574,1,0.1
holdout_source,nemotron_b016_P3_r1,A,nemotron,0.9344938088,1,0.1
holdout_source,nemotron_b016_P3_r2,A,nemotron,0.9617482999,1,0.1
holdout_source,nemotron_b017_P1_r1,A,nemotron,0.9947382356,1,0.1
holdout_source,nemotron_b017_P1_r2,A,nemotron,0.9548155392,1,0.1
holdout_source,nemotron_b017_P2_r1,A,nemotron,0.9773842709,1,0.1
holdout_source,nemotron_b017_P2_r2,A,nemotron,0.9922421154,1,0.1
holdout_source,nemotron_b017_P3_r1,A,nemotron,0.8462752260,1,0.1
holdout_source,nemotron_b017_P3_r2,A,nemotron,0.9066764401,1,0.1
holdout_source,nemotron_b018_P1_r1,A,nemotron,0.8819076094,1,0.1
holdout_source,nemotron_b018_P1_r2,A,nemotron,0.9515679024,1,0.1
holdout_source,nemotron_b018_P2_r1,A,nemotron,0.9738088473,1,0.1
holdout_source,nemotron_b018_P2_r2,A,nemotron,0.9910081728,1,0.1
holdout_source,nemotron_b018_P3_r1,A,nemotron,0.7861192490,1,0.1
holdout_source,nemotron_b018_P3_r2,A,nemotron,0.5592948169,1,0.1
holdout_source,nemotron_b019_P1_r1,A,nemotron,0.9373970389,1,0.1
holdout_source,nemotron_b019_P1_r2,A,nemotron,0.8169995170,1,0.1
holdout_source,nemotron_b019_P2_r1,A,nemotron,0.9791888599,1,0.1
holdout_source,nemotron_b019_P2_r2,A,nemotron,0.9982413484,1,0.1
holdout_source,nemotron_b019_P3_r1,A,nemotron,0.6550022172,1,0.1
holdout_source,nemotron_b019_P3_r2,A,nemotron,0.1168434026,0,0.1
holdout_source,nemotron_b020_P1_r1,A,nemotron,0.5074122804,1,0.1
holdout_source,nemotron_b020_P1_r2,A,nemotron,0.9954614776,1,0.1
holdout_source,nemotron_b020_P2_r1,A,nemotron,0.9629159599,1,0.1
holdout_source,nemotron_b020_P2_r2,A,nemotron,0.9888877063,1,0.1
holdout_source,nemotron_b020_P3_r1,A,nemotron,0.8003160808,1,0.1
holdout_source,nemotron_b020_P3_r2,A,nemotron,0.4886160439,0,0.1
holdout_source,nemotron_b021_P1_r1,A,nemotron,0.7026210176,1,0.1
holdout_source,nemotron_b021_P1_r2,A,nemotron,0.5994502905,1,0.1
holdout_source,nemotron_b021_P2_r1,A,nemotron,0.9447931598,1,0.1
holdout_source,nemotron_b021_P2_r2,A,nemotron,0.9953093115,1,0.1
holdout_source,nemotron_b021_P3_r1,A,nemotron,0.0100910259,0,0.1
holdout_source,nemotron_b021_P3_r2,A,nemotron,0.4001873698,0,0.1
holdout_source,nemotron_b022_P1_r1,A,nemotron,0.9701961601,1,0.1
holdout_source,nemotron_b022_P1_r2,A,nemotron,0.9811739658,1,0.1
holdout_source,nemotron_b022_P2_r1,A,nemotron,0.9987831542,1,0.1
holdout_source,nemotron_b022_P2_r2,A,nemotron,0.9999879525,1,0.1
holdout_source,nemotron_b022_P3_r1,A,nemotron,0.9699738425,1,0.1
holdout_source,nemotron_b022_P3_r2,A,nemotron,0.9404700543,1,0.1
holdout_source,nemotron_b023_P1_r1,A,nemotron,0.4656624440,0,0.1
holdout_source,nemotron_b023_P1_r2,A,nemotron,0.9645631344,1,0.1
holdout_source,nemotron_b023_P2_r1,A,nemotron,0.9934036383,1,0.1
holdout_source,nemotron_b023_P2_r2,A,nemotron,0.9856120991,1,0.1
holdout_source,nemotron_b023_P3_r1,A,nemotron,0.9020917191,1,0.1
holdout_source,nemotron_b023_P3_r2,A,nemotron,0.8837330323,1,0.1
holdout_source,nemotron_b024_P1_r1,A,nemotron,0.9919906835,1,0.1
holdout_source,nemotron_b024_P1_r2,A,nemotron,0.9937240616,1,0.1
holdout_source,nemotron_b024_P2_r1,A,nemotron,0.9999080564,1,0.1
holdout_source,nemotron_b024_P2_r2,A,nemotron,0.9894092697,1,0.1
holdout_source,nemotron_b024_P3_r1,A,nemotron,0.9762013612,1,0.1
holdout_source,nemotron_b024_P3_r2,A,nemotron,0.8975562310,1,0.1
holdout_source,nemotron_b025_P1_r1,A,nemotron,0.9993997366,1,0.1
holdout_source,nemotron_b025_P1_r2,A,nemotron,0.9969137983,1,0.1
holdout_source,nemotron_b025_P2_r1,A,nemotron,0.9602477401,1,0.1
holdout_source,nemotron_b025_P2_r2,A,nemotron,0.9546212398,1,0.1
holdout_source,nemotron_b025_P3_r1,A,nemotron,0.9680487172,1,0.1
holdout_source,nemotron_b025_P3_r2,A,nemotron,0.9465236770,1,0.1
holdout_source,nemotron_b026_P1_r1,A,nemotron,0.9724809306,1,0.1
holdout_source,nemotron_b026_P1_r2,A,nemotron,0.8950387894,1,0.1
holdout_source,nemotron_b026_P2_r1,A,nemotron,0.9916834844,1,0.1
holdout_source,nemotron_b026_P2_r2,A,nemotron,0.9996619032,1,0.1
holdout_source,nemotron_b026_P3_r1,A,nemotron,0.5509122431,1,0.1
holdout_source,nemotron_b026_P3_r2,A,nemotron,0.9918099954,1,0.1
holdout_source,nemotron_b027_P1_r1,A,nemotron,0.9925861670,1,0.1
holdout_source,nemotron_b027_P1_r2,A,nemotron,0.9986535408,1,0.1
holdout_source,nemotron_b027_P2_r1,A,nemotron,0.9112861594,1,0.1
holdout_source,nemotron_b027_P2_r2,A,nemotron,0.9937732588,1,0.1
holdout_source,nemotron_b027_P3_r1,A,nemotron,0.5176128112,1,0.1
holdout_source,nemotron_b027_P3_r2,A,nemotron,0.8375617521,1,0.1
holdout_source,nemotron_b028_P1_r1,A,nemotron,0.9677255113,1,0.1
holdout_source,nemotron_b028_P1_r2,A,nemotron,0.9523351584,1,0.1
holdout_source,nemotron_b028_P2_r1,A,nemotron,0.9897572537,1,0.1
holdout_source,nemotron_b028_P2_r2,A,nemotron,0.9668592416,1,0.1
holdout_source,nemotron_b028_P3_r1,A,nemotron,0.1666543131,0,0.1
holdout_source,nemotron_b029_P1_r1,A,nemotron,0.8927885474,1,0.1
holdout_source,nemotron_b029_P1_r2,A,nemotron,0.7874122797,1,0.1
holdout_source,nemotron_b029_P2_r1,A,nemotron,0.9409647763,1,0.1
holdout_source,nemotron_b029_P2_r2,A,nemotron,0.9762744574,1,0.1
holdout_source,nemotron_b029_P3_r1,A,nemotron,0.4784354275,0,0.1
holdout_source,nemotron_b029_P3_r2,A,nemotron,0.7572542925,1,0.1
holdout_source,nemotron_b030_P1_r1,A,nemotron,0.9760461685,1,0.1
holdout_source,nemotron_b030_P1_r2,A,nemotron,0.9753710492,1,0.1
holdout_source,nemotron_b030_P2_r1,A,nemotron,0.9974294372,1,0.1
holdout_source,nemotron_b030_P2_r2,A,nemotron,0.9991296825,1,0.1
holdout_source,nemotron_b030_P3_r1,A,nemotron,0.9673494965,1,0.1
holdout_source,nemotron_b030_P3_r2,A,nemotron,0.9671127853,1,0.1
holdout_source,nemotron_b031_P1_r1,A,nemotron,0.9934545041,1,0.1
holdout_source,nemotron_b031_P1_r2,A,nemotron,0.9993011917,1,0.1
holdout_source,nemotron_b031_P2_r1,A,nemotron,0.9986537380,1,0.1
holdout_source,nemotron_b031_P2_r2,A,nemotron,0.9937639869,1,0.1
holdout_source,nemotron_b031_P3_r1,A,nemotron,0.9580346429,1,0.1
holdout_source,nemotron_b031_P3_r2,A,nemotron,0.8805955079,1,0.1
holdout_source,nemotron_b032_P1_r1,A,nemotron,0.9968384312,1,0.1
holdout_source,nemotron_b032_P1_r2,A,nemotron,0.9993942834,1,0.1
holdout_source,nemotron_b032_P2_r1,A,nemotron,0.9957080173,1,0.1
holdout_source,nemotron_b032_P2_r2,A,nemotron,0.9919020975,1,0.1
holdout_source,nemotron_b032_P3_r1,A,nemotron,0.7602605773,1,0.1
holdout_source,nemotron_b032_P3_r2,A,nemotron,0.9940244823,1,0.1
holdout_source,nemotron_b033_P1_r1,A,nemotron,0.9998348190,1,0.1
holdout_source,nemotron_b033_P1_r2,A,nemotron,0.9997449914,1,0.1
holdout_source,nemotron_b033_P2_r1,A,nemotron,0.9947702574,1,0.1
holdout_source,nemotron_b033_P2_r2,A,nemotron,0.9979039627,1,0.1
holdout_source,nemotron_b033_P3_r1,A,nemotron,0.8943363875,1,0.1
holdout_source,nemotron_b033_P3_r2,A,nemotron,0.2220522654,0,0.1
holdout_source,nemotron_b034_P1_r1,A,nemotron,0.9466049809,1,0.1
holdout_source,nemotron_b034_P1_r2,A,nemotron,0.9855384541,1,0.1
holdout_source,nemotron_b034_P2_r1,A,nemotron,0.9999282733,1,0.1
holdout_source,nemotron_b034_P2_r2,A,nemotron,0.9962079371,1,0.1
holdout_source,nemotron_b034_P3_r1,A,nemotron,0.9710343946,1,0.1
holdout_source,nemotron_b034_P3_r2,A,nemotron,0.9770316329,1,0.1
holdout_source,nemotron_b035_P1_r1,A,nemotron,0.9431393098,1,0.1
holdout_source,nemotron_b035_P1_r2,A,nemotron,0.9439955519,1,0.1
holdout_source,nemotron_b035_P2_r1,A,nemotron,0.9514765785,1,0.1
holdout_source,nemotron_b035_P2_r2,A,nemotron,0.9827068772,1,0.1
holdout_source,nemotron_b035_P3_r1,A,nemotron,0.1212520180,0,0.1
holdout_source,nemotron_b035_P3_r2,A,nemotron,0.2354718928,0,0.1
holdout_source,nemotron_b036_P1_r1,A,nemotron,0.9677339234,1,0.1
holdout_source,nemotron_b036_P1_r2,A,nemotron,0.9660985989,1,0.1
holdout_source,nemotron_b036_P2_r1,A,nemotron,0.9984100557,1,0.1
holdout_source,nemotron_b036_P2_r2,A,nemotron,0.9965520457,1,0.1
holdout_source,nemotron_b036_P3_r1,A,nemotron,0.9926879155,1,0.1
holdout_source,nemotron_b036_P3_r2,A,nemotron,0.9525855317,1,0.1
holdout_source,nemotron_b037_P1_r1,A,nemotron,0.9599159819,1,0.1
holdout_source,nemotron_b037_P1_r2,A,nemotron,0.9896973391,1,0.1
holdout_source,nemotron_b037_P2_r1,A,nemotron,0.9998191272,1,0.1
holdout_source,nemotron_b037_P2_r2,A,nemotron,0.9916358332,1,0.1
holdout_source,nemotron_b037_P3_r1,A,nemotron,0.7252222150,1,0.1
holdout_source,nemotron_b037_P3_r2,A,nemotron,0.5982062341,1,0.1
holdout_source,nemotron_b038_P1_r1,A,nemotron,0.9995883994,1,0.1
holdout_source,nemotron_b038_P1_r2,A,nemotron,0.9978453070,1,0.1
holdout_source,nemotron_b038_P2_r1,A,nemotron,0.9995425019,1,0.1
holdout_source,nemotron_b038_P2_r2,A,nemotron,0.9987301150,1,0.1
holdout_source,nemotron_b038_P3_r1,A,nemotron,0.9388644890,1,0.1
holdout_source,nemotron_b038_P3_r2,A,nemotron,0.9902609409,1,0.1
holdout_source,nemotron_b039_P1_r1,A,nemotron,0.9733637876,1,0.1
holdout_source,nemotron_b039_P1_r2,A,nemotron,0.9785911986,1,0.1
holdout_source,nemotron_b039_P2_r1,A,nemotron,0.9999148953,1,0.1
holdout_source,nemotron_b039_P2_r2,A,nemotron,0.9982136011,1,0.1
holdout_source,nemotron_b039_P3_r1,A,nemotron,0.9545764925,1,0.1
holdout_source,nemotron_b039_P3_r2,A,nemotron,0.9476830745,1,0.1
holdout_source,nemotron_b040_P1_r1,A,nemotron,0.9994477129,1,0.1
holdout_source,nemotron_b040_P1_r2,A,nemotron,0.9663445053,1,0.1
holdout_source,nemotron_b040_P2_r1,A,nemotron,0.9986167612,1,0.1
holdout_source,nemotron_b040_P2_r2,A,nemotron,0.9779568466,1,0.1
holdout_source,nemotron_b040_P3_r1,A,nemotron,0.9804305956,1,0.1
holdout_source,nemotron_b040_P3_r2,A,nemotron,0.9531210596,1,0.1
holdout_source,nemotron_b041_P1_r1,A,nemotron,0.9891553914,1,0.1
holdout_source,nemotron_b041_P1_r2,A,nemotron,0.9678889381,1,0.1
holdout_source,nemotron_b041_P2_r1,A,nemotron,0.9967912969,1,0.1
holdout_source,nemotron_b041_P2_r2,A,nemotron,0.9786066616,1,0.1
holdout_source,nemotron_b041_P3_r1,A,nemotron,0.7427843573,1,0.1
holdout_source,nemotron_b041_P3_r2,A,nemotron,0.8909280308,1,0.1
holdout_source,nemotron_b042_P1_r1,A,nemotron,0.9933651719,1,0.1
holdout_source,nemotron_b042_P1_r2,A,nemotron,0.9577516082,1,0.1
holdout_source,nemotron_b042_P2_r1,A,nemotron,0.9957017201,1,0.1
holdout_source,nemotron_b042_P2_r2,A,nemotron,0.9955291533,1,0.1
holdout_source,nemotron_b042_P3_r1,A,nemotron,0.9006920964,1,0.1
holdout_source,nemotron_b042_P3_r2,A,nemotron,0.9596371208,1,0.1
holdout_source,nemotron_b043_P1_r1,A,nemotron,0.9998625542,1,0.1
holdout_source,nemotron_b043_P1_r2,A,nemotron,0.9942202486,1,0.1
holdout_source,nemotron_b043_P2_r1,A,nemotron,0.9985208082,1,0.1
holdout_source,nemotron_b043_P2_r2,A,nemotron,0.9999945660,1,0.1
holdout_source,nemotron_b043_P3_r1,A,nemotron,0.0447044342,0,0.1
holdout_source,nemotron_b043_P3_r2,A,nemotron,0.8847037040,1,0.1
holdout_source,nemotron_b044_P1_r1,A,nemotron,0.9954098583,1,0.1
holdout_source,nemotron_b044_P1_r2,A,nemotron,0.9996050453,1,0.1
holdout_source,nemotron_b044_P2_r1,A,nemotron,0.9938398529,1,0.1
holdout_source,nemotron_b044_P2_r2,A,nemotron,0.9996111642,1,0.1
holdout_source,nemotron_b044_P3_r1,A,nemotron,0.9858830562,1,0.1
holdout_source,nemotron_b044_P3_r2,A,nemotron,0.8788635973,1,0.1
holdout_source,nemotron_b045_P1_r1,A,nemotron,0.9831685302,1,0.1
holdout_source,nemotron_b045_P1_r2,A,nemotron,0.9996384995,1,0.1
holdout_source,nemotron_b045_P2_r1,A,nemotron,0.9974953528,1,0.1
holdout_source,nemotron_b045_P2_r2,A,nemotron,0.9896059754,1,0.1
holdout_source,nemotron_b045_P3_r1,A,nemotron,0.9231873220,1,0.1
holdout_source,nemotron_b045_P3_r2,A,nemotron,0.7940799288,1,0.1
holdout_source,real_claude_b001_P1_r1,A,real_claude,0.9972649802,1,0.1
holdout_source,real_claude_b001_P1_r2,A,real_claude,0.9963795445,1,0.1
holdout_source,real_claude_b001_P2_r1,A,real_claude,0.9810597938,1,0.1
holdout_source,real_claude_b001_P2_r2,A,real_claude,0.9886985042,1,0.1
holdout_source,real_claude_b001_P3_r1,A,real_claude,0.9863582703,1,0.1
holdout_source,real_claude_b001_P3_r2,A,real_claude,0.9872637893,1,0.1
holdout_source,real_claude_b002_P1_r1,A,real_claude,0.9948479108,1,0.1
holdout_source,real_claude_b002_P1_r2,A,real_claude,0.9767768873,1,0.1
holdout_source,real_claude_b002_P2_r1,A,real_claude,0.8574010327,1,0.1
holdout_source,real_claude_b002_P2_r2,A,real_claude,0.9262654719,1,0.1
holdout_source,real_claude_b002_P3_r1,A,real_claude,0.9253912642,1,0.1
holdout_source,real_claude_b002_P3_r2,A,real_claude,0.9628065070,1,0.1
holdout_source,real_claude_b003_P1_r1,A,real_claude,0.8830673032,1,0.1
holdout_source,real_claude_b003_P1_r2,A,real_claude,0.7122598907,1,0.1
holdout_source,real_claude_b003_P2_r1,A,real_claude,0.8557585362,1,0.1
holdout_source,real_claude_b003_P2_r2,A,real_claude,0.9695503602,1,0.1
holdout_source,real_claude_b003_P3_r1,A,real_claude,0.4832937719,0,0.1
holdout_source,real_claude_b003_P3_r2,A,real_claude,0.7148053663,1,0.1
holdout_source,real_claude_b004_P1_r1,A,real_claude,0.9898917934,1,0.1
holdout_source,real_claude_b004_P1_r2,A,real_claude,0.9855836427,1,0.1
holdout_source,real_claude_b004_P2_r1,A,real_claude,0.9602750240,1,0.1
holdout_source,real_claude_b004_P2_r2,A,real_claude,0.9841492035,1,0.1
holdout_source,real_claude_b004_P3_r1,A,real_claude,0.9814403136,1,0.1
holdout_source,real_claude_b004_P3_r2,A,real_claude,0.9793639167,1,0.1
holdout_source,real_claude_b005_P1_r1,A,real_claude,0.9993818928,1,0.1
holdout_source,real_claude_b005_P1_r2,A,real_claude,0.9990418373,1,0.1
holdout_source,real_claude_b005_P2_r1,A,real_claude,0.9875622975,1,0.1
holdout_source,real_claude_b005_P2_r2,A,real_claude,0.9381109076,1,0.1
holdout_source,real_claude_b005_P3_r1,A,real_claude,0.9927194201,1,0.1
holdout_source,real_claude_b005_P3_r2,A,real_claude,0.9990484206,1,0.1
holdout_source,real_claude_b006_P1_r1,A,real_claude,0.9922263694,1,0.1
holdout_source,real_claude_b006_P1_r2,A,real_claude,0.9964947435,1,0.1
holdout_source,real_claude_b006_P2_r1,A,real_claude,0.9926241502,1,0.1
holdout_source,real_claude_b006_P2_r2,A,real_claude,0.9992656189,1,0.1
holdout_source,real_claude_b006_P3_r1,A,real_claude,0.9648367218,1,0.1
holdout_source,real_claude_b006_P3_r2,A,real_claude,0.8454670017,1,0.1
holdout_source,real_claude_b007_P1_r1,A,real_claude,0.9364288797,1,0.1
holdout_source,real_claude_b007_P1_r2,A,real_claude,0.9866396233,1,0.1
holdout_source,real_claude_b007_P2_r1,A,real_claude,0.7871816121,1,0.1
holdout_source,real_claude_b007_P2_r2,A,real_claude,0.9577660944,1,0.1
holdout_source,real_claude_b007_P3_r1,A,real_claude,0.9871495413,1,0.1
holdout_source,real_claude_b007_P3_r2,A,real_claude,0.9816069904,1,0.1
holdout_source,real_claude_b008_P1_r1,A,real_claude,0.9726527676,1,0.1
holdout_source,real_claude_b008_P1_r2,A,real_claude,0.9729453745,1,0.1
holdout_source,real_claude_b008_P2_r1,A,real_claude,0.9810044552,1,0.1
holdout_source,real_claude_b008_P2_r2,A,real_claude,0.9548352885,1,0.1
holdout_source,real_claude_b008_P3_r1,A,real_claude,0.9911738461,1,0.1
holdout_source,real_claude_b008_P3_r2,A,real_claude,0.9478512641,1,0.1
holdout_source,real_claude_b009_P1_r1,A,real_claude,0.9118736269,1,0.1
holdout_source,real_claude_b009_P1_r2,A,real_claude,0.9327232511,1,0.1
holdout_source,real_claude_b009_P2_r1,A,real_claude,0.9620609462,1,0.1
holdout_source,real_claude_b009_P2_r2,A,real_claude,0.9817418821,1,0.1
holdout_source,real_claude_b009_P3_r1,A,real_claude,0.9823940519,1,0.1
holdout_source,real_claude_b009_P3_r2,A,real_claude,0.9612461468,1,0.1
holdout_source,real_claude_b010_P1_r1,A,real_claude,0.9308875418,1,0.1
holdout_source,real_claude_b010_P1_r2,A,real_claude,0.9418309746,1,0.1
holdout_source,real_claude_b010_P2_r1,A,real_claude,0.9806880521,1,0.1
holdout_source,real_claude_b010_P2_r2,A,real_claude,0.9878499080,1,0.1
holdout_source,real_claude_b010_P3_r1,A,real_claude,0.9855874941,1,0.1
holdout_source,real_claude_b010_P3_r2,A,real_claude,0.9895937335,1,0.1
holdout_source,real_claude_b011_P1_r1,A,real_claude,0.9971126266,1,0.1
holdout_source,real_claude_b011_P1_r2,A,real_claude,0.9900409741,1,0.1
holdout_source,real_claude_b011_P2_r1,A,real_claude,0.9675052057,1,0.1
holdout_source,real_claude_b011_P2_r2,A,real_claude,0.9771679004,1,0.1
holdout_source,real_claude_b011_P3_r1,A,real_claude,0.9871577071,1,0.1
holdout_source,real_claude_b011_P3_r2,A,real_claude,0.9698151375,1,0.1
holdout_source,real_claude_b012_P1_r1,A,real_claude,0.9846439949,1,0.1
holdout_source,real_claude_b012_P1_r2,A,real_claude,0.9976957142,1,0.1
holdout_source,real_claude_b012_P2_r1,A,real_claude,0.9866859908,1,0.1
holdout_source,real_claude_b012_P2_r2,A,real_claude,0.9815427597,1,0.1
holdout_source,real_claude_b012_P3_r1,A,real_claude,0.9703416281,1,0.1
holdout_source,real_claude_b012_P3_r2,A,real_claude,0.9972654744,1,0.1
holdout_source,real_claude_b013_P1_r1,A,real_claude,0.9819464742,1,0.1
holdout_source,real_claude_b013_P1_r2,A,real_claude,0.9945660256,1,0.1
holdout_source,real_claude_b013_P2_r1,A,real_claude,0.9169330502,1,0.1
holdout_source,real_claude_b013_P2_r2,A,real_claude,0.9907504391,1,0.1
holdout_source,real_claude_b013_P3_r1,A,real_claude,0.9861625224,1,0.1
holdout_source,real_claude_b013_P3_r2,A,real_claude,0.9953003297,1,0.1
holdout_source,real_claude_b014_P1_r1,A,real_claude,0.9968071181,1,0.1
holdout_source,real_claude_b014_P1_r2,A,real_claude,0.9920790999,1,0.1
holdout_source,real_claude_b014_P2_r1,A,real_claude,0.9927982255,1,0.1
holdout_source,real_claude_b014_P2_r2,A,real_claude,0.9979489214,1,0.1
holdout_source,real_claude_b014_P3_r1,A,real_claude,0.9871190756,1,0.1
holdout_source,real_claude_b014_P3_r2,A,real_claude,0.9913677571,1,0.1
holdout_source,real_claude_b015_P1_r1,A,real_claude,0.9473005452,1,0.1
holdout_source,real_claude_b015_P1_r2,A,real_claude,0.9987544403,1,0.1
holdout_source,real_claude_b015_P2_r1,A,real_claude,0.9898753017,1,0.1
holdout_source,real_claude_b015_P2_r2,A,real_claude,0.9936964330,1,0.1
holdout_source,real_claude_b015_P3_r1,A,real_claude,0.9850629262,1,0.1
holdout_source,real_claude_b015_P3_r2,A,real_claude,0.9686405044,1,0.1
holdout_source,real_claude_b016_P1_r1,A,real_claude,0.9986743729,1,0.1
holdout_source,real_claude_b016_P1_r2,A,real_claude,0.9969398625,1,0.1
holdout_source,real_claude_b016_P2_r1,A,real_claude,0.9934262027,1,0.1
holdout_source,real_claude_b016_P2_r2,A,real_claude,0.9986317460,1,0.1
holdout_source,real_claude_b016_P3_r1,A,real_claude,0.9913314146,1,0.1
holdout_source,real_claude_b016_P3_r2,A,real_claude,0.9837052046,1,0.1
holdout_source,real_claude_b017_P1_r1,A,real_claude,0.9952348803,1,0.1
holdout_source,real_claude_b017_P1_r2,A,real_claude,0.9975674854,1,0.1
holdout_source,real_claude_b017_P2_r1,A,real_claude,0.9989647557,1,0.1
holdout_source,real_claude_b017_P2_r2,A,real_claude,0.9983790417,1,0.1
holdout_source,real_claude_b017_P3_r1,A,real_claude,0.9766552005,1,0.1
holdout_source,real_claude_b017_P3_r2,A,real_claude,0.9928712560,1,0.1
holdout_source,real_claude_b018_P1_r1,A,real_claude,0.9949939401,1,0.1
holdout_source,real_claude_b018_P1_r2,A,real_claude,0.9895382798,1,0.1
holdout_source,real_claude_b018_P2_r1,A,real_claude,0.9969244401,1,0.1
holdout_source,real_claude_b018_P2_r2,A,real_claude,0.9947582841,1,0.1
holdout_source,real_claude_b018_P3_r1,A,real_claude,0.9910382709,1,0.1
holdout_source,real_claude_b018_P3_r2,A,real_claude,0.9928149947,1,0.1
holdout_source,real_claude_b019_P1_r1,A,real_claude,0.9044904466,1,0.1
holdout_source,real_claude_b019_P1_r2,A,real_claude,0.9927273828,1,0.1
holdout_source,real_claude_b019_P2_r1,A,real_claude,0.9870815686,1,0.1
holdout_source,real_claude_b019_P2_r2,A,real_claude,0.9963989044,1,0.1
holdout_source,real_claude_b019_P3_r1,A,real_claude,0.9843567306,1,0.1
holdout_source,real_claude_b019_P3_r2,A,real_claude,0.9538966788,1,0.1
holdout_source,real_claude_b020_P1_r1,A,real_claude,0.9833840077,1,0.1
holdout_source,real_claude_b020_P1_r2,A,real_claude,0.9865980028,1,0.1
holdout_source,real_claude_b020_P2_r1,A,real_claude,0.9646223855,1,0.1
holdout_source,real_claude_b020_P2_r2,A,real_claude,0.9887909481,1,0.1
holdout_source,real_claude_b020_P3_r1,A,real_claude,0.9793500014,1,0.1
holdout_source,real_claude_b020_P3_r2,A,real_claude,0.9764961884,1,0.1
holdout_source,real_claude_b021_P1_r1,A,real_claude,0.9859758340,1,0.1
holdout_source,real_claude_b021_P1_r2,A,real_claude,0.9377352400,1,0.1
holdout_source,real_claude_b021_P2_r1,A,real_claude,0.9957685867,1,0.1
holdout_source,real_claude_b021_P2_r2,A,real_claude,0.9975379938,1,0.1
holdout_source,real_claude_b021_P3_r1,A,real_claude,0.9850431162,1,0.1
holdout_source,real_claude_b021_P3_r2,A,real_claude,0.9872612621,1,0.1
holdout_source,real_claude_b022_P1_r1,A,real_claude,0.9981953462,1,0.1
holdout_source,real_claude_b022_P1_r2,A,real_claude,0.9896057594,1,0.1
holdout_source,real_claude_b022_P2_r1,A,real_claude,0.9965299133,1,0.1
holdout_source,real_claude_b022_P2_r2,A,real_claude,0.9931496889,1,0.1
holdout_source,real_claude_b022_P3_r1,A,real_claude,0.9921412016,1,0.1
holdout_source,real_claude_b022_P3_r2,A,real_claude,0.9738483784,1,0.1
holdout_source,real_claude_b023_P1_r1,A,real_claude,0.9973036813,1,0.1
holdout_source,real_claude_b023_P1_r2,A,real_claude,0.9976910742,1,0.1
holdout_source,real_claude_b023_P2_r1,A,real_claude,0.9883775196,1,0.1
holdout_source,real_claude_b023_P2_r2,A,real_claude,0.9915532724,1,0.1
holdout_source,real_claude_b023_P3_r1,A,real_claude,0.9974879875,1,0.1
holdout_source,real_claude_b023_P3_r2,A,real_claude,0.9530394331,1,0.1
holdout_source,real_claude_b024_P1_r1,A,real_claude,0.9989122466,1,0.1
holdout_source,real_claude_b024_P1_r2,A,real_claude,0.9971070283,1,0.1
holdout_source,real_claude_b024_P2_r1,A,real_claude,0.9959390496,1,0.1
holdout_source,real_claude_b024_P2_r2,A,real_claude,0.9523848819,1,0.1
holdout_source,real_claude_b024_P3_r1,A,real_claude,0.9939570361,1,0.1
holdout_source,real_claude_b024_P3_r2,A,real_claude,0.9997851299,1,0.1
holdout_source,real_claude_b025_P1_r1,A,real_claude,0.9960232351,1,0.1
holdout_source,real_claude_b025_P1_r2,A,real_claude,0.9970542863,1,0.1
holdout_source,real_claude_b025_P2_r1,A,real_claude,0.9956893965,1,0.1
holdout_source,real_claude_b025_P2_r2,A,real_claude,0.9970738434,1,0.1
holdout_source,real_claude_b025_P3_r1,A,real_claude,0.9950473340,1,0.1
holdout_source,real_claude_b025_P3_r2,A,real_claude,0.9929963037,1,0.1
holdout_source,real_claude_b026_P1_r1,A,real_claude,0.9958890620,1,0.1
holdout_source,real_claude_b026_P1_r2,A,real_claude,0.9888615680,1,0.1
holdout_source,real_claude_b026_P2_r1,A,real_claude,0.9886292073,1,0.1
holdout_source,real_claude_b026_P2_r2,A,real_claude,0.9989977110,1,0.1
holdout_source,real_claude_b026_P3_r1,A,real_claude,0.9716538445,1,0.1
holdout_source,real_claude_b026_P3_r2,A,real_claude,0.9890808289,1,0.1
holdout_source,real_claude_b027_P1_r1,A,real_claude,0.9608916852,1,0.1
holdout_source,real_claude_b027_P1_r2,A,real_claude,0.9501230874,1,0.1
holdout_source,real_claude_b027_P2_r1,A,real_claude,0.9375180378,1,0.1
holdout_source,real_claude_b027_P2_r2,A,real_claude,0.9967269273,1,0.1
holdout_source,real_claude_b027_P3_r1,A,real_claude,0.9776904187,1,0.1
holdout_source,real_claude_b027_P3_r2,A,real_claude,0.9981255319,1,0.1
holdout_source,real_claude_b028_P1_r1,A,real_claude,0.9779143853,1,0.1
holdout_source,real_claude_b028_P1_r2,A,real_claude,0.9952906089,1,0.1
holdout_source,real_claude_b028_P2_r1,A,real_claude,0.9917525935,1,0.1
holdout_source,real_claude_b028_P2_r2,A,real_claude,0.8761262775,1,0.1
holdout_source,real_claude_b028_P3_r1,A,real_claude,0.9775559763,1,0.1
holdout_source,real_claude_b028_P3_r2,A,real_claude,0.9505170332,1,0.1
holdout_source,real_claude_b029_P1_r1,A,real_claude,0.9936194100,1,0.1
holdout_source,real_claude_b029_P1_r2,A,real_claude,0.9980467238,1,0.1
holdout_source,real_claude_b029_P2_r1,A,real_claude,0.9852781982,1,0.1
holdout_source,real_claude_b029_P2_r2,A,real_claude,0.9820115855,1,0.1
holdout_source,real_claude_b029_P3_r1,A,real_claude,0.9755105014,1,0.1
holdout_source,real_claude_b029_P3_r2,A,real_claude,0.9852405516,1,0.1
holdout_source,real_claude_b030_P1_r1,A,real_claude,0.9948006752,1,0.1
holdout_source,real_claude_b030_P1_r2,A,real_claude,0.9951295330,1,0.1
holdout_source,real_claude_b030_P2_r1,A,real_claude,0.9980190673,1,0.1
holdout_source,real_claude_b030_P2_r2,A,real_claude,0.9952988466,1,0.1
holdout_source,real_claude_b030_P3_r1,A,real_claude,0.9956783277,1,0.1
holdout_source,real_claude_b030_P3_r2,A,real_claude,0.9970021032,1,0.1
holdout_source,real_claude_b031_P1_r1,A,real_claude,0.9971847298,1,0.1
holdout_source,real_claude_b031_P1_r2,A,real_claude,0.9986765481,1,0.1
holdout_source,real_claude_b031_P2_r1,A,real_claude,0.9981531271,1,0.1
holdout_source,real_claude_b031_P2_r2,A,real_claude,0.9967317103,1,0.1
holdout_source,real_claude_b031_P3_r1,A,real_claude,0.9966594028,1,0.1
holdout_source,real_claude_b031_P3_r2,A,real_claude,0.9986060538,1,0.1
holdout_source,real_claude_b032_P1_r1,A,real_claude,0.9889076232,1,0.1
holdout_source,real_claude_b032_P1_r2,A,real_claude,0.9944594077,1,0.1
holdout_source,real_claude_b032_P2_r1,A,real_claude,0.9819297995,1,0.1
holdout_source,real_claude_b032_P2_r2,A,real_claude,0.9990831838,1,0.1
holdout_source,real_claude_b032_P3_r1,A,real_claude,0.9794552051,1,0.1
holdout_source,real_claude_b032_P3_r2,A,real_claude,0.9876338414,1,0.1
holdout_source,real_claude_b033_P1_r1,A,real_claude,0.9992064765,1,0.1
holdout_source,real_claude_b033_P1_r2,A,real_claude,0.9935886549,1,0.1
holdout_source,real_claude_b033_P2_r1,A,real_claude,0.9853047556,1,0.1
holdout_source,real_claude_b033_P2_r2,A,real_claude,0.9930462564,1,0.1
holdout_source,real_claude_b033_P3_r1,A,real_claude,0.9995568770,1,0.1
holdout_source,real_claude_b033_P3_r2,A,real_claude,0.9803079827,1,0.1
holdout_source,real_claude_b034_P1_r1,A,real_claude,0.9982606650,1,0.1
holdout_source,real_claude_b034_P1_r2,A,real_claude,0.9953741699,1,0.1
holdout_source,real_claude_b034_P2_r1,A,real_claude,0.9901827360,1,0.1
holdout_source,real_claude_b034_P2_r2,A,real_claude,0.9907322628,1,0.1
holdout_source,real_claude_b034_P3_r1,A,real_claude,0.9916770083,1,0.1
holdout_source,real_claude_b034_P3_r2,A,real_claude,0.9876858129,1,0.1
holdout_source,real_claude_b035_P1_r1,A,real_claude,0.9987577758,1,0.1
holdout_source,real_claude_b035_P1_r2,A,real_claude,0.9962460021,1,0.1
holdout_source,real_claude_b035_P2_r1,A,real_claude,0.9954409432,1,0.1
holdout_source,real_claude_b035_P2_r2,A,real_claude,0.9979073943,1,0.1
holdout_source,real_claude_b035_P3_r1,A,real_claude,0.9929015127,1,0.1
holdout_source,real_claude_b035_P3_r2,A,real_claude,0.9844634232,1,0.1
holdout_source,real_claude_b036_P1_r1,A,real_claude,0.9950865353,1,0.1
holdout_source,real_claude_b036_P1_r2,A,real_claude,0.9789451435,1,0.1
holdout_source,real_claude_b036_P2_r1,A,real_claude,0.9704368457,1,0.1
holdout_source,real_claude_b036_P2_r2,A,real_claude,0.9986677854,1,0.1
holdout_source,real_claude_b036_P3_r1,A,real_claude,0.9895919416,1,0.1
holdout_source,real_claude_b036_P3_r2,A,real_claude,0.9834418367,1,0.1
holdout_source,real_claude_b037_P1_r1,A,real_claude,0.9727330817,1,0.1
holdout_source,real_claude_b037_P1_r2,A,real_claude,0.9972569787,1,0.1
holdout_source,real_claude_b037_P2_r1,A,real_claude,0.9972172362,1,0.1
holdout_source,real_claude_b037_P2_r2,A,real_claude,0.9921221928,1,0.1
holdout_source,real_claude_b037_P3_r1,A,real_claude,0.9957745816,1,0.1
holdout_source,real_claude_b037_P3_r2,A,real_claude,0.9986267826,1,0.1
holdout_source,real_claude_b038_P1_r1,A,real_claude,0.9900951734,1,0.1
holdout_source,real_claude_b038_P1_r2,A,real_claude,0.9950621705,1,0.1
holdout_source,real_claude_b038_P2_r1,A,real_claude,0.9804045865,1,0.1
holdout_source,real_claude_b038_P2_r2,A,real_claude,0.9965836029,1,0.1
holdout_source,real_claude_b038_P3_r1,A,real_claude,0.9970838662,1,0.1
holdout_source,real_claude_b038_P3_r2,A,real_claude,0.9827573518,1,0.1
holdout_source,real_claude_b039_P1_r1,A,real_claude,0.9939556221,1,0.1
holdout_source,real_claude_b039_P1_r2,A,real_claude,0.9932178568,1,0.1
holdout_source,real_claude_b039_P2_r1,A,real_claude,0.9998154305,1,0.1
holdout_source,real_claude_b039_P2_r2,A,real_claude,0.9997918629,1,0.1
holdout_source,real_claude_b039_P3_r1,A,real_claude,0.9959821494,1,0.1
holdout_source,real_claude_b039_P3_r2,A,real_claude,0.9817572938,1,0.1
holdout_source,real_claude_b040_P1_r1,A,real_claude,0.9978536267,1,0.1
holdout_source,real_claude_b040_P1_r2,A,real_claude,0.9976599556,1,0.1
holdout_source,real_claude_b040_P2_r1,A,real_claude,0.9976785419,1,0.1
holdout_source,real_claude_b040_P2_r2,A,real_claude,0.9985181510,1,0.1
holdout_source,real_claude_b040_P3_r1,A,real_claude,0.9957683366,1,0.1
holdout_source,real_claude_b040_P3_r2,A,real_claude,0.9936644910,1,0.1
holdout_source,real_claude_b041_P1_r1,A,real_claude,0.9901184600,1,0.1
holdout_source,real_claude_b041_P1_r2,A,real_claude,0.9864810083,1,0.1
holdout_source,real_claude_b041_P2_r1,A,real_claude,0.9990976514,1,0.1
holdout_source,real_claude_b041_P2_r2,A,real_claude,0.9864867499,1,0.1
holdout_source,real_claude_b041_P3_r1,A,real_claude,0.9444358454,1,0.1
holdout_source,real_claude_b041_P3_r2,A,real_claude,0.8933373087,1,0.1
holdout_source,real_claude_b042_P1_r1,A,real_claude,0.9989200978,1,0.1
holdout_source,real_claude_b042_P1_r2,A,real_claude,0.9968114252,1,0.1
holdout_source,real_claude_b042_P2_r1,A,real_claude,0.9973478482,1,0.1
holdout_source,real_claude_b042_P2_r2,A,real_claude,0.9940041097,1,0.1
holdout_source,real_claude_b042_P3_r1,A,real_claude,0.9839655706,1,0.1
holdout_source,real_claude_b042_P3_r2,A,real_claude,0.9867633984,1,0.1
holdout_source,real_claude_b043_P1_r1,A,real_claude,0.9988431638,1,0.1
holdout_source,real_claude_b043_P1_r2,A,real_claude,0.9982154561,1,0.1
holdout_source,real_claude_b043_P2_r1,A,real_claude,0.9739555328,1,0.1
holdout_source,real_claude_b043_P2_r2,A,real_claude,0.9986388013,1,0.1
holdout_source,real_claude_b043_P3_r1,A,real_claude,0.9970429146,1,0.1
holdout_source,real_claude_b043_P3_r2,A,real_claude,0.9898394356,1,0.1
holdout_source,real_claude_b044_P1_r1,A,real_claude,0.9935079258,1,0.1
holdout_source,real_claude_b044_P1_r2,A,real_claude,0.9958122997,1,0.1
holdout_source,real_claude_b044_P2_r1,A,real_claude,0.9974449119,1,0.1
holdout_source,real_claude_b044_P2_r2,A,real_claude,0.9974477116,1,0.1
holdout_source,real_claude_b044_P3_r1,A,real_claude,0.9954506689,1,0.1
holdout_source,real_claude_b044_P3_r2,A,real_claude,0.9958965154,1,0.1
holdout_source,real_claude_b045_P1_r1,A,real_claude,0.9971789397,1,0.1
holdout_source,real_claude_b045_P1_r2,A,real_claude,0.9959896049,1,0.1
holdout_source,real_claude_b045_P2_r1,A,real_claude,0.9981514737,1,0.1
holdout_source,real_claude_b045_P2_r2,A,real_claude,0.9980037703,1,0.1
holdout_source,real_claude_b045_P3_r1,A,real_claude,0.9888806109,1,0.1
holdout_source,real_claude_b045_P3_r2,A,real_claude,0.9762858828,1,0.1
holdout_time,human_hard_rusltc_0001,H,,0.0042255657,0,0.1
holdout_time,human_hard_rusltc_0002,H,,0.0015245744,0,0.1
holdout_time,human_hard_rusltc_0003,H,,0.0183233607,0,0.1
holdout_time,human_hard_rusltc_0004,H,,0.2678014270,0,0.1
holdout_time,human_hard_rusltc_0005,H,,0.0001425689,0,0.1
holdout_time,human_hard_rusltc_0006,H,,0.0230097649,0,0.1
holdout_time,human_hard_rusltc_0007,H,,0.0009917595,0,0.1
holdout_time,human_hard_rusltc_0008,H,,0.0305414220,0,0.1
holdout_time,human_hard_rusltc_0009,H,,0.0098413839,0,0.1
holdout_time,human_hard_rusltc_0010,H,,0.0050057900,0,0.1
holdout_time,human_hard_rusltc_0011,H,,0.0104650411,0,0.1
holdout_time,human_hard_rusltc_0012,H,,0.0796543536,0,0.1
holdout_time,human_hard_rusltc_0013,H,,0.4807596623,0,0.1
holdout_time,human_hard_rusltc_0014,H,,0.0077522554,0,0.1
holdout_time,human_hard_rusltc_0015,H,,0.0163240561,0,0.1
holdout_time,human_hard_rusltc_0016,H,,0.3024033934,0,0.1
holdout_time,human_hard_rusltc_0017,H,,0.1175778988,0,0.1
holdout_time,human_hard_rusltc_0018,H,,0.0251505306,0,0.1
holdout_time,human_hard_rusltc_0019,H,,0.0023781284,0,0.1
holdout_time,human_hard_rusltc_0020,H,,0.0057560356,0,0.1
holdout_time,human_hard_rusltc_0021,H,,0.0171666233,0,0.1
holdout_time,human_hard_rusltc_0022,H,,0.1084095777,0,0.1
holdout_time,human_hard_rusltc_0023,H,,0.0439091402,0,0.1
holdout_time,human_hard_rusltc_0024,H,,0.0140806293,0,0.1
holdout_time,human_hard_rusltc_0025,H,,0.1765881734,0,0.1
holdout_time,human_hard_rusltc_0026,H,,0.2563068555,0,0.1
holdout_time,human_hard_rusltc_0027,H,,0.0141472514,0,0.1
holdout_time,human_hard_rusltc_0028,H,,0.0009357467,0,0.1
holdout_time,human_hard_rusltc_0029,H,,0.2831759995,0,0.1
holdout_time,human_hard_rusltc_0030,H,,0.0009802340,0,0.1
holdout_time,human_hard_rusltc_0031,H,,0.0027128343,0,0.1
holdout_time,human_hard_rusltc_0032,H,,0.0002725174,0,0.1
holdout_time,human_hard_rusltc_0033,H,,0.0008809791,0,0.1
holdout_time,human_hard_rusltc_0034,H,,0.0107523180,0,0.1
holdout_time,human_hard_rusltc_0035,H,,0.1507845086,0,0.1
holdout_time,human_hard_rusltc_0036,H,,0.0469698004,0,0.1
holdout_time,human_hard_rusltc_0037,H,,0.0564705042,0,0.1
holdout_time,human_hard_rusltc_0038,H,,0.0149596559,0,0.1
holdout_time,human_hard_rusltc_0039,H,,0.0005865139,0,0.1
holdout_time,human_hard_rusltc_0040,H,,0.0062230497,0,0.1
holdout_time,human_hard_rusltc_0041,H,,0.0218664241,0,0.1
holdout_time,human_hard_rusltc_0042,H,,0.0000017914,0,0.1
holdout_time,human_hard_rusltc_0043,H,,0.0352885208,0,0.1
holdout_time,human_hard_rusltc_0044,H,,0.1055651700,0,0.1
holdout_time,human_hard_rusltc_0045,H,,0.0092566989,0,0.1
holdout_time,human_hard_rusltc_0046,H,,0.0327986479,0,0.1
holdout_time,human_hard_rusltc_0047,H,,0.0510539597,0,0.1
holdout_time,human_hard_rusltc_0048,H,,0.0651496962,0,0.1
holdout_time,human_hard_rusltc_0049,H,,0.0025653909,0,0.1
holdout_time,human_hard_rusltc_0050,H,,0.0073411036,0,0.1
holdout_time,human_hard_rusltc_0051,H,,0.0024820409,0,0.1
holdout_time,human_hard_rusltc_0052,H,,0.6612595534,1,0.1
holdout_time,human_hard_rusltc_0053,H,,0.0486565749,0,0.1
holdout_time,human_hard_rusltc_0054,H,,0.0021391378,0,0.1
holdout_time,human_hard_rusltc_0055,H,,0.0305939127,0,0.1
holdout_time,human_hard_rusltc_0056,H,,0.2072759793,0,0.1
holdout_time,human_hard_rusltc_0057,H,,0.0006636177,0,0.1
holdout_time,human_hard_rusltc_0058,H,,0.0225775566,0,0.1
holdout_time,human_hard_rusltc_0059,H,,0.0050782811,0,0.1
holdout_time,human_hard_rusltc_0060,H,,0.0255114738,0,0.1
holdout_time,human_hard_rusltc_0061,H,,0.0046511357,0,0.1
holdout_time,human_hard_rusltc_0062,H,,0.0159012132,0,0.1
holdout_time,human_hard_rusltc_0063,H,,0.0244952421,0,0.1
holdout_time,human_hard_rusltc_0064,H,,0.5155064026,1,0.1
holdout_time,human_hard_rusltc_0065,H,,0.0170961829,0,0.1
holdout_time,human_hard_rusltc_0066,H,,0.1539708414,0,0.1
holdout_time,human_hard_rusltc_0067,H,,0.0262664959,0,0.1
holdout_time,human_hard_rusltc_0068,H,,0.0000873401,0,0.1
holdout_time,human_hard_rusltc_0069,H,,0.0617686804,0,0.1
holdout_time,human_hard_rusltc_0070,H,,0.2581501546,0,0.1
holdout_time,human_hard_rusltc_0071,H,,0.0296190765,0,0.1
holdout_time,human_hard_rusltc_0072,H,,0.0637091877,0,0.1
holdout_time,human_hard_rusltc_0073,H,,0.0382123459,0,0.1
holdout_time,human_news_buriy_2014_0001,H,,0.0011575788,0,0.1
holdout_time,human_news_buriy_2014_0002,H,,0.0002483074,0,0.1
holdout_time,human_news_buriy_2014_0003,H,,0.0013901718,0,0.1
holdout_time,human_news_buriy_2014_0004,H,,0.0000931169,0,0.1
holdout_time,human_news_buriy_2014_0005,H,,0.0195001002,0,0.1
holdout_time,human_news_buriy_2014_0006,H,,0.0015014248,0,0.1
holdout_time,human_news_buriy_2014_0007,H,,0.0366299827,0,0.1
holdout_time,human_news_buriy_2014_0008,H,,0.0165561033,0,0.1
holdout_time,human_news_buriy_2014_0009,H,,0.0013207066,0,0.1
holdout_time,human_news_buriy_2014_0010,H,,0.0000382025,0,0.1
holdout_time,human_news_buriy_2014_0011,H,,0.0016023930,0,0.1
holdout_time,human_news_buriy_2014_0012,H,,0.0004336918,0,0.1
holdout_time,human_news_buriy_2014_0013,H,,0.0107269174,0,0.1
holdout_time,human_news_buriy_2014_0014,H,,0.0064450820,0,0.1
holdout_time,human_news_buriy_2014_0015,H,,0.0003033478,0,0.1
holdout_time,human_news_buriy_2014_0016,H,,0.0002559329,0,0.1
holdout_time,human_news_buriy_2014_0017,H,,0.7005456791,1,0.1
holdout_time,human_news_buriy_2014_0018,H,,0.0035909558,0,0.1
holdout_time,human_news_buriy_2014_0019,H,,0.0661466378,0,0.1
holdout_time,human_news_buriy_2014_0020,H,,0.0000169937,0,0.1
holdout_time,human_news_buriy_2014_0021,H,,0.1750425023,0,0.1
holdout_time,human_news_buriy_2014_0022,H,,0.0004622723,0,0.1
holdout_time,human_news_buriy_2014_0023,H,,0.0000906654,0,0.1
holdout_time,human_news_buriy_2014_0024,H,,0.0023272037,0,0.1
holdout_time,human_news_buriy_2014_0025,H,,0.0013122847,0,0.1
holdout_time,human_news_buriy_2014_0026,H,,0.0016576361,0,0.1
holdout_time,human_news_buriy_2014_0027,H,,0.0006832287,0,0.1
holdout_time,human_news_buriy_2014_0028,H,,0.0001501558,0,0.1
holdout_time,human_news_buriy_2014_0029,H,,0.0007806880,0,0.1
holdout_time,human_news_buriy_2014_0030,H,,0.0230767230,0,0.1
holdout_time,human_news_buriy_2014_0031,H,,0.0014001522,0,0.1
holdout_time,human_news_buriy_2014_0032,H,,0.0012129940,0,0.1
holdout_time,human_news_buriy_2014_0033,H,,0.0031409599,0,0.1
holdout_time,human_news_buriy_2014_0034,H,,0.0243440914,0,0.1
holdout_time,human_news_buriy_2014_0035,H,,0.0002295359,0,0.1
holdout_time,human_news_buriy_2014_0036,H,,0.0022370054,0,0.1
holdout_time,human_news_buriy_2014_0037,H,,0.0025637351,0,0.1
holdout_time,human_news_buriy_2014_0038,H,,0.0001473716,0,0.1
holdout_time,human_news_buriy_2014_0039,H,,0.0033338991,0,0.1
holdout_time,human_news_buriy_2014_0040,H,,0.0030892068,0,0.1
holdout_time,human_news_buriy_2014_0041,H,,0.0506540597,0,0.1
holdout_time,human_news_buriy_2014_0042,H,,0.0006259434,0,0.1
holdout_time,human_news_buriy_2014_0043,H,,0.0061797003,0,0.1
holdout_time,human_news_buriy_2014_0044,H,,0.0120569788,0,0.1
holdout_time,human_news_buriy_2014_0045,H,,0.0067651517,0,0.1
holdout_time,human_news_buriy_2014_0046,H,,0.0022087664,0,0.1
holdout_time,human_news_buriy_2014_0047,H,,0.0008063288,0,0.1
holdout_time,human_news_buriy_2014_0048,H,,0.0006739395,0,0.1
holdout_time,human_news_buriy_2014_0049,H,,0.0000903487,0,0.1
holdout_time,human_news_buriy_2014_0050,H,,0.0063260000,0,0.1
holdout_time,human_news_buriy_2014_0051,H,,0.6928066050,1,0.1
holdout_time,human_news_buriy_2014_0052,H,,0.0002453814,0,0.1
holdout_time,human_news_buriy_2014_0053,H,,0.0000133191,0,0.1
holdout_time,human_news_buriy_2014_0054,H,,0.1070590582,0,0.1
holdout_time,human_news_buriy_2014_0055,H,,0.0000441693,0,0.1
holdout_time,human_news_buriy_2014_0056,H,,0.1449137923,0,0.1
holdout_time,human_news_buriy_2014_0057,H,,0.0008205230,0,0.1
holdout_time,human_news_buriy_2014_0058,H,,0.0183285789,0,0.1
holdout_time,human_news_buriy_2014_0059,H,,0.0003138183,0,0.1
holdout_time,human_news_buriy_2014_0060,H,,0.0004613987,0,0.1
holdout_time,human_news_gazeta_0001,H,,0.0120069399,0,0.1
holdout_time,human_news_gazeta_0002,H,,0.1167391444,0,0.1
holdout_time,human_news_gazeta_0003,H,,0.1123689814,0,0.1
holdout_time,human_news_gazeta_0004,H,,0.0129322169,0,0.1
holdout_time,human_news_gazeta_0005,H,,0.0003807915,0,0.1
holdout_time,human_news_gazeta_0006,H,,0.0019677376,0,0.1
holdout_time,human_news_gazeta_0007,H,,0.0006079967,0,0.1
holdout_time,human_news_gazeta_0008,H,,0.0365094423,0,0.1
holdout_time,human_news_gazeta_0009,H,,0.0012255769,0,0.1
holdout_time,human_news_gazeta_0010,H,,0.0408051303,0,0.1
holdout_time,human_news_gazeta_0011,H,,0.0001413279,0,0.1
holdout_time,human_news_gazeta_0012,H,,0.0111870103,0,0.1
holdout_time,human_news_gazeta_0013,H,,0.0347579486,0,0.1
holdout_time,human_news_gazeta_0014,H,,0.0000758832,0,0.1
holdout_time,human_news_gazeta_0015,H,,0.0197355370,0,0.1
holdout_time,human_news_gazeta_0016,H,,0.0001385804,0,0.1
holdout_time,human_news_gazeta_0017,H,,0.0672792188,0,0.1
holdout_time,human_news_gazeta_0018,H,,0.0393534184,0,0.1
holdout_time,human_news_gazeta_0019,H,,0.0009347945,0,0.1
holdout_time,human_news_gazeta_0020,H,,0.0004726683,0,0.1
holdout_time,human_news_gazeta_0021,H,,0.0209061573,0,0.1
holdout_time,human_news_gazeta_0022,H,,0.0262334291,0,0.1
holdout_time,human_news_gazeta_0023,H,,0.0003968012,0,0.1
holdout_time,human_news_gazeta_0024,H,,0.0029778013,0,0.1
holdout_time,human_news_gazeta_0025,H,,0.0075866832,0,0.1
holdout_time,human_news_gazeta_0026,H,,0.0006643628,0,0.1
holdout_time,human_news_gazeta_0027,H,,0.0014109560,0,0.1
holdout_time,human_news_gazeta_0028,H,,0.0003427931,0,0.1
holdout_time,human_news_gazeta_0029,H,,0.0394635634,0,0.1
holdout_time,human_news_gazeta_0030,H,,0.3385071178,0,0.1
holdout_time,human_news_gazeta_0031,H,,0.0369027652,0,0.1
holdout_time,human_news_gazeta_0032,H,,0.0019450385,0,0.1
holdout_time,human_news_gazeta_0033,H,,0.0074967231,0,0.1
holdout_time,human_news_gazeta_0034,H,,0.1336956346,0,0.1
holdout_time,human_news_gazeta_0035,H,,0.0554084581,0,0.1
holdout_time,human_news_gazeta_0036,H,,0.0031558722,0,0.1
holdout_time,human_news_gazeta_0037,H,,0.2319863289,0,0.1
holdout_time,human_news_gazeta_0038,H,,0.2861843474,0,0.1
holdout_time,human_news_gazeta_0039,H,,0.0331598655,0,0.1
holdout_time,human_news_gazeta_0040,H,,0.0159144323,0,0.1
holdout_time,human_news_gazeta_0041,H,,0.0002404589,0,0.1
holdout_time,human_news_gazeta_0042,H,,0.0069339591,0,0.1
holdout_time,human_news_gazeta_0043,H,,0.0606313570,0,0.1
holdout_time,human_news_gazeta_0044,H,,0.0012372965,0,0.1
holdout_time,human_news_gazeta_0045,H,,0.0017374328,0,0.1
holdout_time,human_news_gazeta_0046,H,,0.0002537428,0,0.1
holdout_time,human_news_gazeta_0047,H,,0.0037464266,0,0.1
holdout_time,human_news_gazeta_0048,H,,0.0976131728,0,0.1
holdout_time,human_news_gazeta_0049,H,,0.1158331080,0,0.1
holdout_time,human_news_gazeta_0050,H,,0.0074176785,0,0.1
holdout_time,human_news_gazeta_0051,H,,0.0024621805,0,0.1
holdout_time,human_news_gazeta_0052,H,,0.1138442523,0,0.1
holdout_time,human_news_gazeta_0053,H,,0.0517885567,0,0.1
holdout_time,human_news_gazeta_0054,H,,0.0365172752,0,0.1
holdout_time,human_news_gazeta_0055,H,,0.0009120934,0,0.1
holdout_time,human_news_gazeta_0056,H,,0.0035599577,0,0.1
holdout_time,human_news_gazeta_0057,H,,0.0651195519,0,0.1
holdout_time,human_news_gazeta_0058,H,,0.0108992885,0,0.1
holdout_time,human_news_gazeta_0059,H,,0.0027557260,0,0.1
holdout_time,human_news_gazeta_0060,H,,0.0004421750,0,0.1
holdout_time,human_news_lenta_0001,H,,0.0473208230,0,0.1
holdout_time,human_news_lenta_0002,H,,0.0017937741,0,0.1
holdout_time,human_news_lenta_0004,H,,0.0315165229,0,0.1
holdout_time,human_news_lenta_0007,H,,0.0000000000,0,0.1
holdout_time,human_news_lenta_0009,H,,0.0111468657,0,0.1
holdout_time,human_news_lenta_0010,H,,0.0000009031,0,0.1
holdout_time,human_news_lenta_0012,H,,0.0022779301,0,0.1
holdout_time,human_news_lenta_0013,H,,0.0347515944,0,0.1
holdout_time,human_news_lenta_0014,H,,0.0035473641,0,0.1
holdout_time,human_news_lenta_0015,H,,0.0424383020,0,0.1
holdout_time,human_news_lenta_0016,H,,0.0099685239,0,0.1
holdout_time,human_news_lenta_0017,H,,0.0000065308,0,0.1
holdout_time,human_news_lenta_0018,H,,0.0000151099,0,0.1
holdout_time,human_news_lenta_0021,H,,0.0471728022,0,0.1
holdout_time,human_news_lenta_0022,H,,0.0006756100,0,0.1
holdout_time,human_news_lenta_0023,H,,0.1233196732,0,0.1
holdout_time,human_news_lenta_0024,H,,0.0244773465,0,0.1
holdout_time,human_news_lenta_0027,H,,0.2487863610,0,0.1
holdout_time,human_news_lenta_0029,H,,0.0814591166,0,0.1
holdout_time,human_news_lenta_0034,H,,0.0031296699,0,0.1
holdout_time,human_news_lenta_0036,H,,0.0083793945,0,0.1
holdout_time,human_news_lenta_0039,H,,0.0000000012,0,0.1
holdout_time,human_news_lenta_0040,H,,0.1829877720,0,0.1
holdout_time,human_news_lenta_0041,H,,0.0001693948,0,0.1
holdout_time,human_news_lenta_0042,H,,0.0000705546,0,0.1
holdout_time,human_news_lenta_0044,H,,0.0027796813,0,0.1
holdout_time,human_news_lenta_0045,H,,0.0400856340,0,0.1
holdout_time,human_news_lenta_0046,H,,0.0000203133,0,0.1
holdout_time,human_news_lenta_0049,H,,0.0102817280,0,0.1
holdout_time,human_news_lenta_0051,H,,0.0107945089,0,0.1
holdout_time,human_news_lenta_0053,H,,0.0004514522,0,0.1
holdout_time,human_news_lenta_0055,H,,0.1298189307,0,0.1
holdout_time,human_science_cyberleninka_0001,H,,0.0916170391,0,0.1
holdout_time,human_science_cyberleninka_0002,H,,0.7691470905,1,0.1
holdout_time,human_science_cyberleninka_0003,H,,0.0985794883,0,0.1
holdout_time,human_science_cyberleninka_0004,H,,0.1105408800,0,0.1
holdout_time,human_science_cyberleninka_0005,H,,0.0203445974,0,0.1
holdout_time,human_science_cyberleninka_0006,H,,0.1582783919,0,0.1
holdout_time,human_science_cyberleninka_0007,H,,0.2003743536,0,0.1
holdout_time,human_science_cyberleninka_0008,H,,0.0021151024,0,0.1
holdout_time,human_science_cyberleninka_0009,H,,0.4887875592,0,0.1
holdout_time,human_science_cyberleninka_0010,H,,0.0033245177,0,0.1
holdout_time,human_science_cyberleninka_0011,H,,0.0162929348,0,0.1
holdout_time,human_science_cyberleninka_0013,H,,0.5520238258,1,0.1
holdout_time,human_science_cyberleninka_0014,H,,0.2881652070,0,0.1
holdout_time,human_science_cyberleninka_0015,H,,0.0011571558,0,0.1
holdout_time,human_science_cyberleninka_0016,H,,0.0492518680,0,0.1
holdout_time,human_science_cyberleninka_0017,H,,0.0295904508,0,0.1
holdout_time,human_science_cyberleninka_0018,H,,0.6503600092,1,0.1
holdout_time,human_science_cyberleninka_0019,H,,0.5697121103,1,0.1
holdout_time,human_science_cyberleninka_0020,H,,0.0141157309,0,0.1
holdout_time,human_science_cyberleninka_0021,H,,0.6187199322,1,0.1
holdout_time,human_science_cyberleninka_0022,H,,0.0061918953,0,0.1
holdout_time,human_science_cyberleninka_0023,H,,0.8078081417,1,0.1
holdout_time,human_science_cyberleninka_0024,H,,0.6728031152,1,0.1
holdout_time,human_science_cyberleninka_0025,H,,0.0879026884,0,0.1
holdout_time,human_science_cyberleninka_0026,H,,0.0220318779,0,0.1
holdout_time,human_science_cyberleninka_0027,H,,0.1933800953,0,0.1
holdout_time,human_science_cyberleninka_0028,H,,0.0004846759,0,0.1
holdout_time,human_science_cyberleninka_0029,H,,0.1205043431,0,0.1
holdout_time,human_science_cyberleninka_0030,H,,0.0014566946,0,0.1
holdout_time,human_science_cyberleninka_0031,H,,0.3656170290,0,0.1
holdout_time,human_science_cyberleninka_0032,H,,0.0692207036,0,0.1
holdout_time,human_science_cyberleninka_0033,H,,0.7788971503,1,0.1
holdout_time,human_science_cyberleninka_0034,H,,0.0032796594,0,0.1
holdout_time,human_science_cyberleninka_0035,H,,0.5361933752,1,0.1
holdout_time,human_science_cyberleninka_0036,H,,0.4594343335,0,0.1
holdout_time,human_science_cyberleninka_0037,H,,0.3355915294,0,0.1
holdout_time,human_science_cyberleninka_0038,H,,0.2868392535,0,0.1
holdout_time,human_science_cyberleninka_0039,H,,0.0734435648,0,0.1
holdout_time,human_science_cyberleninka_0040,H,,0.0073758617,0,0.1
holdout_time,human_science_cyberleninka_0041,H,,0.1384711556,0,0.1
holdout_time,human_science_cyberleninka_0042,H,,0.0036335061,0,0.1
holdout_time,human_science_cyberleninka_0043,H,,0.2567667659,0,0.1
holdout_time,human_science_cyberleninka_0044,H,,0.7202640844,1,0.1
holdout_time,human_science_cyberleninka_0045,H,,0.0070067539,0,0.1
holdout_time,human_science_cyberleninka_0046,H,,0.0009367385,0,0.1
holdout_time,human_science_cyberleninka_0047,H,,0.0220223956,0,0.1
holdout_time,human_science_cyberleninka_0048,H,,0.0006546945,0,0.1
holdout_time,human_science_cyberleninka_0049,H,,0.0016680514,0,0.1
holdout_time,human_science_cyberleninka_0050,H,,0.0031155931,0,0.1
holdout_time,human_science_cyberleninka_0051,H,,0.2323475253,0,0.1
holdout_time,human_science_cyberleninka_0052,H,,0.2857311916,0,0.1
holdout_time,human_science_cyberleninka_0053,H,,0.0004473536,0,0.1
holdout_time,human_science_cyberleninka_0054,H,,0.0842610079,0,0.1
holdout_time,human_science_cyberleninka_0055,H,,0.0540655179,0,0.1
holdout_time,human_science_cyberleninka_0056,H,,0.1001250460,0,0.1
holdout_time,human_science_cyberleninka_0057,H,,0.2752623027,0,0.1
holdout_time,human_science_cyberleninka_0058,H,,0.6352012720,1,0.1
holdout_time,human_science_cyberleninka_0059,H,,0.6904735457,1,0.1
holdout_time,human_science_cyberleninka_0060,H,,0.0673683115,0,0.1
holdout_time,human_science_cyberleninka_0067,H,,0.4615581169,0,0.1
holdout_time,human_science_spbgu_0001,H,,0.0063647941,0,0.1
holdout_time,human_science_spbgu_0002,H,,0.0108701341,0,0.1
holdout_time,human_science_spbgu_0003,H,,0.2520707335,0,0.1
holdout_time,human_science_spbgu_0004,H,,0.0261431349,0,0.1
holdout_time,human_science_spbgu_0005,H,,0.0908650672,0,0.1
holdout_time,human_science_spbgu_0006,H,,0.0083654436,0,0.1
holdout_time,human_science_spbgu_0007,H,,0.0022097569,0,0.1
holdout_time,human_science_spbgu_0008,H,,0.0622809937,0,0.1
holdout_time,human_science_spbgu_0009,H,,0.0012721513,0,0.1
holdout_time,human_science_spbgu_0010,H,,0.0053650829,0,0.1
holdout_time,human_science_spbgu_0011,H,,0.0276236646,0,0.1
holdout_time,human_science_spbgu_0012,H,,0.0019864978,0,0.1
holdout_time,human_science_spbgu_0013,H,,0.0015641032,0,0.1
holdout_time,human_science_spbgu_0014,H,,0.1156274224,0,0.1
holdout_time,human_science_spbgu_0015,H,,0.0378484645,0,0.1
holdout_time,human_science_spbgu_0016,H,,0.0009735151,0,0.1
holdout_time,human_science_spbgu_0017,H,,0.0141952410,0,0.1
holdout_time,human_science_spbgu_0018,H,,0.0071774529,0,0.1
holdout_time,human_science_spbgu_0019,H,,0.0627670216,0,0.1
holdout_time,human_science_spbgu_0020,H,,0.0184661579,0,0.1
holdout_time,human_science_spbgu_0021,H,,0.0016648789,0,0.1
holdout_time,human_science_spbgu_0022,H,,0.0115249838,0,0.1
holdout_time,human_science_spbgu_0023,H,,0.0081296779,0,0.1
holdout_time,human_science_spbgu_0024,H,,0.0012753869,0,0.1
holdout_time,human_science_spbgu_0025,H,,0.0027962457,0,0.1
holdout_time,human_science_spbgu_0026,H,,0.0609070958,0,0.1
holdout_time,human_science_spbgu_0027,H,,0.0004570748,0,0.1
holdout_time,human_science_spbgu_0028,H,,0.0004748275,0,0.1
holdout_time,human_science_spbgu_0029,H,,0.0006642230,0,0.1
holdout_time,human_science_spbgu_0030,H,,0.0010591170,0,0.1
holdout_time,human_science_spbgu_0031,H,,0.0084397740,0,0.1
holdout_time,human_science_spbgu_0032,H,,0.0009798448,0,0.1
holdout_time,human_science_spbgu_0033,H,,0.0002628202,0,0.1
holdout_time,human_science_spbgu_0034,H,,0.0040095333,0,0.1
holdout_time,human_science_spbgu_0035,H,,0.0004141490,0,0.1
holdout_time,human_science_spbgu_0036,H,,0.0052220444,0,0.1
holdout_time,human_science_spbgu_0037,H,,0.0186741631,0,0.1
holdout_time,human_science_spbgu_0038,H,,0.0007949126,0,0.1
holdout_time,human_science_spbgu_0039,H,,0.0765173564,0,0.1
holdout_time,human_science_spbgu_0040,H,,0.0038560431,0,0.1
holdout_time,human_science_spbgu_0041,H,,0.0020836463,0,0.1
holdout_time,human_science_spbgu_0042,H,,0.0085761541,0,0.1
holdout_time,human_science_spbgu_0043,H,,0.0038228343,0,0.1
holdout_time,human_science_spbgu_0044,H,,0.0247329271,0,0.1
holdout_time,human_science_spbgu_0045,H,,0.0025226680,0,0.1
holdout_time,human_science_spbgu_0046,H,,0.0002111362,0,0.1
holdout_time,human_science_spbgu_0048,H,,0.0023975117,0,0.1
holdout_time,human_science_spbgu_0049,H,,0.0008946715,0,0.1
holdout_time,human_science_spbgu_0050,H,,0.0219338669,0,0.1
holdout_time,human_science_spbgu_0054,H,,0.0000859194,0,0.1
holdout_time,human_science_spbgu_0055,H,,0.0012742189,0,0.1
holdout_time,human_science_spbgu_0057,H,,0.0527388437,0,0.1
holdout_time,human_science_spbgu_0059,H,,0.0060064707,0,0.1
holdout_time,human_science_spbgu_0060,H,,0.0000213126,0,0.1
holdout_time,human_science_spbgu_0061,H,,0.0008428659,0,0.1
holdout_time,human_science_spbgu_0062,H,,0.0067972747,0,0.1
holdout_time,human_science_spbgu_0063,H,,0.0708567268,0,0.1
holdout_time,human_science_spbgu_0064,H,,0.0004721207,0,0.1
holdout_time,human_science_spbgu_0065,H,,0.0008745298,0,0.1
holdout_time,human_science_urfu_0001,H,,0.2151080678,0,0.1
holdout_time,human_science_urfu_0002,H,,0.0194087539,0,0.1
holdout_time,human_science_urfu_0003,H,,0.1304920697,0,0.1
holdout_time,human_science_urfu_0004,H,,0.0557998489,0,0.1
holdout_time,human_science_urfu_0005,H,,0.0477858446,0,0.1
holdout_time,human_science_urfu_0006,H,,0.0059348582,0,0.1
holdout_time,human_science_urfu_0007,H,,0.4842193701,0,0.1
holdout_time,human_science_urfu_0008,H,,0.0026070579,0,0.1
holdout_time,human_science_urfu_0009,H,,0.0220604098,0,0.1
holdout_time,human_science_urfu_0010,H,,0.0315370031,0,0.1
holdout_time,human_science_urfu_0011,H,,0.0406273685,0,0.1
holdout_time,human_science_urfu_0012,H,,0.0096167304,0,0.1
holdout_time,human_science_urfu_0013,H,,0.2689370025,0,0.1
holdout_time,human_science_urfu_0014,H,,0.0004149887,0,0.1
holdout_time,human_science_urfu_0015,H,,0.0269141888,0,0.1
holdout_time,human_science_urfu_0016,H,,0.0577662186,0,0.1
holdout_time,human_science_urfu_0017,H,,0.0401206263,0,0.1
holdout_time,human_science_urfu_0018,H,,0.0195555098,0,0.1
holdout_time,human_science_urfu_0019,H,,0.0502149940,0,0.1
holdout_time,human_science_urfu_0020,H,,0.0005876393,0,0.1
holdout_time,human_science_urfu_0021,H,,0.0391572862,0,0.1
holdout_time,human_science_urfu_0022,H,,0.0350297149,0,0.1
holdout_time,human_science_urfu_0023,H,,0.0003269941,0,0.1
holdout_time,human_science_urfu_0024,H,,0.0819792169,0,0.1
holdout_time,human_science_urfu_0025,H,,0.1678350614,0,0.1
holdout_time,human_science_urfu_0026,H,,0.0902912460,0,0.1
holdout_time,human_science_urfu_0027,H,,0.1837748987,0,0.1
holdout_time,human_science_urfu_0028,H,,0.0946638620,0,0.1
holdout_time,human_science_urfu_0029,H,,0.0188253073,0,0.1
holdout_time,human_science_urfu_0030,H,,0.2629185473,0,0.1
holdout_time,human_science_urfu_0031,H,,0.0000683795,0,0.1
holdout_time,human_science_urfu_0032,H,,0.6376247716,1,0.1
holdout_time,human_science_urfu_0033,H,,0.0411060578,0,0.1
holdout_time,human_science_urfu_0034,H,,0.0191042214,0,0.1
holdout_time,human_science_urfu_0035,H,,0.0853137771,0,0.1
holdout_time,human_science_urfu_0036,H,,0.0499810022,0,0.1
holdout_time,human_science_urfu_0037,H,,0.0970753293,0,0.1
holdout_time,human_science_urfu_0038,H,,0.0000010728,0,0.1
holdout_time,human_science_urfu_0039,H,,0.0000130325,0,0.1
holdout_time,human_science_urfu_0040,H,,0.0000000030,0,0.1
holdout_time,human_science_urfu_0041,H,,0.0001003794,0,0.1
holdout_time,human_science_urfu_0042,H,,0.0000040395,0,0.1
holdout_time,human_science_urfu_0043,H,,0.0000166474,0,0.1
holdout_time,human_science_urfu_0044,H,,0.2272734911,0,0.1
holdout_time,human_science_urfu_0045,H,,0.0663364964,0,0.1
holdout_time,human_science_urfu_0046,H,,0.0000777914,0,0.1
holdout_time,human_science_urfu_0047,H,,0.1113472353,0,0.1
holdout_time,human_science_urfu_0048,H,,0.0052202609,0,0.1
holdout_time,human_seo_devaka_ru_0017,H,,0.0025554897,0,0.1
holdout_time,human_seo_devaka_ru_0018,H,,0.1121127924,0,0.1
holdout_time,human_seo_drmax_0005,H,,0.1113822704,0,0.1
holdout_time,human_seo_drmax_0006,H,,0.0274032548,0,0.1
holdout_time,human_seo_drmax_0007,H,,0.0910557647,0,0.1
holdout_time,human_seo_drmax_0009,H,,0.0029756268,0,0.1
holdout_time,human_seo_drmax_0010,H,,0.0764754697,0,0.1
holdout_time,human_seo_drmax_0011,H,,0.0527316415,0,0.1
holdout_time,human_seo_drmax_0012,H,,0.0424910546,0,0.1
holdout_time,human_seo_drmax_0013,H,,0.0204697555,0,0.1
holdout_time,human_seo_drmax_0014,H,,0.0209747022,0,0.1
holdout_time,human_seo_drmax_0015,H,,0.0652224376,0,0.1
holdout_time,human_seo_drmax_0016,H,,0.0287978866,0,0.1
holdout_time,human_seo_drmax_0017,H,,0.0044494294,0,0.1
holdout_time,human_seo_drmax_0018,H,,0.1352339751,0,0.1
holdout_time,human_seo_drmax_0019,H,,0.0618171338,0,0.1
holdout_time,human_seo_drmax_0020,H,,0.1238910158,0,0.1
holdout_time,human_seo_drmax_0021,H,,0.0004771718,0,0.1
holdout_time,human_seo_drmax_0024,H,,0.0002032241,0,0.1
holdout_time,human_seo_drmax_0025,H,,0.0149988290,0,0.1
holdout_time,human_seo_drmax_su_0002,H,,0.0149988290,0,0.1
holdout_time,human_seo_drmax_su_0003,H,,0.0013452398,0,0.1
holdout_time,human_seo_drmax_su_0004,H,,0.2276594209,0,0.1
holdout_time,human_seo_drmax_su_0005,H,,0.0537843136,0,0.1
holdout_time,human_seo_drmax_su_0006,H,,0.2202089306,0,0.1
holdout_time,human_seo_drmax_su_0007,H,,0.0000225060,0,0.1
holdout_time,human_seo_drmax_su_0008,H,,0.1801825856,0,0.1
holdout_time,human_seo_labrika_0004,H,,0.0079530406,0,0.1
holdout_time,human_seo_madcats_ru_0002,H,,0.0682668949,0,0.1
holdout_time,human_seo_madcats_ru_0003,H,,0.0905416079,0,0.1
holdout_time,human_seo_madcats_ru_0004,H,,0.3993729444,0,0.1
holdout_time,human_seo_madcats_ru_0005,H,,0.5249558447,1,0.1
holdout_time,human_seo_madcats_ru_0006,H,,0.2364404654,0,0.1
holdout_time,human_seo_madcats_ru_0007,H,,0.0058292398,0,0.1
holdout_time,human_seo_madcats_ru_0009,H,,0.0005290444,0,0.1
holdout_time,human_seo_madcats_ru_0010,H,,0.0008897829,0,0.1
holdout_time,human_seo_madcats_ru_0012,H,,0.0060535759,0,0.1
holdout_time,human_seo_seoprofy_ua_0002,H,,0.0287021933,0,0.1
holdout_time,human_seo_seopulses_0003,H,,0.0395421548,0,0.1
holdout_time,human_seo_seopulses_0005,H,,0.0155255353,0,0.1
holdout_time,human_seo_seopulses_0006,H,,0.1757423031,0,0.1
holdout_time,human_seo_seopulses_0007,H,,0.0126356604,0,0.1
holdout_time,human_seo_seopulses_0012,H,,0.0056750873,0,0.1
holdout_time,human_seo_seopulses_0014,H,,0.0770577022,0,0.1
holdout_time,human_seo_seopulses_0016,H,,0.0247549336,0,0.1
holdout_time,human_seo_seopulses_0017,H,,0.1686483074,0,0.1
holdout_time,human_seo_seopulses_0018,H,,0.0656832852,0,0.1
holdout_time,human_seo_seopulses_0020,H,,0.0185712774,0,0.1
holdout_time,human_seo_seopulses_0022,H,,0.0782904514,0,0.1
holdout_time,human_seo_seopulses_0025,H,,0.2633731633,0,0.1
holdout_time,human_seo_seopulses_ru_0001,H,,0.4449004283,0,0.1
holdout_time,human_seo_seopulses_ru_0002,H,,0.1357426815,0,0.1
holdout_time,human_seo_seopulses_ru_0003,H,,0.3576452366,0,0.1
holdout_time,human_seo_seopulses_ru_0004,H,,0.0009483377,0,0.1
holdout_time,human_seo_seopulses_ru_0005,H,,0.2465774357,0,0.1
holdout_time,human_seo_sosnovskij_ru_0002,H,,0.3230901878,0,0.1
holdout_time,human_seo_sosnovskij_ru_0005,H,,0.0018066157,0,0.1
holdout_time,human_seo_sosnovskij_ru_0006,H,,0.0308228135,0,0.1
holdout_time,human_seo_sosnovskij_ru_0007,H,,0.0047473268,0,0.1
holdout_time,human_seo_sosnovskij_ru_0013,H,,0.0102549468,0,0.1
holdout_time,human_seo_sosnovskij_ru_0015,H,,0.1292089218,0,0.1
holdout_time,human_seo_texterra_ru_0005,H,,0.3083527799,0,0.1
holdout_time,human_seo_texterra_ru_0006,H,,0.2377074540,0,0.1
holdout_time,human_seo_texterra_ru_0008,H,,0.3186975970,0,0.1
holdout_time,human_seo_texterra_ru_0009,H,,0.3575958058,0,0.1
holdout_time,human_seo_texterra_ru_0012,H,,0.4841913176,0,0.1
holdout_topic,deepseek_pro_b003_P1_r1,A,deepseek_pro,0.9999478476,1,1.0
holdout_topic,deepseek_pro_b003_P1_r2,A,deepseek_pro,0.9998066969,1,1.0
holdout_topic,deepseek_pro_b003_P2_r1,A,deepseek_pro,0.9999679722,1,1.0
holdout_topic,deepseek_pro_b003_P2_r2,A,deepseek_pro,0.9999995861,1,1.0
holdout_topic,deepseek_pro_b003_P3_r1,A,deepseek_pro,0.7704747522,1,1.0
holdout_topic,deepseek_pro_b003_P3_r2,A,deepseek_pro,0.9806860193,1,1.0
holdout_topic,deepseek_pro_b004_P1_r1,A,deepseek_pro,0.9973529321,1,1.0
holdout_topic,deepseek_pro_b004_P1_r2,A,deepseek_pro,0.9967372765,1,1.0
holdout_topic,deepseek_pro_b004_P2_r1,A,deepseek_pro,0.9998966880,1,1.0
holdout_topic,deepseek_pro_b004_P2_r2,A,deepseek_pro,0.9986937052,1,1.0
holdout_topic,deepseek_pro_b004_P3_r1,A,deepseek_pro,0.7989309880,1,1.0
holdout_topic,deepseek_pro_b004_P3_r2,A,deepseek_pro,0.3750123285,0,1.0
holdout_topic,deepseek_pro_b007_P1_r1,A,deepseek_pro,0.9999366723,1,1.0
holdout_topic,deepseek_pro_b007_P1_r2,A,deepseek_pro,0.9993996266,1,1.0
holdout_topic,deepseek_pro_b007_P2_r1,A,deepseek_pro,0.9956976975,1,1.0
holdout_topic,deepseek_pro_b007_P2_r2,A,deepseek_pro,0.9999956511,1,1.0
holdout_topic,deepseek_pro_b007_P3_r1,A,deepseek_pro,0.9983698746,1,1.0
holdout_topic,deepseek_pro_b007_P3_r2,A,deepseek_pro,0.9921408218,1,1.0
holdout_topic,deepseek_pro_b012_P1_r1,A,deepseek_pro,0.9999720457,1,1.0
holdout_topic,deepseek_pro_b012_P1_r2,A,deepseek_pro,0.9998942420,1,1.0
holdout_topic,deepseek_pro_b012_P2_r1,A,deepseek_pro,0.9999983854,1,1.0
holdout_topic,deepseek_pro_b012_P2_r2,A,deepseek_pro,0.9999939407,1,1.0
holdout_topic,deepseek_pro_b012_P3_r1,A,deepseek_pro,0.9502039815,1,1.0
holdout_topic,deepseek_pro_b012_P3_r2,A,deepseek_pro,0.9903020213,1,1.0
holdout_topic,deepseek_pro_b013_P1_r1,A,deepseek_pro,0.9994129962,1,1.0
holdout_topic,deepseek_pro_b013_P1_r2,A,deepseek_pro,0.9999778843,1,1.0
holdout_topic,deepseek_pro_b013_P2_r1,A,deepseek_pro,0.9999888928,1,1.0
holdout_topic,deepseek_pro_b013_P2_r2,A,deepseek_pro,0.9848497916,1,1.0
holdout_topic,deepseek_pro_b013_P3_r1,A,deepseek_pro,0.8899277101,1,1.0
holdout_topic,deepseek_pro_b013_P3_r2,A,deepseek_pro,0.9915353534,1,1.0
holdout_topic,deepseek_pro_b014_P1_r1,A,deepseek_pro,0.9781013921,1,1.0
holdout_topic,deepseek_pro_b014_P1_r2,A,deepseek_pro,0.9999141992,1,1.0
holdout_topic,deepseek_pro_b014_P2_r1,A,deepseek_pro,0.9998895338,1,1.0
holdout_topic,deepseek_pro_b014_P2_r2,A,deepseek_pro,0.9999877267,1,1.0
holdout_topic,deepseek_pro_b014_P3_r1,A,deepseek_pro,0.9981897631,1,1.0
holdout_topic,deepseek_pro_b014_P3_r2,A,deepseek_pro,0.9754619531,1,1.0
holdout_topic,deepseek_pro_b016_P1_r1,A,deepseek_pro,0.9791496120,1,1.0
holdout_topic,deepseek_pro_b016_P1_r2,A,deepseek_pro,0.9553251751,1,1.0
holdout_topic,deepseek_pro_b016_P2_r1,A,deepseek_pro,0.9994246199,1,1.0
holdout_topic,deepseek_pro_b016_P2_r2,A,deepseek_pro,0.9998192444,1,1.0
holdout_topic,deepseek_pro_b016_P3_r1,A,deepseek_pro,0.5549934607,1,1.0
holdout_topic,deepseek_pro_b016_P3_r2,A,deepseek_pro,0.7818405207,1,1.0
holdout_topic,deepseek_pro_b020_P1_r1,A,deepseek_pro,0.9982529826,1,1.0
holdout_topic,deepseek_pro_b020_P1_r2,A,deepseek_pro,0.9983316585,1,1.0
holdout_topic,deepseek_pro_b020_P2_r1,A,deepseek_pro,0.9979349482,1,1.0
holdout_topic,deepseek_pro_b020_P2_r2,A,deepseek_pro,0.9998111688,1,1.0
holdout_topic,deepseek_pro_b020_P3_r1,A,deepseek_pro,0.9924666864,1,1.0
holdout_topic,deepseek_pro_b020_P3_r2,A,deepseek_pro,0.8539661942,1,1.0
holdout_topic,deepseek_pro_b024_P1_r1,A,deepseek_pro,0.9999845035,1,1.0
holdout_topic,deepseek_pro_b024_P1_r2,A,deepseek_pro,0.9999674389,1,1.0
holdout_topic,deepseek_pro_b024_P2_r1,A,deepseek_pro,0.9974936491,1,1.0
holdout_topic,deepseek_pro_b024_P2_r2,A,deepseek_pro,0.9999998041,1,1.0
holdout_topic,deepseek_pro_b024_P3_r1,A,deepseek_pro,0.9095328036,1,1.0
holdout_topic,deepseek_pro_b024_P3_r2,A,deepseek_pro,0.9964278654,1,1.0
holdout_topic,deepseek_pro_b026_P1_r1,A,deepseek_pro,0.9997320053,1,1.0
holdout_topic,deepseek_pro_b026_P1_r2,A,deepseek_pro,0.9971757960,1,1.0
holdout_topic,deepseek_pro_b026_P2_r1,A,deepseek_pro,0.9999868210,1,1.0
holdout_topic,deepseek_pro_b026_P2_r2,A,deepseek_pro,0.9989023238,1,1.0
holdout_topic,deepseek_pro_b026_P3_r1,A,deepseek_pro,0.9059199309,1,1.0
holdout_topic,deepseek_pro_b026_P3_r2,A,deepseek_pro,0.9814310380,1,1.0
holdout_topic,deepseek_pro_b027_P1_r1,A,deepseek_pro,0.9888011938,1,1.0
holdout_topic,deepseek_pro_b027_P1_r2,A,deepseek_pro,0.9992958727,1,1.0
holdout_topic,deepseek_pro_b027_P2_r1,A,deepseek_pro,0.9996786380,1,1.0
holdout_topic,deepseek_pro_b027_P2_r2,A,deepseek_pro,0.9999833605,1,1.0
holdout_topic,deepseek_pro_b027_P3_r1,A,deepseek_pro,0.3508772131,0,1.0
holdout_topic,deepseek_pro_b027_P3_r2,A,deepseek_pro,0.8691954234,1,1.0
holdout_topic,deepseek_pro_b028_P1_r1,A,deepseek_pro,0.9981520236,1,1.0
holdout_topic,deepseek_pro_b028_P1_r2,A,deepseek_pro,0.9996643305,1,1.0
holdout_topic,deepseek_pro_b028_P2_r1,A,deepseek_pro,0.9999930232,1,1.0
holdout_topic,deepseek_pro_b028_P2_r2,A,deepseek_pro,0.9997425383,1,1.0
holdout_topic,deepseek_pro_b028_P3_r1,A,deepseek_pro,0.9729063721,1,1.0
holdout_topic,deepseek_pro_b028_P3_r2,A,deepseek_pro,0.9732039855,1,1.0
holdout_topic,deepseek_pro_b037_P1_r1,A,deepseek_pro,0.9997337703,1,1.0
holdout_topic,deepseek_pro_b037_P1_r2,A,deepseek_pro,0.9957820349,1,1.0
holdout_topic,deepseek_pro_b037_P2_r1,A,deepseek_pro,0.9998346847,1,1.0
holdout_topic,deepseek_pro_b037_P2_r2,A,deepseek_pro,0.9999978183,1,1.0
holdout_topic,deepseek_pro_b037_P3_r1,A,deepseek_pro,0.9788974322,1,1.0
holdout_topic,deepseek_pro_b037_P3_r2,A,deepseek_pro,0.8902320532,1,1.0
holdout_topic,deepseek_pro_b043_P1_r1,A,deepseek_pro,0.9995085834,1,1.0
holdout_topic,deepseek_pro_b043_P1_r2,A,deepseek_pro,0.9994715445,1,1.0
holdout_topic,deepseek_pro_b043_P2_r1,A,deepseek_pro,0.9998506576,1,1.0
holdout_topic,deepseek_pro_b043_P2_r2,A,deepseek_pro,0.9994698639,1,1.0
holdout_topic,deepseek_pro_b043_P3_r1,A,deepseek_pro,0.9847698910,1,1.0
holdout_topic,deepseek_pro_b043_P3_r2,A,deepseek_pro,0.9382597976,1,1.0
holdout_topic,deepseek_pro_b044_P1_r1,A,deepseek_pro,0.9993433091,1,1.0
holdout_topic,deepseek_pro_b044_P1_r2,A,deepseek_pro,0.9986587063,1,1.0
holdout_topic,deepseek_pro_b044_P2_r1,A,deepseek_pro,0.9999942677,1,1.0
holdout_topic,deepseek_pro_b044_P2_r2,A,deepseek_pro,0.9999998037,1,1.0
holdout_topic,deepseek_pro_b044_P3_r1,A,deepseek_pro,0.9995893699,1,1.0
holdout_topic,deepseek_pro_b044_P3_r2,A,deepseek_pro,0.9779809616,1,1.0
holdout_topic,gpt_b003_P1_r1,A,gpt,0.9912565860,1,1.0
holdout_topic,gpt_b003_P1_r2,A,gpt,0.9915593390,1,1.0
holdout_topic,gpt_b003_P2_r1,A,gpt,0.9998482634,1,1.0
holdout_topic,gpt_b003_P2_r2,A,gpt,0.9998141764,1,1.0
holdout_topic,gpt_b003_P3_r1,A,gpt,0.9788259308,1,1.0
holdout_topic,gpt_b003_P3_r2,A,gpt,0.9371973249,1,1.0
holdout_topic,gpt_b004_P1_r1,A,gpt,0.7070796654,1,1.0
holdout_topic,gpt_b004_P1_r2,A,gpt,0.9756426191,1,1.0
holdout_topic,gpt_b004_P2_r1,A,gpt,0.9999177432,1,1.0
holdout_topic,gpt_b004_P2_r2,A,gpt,0.9791183537,1,1.0
holdout_topic,gpt_b004_P3_r1,A,gpt,0.7945858750,1,1.0
holdout_topic,gpt_b004_P3_r2,A,gpt,0.0144816300,0,1.0
holdout_topic,gpt_b007_P1_r1,A,gpt,0.9264437995,1,1.0
holdout_topic,gpt_b007_P1_r2,A,gpt,0.9992786444,1,1.0
holdout_topic,gpt_b007_P2_r1,A,gpt,0.9996814217,1,1.0
holdout_topic,gpt_b007_P2_r2,A,gpt,0.9997276983,1,1.0
holdout_topic,gpt_b007_P3_r1,A,gpt,0.9505032832,1,1.0
holdout_topic,gpt_b007_P3_r2,A,gpt,0.9984083970,1,1.0
holdout_topic,gpt_b012_P1_r1,A,gpt,0.9895089680,1,1.0
holdout_topic,gpt_b012_P1_r2,A,gpt,0.9965223462,1,1.0
holdout_topic,gpt_b012_P2_r1,A,gpt,0.9968889534,1,1.0
holdout_topic,gpt_b012_P2_r2,A,gpt,0.9983655884,1,1.0
holdout_topic,gpt_b012_P3_r1,A,gpt,0.8299026480,1,1.0
holdout_topic,gpt_b012_P3_r2,A,gpt,0.9654679156,1,1.0
holdout_topic,gpt_b013_P1_r1,A,gpt,0.9970720712,1,1.0
holdout_topic,gpt_b013_P1_r2,A,gpt,0.9959124131,1,1.0
holdout_topic,gpt_b013_P2_r1,A,gpt,0.9990491742,1,1.0
holdout_topic,gpt_b013_P2_r2,A,gpt,0.9940861919,1,1.0
holdout_topic,gpt_b013_P3_r1,A,gpt,0.8763595069,1,1.0
holdout_topic,gpt_b013_P3_r2,A,gpt,0.9577978996,1,1.0
holdout_topic,gpt_b014_P1_r1,A,gpt,0.9979287358,1,1.0
holdout_topic,gpt_b014_P1_r2,A,gpt,0.9987149225,1,1.0
holdout_topic,gpt_b014_P2_r1,A,gpt,0.9999834373,1,1.0
holdout_topic,gpt_b014_P2_r2,A,gpt,0.9999977193,1,1.0
holdout_topic,gpt_b014_P3_r1,A,gpt,0.9896738000,1,1.0
holdout_topic,gpt_b014_P3_r2,A,gpt,0.9829997578,1,1.0
holdout_topic,gpt_b016_P1_r1,A,gpt,0.9989746511,1,1.0
holdout_topic,gpt_b016_P1_r2,A,gpt,0.9811386139,1,1.0
holdout_topic,gpt_b016_P2_r1,A,gpt,0.9999804034,1,1.0
holdout_topic,gpt_b016_P2_r2,A,gpt,0.9999345138,1,1.0
holdout_topic,gpt_b016_P3_r1,A,gpt,0.9999064624,1,1.0
holdout_topic,gpt_b016_P3_r2,A,gpt,0.9937740760,1,1.0
holdout_topic,gpt_b020_P1_r1,A,gpt,0.9977983415,1,1.0
holdout_topic,gpt_b020_P1_r2,A,gpt,0.9993798924,1,1.0
holdout_topic,gpt_b020_P2_r1,A,gpt,0.9993463649,1,1.0
holdout_topic,gpt_b020_P2_r2,A,gpt,0.9996160993,1,1.0
holdout_topic,gpt_b020_P3_r1,A,gpt,0.9991905906,1,1.0
holdout_topic,gpt_b020_P3_r2,A,gpt,0.9967919416,1,1.0
holdout_topic,gpt_b024_P1_r1,A,gpt,0.9996093826,1,1.0
holdout_topic,gpt_b024_P1_r2,A,gpt,0.9981883912,1,1.0
holdout_topic,gpt_b024_P2_r1,A,gpt,0.9998895208,1,1.0
holdout_topic,gpt_b024_P2_r2,A,gpt,0.9999177277,1,1.0
holdout_topic,gpt_b024_P3_r1,A,gpt,0.9928518836,1,1.0
holdout_topic,gpt_b024_P3_r2,A,gpt,0.9981572656,1,1.0
holdout_topic,gpt_b026_P1_r1,A,gpt,0.9986954704,1,1.0
holdout_topic,gpt_b026_P1_r2,A,gpt,0.8863017833,1,1.0
holdout_topic,gpt_b026_P2_r1,A,gpt,0.9999894804,1,1.0
holdout_topic,gpt_b026_P2_r2,A,gpt,0.9993239171,1,1.0
holdout_topic,gpt_b026_P3_r1,A,gpt,0.9997681753,1,1.0
holdout_topic,gpt_b026_P3_r2,A,gpt,0.9960271570,1,1.0
holdout_topic,gpt_b027_P1_r1,A,gpt,0.9990757388,1,1.0
holdout_topic,gpt_b027_P1_r2,A,gpt,0.9943316283,1,1.0
holdout_topic,gpt_b027_P2_r1,A,gpt,0.9920367553,1,1.0
holdout_topic,gpt_b027_P2_r2,A,gpt,0.9825052703,1,1.0
holdout_topic,gpt_b027_P3_r1,A,gpt,0.9997110198,1,1.0
holdout_topic,gpt_b027_P3_r2,A,gpt,0.9987452940,1,1.0
holdout_topic,gpt_b028_P1_r1,A,gpt,0.9971256776,1,1.0
holdout_topic,gpt_b028_P1_r2,A,gpt,0.9914535114,1,1.0
holdout_topic,gpt_b028_P2_r1,A,gpt,0.9994109856,1,1.0
holdout_topic,gpt_b028_P2_r2,A,gpt,0.9998071907,1,1.0
holdout_topic,gpt_b028_P3_r1,A,gpt,0.9975385587,1,1.0
holdout_topic,gpt_b028_P3_r2,A,gpt,0.9147037469,1,1.0
holdout_topic,gpt_b037_P1_r1,A,gpt,0.9994157189,1,1.0
holdout_topic,gpt_b037_P1_r2,A,gpt,0.9996893301,1,1.0
holdout_topic,gpt_b037_P2_r1,A,gpt,0.9998580589,1,1.0
holdout_topic,gpt_b037_P2_r2,A,gpt,0.9999077016,1,1.0
holdout_topic,gpt_b037_P3_r1,A,gpt,0.9998059358,1,1.0
holdout_topic,gpt_b037_P3_r2,A,gpt,0.9902699758,1,1.0
holdout_topic,gpt_b043_P1_r1,A,gpt,0.9990202784,1,1.0
holdout_topic,gpt_b043_P1_r2,A,gpt,0.9999913624,1,1.0
holdout_topic,gpt_b043_P2_r1,A,gpt,0.9999701125,1,1.0
holdout_topic,gpt_b043_P2_r2,A,gpt,0.9999869818,1,1.0
holdout_topic,gpt_b043_P3_r1,A,gpt,0.9999607671,1,1.0
holdout_topic,gpt_b043_P3_r2,A,gpt,0.9989936297,1,1.0
holdout_topic,gpt_b044_P1_r1,A,gpt,0.9986020982,1,1.0
holdout_topic,gpt_b044_P1_r2,A,gpt,0.9999292821,1,1.0
holdout_topic,gpt_b044_P2_r1,A,gpt,0.9995910862,1,1.0
holdout_topic,gpt_b044_P2_r2,A,gpt,0.9999990212,1,1.0
holdout_topic,gpt_b044_P3_r1,A,gpt,0.9984815560,1,1.0
holdout_topic,gpt_b044_P3_r2,A,gpt,0.9990700025,1,1.0
holdout_topic,human_hard_rusltc_0001,H,,0.0009472274,0,1.0
holdout_topic,human_hard_rusltc_0002,H,,0.0001063952,0,1.0
holdout_topic,human_hard_rusltc_0003,H,,0.0064632908,0,1.0
holdout_topic,human_hard_rusltc_0004,H,,0.0536922622,0,1.0
holdout_topic,human_hard_rusltc_0005,H,,0.0000153933,0,1.0
holdout_topic,human_hard_rusltc_0006,H,,0.0026958602,0,1.0
holdout_topic,human_hard_rusltc_0007,H,,0.0007452594,0,1.0
holdout_topic,human_hard_rusltc_0008,H,,0.0087568589,0,1.0
holdout_topic,human_hard_rusltc_0009,H,,0.0015485132,0,1.0
holdout_topic,human_hard_rusltc_0010,H,,0.0006757385,0,1.0
holdout_topic,human_hard_rusltc_0011,H,,0.0023511953,0,1.0
holdout_topic,human_hard_rusltc_0012,H,,0.0265761344,0,1.0
holdout_topic,human_hard_rusltc_0013,H,,0.4432987743,0,1.0
holdout_topic,human_hard_rusltc_0014,H,,0.0011322264,0,1.0
holdout_topic,human_hard_rusltc_0015,H,,0.0024659377,0,1.0
holdout_topic,human_hard_rusltc_0016,H,,0.1862997830,0,1.0
holdout_topic,human_hard_rusltc_0017,H,,0.0415953666,0,1.0
holdout_topic,human_hard_rusltc_0018,H,,0.0094640084,0,1.0
holdout_topic,human_hard_rusltc_0019,H,,0.0002088397,0,1.0
holdout_topic,human_hard_rusltc_0020,H,,0.0002600316,0,1.0
holdout_topic,human_hard_rusltc_0021,H,,0.0053079735,0,1.0
holdout_topic,human_hard_rusltc_0022,H,,0.0466970347,0,1.0
holdout_topic,human_hard_rusltc_0023,H,,0.0158692060,0,1.0
holdout_topic,human_hard_rusltc_0024,H,,0.0036738277,0,1.0
holdout_topic,human_hard_rusltc_0025,H,,0.0771182977,0,1.0
holdout_topic,human_hard_rusltc_0026,H,,0.2226005701,0,1.0
holdout_topic,human_hard_rusltc_0027,H,,0.0025871007,0,1.0
holdout_topic,human_hard_rusltc_0028,H,,0.0000859643,0,1.0
holdout_topic,human_hard_rusltc_0029,H,,0.1687483621,0,1.0
holdout_topic,human_hard_rusltc_0030,H,,0.0000760398,0,1.0
holdout_topic,human_hard_rusltc_0031,H,,0.0002912507,0,1.0
holdout_topic,human_hard_rusltc_0032,H,,0.0000077482,0,1.0
holdout_topic,human_hard_rusltc_0033,H,,0.0000865039,0,1.0
holdout_topic,human_hard_rusltc_0034,H,,0.0020547569,0,1.0
holdout_topic,human_hard_rusltc_0035,H,,0.1132912120,0,1.0
holdout_topic,human_hard_rusltc_0036,H,,0.0157706177,0,1.0
holdout_topic,human_hard_rusltc_0037,H,,0.0183841011,0,1.0
holdout_topic,human_hard_rusltc_0038,H,,0.0037675225,0,1.0
holdout_topic,human_hard_rusltc_0039,H,,0.0000526910,0,1.0
holdout_topic,human_hard_rusltc_0040,H,,0.0011257466,0,1.0
holdout_topic,human_hard_rusltc_0041,H,,0.0067839692,0,1.0
holdout_topic,human_hard_rusltc_0042,H,,0.0000000056,0,1.0
holdout_topic,human_hard_rusltc_0043,H,,0.0176617241,0,1.0
holdout_topic,human_hard_rusltc_0044,H,,0.0516222698,0,1.0
holdout_topic,human_hard_rusltc_0045,H,,0.0030704425,0,1.0
holdout_topic,human_hard_rusltc_0046,H,,0.0069778901,0,1.0
holdout_topic,human_hard_rusltc_0047,H,,0.0098311974,0,1.0
holdout_topic,human_hard_rusltc_0048,H,,0.0218846371,0,1.0
holdout_topic,human_hard_rusltc_0049,H,,0.0002199020,0,1.0
holdout_topic,human_hard_rusltc_0050,H,,0.0010679063,0,1.0
holdout_topic,human_hard_rusltc_0051,H,,0.0001554155,0,1.0
holdout_topic,human_hard_rusltc_0052,H,,0.3659967815,0,1.0
holdout_topic,human_hard_rusltc_0053,H,,0.0169487594,0,1.0
holdout_topic,human_hard_rusltc_0054,H,,0.0002877879,0,1.0
holdout_topic,human_hard_rusltc_0055,H,,0.0033216244,0,1.0
holdout_topic,human_hard_rusltc_0056,H,,0.0569347045,0,1.0
holdout_topic,human_hard_rusltc_0057,H,,0.0000348195,0,1.0
holdout_topic,human_hard_rusltc_0058,H,,0.0075475911,0,1.0
holdout_topic,human_hard_rusltc_0059,H,,0.0008068428,0,1.0
holdout_topic,human_hard_rusltc_0060,H,,0.0040200998,0,1.0
holdout_topic,human_hard_rusltc_0061,H,,0.0016110676,0,1.0
holdout_topic,human_hard_rusltc_0062,H,,0.0019729079,0,1.0
holdout_topic,human_hard_rusltc_0063,H,,0.0045393710,0,1.0
holdout_topic,human_hard_rusltc_0064,H,,0.6216424008,1,1.0
holdout_topic,human_hard_rusltc_0065,H,,0.0016240036,0,1.0
holdout_topic,human_hard_rusltc_0066,H,,0.0582587440,0,1.0
holdout_topic,human_hard_rusltc_0067,H,,0.0072121239,0,1.0
holdout_topic,human_hard_rusltc_0068,H,,0.0000029004,0,1.0
holdout_topic,human_hard_rusltc_0069,H,,0.0179575767,0,1.0
holdout_topic,human_hard_rusltc_0070,H,,0.1576284290,0,1.0
holdout_topic,human_hard_rusltc_0071,H,,0.0030136258,0,1.0
holdout_topic,human_hard_rusltc_0072,H,,0.0284483436,0,1.0
holdout_topic,human_hard_rusltc_0073,H,,0.0127780746,0,1.0
holdout_topic,human_news_buriy_2014_0001,H,,0.0002541043,0,1.0
holdout_topic,human_news_buriy_2014_0002,H,,0.0000246363,0,1.0
holdout_topic,human_news_buriy_2014_0003,H,,0.0002695105,0,1.0
holdout_topic,human_news_buriy_2014_0004,H,,0.0000031281,0,1.0
holdout_topic,human_news_buriy_2014_0005,H,,0.0072348970,0,1.0
holdout_topic,human_news_buriy_2014_0006,H,,0.0002075270,0,1.0
holdout_topic,human_news_buriy_2014_0007,H,,0.0121494991,0,1.0
holdout_topic,human_news_buriy_2014_0008,H,,0.0022700036,0,1.0
holdout_topic,human_news_buriy_2014_0009,H,,0.0003033863,0,1.0
holdout_topic,human_news_buriy_2014_0010,H,,0.0000019782,0,1.0
holdout_topic,human_news_buriy_2014_0011,H,,0.0001198740,0,1.0
holdout_topic,human_news_buriy_2014_0012,H,,0.0000258727,0,1.0
holdout_topic,human_news_buriy_2014_0013,H,,0.0025968063,0,1.0
holdout_topic,human_news_buriy_2014_0014,H,,0.0006320371,0,1.0
holdout_topic,human_news_buriy_2014_0015,H,,0.0000510980,0,1.0
holdout_topic,human_news_buriy_2014_0016,H,,0.0000234930,0,1.0
holdout_topic,human_news_buriy_2014_0017,H,,0.7290613460,1,1.0
holdout_topic,human_news_buriy_2014_0018,H,,0.0005985286,0,1.0
holdout_topic,human_news_buriy_2014_0019,H,,0.0319865579,0,1.0
holdout_topic,human_news_buriy_2014_0020,H,,0.0000001776,0,1.0
holdout_topic,human_news_buriy_2014_0021,H,,0.0924180170,0,1.0
holdout_topic,human_news_buriy_2014_0022,H,,0.0000413107,0,1.0
holdout_topic,human_news_buriy_2014_0023,H,,0.0000039613,0,1.0
holdout_topic,human_news_buriy_2014_0024,H,,0.0001986923,0,1.0
holdout_topic,human_news_buriy_2014_0025,H,,0.0001716071,0,1.0
holdout_topic,human_news_buriy_2014_0026,H,,0.0001677005,0,1.0
holdout_topic,human_news_buriy_2014_0027,H,,0.0000599204,0,1.0
holdout_topic,human_news_buriy_2014_0028,H,,0.0000080387,0,1.0
holdout_topic,human_news_buriy_2014_0029,H,,0.0000955606,0,1.0
holdout_topic,human_news_buriy_2014_0030,H,,0.0129120975,0,1.0
holdout_topic,human_news_buriy_2014_0031,H,,0.0001077458,0,1.0
holdout_topic,human_news_buriy_2014_0032,H,,0.0001424134,0,1.0
holdout_topic,human_news_buriy_2014_0033,H,,0.0002862607,0,1.0
holdout_topic,human_news_buriy_2014_0034,H,,0.0147652693,0,1.0
holdout_topic,human_news_buriy_2014_0035,H,,0.0000175026,0,1.0
holdout_topic,human_news_buriy_2014_0036,H,,0.0004517118,0,1.0
holdout_topic,human_news_buriy_2014_0037,H,,0.0001114110,0,1.0
holdout_topic,human_news_buriy_2014_0038,H,,0.0000075776,0,1.0
holdout_topic,human_news_buriy_2014_0039,H,,0.0003041157,0,1.0
holdout_topic,human_news_buriy_2014_0040,H,,0.0002348951,0,1.0
holdout_topic,human_news_buriy_2014_0041,H,,0.0165626469,0,1.0
holdout_topic,human_news_buriy_2014_0042,H,,0.0000442017,0,1.0
holdout_topic,human_news_buriy_2014_0043,H,,0.0009362564,0,1.0
holdout_topic,human_news_buriy_2014_0044,H,,0.0023713195,0,1.0
holdout_topic,human_news_buriy_2014_0045,H,,0.0002570618,0,1.0
holdout_topic,human_news_buriy_2014_0046,H,,0.0002727842,0,1.0
holdout_topic,human_news_buriy_2014_0047,H,,0.0001166349,0,1.0
holdout_topic,human_news_buriy_2014_0048,H,,0.0000593861,0,1.0
holdout_topic,human_news_buriy_2014_0049,H,,0.0000083777,0,1.0
holdout_topic,human_news_buriy_2014_0050,H,,0.0011918463,0,1.0
holdout_topic,human_news_buriy_2014_0051,H,,0.6321089814,1,1.0
holdout_topic,human_news_buriy_2014_0052,H,,0.0000138208,0,1.0
holdout_topic,human_news_buriy_2014_0053,H,,0.0000005334,0,1.0
holdout_topic,human_news_buriy_2014_0054,H,,0.0445585160,0,1.0
holdout_topic,human_news_buriy_2014_0055,H,,0.0000019202,0,1.0
holdout_topic,human_news_buriy_2014_0056,H,,0.0616076588,0,1.0
holdout_topic,human_news_buriy_2014_0057,H,,0.0000949677,0,1.0
holdout_topic,human_news_buriy_2014_0058,H,,0.0033770391,0,1.0
holdout_topic,human_news_buriy_2014_0059,H,,0.0000312450,0,1.0
holdout_topic,human_news_buriy_2014_0060,H,,0.0000284837,0,1.0
holdout_topic,human_news_gazeta_0001,H,,0.0032404213,0,1.0
holdout_topic,human_news_gazeta_0002,H,,0.0623137253,0,1.0
holdout_topic,human_news_gazeta_0003,H,,0.0947839392,0,1.0
holdout_topic,human_news_gazeta_0004,H,,0.0026355034,0,1.0
holdout_topic,human_news_gazeta_0005,H,,0.0000533099,0,1.0
holdout_topic,human_news_gazeta_0006,H,,0.0003162625,0,1.0
holdout_topic,human_news_gazeta_0007,H,,0.0000715831,0,1.0
holdout_topic,human_news_gazeta_0008,H,,0.0093499019,0,1.0
holdout_topic,human_news_gazeta_0009,H,,0.0001484983,0,1.0
holdout_topic,human_news_gazeta_0010,H,,0.0148169097,0,1.0
holdout_topic,human_news_gazeta_0011,H,,0.0000088270,0,1.0
holdout_topic,human_news_gazeta_0012,H,,0.0046968061,0,1.0
holdout_topic,human_news_gazeta_0013,H,,0.0124653063,0,1.0
holdout_topic,human_news_gazeta_0014,H,,0.0000031667,0,1.0
holdout_topic,human_news_gazeta_0015,H,,0.0078951329,0,1.0
holdout_topic,human_news_gazeta_0016,H,,0.0000104830,0,1.0
holdout_topic,human_news_gazeta_0017,H,,0.0261639644,0,1.0
holdout_topic,human_news_gazeta_0018,H,,0.0137641831,0,1.0
holdout_topic,human_news_gazeta_0019,H,,0.0000847235,0,1.0
holdout_topic,human_news_gazeta_0020,H,,0.0000397041,0,1.0
holdout_topic,human_news_gazeta_0021,H,,0.0070073700,0,1.0
holdout_topic,human_news_gazeta_0022,H,,0.0102386993,0,1.0
holdout_topic,human_news_gazeta_0023,H,,0.0000216279,0,1.0
holdout_topic,human_news_gazeta_0024,H,,0.0003008047,0,1.0
holdout_topic,human_news_gazeta_0025,H,,0.0015177740,0,1.0
holdout_topic,human_news_gazeta_0026,H,,0.0000679530,0,1.0
holdout_topic,human_news_gazeta_0027,H,,0.0003901530,0,1.0
holdout_topic,human_news_gazeta_0028,H,,0.0000314043,0,1.0
holdout_topic,human_news_gazeta_0029,H,,0.0112892396,0,1.0
holdout_topic,human_news_gazeta_0030,H,,0.3426111116,0,1.0
holdout_topic,human_news_gazeta_0031,H,,0.0099630796,0,1.0
holdout_topic,human_news_gazeta_0032,H,,0.0002570404,0,1.0
holdout_topic,human_news_gazeta_0033,H,,0.0016500823,0,1.0
holdout_topic,human_news_gazeta_0034,H,,0.1094726070,0,1.0
holdout_topic,human_news_gazeta_0035,H,,0.0196009210,0,1.0
holdout_topic,human_news_gazeta_0036,H,,0.0005236284,0,1.0
holdout_topic,human_news_gazeta_0037,H,,0.1951802362,0,1.0
holdout_topic,human_news_gazeta_0038,H,,0.2913875967,0,1.0
holdout_topic,human_news_gazeta_0039,H,,0.0097387670,0,1.0
holdout_topic,human_news_gazeta_0040,H,,0.0080081664,0,1.0
holdout_topic,human_news_gazeta_0041,H,,0.0000235604,0,1.0
holdout_topic,human_news_gazeta_0042,H,,0.0017505023,0,1.0
holdout_topic,human_news_gazeta_0043,H,,0.0392053999,0,1.0
holdout_topic,human_news_gazeta_0044,H,,0.0000968840,0,1.0
holdout_topic,human_news_gazeta_0045,H,,0.0002259297,0,1.0
holdout_topic,human_news_gazeta_0046,H,,0.0000207470,0,1.0
holdout_topic,human_news_gazeta_0047,H,,0.0007975094,0,1.0
holdout_topic,human_news_gazeta_0048,H,,0.0617314295,0,1.0
holdout_topic,human_news_gazeta_0049,H,,0.0831512398,0,1.0
holdout_topic,human_news_gazeta_0050,H,,0.0017460755,0,1.0
holdout_topic,human_news_gazeta_0051,H,,0.0003687669,0,1.0
holdout_topic,human_news_gazeta_0052,H,,0.0857016275,0,1.0
holdout_topic,human_news_gazeta_0053,H,,0.0291261289,0,1.0
holdout_topic,human_news_gazeta_0054,H,,0.0150255104,0,1.0
holdout_topic,human_news_gazeta_0055,H,,0.0001286433,0,1.0
holdout_topic,human_news_gazeta_0056,H,,0.0006608326,0,1.0
holdout_topic,human_news_gazeta_0057,H,,0.0349609515,0,1.0
holdout_topic,human_news_gazeta_0058,H,,0.0023358810,0,1.0
holdout_topic,human_news_gazeta_0059,H,,0.0005289188,0,1.0
holdout_topic,human_news_gazeta_0060,H,,0.0000373402,0,1.0
holdout_topic,human_news_lenta_0001,H,,0.0234036075,0,1.0
holdout_topic,human_news_lenta_0002,H,,0.0002461323,0,1.0
holdout_topic,human_news_lenta_0004,H,,0.0154013732,0,1.0
holdout_topic,human_news_lenta_0007,H,,0.0000000000,0,1.0
holdout_topic,human_news_lenta_0009,H,,0.0050792646,0,1.0
holdout_topic,human_news_lenta_0010,H,,0.0000000050,0,1.0
holdout_topic,human_news_lenta_0012,H,,0.0005404696,0,1.0
holdout_topic,human_news_lenta_0013,H,,0.0096977127,0,1.0
holdout_topic,human_news_lenta_0014,H,,0.0002289410,0,1.0
holdout_topic,human_news_lenta_0015,H,,0.0143101545,0,1.0
holdout_topic,human_news_lenta_0016,H,,0.0019534622,0,1.0
holdout_topic,human_news_lenta_0017,H,,0.0000001545,0,1.0
holdout_topic,human_news_lenta_0018,H,,0.0000002399,0,1.0
holdout_topic,human_news_lenta_0021,H,,0.0127677715,0,1.0
holdout_topic,human_news_lenta_0022,H,,0.0000314728,0,1.0
holdout_topic,human_news_lenta_0023,H,,0.0613239717,0,1.0
holdout_topic,human_news_lenta_0024,H,,0.0064318407,0,1.0
holdout_topic,human_news_lenta_0027,H,,0.1604263007,0,1.0
holdout_topic,human_news_lenta_0029,H,,0.0409596954,0,1.0
holdout_topic,human_news_lenta_0034,H,,0.0003514405,0,1.0
holdout_topic,human_news_lenta_0036,H,,0.0019225075,0,1.0
holdout_topic,human_news_lenta_0039,H,,0.0000000000,0,1.0
holdout_topic,human_news_lenta_0040,H,,0.0919129305,0,1.0
holdout_topic,human_news_lenta_0041,H,,0.0000104875,0,1.0
holdout_topic,human_news_lenta_0042,H,,0.0000035768,0,1.0
holdout_topic,human_news_lenta_0044,H,,0.0006856240,0,1.0
holdout_topic,human_news_lenta_0045,H,,0.0335821368,0,1.0
holdout_topic,human_news_lenta_0046,H,,0.0000006110,0,1.0
holdout_topic,human_news_lenta_0049,H,,0.0031230571,0,1.0
holdout_topic,human_news_lenta_0051,H,,0.0017162862,0,1.0
holdout_topic,human_news_lenta_0053,H,,0.0000236881,0,1.0
holdout_topic,human_news_lenta_0055,H,,0.0800229040,0,1.0
holdout_topic,human_science_cyberleninka_0001,H,,0.0310304972,0,1.0
holdout_topic,human_science_cyberleninka_0002,H,,0.8047270565,1,1.0
holdout_topic,human_science_cyberleninka_0003,H,,0.0296914573,0,1.0
holdout_topic,human_science_cyberleninka_0004,H,,0.0242609815,0,1.0
holdout_topic,human_science_cyberleninka_0005,H,,0.0035712999,0,1.0
holdout_topic,human_science_cyberleninka_0006,H,,0.0281853616,0,1.0
holdout_topic,human_science_cyberleninka_0007,H,,0.0833519718,0,1.0
holdout_topic,human_science_cyberleninka_0008,H,,0.0001468223,0,1.0
holdout_topic,human_science_cyberleninka_0009,H,,0.6238833861,1,1.0
holdout_topic,human_science_cyberleninka_0010,H,,0.0006221148,0,1.0
holdout_topic,human_science_cyberleninka_0011,H,,0.0006737691,0,1.0
holdout_topic,human_science_cyberleninka_0013,H,,0.3705700707,0,1.0
holdout_topic,human_science_cyberleninka_0014,H,,0.1777170746,0,1.0
holdout_topic,human_science_cyberleninka_0015,H,,0.0000338817,0,1.0
holdout_topic,human_science_cyberleninka_0016,H,,0.0113790533,0,1.0
holdout_topic,human_science_cyberleninka_0017,H,,0.0066498855,0,1.0
holdout_topic,human_science_cyberleninka_0018,H,,0.7270159729,1,1.0
holdout_topic,human_science_cyberleninka_0019,H,,0.4467343313,0,1.0
holdout_topic,human_science_cyberleninka_0020,H,,0.0021905381,0,1.0
holdout_topic,human_science_cyberleninka_0021,H,,0.5428951914,1,1.0
holdout_topic,human_science_cyberleninka_0022,H,,0.0009369317,0,1.0
holdout_topic,human_science_cyberleninka_0023,H,,0.8331265629,1,1.0
holdout_topic,human_science_cyberleninka_0024,H,,0.5356114255,1,1.0
holdout_topic,human_science_cyberleninka_0025,H,,0.0156020420,0,1.0
holdout_topic,human_science_cyberleninka_0026,H,,0.0071876754,0,1.0
holdout_topic,human_science_cyberleninka_0027,H,,0.0399977452,0,1.0
holdout_topic,human_science_cyberleninka_0028,H,,0.0000320585,0,1.0
holdout_topic,human_science_cyberleninka_0029,H,,0.0149053414,0,1.0
holdout_topic,human_science_cyberleninka_0030,H,,0.0000859184,0,1.0
holdout_topic,human_science_cyberleninka_0031,H,,0.1473057586,0,1.0
holdout_topic,human_science_cyberleninka_0032,H,,0.0230960369,0,1.0
holdout_topic,human_science_cyberleninka_0033,H,,0.8442934574,1,1.0
holdout_topic,human_science_cyberleninka_0034,H,,0.0001567325,0,1.0
holdout_topic,human_science_cyberleninka_0035,H,,0.4904129028,0,1.0
holdout_topic,human_science_cyberleninka_0036,H,,0.5011019627,1,1.0
holdout_topic,human_science_cyberleninka_0037,H,,0.1607066984,0,1.0
holdout_topic,human_science_cyberleninka_0038,H,,0.1181273460,0,1.0
holdout_topic,human_science_cyberleninka_0039,H,,0.0106863646,0,1.0
holdout_topic,human_science_cyberleninka_0040,H,,0.0006938055,0,1.0
holdout_topic,human_science_cyberleninka_0041,H,,0.0483795777,0,1.0
holdout_topic,human_science_cyberleninka_0042,H,,0.0001084865,0,1.0
holdout_topic,human_science_cyberleninka_0043,H,,0.0847786481,0,1.0
holdout_topic,human_science_cyberleninka_0044,H,,0.8150431918,1,1.0
holdout_topic,human_science_cyberleninka_0045,H,,0.0016519806,0,1.0
holdout_topic,human_science_cyberleninka_0046,H,,0.0000763360,0,1.0
holdout_topic,human_science_cyberleninka_0047,H,,0.0020852898,0,1.0
holdout_topic,human_science_cyberleninka_0048,H,,0.0000412523,0,1.0
holdout_topic,human_science_cyberleninka_0049,H,,0.0001732412,0,1.0
holdout_topic,human_science_cyberleninka_0050,H,,0.0006972859,0,1.0
holdout_topic,human_science_cyberleninka_0051,H,,0.1398270630,0,1.0
holdout_topic,human_science_cyberleninka_0052,H,,0.3639429613,0,1.0
holdout_topic,human_science_cyberleninka_0053,H,,0.0000275197,0,1.0
holdout_topic,human_science_cyberleninka_0054,H,,0.0181253460,0,1.0
holdout_topic,human_science_cyberleninka_0055,H,,0.0136078456,0,1.0
holdout_topic,human_science_cyberleninka_0056,H,,0.0491557674,0,1.0
holdout_topic,human_science_cyberleninka_0057,H,,0.1361797643,0,1.0
holdout_topic,human_science_cyberleninka_0058,H,,0.6043626760,1,1.0
holdout_topic,human_science_cyberleninka_0059,H,,0.8208986939,1,1.0
holdout_topic,human_science_cyberleninka_0060,H,,0.0247915212,0,1.0
holdout_topic,human_science_cyberleninka_0067,H,,0.5148528206,1,1.0
holdout_topic,human_science_spbgu_0001,H,,0.0009601352,0,1.0
holdout_topic,human_science_spbgu_0002,H,,0.0013370550,0,1.0
holdout_topic,human_science_spbgu_0003,H,,0.0315906402,0,1.0
holdout_topic,human_science_spbgu_0004,H,,0.0005147085,0,1.0
holdout_topic,human_science_spbgu_0005,H,,0.0245461058,0,1.0
holdout_topic,human_science_spbgu_0006,H,,0.0022719918,0,1.0
holdout_topic,human_science_spbgu_0007,H,,0.0003818030,0,1.0
holdout_topic,human_science_spbgu_0008,H,,0.0158492723,0,1.0
holdout_topic,human_science_spbgu_0009,H,,0.0001761095,0,1.0
holdout_topic,human_science_spbgu_0010,H,,0.0010817304,0,1.0
holdout_topic,human_science_spbgu_0011,H,,0.0066609445,0,1.0
holdout_topic,human_science_spbgu_0012,H,,0.0001351185,0,1.0
holdout_topic,human_science_spbgu_0013,H,,0.0001448087,0,1.0
holdout_topic,human_science_spbgu_0014,H,,0.0456115936,0,1.0
holdout_topic,human_science_spbgu_0015,H,,0.0127814393,0,1.0
holdout_topic,human_science_spbgu_0016,H,,0.0000711429,0,1.0
holdout_topic,human_science_spbgu_0017,H,,0.0027314770,0,1.0
holdout_topic,human_science_spbgu_0018,H,,0.0018552142,0,1.0
holdout_topic,human_science_spbgu_0019,H,,0.0224662859,0,1.0
holdout_topic,human_science_spbgu_0020,H,,0.0066238804,0,1.0
holdout_topic,human_science_spbgu_0021,H,,0.0000994245,0,1.0
holdout_topic,human_science_spbgu_0022,H,,0.0017454845,0,1.0
holdout_topic,human_science_spbgu_0023,H,,0.0009090941,0,1.0
holdout_topic,human_science_spbgu_0024,H,,0.0000826588,0,1.0
holdout_topic,human_science_spbgu_0025,H,,0.0001044348,0,1.0
holdout_topic,human_science_spbgu_0026,H,,0.0174572566,0,1.0
holdout_topic,human_science_spbgu_0027,H,,0.0000074506,0,1.0
holdout_topic,human_science_spbgu_0028,H,,0.0000309773,0,1.0
holdout_topic,human_science_spbgu_0029,H,,0.0000434560,0,1.0
holdout_topic,human_science_spbgu_0030,H,,0.0001328307,0,1.0
holdout_topic,human_science_spbgu_0031,H,,0.0010929569,0,1.0
holdout_topic,human_science_spbgu_0032,H,,0.0001342183,0,1.0
holdout_topic,human_science_spbgu_0033,H,,0.0000158098,0,1.0
holdout_topic,human_science_spbgu_0034,H,,0.0002739302,0,1.0
holdout_topic,human_science_spbgu_0035,H,,0.0000743654,0,1.0
holdout_topic,human_science_spbgu_0036,H,,0.0006410527,0,1.0
holdout_topic,human_science_spbgu_0037,H,,0.0034218596,0,1.0
holdout_topic,human_science_spbgu_0038,H,,0.0000417306,0,1.0
holdout_topic,human_science_spbgu_0039,H,,0.0140894648,0,1.0
holdout_topic,human_science_spbgu_0040,H,,0.0001720840,0,1.0
holdout_topic,human_science_spbgu_0041,H,,0.0006605198,0,1.0
holdout_topic,human_science_spbgu_0042,H,,0.0013122544,0,1.0
holdout_topic,human_science_spbgu_0043,H,,0.0003283265,0,1.0
holdout_topic,human_science_spbgu_0044,H,,0.0058061173,0,1.0
holdout_topic,human_science_spbgu_0045,H,,0.0002405222,0,1.0
holdout_topic,human_science_spbgu_0046,H,,0.0000150445,0,1.0
holdout_topic,human_science_spbgu_0048,H,,0.0003005503,0,1.0
holdout_topic,human_science_spbgu_0049,H,,0.0000777746,0,1.0
holdout_topic,human_science_spbgu_0050,H,,0.0033436328,0,1.0
holdout_topic,human_science_spbgu_0054,H,,0.0000006647,0,1.0
holdout_topic,human_science_spbgu_0055,H,,0.0001260619,0,1.0
holdout_topic,human_science_spbgu_0057,H,,0.0168368246,0,1.0
holdout_topic,human_science_spbgu_0059,H,,0.0007257469,0,1.0
holdout_topic,human_science_spbgu_0060,H,,0.0000004742,0,1.0
holdout_topic,human_science_spbgu_0061,H,,0.0000655293,0,1.0
holdout_topic,human_science_spbgu_0062,H,,0.0009504277,0,1.0
holdout_topic,human_science_spbgu_0063,H,,0.0173521678,0,1.0
holdout_topic,human_science_spbgu_0064,H,,0.0000262823,0,1.0
holdout_topic,human_science_spbgu_0065,H,,0.0000492988,0,1.0
holdout_topic,human_science_urfu_0001,H,,0.1399108829,0,1.0
holdout_topic,human_science_urfu_0002,H,,0.0031097591,0,1.0
holdout_topic,human_science_urfu_0003,H,,0.0519151609,0,1.0
holdout_topic,human_science_urfu_0004,H,,0.0124906826,0,1.0
holdout_topic,human_science_urfu_0005,H,,0.0217486786,0,1.0
holdout_topic,human_science_urfu_0006,H,,0.0015191418,0,1.0
holdout_topic,human_science_urfu_0007,H,,0.4655185246,0,1.0
holdout_topic,human_science_urfu_0008,H,,0.0002136226,0,1.0
holdout_topic,human_science_urfu_0009,H,,0.0036897048,0,1.0
holdout_topic,human_science_urfu_0010,H,,0.0091894630,0,1.0
holdout_topic,human_science_urfu_0011,H,,0.0099503499,0,1.0
holdout_topic,human_science_urfu_0012,H,,0.0008935645,0,1.0
holdout_topic,human_science_urfu_0013,H,,0.2198480368,0,1.0
holdout_topic,human_science_urfu_0014,H,,0.0000368956,0,1.0
holdout_topic,human_science_urfu_0015,H,,0.0096247213,0,1.0
holdout_topic,human_science_urfu_0016,H,,0.0238063029,0,1.0
holdout_topic,human_science_urfu_0017,H,,0.0096847777,0,1.0
holdout_topic,human_science_urfu_0018,H,,0.0043938092,0,1.0
holdout_topic,human_science_urfu_0019,H,,0.0152404701,0,1.0
holdout_topic,human_science_urfu_0020,H,,0.0000701618,0,1.0
holdout_topic,human_science_urfu_0021,H,,0.0054948107,0,1.0
holdout_topic,human_science_urfu_0022,H,,0.0077663434,0,1.0
holdout_topic,human_science_urfu_0023,H,,0.0000134541,0,1.0
holdout_topic,human_science_urfu_0024,H,,0.0358896721,0,1.0
holdout_topic,human_science_urfu_0025,H,,0.0672084324,0,1.0
holdout_topic,human_science_urfu_0026,H,,0.0404361614,0,1.0
holdout_topic,human_science_urfu_0027,H,,0.1194688416,0,1.0
holdout_topic,human_science_urfu_0028,H,,0.0290587695,0,1.0
holdout_topic,human_science_urfu_0029,H,,0.0043393584,0,1.0
holdout_topic,human_science_urfu_0030,H,,0.1602000366,0,1.0
holdout_topic,human_science_urfu_0031,H,,0.0000031941,0,1.0
holdout_topic,human_science_urfu_0032,H,,0.7503766939,1,1.0
holdout_topic,human_science_urfu_0033,H,,0.0071952245,0,1.0
holdout_topic,human_science_urfu_0034,H,,0.0037870218,0,1.0
holdout_topic,human_science_urfu_0035,H,,0.0308734510,0,1.0
holdout_topic,human_science_urfu_0036,H,,0.0092856634,0,1.0
holdout_topic,human_science_urfu_0037,H,,0.0282507143,0,1.0
holdout_topic,human_science_urfu_0038,H,,0.0000000043,0,1.0
holdout_topic,human_science_urfu_0039,H,,0.0000000899,0,1.0
holdout_topic,human_science_urfu_0040,H,,0.0000000000,0,1.0
holdout_topic,human_science_urfu_0041,H,,0.0000026678,0,1.0
holdout_topic,human_science_urfu_0042,H,,0.0000000234,0,1.0
holdout_topic,human_science_urfu_0043,H,,0.0000002007,0,1.0
holdout_topic,human_science_urfu_0044,H,,0.1069630137,0,1.0
holdout_topic,human_science_urfu_0045,H,,0.0217275556,0,1.0
holdout_topic,human_science_urfu_0046,H,,0.0000048102,0,1.0
holdout_topic,human_science_urfu_0047,H,,0.0236350176,0,1.0
holdout_topic,human_science_urfu_0048,H,,0.0001880525,0,1.0
holdout_topic,nemotron_b003_P1_r1,A,nemotron,0.9999991437,1,1.0
holdout_topic,nemotron_b003_P1_r2,A,nemotron,0.9999998150,1,1.0
holdout_topic,nemotron_b003_P2_r1,A,nemotron,0.9999998519,1,1.0
holdout_topic,nemotron_b003_P2_r2,A,nemotron,0.9999987427,1,1.0
holdout_topic,nemotron_b003_P3_r1,A,nemotron,0.9999968842,1,1.0
holdout_topic,nemotron_b003_P3_r2,A,nemotron,0.9811754423,1,1.0
holdout_topic,nemotron_b004_P1_r1,A,nemotron,0.9999873003,1,1.0
holdout_topic,nemotron_b004_P1_r2,A,nemotron,0.9993722229,1,1.0
holdout_topic,nemotron_b004_P2_r1,A,nemotron,0.9994709059,1,1.0
holdout_topic,nemotron_b004_P2_r2,A,nemotron,0.9999541060,1,1.0
holdout_topic,nemotron_b004_P3_r1,A,nemotron,0.9559007156,1,1.0
holdout_topic,nemotron_b004_P3_r2,A,nemotron,0.9796101319,1,1.0
holdout_topic,nemotron_b007_P1_r1,A,nemotron,0.9999972476,1,1.0
holdout_topic,nemotron_b007_P1_r2,A,nemotron,0.9999998423,1,1.0
holdout_topic,nemotron_b007_P2_r1,A,nemotron,0.9999999907,1,1.0
holdout_topic,nemotron_b007_P2_r2,A,nemotron,0.9999996815,1,1.0
holdout_topic,nemotron_b007_P3_r1,A,nemotron,0.9999982229,1,1.0
holdout_topic,nemotron_b007_P3_r2,A,nemotron,0.9999885715,1,1.0
holdout_topic,nemotron_b012_P1_r1,A,nemotron,0.9999990293,1,1.0
holdout_topic,nemotron_b012_P1_r2,A,nemotron,0.9999919504,1,1.0
holdout_topic,nemotron_b012_P2_r1,A,nemotron,0.9999990784,1,1.0
holdout_topic,nemotron_b012_P2_r2,A,nemotron,0.9999828130,1,1.0
holdout_topic,nemotron_b012_P3_r1,A,nemotron,0.9999998429,1,1.0
holdout_topic,nemotron_b012_P3_r2,A,nemotron,0.9993649345,1,1.0
holdout_topic,nemotron_b013_P1_r1,A,nemotron,0.9999997075,1,1.0
holdout_topic,nemotron_b013_P1_r2,A,nemotron,0.9994154671,1,1.0
holdout_topic,nemotron_b013_P2_r1,A,nemotron,0.9999049650,1,1.0
holdout_topic,nemotron_b013_P2_r2,A,nemotron,0.9999950847,1,1.0
holdout_topic,nemotron_b013_P3_r1,A,nemotron,0.9949601395,1,1.0
holdout_topic,nemotron_b013_P3_r2,A,nemotron,0.9955103791,1,1.0
holdout_topic,nemotron_b014_P1_r1,A,nemotron,0.9999998395,1,1.0
holdout_topic,nemotron_b014_P1_r2,A,nemotron,0.9999997763,1,1.0
holdout_topic,nemotron_b014_P2_r1,A,nemotron,0.9999997924,1,1.0
holdout_topic,nemotron_b014_P2_r2,A,nemotron,0.9999998381,1,1.0
holdout_topic,nemotron_b014_P3_r1,A,nemotron,0.9998092999,1,1.0
holdout_topic,nemotron_b014_P3_r2,A,nemotron,0.9999885831,1,1.0
holdout_topic,nemotron_b016_P1_r1,A,nemotron,0.9999611556,1,1.0
holdout_topic,nemotron_b016_P1_r2,A,nemotron,0.9999993095,1,1.0
holdout_topic,nemotron_b016_P2_r1,A,nemotron,0.9999974939,1,1.0
holdout_topic,nemotron_b016_P2_r2,A,nemotron,0.9999999309,1,1.0
holdout_topic,nemotron_b016_P3_r1,A,nemotron,0.9990546181,1,1.0
holdout_topic,nemotron_b016_P3_r2,A,nemotron,0.9998197336,1,1.0
holdout_topic,nemotron_b020_P1_r1,A,nemotron,0.9921229556,1,1.0
holdout_topic,nemotron_b020_P1_r2,A,nemotron,0.9999993712,1,1.0
holdout_topic,nemotron_b020_P2_r1,A,nemotron,0.9998987924,1,1.0
holdout_topic,nemotron_b020_P2_r2,A,nemotron,0.9999979979,1,1.0
holdout_topic,nemotron_b020_P3_r1,A,nemotron,0.9984266734,1,1.0
holdout_topic,nemotron_b020_P3_r2,A,nemotron,0.9918991421,1,1.0
holdout_topic,nemotron_b024_P1_r1,A,nemotron,0.9999988306,1,1.0
holdout_topic,nemotron_b024_P1_r2,A,nemotron,0.9999894927,1,1.0
holdout_topic,nemotron_b024_P2_r1,A,nemotron,0.9999999994,1,1.0
holdout_topic,nemotron_b024_P2_r2,A,nemotron,0.9999797102,1,1.0
holdout_topic,nemotron_b024_P3_r1,A,nemotron,0.9999663565,1,1.0
holdout_topic,nemotron_b024_P3_r2,A,nemotron,0.9999896674,1,1.0
holdout_topic,nemotron_b026_P1_r1,A,nemotron,0.9999570639,1,1.0
holdout_topic,nemotron_b026_P1_r2,A,nemotron,0.9997193514,1,1.0
holdout_topic,nemotron_b026_P2_r1,A,nemotron,0.9999833560,1,1.0
holdout_topic,nemotron_b026_P2_r2,A,nemotron,0.9999999749,1,1.0
holdout_topic,nemotron_b026_P3_r1,A,nemotron,0.8305598742,1,1.0
holdout_topic,nemotron_b026_P3_r2,A,nemotron,0.9999566130,1,1.0
holdout_topic,nemotron_b027_P1_r1,A,nemotron,0.9999983785,1,1.0
holdout_topic,nemotron_b027_P1_r2,A,nemotron,0.9999999739,1,1.0
holdout_topic,nemotron_b027_P2_r1,A,nemotron,0.9997834930,1,1.0
holdout_topic,nemotron_b027_P2_r2,A,nemotron,0.9999880908,1,1.0
holdout_topic,nemotron_b027_P3_r1,A,nemotron,0.9809421933,1,1.0
holdout_topic,nemotron_b027_P3_r2,A,nemotron,0.9996115981,1,1.0
holdout_topic,nemotron_b028_P1_r1,A,nemotron,0.9999694480,1,1.0
holdout_topic,nemotron_b028_P1_r2,A,nemotron,0.9999861627,1,1.0
holdout_topic,nemotron_b028_P2_r1,A,nemotron,0.9999917890,1,1.0
holdout_topic,nemotron_b028_P2_r2,A,nemotron,0.9999518375,1,1.0
holdout_topic,nemotron_b028_P3_r1,A,nemotron,0.9628910312,1,1.0
holdout_topic,nemotron_b037_P1_r1,A,nemotron,0.9998710810,1,1.0
holdout_topic,nemotron_b037_P1_r2,A,nemotron,0.9999762260,1,1.0
holdout_topic,nemotron_b037_P2_r1,A,nemotron,0.9999999917,1,1.0
holdout_topic,nemotron_b037_P2_r2,A,nemotron,0.9999904932,1,1.0
holdout_topic,nemotron_b037_P3_r1,A,nemotron,0.9436384550,1,1.0
holdout_topic,nemotron_b037_P3_r2,A,nemotron,0.9841777829,1,1.0
holdout_topic,nemotron_b043_P1_r1,A,nemotron,0.9999999980,1,1.0
holdout_topic,nemotron_b043_P1_r2,A,nemotron,0.9999964696,1,1.0
holdout_topic,nemotron_b043_P2_r1,A,nemotron,0.9999983272,1,1.0
holdout_topic,nemotron_b043_P2_r2,A,nemotron,0.9999999999,1,1.0
holdout_topic,nemotron_b043_P3_r1,A,nemotron,0.1893154124,0,1.0
holdout_topic,nemotron_b043_P3_r2,A,nemotron,0.9991326312,1,1.0
holdout_topic,nemotron_b044_P1_r1,A,nemotron,0.9999923990,1,1.0
holdout_topic,nemotron_b044_P1_r2,A,nemotron,0.9999999824,1,1.0
holdout_topic,nemotron_b044_P2_r1,A,nemotron,0.9999961732,1,1.0
holdout_topic,nemotron_b044_P2_r2,A,nemotron,0.9999998832,1,1.0
holdout_topic,nemotron_b044_P3_r1,A,nemotron,0.9999229405,1,1.0
holdout_topic,nemotron_b044_P3_r2,A,nemotron,0.9917016857,1,1.0
holdout_topic,real_claude_b003_P1_r1,A,real_claude,0.9976207031,1,1.0
holdout_topic,real_claude_b003_P1_r2,A,real_claude,0.9893953710,1,1.0
holdout_topic,real_claude_b003_P2_r1,A,real_claude,0.9971179744,1,1.0
holdout_topic,real_claude_b003_P2_r2,A,real_claude,0.9996629546,1,1.0
holdout_topic,real_claude_b003_P3_r1,A,real_claude,0.7860761834,1,1.0
holdout_topic,real_claude_b003_P3_r2,A,real_claude,0.9773580846,1,1.0
holdout_topic,real_claude_b004_P1_r1,A,real_claude,0.9997736307,1,1.0
holdout_topic,real_claude_b004_P1_r2,A,real_claude,0.9997448553,1,1.0
holdout_topic,real_claude_b004_P2_r1,A,real_claude,0.9983549044,1,1.0
holdout_topic,real_claude_b004_P2_r2,A,real_claude,0.9991890713,1,1.0
holdout_topic,real_claude_b004_P3_r1,A,real_claude,0.9993126437,1,1.0
holdout_topic,real_claude_b004_P3_r2,A,real_claude,0.9984770536,1,1.0
holdout_topic,real_claude_b007_P1_r1,A,real_claude,0.9977149436,1,1.0
holdout_topic,real_claude_b007_P1_r2,A,real_claude,0.9997370063,1,1.0
holdout_topic,real_claude_b007_P2_r1,A,real_claude,0.9432438361,1,1.0
holdout_topic,real_claude_b007_P2_r2,A,real_claude,0.9956025758,1,1.0
holdout_topic,real_claude_b007_P3_r1,A,real_claude,0.9995623719,1,1.0
holdout_topic,real_claude_b007_P3_r2,A,real_claude,0.9988700881,1,1.0
holdout_topic,real_claude_b012_P1_r1,A,real_claude,0.9995937266,1,1.0
holdout_topic,real_claude_b012_P1_r2,A,real_claude,0.9999893605,1,1.0
holdout_topic,real_claude_b012_P2_r1,A,real_claude,0.9997673003,1,1.0
holdout_topic,real_claude_b012_P2_r2,A,real_claude,0.9992550249,1,1.0
holdout_topic,real_claude_b012_P3_r1,A,real_claude,0.9994526960,1,1.0
holdout_topic,real_claude_b012_P3_r2,A,real_claude,0.9999861967,1,1.0
holdout_topic,real_claude_b013_P1_r1,A,real_claude,0.9998239032,1,1.0
holdout_topic,real_claude_b013_P1_r2,A,real_claude,0.9999740172,1,1.0
holdout_topic,real_claude_b013_P2_r1,A,real_claude,0.9845856321,1,1.0
holdout_topic,real_claude_b013_P2_r2,A,real_claude,0.9997247776,1,1.0
holdout_topic,real_claude_b013_P3_r1,A,real_claude,0.9997044295,1,1.0
holdout_topic,real_claude_b013_P3_r2,A,real_claude,0.9999658973,1,1.0
holdout_topic,real_claude_b014_P1_r1,A,real_claude,0.9999847008,1,1.0
holdout_topic,real_claude_b014_P1_r2,A,real_claude,0.9997462427,1,1.0
holdout_topic,real_claude_b014_P2_r1,A,real_claude,0.9999040766,1,1.0
holdout_topic,real_claude_b014_P2_r2,A,real_claude,0.9999903054,1,1.0
holdout_topic,real_claude_b014_P3_r1,A,real_claude,0.9996966129,1,1.0
holdout_topic,real_claude_b014_P3_r2,A,real_claude,0.9999042173,1,1.0
holdout_topic,real_claude_b016_P1_r1,A,real_claude,0.9999930257,1,1.0
holdout_topic,real_claude_b016_P1_r2,A,real_claude,0.9999634841,1,1.0
holdout_topic,real_claude_b016_P2_r1,A,real_claude,0.9998083672,1,1.0
holdout_topic,real_claude_b016_P2_r2,A,real_claude,0.9999940345,1,1.0
holdout_topic,real_claude_b016_P3_r1,A,real_claude,0.9993033483,1,1.0
holdout_topic,real_claude_b016_P3_r2,A,real_claude,0.9985385613,1,1.0
holdout_topic,real_claude_b020_P1_r1,A,real_claude,0.9989632397,1,1.0
holdout_topic,real_claude_b020_P1_r2,A,real_claude,0.9993957594,1,1.0
holdout_topic,real_claude_b020_P2_r1,A,real_claude,0.9980725647,1,1.0
holdout_topic,real_claude_b020_P2_r2,A,real_claude,0.9998726751,1,1.0
holdout_topic,real_claude_b020_P3_r1,A,real_claude,0.9991523017,1,1.0
holdout_topic,real_claude_b020_P3_r2,A,real_claude,0.9973212555,1,1.0
holdout_topic,real_claude_b024_P1_r1,A,real_claude,0.9999974285,1,1.0
holdout_topic,real_claude_b024_P1_r2,A,real_claude,0.9999896962,1,1.0
holdout_topic,real_claude_b024_P2_r1,A,real_claude,0.9999240178,1,1.0
holdout_topic,real_claude_b024_P2_r2,A,real_claude,0.9946878715,1,1.0
holdout_topic,real_claude_b024_P3_r1,A,real_claude,0.9999773101,1,1.0
holdout_topic,real_claude_b024_P3_r2,A,real_claude,0.9999998544,1,1.0
holdout_topic,real_claude_b026_P1_r1,A,real_claude,0.9999434763,1,1.0
holdout_topic,real_claude_b026_P1_r2,A,real_claude,0.9999626164,1,1.0
holdout_topic,real_claude_b026_P2_r1,A,real_claude,0.9997186280,1,1.0
holdout_topic,real_claude_b026_P2_r2,A,real_claude,0.9999938834,1,1.0
holdout_topic,real_claude_b026_P3_r1,A,real_claude,0.9976994036,1,1.0
holdout_topic,real_claude_b026_P3_r2,A,real_claude,0.9992523983,1,1.0
holdout_topic,real_claude_b027_P1_r1,A,real_claude,0.9988378329,1,1.0
holdout_topic,real_claude_b027_P1_r2,A,real_claude,0.9966304067,1,1.0
holdout_topic,real_claude_b027_P2_r1,A,real_claude,0.9968872756,1,1.0
holdout_topic,real_claude_b027_P2_r2,A,real_claude,0.9999543951,1,1.0
holdout_topic,real_claude_b027_P3_r1,A,real_claude,0.9991678576,1,1.0
holdout_topic,real_claude_b027_P3_r2,A,real_claude,0.9999804302,1,1.0
holdout_topic,real_claude_b028_P1_r1,A,real_claude,0.9994889488,1,1.0
holdout_topic,real_claude_b028_P1_r2,A,real_claude,0.9999733109,1,1.0
holdout_topic,real_claude_b028_P2_r1,A,real_claude,0.9998356550,1,1.0
holdout_topic,real_claude_b028_P2_r2,A,real_claude,0.9805147121,1,1.0
holdout_topic,real_claude_b028_P3_r1,A,real_claude,0.9983985760,1,1.0
holdout_topic,real_claude_b028_P3_r2,A,real_claude,0.9961028486,1,1.0
holdout_topic,real_claude_b037_P1_r1,A,real_claude,0.9985334912,1,1.0
holdout_topic,real_claude_b037_P1_r2,A,real_claude,0.9999641084,1,1.0
holdout_topic,real_claude_b037_P2_r1,A,real_claude,0.9999767897,1,1.0
holdout_topic,real_claude_b037_P2_r2,A,real_claude,0.9998561748,1,1.0
holdout_topic,real_claude_b037_P3_r1,A,real_claude,0.9999621430,1,1.0
holdout_topic,real_claude_b037_P3_r2,A,real_claude,0.9999932178,1,1.0
holdout_topic,real_claude_b043_P1_r1,A,real_claude,0.9999961699,1,1.0
holdout_topic,real_claude_b043_P1_r2,A,real_claude,0.9999894900,1,1.0
holdout_topic,real_claude_b043_P2_r1,A,real_claude,0.9935188780,1,1.0
holdout_topic,real_claude_b043_P2_r2,A,real_claude,0.9999891332,1,1.0
holdout_topic,real_claude_b043_P3_r1,A,real_claude,0.9999397622,1,1.0
holdout_topic,real_claude_b043_P3_r2,A,real_claude,0.9993719408,1,1.0
holdout_topic,real_claude_b044_P1_r1,A,real_claude,0.9999426777,1,1.0
holdout_topic,real_claude_b044_P1_r2,A,real_claude,0.9999830678,1,1.0
holdout_topic,real_claude_b044_P2_r1,A,real_claude,0.9999811082,1,1.0
holdout_topic,real_claude_b044_P2_r2,A,real_claude,0.9999804316,1,1.0
holdout_topic,real_claude_b044_P3_r1,A,real_claude,0.9999140388,1,1.0
holdout_topic,real_claude_b044_P3_r2,A,real_claude,0.9999631145,1,1.0
