key,document_id,transform_number,L01,L02,L04,L05,S01,S02,S03,S06,S08,R01,M01,D04,D05,C01,C02,F04,F05,F06,F01,R06,R07,P01
t01:deepseek_pro_b002_P3_r1,deepseek_pro_b002_P3_r1,1,144.10222888802025,0.8676419965576593,0.6777163904235728,0.6688687035507844,13.761363636363637,0.47657376910552973,11,3.3707865168539324,0.12359550561797752,0.47657376910552973,0.08561715524786978,7.431874483897605,0.0,9.0311986863711,10.673234811165846,0.0,0.0,0.0,0.0,0.0,0.0,0.0
t01:deepseek_pro_b004_P2_r1,deepseek_pro_b004_P2_r1,1,191.97946207699397,0.8974683544303798,0.6550868486352357,0.6579261025029798,14.220338983050848,0.5760630704297756,10,6.779661016949152,0.11864406779661017,0.5760630704297756,0.07099975624956112,10.727056019070321,0.0,4.7086521483225425,6.474396703943496,0.0,0.0,0.0,13.53737492642731,4.120070629782225,14.125956444967628,0.5126545026486169
t01:deepseek_pro_b007_P3_r2,deepseek_pro_b007_P3_r2,1,138.85266958450703,0.849974358974359,0.622792937399679,0.7184586699813549,11.575539568345324,0.6208715267106395,11,4.316546762589928,0.10071942446043165,0.6208715267106395,0.08632024427261085,9.322560596643878,0.0,2.923976608187134,1.7543859649122806,0.0,0.0,0.0,5.847953216374268,2.923976608187134,1.7543859649122806,0.03274853801169586
t01:deepseek_pro_b009_P1_r1,deepseek_pro_b009_P1_r1,1,160.30724594176462,0.8747044632086851,0.6433878157503715,0.6391329818394845,13.440944881889763,0.5621461333574972,10,8.661417322834646,0.11811023622047244,0.5621461333574972,0.08013254629150285,7.615700058582308,0.5858230814294083,5.720823798627002,21.16704805491991,0.0,0.0,1.0,5.720823798627003,4.004576659038902,0.0,0.02631578947368418
t01:deepseek_pro_b009_P2_r2,deepseek_pro_b009_P2_r2,1,220.69954461252246,0.9047116968698516,0.6934097421203438,0.7088414634146342,14.909090909090908,0.5261137895951021,9,6.818181818181818,0.0,0.5261137895951021,0.0552677547978914,9.146341463414634,4.573170731707317,8.04289544235925,6.702412868632708,0.0,0.0,0.0,10.723860589812332,4.6916890080428955,8.71313672922252,0.5576407506702412
t01:deepseek_pro_b021_P2_r2,deepseek_pro_b021_P2_r2,1,218.6173989040632,0.9104232804232804,0.6756756756756757,0.7189695550351288,12.93939393939394,0.4080035981984797,10,6.0606060606060606,0.12121212121212122,0.4080035981984797,0.08183632057775996,0.0,0.0,5.524861878453039,4.419889502762431,0.0,0.0,0.0,6.629834254143647,5.524861878453039,20.994475138121548,0.523756906077348
t01:deepseek_pro_b037_P2_r2,deepseek_pro_b037_P2_r2,1,277.30509963012247,0.9014324324324323,0.7305122494432071,0.6958174904942965,13.60344827586207,0.35400505626652773,9,0.0,0.27586206896551724,0.35400505626652773,0.07562845760899467,2.534854245880862,1.267427122940431,4.078857919782461,3.3990482664853836,0.0,0.0,1.0,23.11352821210061,4.758667573079538,19.03467029231815,0.460231135282121
t01:deepseek_pro_b038_P1_r2,deepseek_pro_b038_P1_r2,1,187.61320150719234,0.8774771689497717,0.6981865284974094,0.6324264297612437,12.16891891891892,0.638078699079229,12,4.72972972972973,0.14189189189189189,0.638078699079229,0.07879784617285299,8.883953359244863,4.441976679622432,7.389162561576354,6.8965517241379315,0.4835589941972921,0.0,1.0,5.41871921182266,3.4482758620689657,3.4482758620689657,0.10443349753694586
t01:gpt_b004_P1_r1,gpt_b004_P1_r1,1,100.46141132869235,0.8410912190963342,0.5216216216216216,0.6661211129296236,12.597938144329897,0.4529102283861148,8,2.0618556701030926,0.16494845360824742,0.4529102283861148,0.09280206033484822,5.728314238952537,0.0,5.691056910569106,1.6260162601626016,0.0,0.0,0.0,0.0,0.0,0.0,0.003252032520325243
t01:gpt_b004_P3_r1,gpt_b004_P3_r1,1,102.71121132739177,0.8435714285714285,0.552,0.6992481203007519,10.98165137614679,0.4544578896513581,9,4.587155963302752,0.2018348623853211,0.4544578896513581,0.08576911438915433,3.341687552213868,0.0,4.159733777038269,0.831946755407654,0.0,0.0,0.0,0.0,0.0,0.0,0.0033277870216306127
t01:gpt_b021_P3_r2,gpt_b021_P3_r2,1,195.1665363924778,0.9047903225806452,0.5598455598455598,0.747866563227308,13.712765957446809,0.4785727741790235,11,8.51063829787234,0.10638297872340426,0.4785727741790235,0.07535539730157544,9.309542280837858,0.0,0.0,0.0,0.0,0.0,0.0,0.7680491551459293,0.0,0.0,0.0023041474654378336
t01:gpt_b026_P1_r1,gpt_b026_P1_r1,1,205.57688706938956,0.8990496760259179,0.579225352112676,0.7364394993045897,12.725663716814159,0.5370094962148817,11,4.424778761061947,0.13274336283185842,0.5370094962148817,0.06507772669798151,9.735744089012517,4.867872044506258,0.671591672263264,0.0,0.0,0.0,0.0,4.701141705842847,0.0,0.0,0.022162525184687754
t01:gpt_b028_P2_r1,gpt_b028_P2_r1,1,147.975836725612,0.8752,0.5702702702702702,0.6979405034324943,11.972602739726028,0.5015254079984013,10,10.95890410958904,0.1506849315068493,0.5015254079984013,0.0809922826381548,8.009153318077804,0.0,1.9749835418038184,0.0,0.0,0.0,0.0,1.9749835418038184,4.6082949308755765,26.991441737985518,0.4233048057932851
t01:gpt_b031_P1_r1,gpt_b031_P1_r1,1,179.46622719729322,0.8876082004555809,0.5669144981412639,0.7284040995607614,15.010989010989011,0.5465096452324775,11,1.098901098901099,0.17582417582417584,0.5465096452324775,0.06693339674241676,10.248901903367496,0.0,6.493506493506494,0.0,0.0,0.0,0.0,0.0,4.329004329004329,0.0,0.018037518037518074
t01:gpt_b040_P2_r1,gpt_b040_P2_r1,1,193.91346153846155,0.9019457436856875,0.5535307517084282,0.7039355992844365,13.802469135802468,0.5063035904219928,9,8.641975308641975,0.24691358024691357,0.5063035904219928,0.058675575249126526,8.050089445438283,0.0,7.078507078507079,0.0,0.0,0.0,0.0,1.9305019305019306,4.504504504504505,26.383526383526384,0.2792792792792793
t01:human_hard_rusltc_0001,human_hard_rusltc_0001,1,210.96829628190258,0.8889212827988338,0.7355769230769231,0.6285714285714286,19.342105263157894,0.5929336633887965,12,0.0,0.0,0.5929336633887965,0.06252956787835473,1.3605442176870748,5.442176870748299,49.86522911051213,9.433962264150942,0.0,0.0,0.0,0.0,0.0,0.0,0.008086253369272267
t01:human_hard_rusltc_0002,human_hard_rusltc_0002,1,132.40256340736954,0.8542639040348964,0.6526548672566371,0.6252587991718427,18.22641509433962,0.4704519741728786,14,5.660377358490566,0.1320754716981132,0.4704519741728786,0.10433687949699923,0.0,0.0,52.083333333333336,26.041666666666668,0.0,0.0,0.0,0.0,0.0,0.0,0.004166666666666652
t01:human_hard_rusltc_0003,human_hard_rusltc_0003,1,207.16242149865502,0.8656953642384106,0.7073490813648294,0.7107119948685054,23.26865671641791,0.4378636643377423,13,1.492537313432836,0.05970149253731343,0.4378636643377423,0.10100553432266555,10.262989095574087,0.0,48.3768300445576,14.00381922342457,0.0,0.0,0.0,0.0,0.0,0.0,0.0
t01:human_hard_rusltc_0055,human_hard_rusltc_0055,1,94.38954402515722,0.80890756302521,0.6582633053221288,0.6579292267365662,14.12962962962963,0.42973809697175863,11,3.7037037037037037,0.09259259259259259,0.42973809697175863,0.11021375896518697,2.6212319790301444,1.3106159895150722,7.653061224489796,6.377551020408163,0.0,0.0,0.0,0.0,0.0,0.0,0.02423469387755106
t01:human_hard_rusltc_0068,human_hard_rusltc_0068,1,108.4239753807297,0.8056176853055916,0.7191780821917808,0.6907090464547677,16.36,1.0674440363582849,15,8.0,0.18,1.0674440363582849,0.09146686893709716,3.667481662591687,0.0,65.35141800246609,40.6905055487053,0.0,0.0,0.0,0.0,0.0,0.0,0.0
t01:human_hard_rusltc_0073,human_hard_rusltc_0073,1,168.5861480764578,0.8687088274044796,0.6704384724186704,0.6522016592214422,16.849462365591396,0.5554318404148679,14,2.150537634408602,0.06451612903225806,0.5554318404148679,0.09696219979907386,5.74345883854499,1.2763241863433312,24.93606138107417,11.508951406649617,0.0,0.0,0.0,0.0,0.0,0.0,0.0
t01:human_news_buriy_2014_0027,human_news_buriy_2014_0027,1,116.49088637476343,0.8481564245810056,0.7083333333333334,0.5986928104575163,19.125,0.7193898462541232,10,2.4390243902439024,0.0975609756097561,0.7193898462541232,0.09431404512891446,5.228758169934641,2.6143790849673203,42.19948849104859,0.0,0.0,0.0,0.0,0.0,0.0,0.0,0.014066496163682829
t01:human_news_buriy_2014_0034,human_news_buriy_2014_0034,1,160.78295976890303,0.8801657458563537,0.6787003610108303,0.7048458149779736,19.912280701754387,0.49998092577208064,15,1.7543859649122806,0.0,0.49998092577208064,0.08158499880335991,6.167400881057269,0.0,66.09442060085837,38.62660944206009,0.0,0.0,0.0,0.0,0.0,0.0,0.019742489270386243
t01:human_news_gazeta_0031,human_news_gazeta_0031,1,144.13925438596493,0.86364896073903,0.6029776674937966,0.6644808743169399,18.3,0.4435588671614907,9,0.0,0.22,0.4435588671614907,0.08149939334362817,3.278688524590164,0.0,57.54614549402823,11.943539630836048,0.0,0.0,0.0,0.0,0.0,0.0,0.0
t01:human_news_gazeta_0040,human_news_gazeta_0040,1,150.54915352058487,0.8681909547738694,0.6896551724137931,0.6840236686390533,21.125,0.4558350417951525,10,0.0,0.0,0.4558350417951525,0.07233803978188792,5.9171597633136095,0.0,71.0128055878929,19.79045401629802,0.0,0.0,0.0,0.0,0.0,0.0,0.0
t01:human_news_lenta_0001,human_news_lenta_0001,1,199.27337281428052,0.8987136294027566,0.6512261580381471,0.7065527065527065,20.057142857142857,0.5124514527723144,11,0.0,0.0,0.5124514527723144,0.07347657256455101,1.4245014245014245,0.0,62.5,17.045454545454547,0.0,0.0,0.0,0.0,0.0,0.0,0.0
t01:human_news_lenta_0016,human_news_lenta_0016,1,226.01851548418813,0.8944795321637427,0.7572815533980582,0.6869469026548672,11.894736842105264,0.42946468958104167,8,3.9473684210526314,0.2236842105263158,0.42946468958104167,0.09895981955285674,6.6371681415929205,0.0,65.74761399787911,72.1102863202545,0.0,0.0,0.0,0.0,0.0,0.0,0.0
t01:human_prose_taiga_arzamas_0050,human_prose_taiga_arzamas_0050,1,145.0279289256402,0.8509140148950575,0.7294429708222812,0.6618610747051114,16.955555555555556,0.7231329385360367,11,6.666666666666667,0.08888888888888889,0.7231329385360367,0.09136419068632108,9.174311926605505,2.6212319790301444,26.899798251513115,18.83116883116883,0.0,0.0,0.0,0.0,0.0,0.0,0.0006493506493506773
t01:human_prose_taiga_arzamas_0051,human_prose_taiga_arzamas_0051,1,185.23459923451782,0.8658554044380815,0.6909090909090909,0.6846473029045643,15.221052631578948,0.5133164724857383,11,0.0,0.05263157894736842,0.5133164724857383,0.09202881619383702,4.840940525587828,0.0,77.6566757493188,9.536784741144414,0.0,0.0,0.0,0.0,0.0,0.0,0.0
t01:human_prose_taiga_magazines_0048,human_prose_taiga_magazines_0048,1,168.78274537198743,0.8571980963712077,0.6918238993710691,0.624743476986221,11.641638225255972,0.9308382926647503,13,15.824915824915825,0.12457912457912458,0.9308382926647503,0.0927487841895263,5.570214013485781,9.674582233948989,54.20666290231508,1.693958215697346,0.0,0.0,0.0,0.0,0.0,0.0,0.02202145680406553
t01:human_prose_taiga_magazines_0053,human_prose_taiga_magazines_0053,1,222.33351389756092,0.836517719568567,0.8508771929824561,0.6361031518624641,26.846153846153847,1.1864556935121444,17,23.076923076923077,0.07692307692307693,1.1864556935121444,0.05932656926466646,10.02865329512894,4.2979942693409745,50.13550135501355,1.3550135501355014,0.0,0.0,0.0,0.0,0.0,0.0,0.0027100271002710175
t01:human_prose_taiga_proza_0034,human_prose_taiga_proza_0034,1,114.79908464325605,0.8418813314037626,0.6771428571428572,0.5797297297297297,12.758620689655173,0.5497888308363714,9,7.042253521126761,0.028169014084507043,0.5497888308363714,0.07942888697304888,1.3513513513513513,4.054054054054054,45.87155963302752,0.0,0.0,0.0,0.0,0.0,0.0,0.0,0.0
t01:human_prose_taiga_proza_0056,human_prose_taiga_proza_0056,1,176.87700760777682,0.8674820143884892,0.7707317073170732,0.6287683031869078,15.904109589041095,0.6121450792172608,12,2.7027027027027026,0.10810810810810811,0.6121450792172608,0.09522970685921352,3.4453057708871664,0.8613264427217916,28.63777089783282,0.7739938080495357,0.0,0.0,0.0,0.0,0.0,3.8699690402476783,0.0797213622291022
t01:human_science_cyberleninka_0026,human_science_cyberleninka_0026,1,185.322434412762,0.8838939119951779,0.6469104665825978,0.7037470725995316,16.91089108910891,0.9590970383263007,17,1.9801980198019802,0.22772277227722773,0.9590970383263007,0.08036135693498986,4.098360655737705,0.0,46.98972099853157,58.720930232558146,0.0,0.0,0.0,0.0,0.0,0.0,0.010465116279069764
t01:human_science_cyberleninka_0031,human_science_cyberleninka_0031,1,96.19619098996945,0.8172375690607735,0.5544794188861986,0.7048458149779736,15.133333333333333,0.597024258193962,15,16.0,0.10666666666666667,0.597024258193962,0.09898336003947683,7.048458149779735,0.0,13.953488372093023,75.08305647840533,0.0,0.0,0.0,0.0,0.0,2.6578073089700998,0.24584717607973416
t01:human_science_cyberleninka_0032,human_science_cyberleninka_0032,1,81.72065883879678,0.8141681260945709,0.5566502463054187,0.6104114189756508,26.466666666666665,0.4336941417374494,13,0.0,0.10638297872340426,0.4336941417374494,0.09054012744478797,1.6792611251049538,0.0,21.885521885521886,103.53535353535354,0.0,0.0,0.0,0.0,0.0,0.0,0.021043771043771087
t01:human_science_cyberleninka_0053,human_science_cyberleninka_0053,1,79.11991645322036,0.7943584905660377,0.6290018832391714,0.5636419944255188,16.55897435897436,0.7033042213413476,12,2.5641025641025643,0.1794871794871795,0.7033042213413476,0.13658421990133846,4.026014245896563,0.0,55.053763440860216,241.93548387096774,0.0,0.0,0.0,7.311827956989247,0.0,9.24731182795699,0.32795698924731187
t01:human_science_spbgu_0024,human_science_spbgu_0024,1,153.17593378423138,0.8525125628140703,0.6651665166516652,0.653968253968254,11.524390243902438,0.8007007669909054,12,5.241935483870968,0.22983870967741934,0.8007007669909054,0.09170322588835289,3.1746031746031744,2.1164021164021163,59.10895456550507,52.95735900962861,0.0,0.0,0.0,0.0,0.0,0.0,0.03266850068775795
t01:human_science_urfu_0028,human_science_urfu_0028,1,91.24475933240947,0.8083378519290928,0.5363128491620112,0.7646573080099092,20.183333333333334,0.7790096839852773,15,0.4166666666666667,0.275,0.7790096839852773,0.10703400197561051,8.05119735755574,0.0,26.20274914089347,15.902140672782874,0.0,0.0,0.0,0.8154943934760448,0.0,0.0,0.00346585117227316
t01:human_seo_alaev_0004,human_seo_alaev_0004,1,138.39751313214123,0.8504844606946983,0.6821345707656613,0.5815824765310684,13.557575757575757,0.595189540628276,12,12.121212121212121,0.10909090909090909,0.595189540628276,0.0868650231717933,5.364327223960662,6.705409029950827,7.311827956989247,7.741935483870968,0.0,0.0,0.0,0.0,0.0,0.0,0.02709677419354839
t01:human_seo_convertmonster_0001,human_seo_convertmonster_0001,1,85.65891472868216,0.8033970276008492,0.6937269372693727,0.6557692307692308,13.68421052631579,0.4460023758935984,9,13.157894736842104,0.23684210526315788,0.4460023758935984,0.12256196860467322,5.769230769230769,0.0,8.16326530612245,44.89795918367347,0.0,0.0,0.0,0.0,0.0,0.0,0.2857142857142857
t01:human_seo_devaka_ru_0004,human_seo_devaka_ru_0004,1,140.98841876557483,0.8554514285714285,0.6705607476635514,0.6439393939393939,13.014084507042254,0.6466156326528126,10,21.12676056338028,0.14084507042253522,0.6466156326528126,0.10167892108371056,5.411255411255412,8.658008658008658,14.732965009208103,76.42725598526704,0.0,0.0,0.0,0.0,0.0,0.0,0.14548802946592998
t01:human_seo_drmax_0002,human_seo_drmax_0002,1,92.11411738826882,0.8154337899543379,0.5989085948158254,0.6267326732673267,12.317073170731707,0.6152126879665203,11,23.170731707317074,0.0975609756097561,0.6152126879665203,0.08737680340601284,3.9603960396039604,6.930693069306931,19.26691729323308,19.26691729323308,0.0,0.0,0.0,0.0,0.0,0.0,0.03900375939849621
t01:human_seo_drmax_su_0001,human_seo_drmax_su_0001,1,83.59662999909266,0.8016298811544992,0.6840490797546013,0.6536050156739812,8.075949367088608,0.748685070522984,9,22.78481012658228,0.10126582278481013,0.748685070522984,0.11133147280549803,3.134796238244514,7.836990595611285,8.148148148148147,42.96296296296296,0.0,0.0,0.0,0.0,0.0,7.4074074074074066,0.522962962962963
t01:human_seo_labrika_0002,human_seo_labrika_0002,1,99.15143040930417,0.8241323529411764,0.6164874551971327,0.7097232079489,11.741666666666667,0.6543644225492629,11,3.3333333333333335,0.25833333333333336,0.6543644225492629,0.11409785524997434,3.5486160397444997,1.4194464158978,33.633633633633636,34.234234234234236,0.0,0.0,0.0,0.0,0.0,0.0,0.11531531531531536
t01:nemotron_b012_P1_r1,nemotron_b012_P1_r1,1,248.38157676398325,0.8986558044806517,0.7352941176470589,0.7185185185185186,13.5,0.5487073967540868,10,7.5,0.05,0.5487073967540868,0.07063935751025123,9.25925925925926,1.8518518518518519,28.978622327790973,31.82897862232779,0.0,0.0,0.0,28.028503562945367,9.026128266033254,30.878859857482183,0.7415676959619952
t01:nemotron_b015_P3_r2,nemotron_b015_P3_r2,1,245.94896632270695,0.8867751657625076,0.6928487690504103,0.7060889929742389,13.138461538461538,0.5051175177142027,10,36.15384615384615,0.1,0.5051175177142027,0.08769456428006639,9.36768149882904,0.0,35.27168732125834,17.159199237368924,0.0,0.0,0.0,2.3832221163012393,0.0,14.299332697807436,0.19780743565300285
t01:nemotron_b016_P1_r1,nemotron_b016_P1_r1,1,184.61064158136116,0.8754681139755767,0.6714628297362111,0.6768447837150128,10.342105263157896,0.6463302007889578,10,9.210526315789474,0.02631578947368421,0.6463302007889578,0.07626103051037084,2.544529262086514,2.544529262086514,26.211671612265086,26.211671612265086,0.0,0.0,0.0,37.58654797230465,3.4619188921859547,24.727992087042534,0.6008902077151335
t01:nemotron_b022_P3_r2,nemotron_b022_P3_r2,1,187.84316577554196,0.8693877551020408,0.6844741235392321,0.7291993720565149,11.274336283185841,0.6738563502643605,9,3.5398230088495577,0.017699115044247787,0.6738563502643605,0.08287453061235257,5.4945054945054945,0.0,15.645371577574968,25.423728813559322,0.0,0.0,0.0,14.99348109517601,4.563233376792699,6.51890482398957,0.16688396349413304
t01:nemotron_b028_P1_r2,nemotron_b028_P1_r2,1,213.14576517751658,0.901,0.6961538461538461,0.6967294350842418,10.09,0.6912625710012941,9,28.0,0.07,0.6912625710012941,0.06919014591654699,6.937561942517344,5.946481665014867,17.179384738314024,42.34918098282061,0.0,0.0,0.0,22.373152217339193,9.98801438274071,25.56931681981622,0.5948861366360367
t01:nemotron_b033_P2_r2,nemotron_b033_P2_r2,1,297.0398966152493,0.9389602446483181,0.7509881422924901,0.723404255319149,11.75,0.5582891674497563,9,6.25,0.0,0.5582891674497563,0.0683485708008621,0.0,7.9787234042553195,20.84884586746091,25.31645569620253,0.0,0.0,0.0,34.99627699180938,6.701414743112435,55.10052122114669,0.7185405807892777
t01:nemotron_b038_P1_r2,nemotron_b038_P1_r2,1,197.7123188405797,0.8732798573975045,0.6938435940099834,0.703672075149445,11.71,0.4851020071482599,8,19.0,0.06,0.4851020071482599,0.06793054523805274,10.247651579846286,0.0,21.13758647194466,21.13758647194466,0.0,0.0,0.0,32.28285933897002,5.764796310530361,27.286702536510376,0.5430438124519601
t01:real_claude_b015_P2_r1,real_claude_b015_P2_r1,1,202.02864408047267,0.898273381294964,0.7008797653958945,0.6892561983471074,14.404761904761905,0.5500678996132115,9,4.761904761904762,0.0,0.5500678996132115,0.08587507456236158,9.917355371900827,4.958677685950414,5.257009345794392,2.9205607476635516,0.0,0.0,0.0,18.10747663551402,4.672897196261682,30.373831775700936,0.6425233644859814
t01:real_claude_b018_P3_r2,real_claude_b018_P3_r2,1,178.88203303537853,0.8803939393939393,0.6262626262626263,0.6851716581446311,14.260416666666666,0.5064136952904733,9,0.0,0.0625,0.5064136952904733,0.07249891311694216,5.843681519357195,0.0,2.8228652081863093,0.0,0.0,0.0,0.0,7.057163020465773,4.234297812279464,0.0,0.016231474947071223
t01:real_claude_b024_P1_r2,real_claude_b024_P1_r2,1,185.62907295696397,0.883728448275862,0.6553911205073996,0.6949846468781986,11.36046511627907,0.689798777566002,10,3.488372093023256,0.046511627906976744,0.689798777566002,0.07817386897470766,2.0470829068577276,0.0,2.602472348731295,8.458035133376708,0.0,0.0,0.0,26.67534157449577,4.554326610279766,18.867924528301884,0.346779440468445
t01:real_claude_b025_P2_r1,real_claude_b025_P2_r1,1,165.31900774548922,0.8607102803738318,0.6468646864686468,0.6558219178082192,13.581395348837209,0.5914974468978039,11,2.3255813953488373,0.09302325581395349,0.5914974468978039,0.08259617612798996,18.835616438356166,5.136986301369863,2.094972067039106,0.6983240223463687,0.0,0.0,0.0,18.156424581005588,5.58659217877095,20.251396648044693,0.5858938547486033
t01:real_claude_b034_P2_r2,real_claude_b034_P2_r2,1,252.4886418603814,0.9137500000000001,0.6373873873873874,0.7190635451505016,12.814285714285715,0.5524975076662874,9,18.571428571428573,0.08571428571428572,0.5524975076662874,0.07776714161468999,8.918617614269788,3.3444816053511706,1.8028846153846154,3.004807692307692,0.0,0.0,0.0,13.221153846153845,4.8076923076923075,24.038461538461537,0.4471153846153846
t01:real_claude_b040_P3_r2,real_claude_b040_P3_r2,1,198.10786634976296,0.8806533864541833,0.657672849915683,0.6702453987730062,13.443298969072165,0.5622180702152093,12,3.0927835051546393,0.0,0.5622180702152093,0.07339199289884035,10.736196319018404,0.0,2.9197080291970803,0.0,0.0,0.0,0.0,9.489051094890511,5.839416058394161,0.0,0.021897810218978075
t01:real_claude_b042_P3_r2,real_claude_b042_P3_r2,1,176.70709425199306,0.8673302469135802,0.67430441898527,0.6609665427509294,16.011904761904763,0.6014988198449313,13,3.5714285714285716,0.047619047619047616,0.6014988198449313,0.05893219586639365,11.152416356877323,0.0,2.1598272138228944,5.759539236861051,0.0,0.0,0.0,5.759539236861051,5.0395968322534195,0.0,0.016558675305975545
t01:real_claude_b045_P3_r1,real_claude_b045_P3_r1,1,224.77058428043745,0.8848303393213574,0.6432748538011696,0.6900773195876289,13.264957264957266,0.6293604147449869,9,2.5641025641025643,0.05982905982905983,0.6293604147449869,0.0697048626601173,5.798969072164948,0.0,14.860681114551083,0.0,0.0,0.0,0.0,14.860681114551085,4.953560371517028,0.0,0.019195046439628438
t02:deepseek_pro_b002_P3_r1,deepseek_pro_b002_P3_r1,2,144.10222888802025,0.8676419965576593,0.6777163904235728,0.6688687035507844,13.761363636363637,0.47657376910552973,11,3.3707865168539324,0.12359550561797752,0.47657376910552973,0.08579597361658525,7.431874483897605,0.0,9.0311986863711,10.673234811165846,0.0,0.0,0.0,0.0,0.0,0.0,0.0
t02:deepseek_pro_b004_P2_r1,deepseek_pro_b004_P2_r1,2,193.84098099956014,0.8948837209302326,0.6519607843137255,0.6581986143187067,13.96774193548387,0.5777101166218195,10,6.451612903225806,0.11290322580645161,0.5777101166218195,0.07091922829627115,10.392609699769054,3.464203233256351,4.7086521483225425,6.474396703943496,0.0,0.0,0.0,0.0,4.120070629782225,14.125956444967628,0.4967628016480282
t02:deepseek_pro_b007_P3_r2,deepseek_pro_b007_P3_r2,2,138.85266958450703,0.849974358974359,0.622792937399679,0.7184586699813549,11.575539568345324,0.6208715267106395,11,4.316546762589928,0.10071942446043165,0.6208715267106395,0.08633510950835098,9.322560596643878,0.0,3.5087719298245617,1.7543859649122806,0.0,0.0,0.0,0.0,2.923976608187134,1.7543859649122806,0.03274853801169586
t02:deepseek_pro_b009_P1_r1,deepseek_pro_b009_P1_r1,2,155.0730050581829,0.8746946107784431,0.644542772861357,0.6399069226294357,13.535433070866143,0.5571454215557168,10,8.661417322834646,0.11811023622047244,0.5571454215557168,0.08290035392997121,7.562536358347876,0.5817335660267597,5.6850483229107445,21.034678794769757,0.0,0.0,1.0,0.0,3.9795338260375215,0.0,0.026719727117680447
t02:deepseek_pro_b009_P2_r2,deepseek_pro_b009_P2_r2,2,220.69954461252246,0.9047116968698516,0.6934097421203438,0.7088414634146342,14.909090909090908,0.5261137895951021,9,6.818181818181818,0.0,0.5261137895951021,0.05525214449124076,9.146341463414634,4.573170731707317,8.04289544235925,6.702412868632708,0.0,0.0,0.0,0.0,4.6916890080428955,8.71313672922252,0.5576407506702412
t02:deepseek_pro_b021_P2_r2,deepseek_pro_b021_P2_r2,2,218.6173989040632,0.9104232804232804,0.6756756756756757,0.7189695550351288,12.93939393939394,0.4080035981984797,10,6.0606060606060606,0.12121212121212122,0.4080035981984797,0.08194581697662802,0.0,0.0,5.524861878453039,4.419889502762431,0.0,0.0,0.0,0.0,5.524861878453039,20.994475138121548,0.523756906077348
t02:deepseek_pro_b037_P2_r2,deepseek_pro_b037_P2_r2,2,273.3473118145017,0.9,0.7295597484276729,0.6936829558998808,13.109375,0.39952968970440544,9,0.0,0.25,0.39952968970440544,0.07525310059297896,3.575685339690107,3.575685339690107,4.0026684456304205,4.0026684456304205,0.0,0.0,1.0,0.0,4.66977985323549,18.67911941294196,0.4376250833889259
t02:deepseek_pro_b038_P1_r2,deepseek_pro_b038_P1_r2,2,180.77787110841047,0.8788963963963964,0.6991037131882202,0.6345205479452055,12.248322147651006,0.6306207727081752,12,4.697986577181208,0.14093959731543623,0.6306207727081752,0.077513388496215,8.767123287671232,4.383561643835616,7.302823758519962,6.815968841285297,0.4835589941972921,0.0,1.0,0.0,3.4079844206426486,3.4079844206426486,0.1037000973709834
t02:gpt_b004_P1_r1,gpt_b004_P1_r1,2,100.46141132869235,0.8410912190963342,0.5216216216216216,0.6661211129296236,12.597938144329897,0.4529102283861148,8,2.0618556701030926,0.16494845360824742,0.4529102283861148,0.09274428343639293,5.728314238952537,0.0,5.691056910569106,1.6260162601626016,0.0,0.0,0.0,0.0,0.0,0.0,0.003252032520325243
t02:gpt_b004_P3_r1,gpt_b004_P3_r1,2,102.71121132739177,0.8435714285714285,0.552,0.6992481203007519,10.98165137614679,0.4544578896513581,9,4.587155963302752,0.2018348623853211,0.4544578896513581,0.0857162118856451,3.341687552213868,0.0,4.159733777038269,0.831946755407654,0.0,0.0,0.0,0.0,0.0,0.0,0.0033277870216306127
t02:gpt_b021_P3_r2,gpt_b021_P3_r2,2,195.1665363924778,0.9047903225806452,0.5598455598455598,0.747866563227308,13.712765957446809,0.4785727741790235,11,8.51063829787234,0.10638297872340426,0.4785727741790235,0.07535655842585996,9.309542280837858,0.0,0.0,0.0,0.0,0.0,0.0,0.0,0.0,0.0,0.0023041474654378336
t02:gpt_b026_P1_r1,gpt_b026_P1_r1,2,205.57688706938956,0.8990496760259179,0.579225352112676,0.7364394993045897,12.725663716814159,0.5370094962148817,11,4.424778761061947,0.13274336283185842,0.5370094962148817,0.0650063049533724,9.735744089012517,4.867872044506258,0.671591672263264,0.0,0.0,0.0,0.0,0.0,0.0,0.0,0.022162525184687754
t02:gpt_b028_P2_r1,gpt_b028_P2_r1,2,160.92821062299097,0.8735147928994083,0.5660377358490566,0.6968680089485458,11.763157894736842,0.5081495149520954,10,10.526315789473685,0.14473684210526316,0.5081495149520954,0.08121161961016314,7.829977628635347,3.3557046979865772,1.9749835418038184,0.0,0.0,0.0,0.0,0.0,4.6082949308755765,26.991441737985518,0.41013824884792627
t02:gpt_b031_P1_r1,gpt_b031_P1_r1,2,179.46622719729322,0.8876082004555809,0.5669144981412639,0.7284040995607614,15.010989010989011,0.5465096452324775,11,1.098901098901099,0.17582417582417584,0.5465096452324775,0.0669843487377075,10.248901903367496,0.0,6.493506493506494,0.0,0.0,0.0,0.0,0.0,4.329004329004329,0.0,0.018037518037518074
t02:gpt_b040_P2_r1,gpt_b040_P2_r1,2,192.98110278743232,0.8992673992673993,0.5518018018018018,0.7055214723926381,13.583333333333334,0.512887113651203,9,8.333333333333334,0.23809523809523808,0.512887113651203,0.06404203897588993,7.887817703768624,2.629272567922875,7.078507078507079,0.0,0.0,0.0,0.0,0.0,4.504504504504505,26.383526383526384,0.2651222651222651
t02:human_hard_rusltc_0001,human_hard_rusltc_0001,2,210.96829628190258,0.8889212827988338,0.7355769230769231,0.6285714285714286,19.342105263157894,0.5929336633887965,12,0.0,0.0,0.5929336633887965,0.06265072570938053,1.3605442176870748,5.442176870748299,49.86522911051213,9.433962264150942,0.0,0.0,0.0,0.0,0.0,0.0,0.008086253369272267
t02:human_hard_rusltc_0002,human_hard_rusltc_0002,2,132.40256340736954,0.8542639040348964,0.6526548672566371,0.6252587991718427,18.22641509433962,0.4704519741728786,14,5.660377358490566,0.1320754716981132,0.4704519741728786,0.104400303056554,0.0,0.0,52.083333333333336,26.041666666666668,0.0,0.0,0.0,0.0,0.0,0.0,0.004166666666666652
t02:human_hard_rusltc_0003,human_hard_rusltc_0003,2,207.16242149865502,0.8656953642384106,0.7073490813648294,0.7107119948685054,23.26865671641791,0.4378636643377423,13,1.492537313432836,0.05970149253731343,0.4378636643377423,0.10098485424031058,10.262989095574087,0.0,48.3768300445576,14.00381922342457,0.0,0.0,0.0,0.0,0.0,0.0,0.0
t02:human_hard_rusltc_0055,human_hard_rusltc_0055,2,94.38954402515722,0.80890756302521,0.6582633053221288,0.6579292267365662,14.12962962962963,0.42973809697175863,11,3.7037037037037037,0.09259259259259259,0.42973809697175863,0.11021375896518697,2.6212319790301444,1.3106159895150722,7.653061224489796,6.377551020408163,0.0,0.0,0.0,0.0,0.0,0.0,0.02423469387755106
t02:human_hard_rusltc_0068,human_hard_rusltc_0068,2,108.4239753807297,0.8056176853055916,0.7191780821917808,0.6907090464547677,16.36,1.0674440363582849,15,8.0,0.18,1.0674440363582849,0.09144646432068682,3.667481662591687,0.0,65.35141800246609,40.6905055487053,0.0,0.0,0.0,0.0,0.0,0.0,0.0
t02:human_hard_rusltc_0073,human_hard_rusltc_0073,2,168.5861480764578,0.8687088274044796,0.6704384724186704,0.6522016592214422,16.849462365591396,0.5554318404148679,14,2.150537634408602,0.06451612903225806,0.5554318404148679,0.09696219979907386,5.74345883854499,1.2763241863433312,24.93606138107417,11.508951406649617,0.0,0.0,0.0,0.0,0.0,0.0,0.0
t02:human_news_buriy_2014_0027,human_news_buriy_2014_0027,2,116.49088637476343,0.8481564245810056,0.7083333333333334,0.5986928104575163,19.125,0.7193898462541232,10,2.4390243902439024,0.0975609756097561,0.7193898462541232,0.09434230093250008,5.228758169934641,2.6143790849673203,42.19948849104859,0.0,0.0,0.0,0.0,0.0,0.0,0.0,0.014066496163682829
t02:human_news_buriy_2014_0034,human_news_buriy_2014_0034,2,160.78295976890303,0.8801657458563537,0.6787003610108303,0.7048458149779736,19.912280701754387,0.49998092577208064,15,1.7543859649122806,0.0,0.49998092577208064,0.0816584528530688,6.167400881057269,0.0,66.09442060085837,38.62660944206009,0.0,0.0,0.0,0.0,0.0,0.0,0.019742489270386243
t02:human_news_gazeta_0031,human_news_gazeta_0031,2,144.13925438596493,0.86364896073903,0.6029776674937966,0.6644808743169399,18.3,0.4435588671614907,9,0.0,0.22,0.4435588671614907,0.08173509203048353,3.278688524590164,0.0,57.54614549402823,11.943539630836048,0.0,0.0,0.0,0.0,0.0,0.0,0.0
t02:human_news_gazeta_0040,human_news_gazeta_0040,2,150.54915352058487,0.8681909547738694,0.6896551724137931,0.6840236686390533,21.125,0.4558350417951525,10,0.0,0.0,0.4558350417951525,0.07245035857100628,5.9171597633136095,0.0,71.0128055878929,19.79045401629802,0.0,0.0,0.0,0.0,0.0,0.0,0.0
t02:human_news_lenta_0001,human_news_lenta_0001,2,199.27337281428052,0.8987136294027566,0.6512261580381471,0.7065527065527065,20.057142857142857,0.5124514527723144,11,0.0,0.0,0.5124514527723144,0.07376538587628785,1.4245014245014245,0.0,62.5,17.045454545454547,0.0,0.0,0.0,0.0,0.0,0.0,0.0
t02:human_news_lenta_0016,human_news_lenta_0016,2,226.01851548418813,0.8944795321637427,0.7572815533980582,0.6869469026548672,11.894736842105264,0.42946468958104167,8,3.9473684210526314,0.2236842105263158,0.42946468958104167,0.09827579295847676,6.6371681415929205,0.0,65.74761399787911,72.1102863202545,0.0,0.0,0.0,0.0,0.0,0.0,0.0
t02:human_prose_taiga_arzamas_0050,human_prose_taiga_arzamas_0050,2,145.0279289256402,0.8509140148950575,0.7294429708222812,0.6618610747051114,16.955555555555556,0.7231329385360367,11,6.666666666666667,0.08888888888888889,0.7231329385360367,0.09136419068632108,9.174311926605505,2.6212319790301444,26.899798251513115,18.83116883116883,0.0,0.0,0.0,0.0,0.0,0.0,0.0006493506493506773
t02:human_prose_taiga_arzamas_0051,human_prose_taiga_arzamas_0051,2,185.23459923451782,0.8658554044380815,0.6909090909090909,0.6846473029045643,15.221052631578948,0.5133164724857383,11,0.0,0.05263157894736842,0.5133164724857383,0.09202881619383702,4.840940525587828,0.0,77.6566757493188,9.536784741144414,0.0,0.0,0.0,0.0,0.0,0.0,0.0
t02:human_prose_taiga_magazines_0048,human_prose_taiga_magazines_0048,2,168.78274537198743,0.8571980963712077,0.6918238993710691,0.624743476986221,11.641638225255972,0.9308382926647503,13,15.824915824915825,0.12457912457912458,0.9308382926647503,0.09287686221578888,5.570214013485781,9.674582233948989,53.6420101637493,1.693958215697346,0.0,0.0,0.0,0.0,0.0,0.0,0.02202145680406553
t02:human_prose_taiga_magazines_0053,human_prose_taiga_magazines_0053,2,222.33351389756092,0.836517719568567,0.8508771929824561,0.6346704871060171,26.846153846153847,1.1864556935121444,16,23.076923076923077,0.07692307692307693,1.1864556935121444,0.05950308061997921,8.595988538681949,4.2979942693409745,47.42547425474255,1.3550135501355014,0.0,0.0,0.0,0.0,0.0,0.0,0.0027100271002710175
t02:human_prose_taiga_proza_0034,human_prose_taiga_proza_0034,2,114.79908464325605,0.8418813314037626,0.6771428571428572,0.5797297297297297,12.758620689655173,0.5497888308363714,9,7.042253521126761,0.028169014084507043,0.5497888308363714,0.07942888697304888,1.3513513513513513,4.054054054054054,45.87155963302752,0.0,0.0,0.0,0.0,0.0,0.0,0.0,0.0
t02:human_prose_taiga_proza_0056,human_prose_taiga_proza_0056,2,176.87700760777682,0.8674820143884892,0.7707317073170732,0.6287683031869078,15.904109589041095,0.6121450792172608,12,2.7027027027027026,0.10810810810810811,0.6121450792172608,0.09514625402780208,3.4453057708871664,0.8613264427217916,28.63777089783282,0.7739938080495357,0.0,0.0,0.0,0.0,0.0,3.8699690402476783,0.0797213622291022
t02:human_science_cyberleninka_0026,human_science_cyberleninka_0026,2,185.322434412762,0.8838939119951779,0.6469104665825978,0.7037470725995316,16.91089108910891,0.9590970383263007,17,1.9801980198019802,0.22772277227722773,0.9590970383263007,0.08035841285855816,4.098360655737705,0.0,46.98972099853157,58.720930232558146,0.0,0.0,0.0,0.0,0.0,0.0,0.010465116279069764
t02:human_science_cyberleninka_0031,human_science_cyberleninka_0031,2,96.19619098996945,0.8172375690607735,0.5544794188861986,0.7048458149779736,15.133333333333333,0.597024258193962,15,16.0,0.10666666666666667,0.597024258193962,0.09895959389414445,7.048458149779735,0.0,13.953488372093023,75.08305647840533,0.0,0.0,0.0,0.0,0.0,2.6578073089700998,0.24584717607973416
t02:human_science_cyberleninka_0032,human_science_cyberleninka_0032,2,81.72065883879678,0.8141681260945709,0.5566502463054187,0.6104114189756508,26.466666666666665,0.4336941417374494,13,0.0,0.10638297872340426,0.4336941417374494,0.09063809028098431,2.5188916876574305,0.0,21.885521885521886,103.53535353535354,0.0,0.0,0.0,0.0,0.0,0.0,0.021043771043771087
t02:human_science_cyberleninka_0053,human_science_cyberleninka_0053,2,78.15540798587975,0.7941742686379364,0.6299435028248588,0.5635068153655515,16.385786802030456,0.7129713510782304,13,2.5380710659898478,0.17766497461928935,0.7129713510782304,0.1367500597316058,3.717472118959108,0.0,49.46236559139785,241.93548387096774,0.0,0.0,0.0,1.075268817204301,0.0,9.24731182795699,0.32795698924731187
t02:human_science_spbgu_0024,human_science_spbgu_0024,2,153.17593378423138,0.8525125628140703,0.6651665166516652,0.653968253968254,11.524390243902438,0.8007007669909054,12,5.241935483870968,0.22983870967741934,0.8007007669909054,0.09186534631412598,2.821869488536155,2.1164021164021163,59.10895456550507,52.95735900962861,0.0,0.0,0.0,0.0,0.0,0.0,0.03266850068775795
t02:human_science_urfu_0028,human_science_urfu_0028,2,91.24475933240947,0.8083378519290928,0.5363128491620112,0.7646573080099092,20.183333333333334,0.7790096839852773,15,0.4166666666666667,0.275,0.7790096839852773,0.10719699748861522,8.05119735755574,0.0,26.20274914089347,15.902140672782874,0.0,0.0,0.0,0.2038735983690112,0.0,0.0,0.00346585117227316
t02:human_seo_alaev_0004,human_seo_alaev_0004,2,138.39751313214123,0.8504844606946983,0.6821345707656613,0.5815824765310684,13.557575757575757,0.595189540628276,12,12.121212121212121,0.10909090909090909,0.595189540628276,0.08688501952002414,5.364327223960662,6.705409029950827,7.311827956989247,7.741935483870968,0.0,0.0,0.0,0.0,0.0,0.0,0.02709677419354839
t02:human_seo_convertmonster_0001,human_seo_convertmonster_0001,2,85.65891472868216,0.8033970276008492,0.6937269372693727,0.6557692307692308,13.68421052631579,0.4460023758935984,9,13.157894736842104,0.23684210526315788,0.4460023758935984,0.12256963201336332,5.769230769230769,0.0,8.16326530612245,44.89795918367347,0.0,0.0,0.0,0.0,0.0,0.0,0.2857142857142857
t02:human_seo_devaka_ru_0004,human_seo_devaka_ru_0004,2,140.98841876557483,0.8554514285714285,0.6705607476635514,0.6439393939393939,13.014084507042254,0.6466156326528126,10,21.12676056338028,0.14084507042253522,0.6466156326528126,0.10127001823339969,5.411255411255412,8.658008658008658,14.732965009208103,76.42725598526704,0.0,0.0,0.0,0.0,0.0,0.0,0.14548802946592998
t02:human_seo_drmax_0002,human_seo_drmax_0002,2,92.11411738826882,0.8154337899543379,0.5989085948158254,0.6267326732673267,12.317073170731707,0.6152126879665203,11,23.170731707317074,0.0975609756097561,0.6152126879665203,0.08736074355531445,3.9603960396039604,6.930693069306931,19.26691729323308,19.26691729323308,0.0,0.0,0.0,0.0,0.0,0.0,0.03900375939849621
t02:human_seo_drmax_su_0001,human_seo_drmax_su_0001,2,83.59662999909266,0.8016298811544992,0.6840490797546013,0.6536050156739812,8.075949367088608,0.748685070522984,9,22.78481012658228,0.10126582278481013,0.748685070522984,0.11134582941706994,3.134796238244514,7.836990595611285,8.148148148148147,42.96296296296296,0.0,0.0,0.0,0.0,0.0,7.4074074074074066,0.522962962962963
t02:human_seo_labrika_0002,human_seo_labrika_0002,2,99.27748469898458,0.8245916114790286,0.6182795698924731,0.7095170454545454,11.733333333333333,0.6553171976666019,11,3.3333333333333335,0.25833333333333336,0.6553171976666019,0.11433388368920289,3.5511363636363638,1.4204545454545454,33.03303303303303,34.234234234234236,0.0,0.0,0.0,0.0,0.0,0.0,0.11531531531531536
t02:nemotron_b012_P1_r1,nemotron_b012_P1_r1,2,248.38157676398325,0.8986558044806517,0.7352941176470589,0.7185185185185186,13.5,0.5487073967540868,10,7.5,0.05,0.5487073967540868,0.07109045162002403,9.25925925925926,1.8518518518518519,28.503562945368174,31.82897862232779,0.0,0.0,0.0,0.0,9.026128266033254,30.878859857482183,0.7415676959619952
t02:nemotron_b015_P3_r2,nemotron_b015_P3_r2,2,245.94896632270695,0.8867751657625076,0.6928487690504103,0.7060889929742389,13.138461538461538,0.5051175177142027,10,36.15384615384615,0.1,0.5051175177142027,0.0877993764339185,8.782201405152225,0.0,34.795042897998094,17.159199237368924,0.0,0.0,0.0,0.0,0.0,14.299332697807436,0.19780743565300285
t02:nemotron_b016_P1_r1,nemotron_b016_P1_r1,2,183.564869226574,0.8766882276843466,0.6789838337182448,0.681265206812652,10.024390243902438,0.6529218615431731,10,12.195121951219512,0.024390243902439025,0.6529218615431731,0.07505233401766961,1.2165450121654502,3.6496350364963503,26.211671612265086,26.211671612265086,0.0,0.0,0.0,0.0,3.4619188921859547,24.727992087042534,0.5830860534124629
t02:nemotron_b022_P3_r2,nemotron_b022_P3_r2,2,187.84316577554196,0.8693877551020408,0.6844741235392321,0.7291993720565149,11.274336283185841,0.6738563502643605,9,3.5398230088495577,0.017699115044247787,0.6738563502643605,0.08274758585042442,5.4945054945054945,0.0,15.645371577574968,25.423728813559322,0.0,0.0,0.0,0.0,4.563233376792699,6.51890482398957,0.16688396349413304
t02:nemotron_b028_P1_r2,nemotron_b028_P1_r2,2,215.11618343636837,0.9011410788381743,0.6959847036328872,0.6979269496544916,10.029702970297029,0.6945653070427269,9,27.722772277227723,0.06930693069306931,0.6945653070427269,0.07091879726947488,6.910167818361303,5.923000987166831,16.779864163004394,42.34918098282061,0.0,0.0,0.0,0.0,9.98801438274071,25.56931681981622,0.5928885337594887
t02:nemotron_b033_P2_r2,nemotron_b033_P2_r2,2,289.5042310932698,0.9348985507246378,0.752851711026616,0.7284263959390863,10.944444444444445,0.6025092654548765,9,5.555555555555555,0.0,0.6025092654548765,0.07349758680563649,0.0,7.614213197969543,20.84884586746091,25.31645569620253,0.0,0.0,0.0,0.0,6.701414743112435,55.10052122114669,0.7051377513030528
t02:nemotron_b038_P1_r2,nemotron_b038_P1_r2,2,197.7123188405797,0.8732798573975045,0.6938435940099834,0.703672075149445,11.71,0.4851020071482599,8,19.0,0.06,0.4851020071482599,0.06809119715362875,10.247651579846286,0.0,21.521906225980015,21.13758647194466,0.0,0.0,0.0,0.0,5.764796310530361,27.286702536510376,0.5430438124519601
t02:real_claude_b015_P2_r1,real_claude_b015_P2_r1,2,202.02864408047267,0.898273381294964,0.7008797653958945,0.6892561983471074,14.404761904761905,0.5500678996132115,9,4.761904761904762,0.0,0.5500678996132115,0.08602179145658627,9.917355371900827,4.958677685950414,5.257009345794392,2.9205607476635516,0.0,0.0,0.0,0.0,4.672897196261682,30.373831775700936,0.6425233644859814
t02:real_claude_b018_P3_r2,real_claude_b018_P3_r2,2,178.88203303537853,0.8803939393939393,0.6262626262626263,0.6851716581446311,14.260416666666666,0.5064136952904733,9,0.0,0.0625,0.5064136952904733,0.07243351999850496,5.843681519357195,0.0,2.8228652081863093,0.0,0.0,0.0,0.0,0.0,4.234297812279464,0.0,0.016231474947071223
t02:real_claude_b024_P1_r2,real_claude_b024_P1_r2,2,185.62907295696397,0.883728448275862,0.6553911205073996,0.6949846468781986,11.36046511627907,0.689798777566002,10,3.488372093023256,0.046511627906976744,0.689798777566002,0.07853495178135468,3.0706243602865917,0.0,2.602472348731295,8.458035133376708,0.0,0.0,0.0,0.0,4.554326610279766,18.867924528301884,0.346779440468445
t02:real_claude_b025_P2_r1,real_claude_b025_P2_r1,2,165.31900774548922,0.8607102803738318,0.6468646864686468,0.6558219178082192,13.581395348837209,0.5914974468978039,11,2.3255813953488373,0.09302325581395349,0.5914974468978039,0.082516989194503,18.835616438356166,5.136986301369863,2.094972067039106,0.6983240223463687,0.0,0.0,0.0,0.0,5.58659217877095,20.251396648044693,0.5858938547486033
t02:real_claude_b034_P2_r2,real_claude_b034_P2_r2,2,252.4886418603814,0.9137500000000001,0.6373873873873874,0.7190635451505016,12.814285714285715,0.5524975076662874,9,18.571428571428573,0.08571428571428572,0.5524975076662874,0.07790070907280212,8.918617614269788,3.3444816053511706,1.8028846153846154,3.004807692307692,0.0,0.0,0.0,0.0,4.8076923076923075,24.038461538461537,0.4471153846153846
t02:real_claude_b040_P3_r2,real_claude_b040_P3_r2,2,198.10786634976296,0.8806533864541833,0.657672849915683,0.6702453987730062,13.443298969072165,0.5622180702152093,12,3.0927835051546393,0.0,0.5622180702152093,0.07315175409797749,10.736196319018404,0.0,2.9197080291970803,0.0,0.0,0.0,0.0,0.0,5.839416058394161,0.0,0.021897810218978075
t02:real_claude_b042_P3_r2,real_claude_b042_P3_r2,2,176.70709425199306,0.8673302469135802,0.67430441898527,0.6609665427509294,16.011904761904763,0.6014988198449313,13,3.5714285714285716,0.047619047619047616,0.6014988198449313,0.058827699631106296,11.152416356877323,0.0,2.1598272138228944,5.759539236861051,0.0,0.0,0.0,0.0,5.0395968322534195,0.0,0.016558675305975545
t02:real_claude_b045_P3_r1,real_claude_b045_P3_r1,2,224.77058428043745,0.8848303393213574,0.6432748538011696,0.6900773195876289,13.264957264957266,0.6293604147449869,9,2.5641025641025643,0.05982905982905983,0.6293604147449869,0.06971025968067388,5.798969072164948,0.0,14.860681114551083,0.0,0.0,0.0,0.0,0.0,4.953560371517028,0.0,0.019195046439628438
t03:deepseek_pro_b002_P3_r1,deepseek_pro_b002_P3_r1,3,144.10222888802025,0.8676419965576593,0.6777163904235728,0.6688687035507844,13.761363636363637,0.47657376910552973,11,3.3707865168539324,0.12359550561797752,0.47657376910552973,0.08579597361658525,7.431874483897605,0.0,9.0311986863711,10.673234811165846,0.0,0.0,0.0,0.0,0.0,0.0,0.0
t03:deepseek_pro_b004_P2_r1,deepseek_pro_b004_P2_r1,3,191.97946207699397,0.8974683544303798,0.6550868486352357,0.6579261025029798,14.220338983050848,0.5760630704297756,10,6.779661016949152,0.11864406779661017,0.5760630704297756,0.07086574816435537,10.727056019070321,0.0,4.189108318372232,6.5828845002992225,0.0,0.0,0.0,13.764213046080192,0.0,14.362657091561939,0.5044883303411132
t03:deepseek_pro_b007_P3_r2,deepseek_pro_b007_P3_r2,3,138.85266958450703,0.849974358974359,0.622792937399679,0.7184586699813549,11.575539568345324,0.6208715267106395,11,4.316546762589928,0.10071942446043165,0.6208715267106395,0.08633510950835098,9.322560596643878,0.0,1.7730496453900708,1.7730496453900708,0.0,0.0,0.0,5.91016548463357,0.0,1.7730496453900708,0.022458628841607542
t03:deepseek_pro_b009_P1_r1,deepseek_pro_b009_P1_r1,3,160.30724594176462,0.8747044632086851,0.6433878157503715,0.6391329818394845,13.440944881889763,0.5621461333574972,10,8.661417322834646,0.11811023622047244,0.5621461333574972,0.08015061791725515,7.615700058582308,0.5858230814294083,5.875440658049354,21.73913043478261,0.0,0.0,1.0,5.875440658049353,0.0,0.0,0.0
t03:deepseek_pro_b009_P2_r2,deepseek_pro_b009_P2_r2,3,220.69954461252246,0.9047116968698516,0.6934097421203438,0.7088414634146342,14.909090909090908,0.5261137895951021,9,6.818181818181818,0.0,0.5261137895951021,0.05525214449124076,9.146341463414634,4.573170731707317,6.8119891008174385,6.8119891008174385,0.0,0.0,0.0,10.899182561307901,0.0,8.855585831062669,0.5504087193460491
t03:deepseek_pro_b021_P2_r2,deepseek_pro_b021_P2_r2,3,218.6173989040632,0.9104232804232804,0.6756756756756757,0.7189695550351288,12.93939393939394,0.4080035981984797,10,6.0606060606060606,0.12121212121212122,0.4080035981984797,0.08194581697662802,0.0,0.0,4.550625711035267,4.550625711035267,0.0,0.0,0.0,6.825938566552901,0.0,21.61547212741752,0.5096700796359499
t03:deepseek_pro_b037_P2_r2,deepseek_pro_b037_P2_r2,3,277.30509963012247,0.9014324324324323,0.7305122494432071,0.6958174904942965,13.60344827586207,0.35400505626652773,9,0.0,0.27586206896551724,0.35400505626652773,0.0755937640909614,2.534854245880862,1.267427122940431,3.457814661134163,3.4578146611341634,0.0,0.0,1.0,23.513139695712308,0.0,19.363762102351313,0.45089903181189483
t03:deepseek_pro_b038_P1_r2,deepseek_pro_b038_P1_r2,3,187.61320150719234,0.8774771689497717,0.6981865284974094,0.6324264297612437,12.16891891891892,0.638078699079229,12,4.72972972972973,0.14189189189189189,0.638078699079229,0.07873543517061524,8.883953359244863,4.441976679622432,7.672634271099745,4.603580562659847,0.4835589941972921,0.0,1.0,5.626598465473146,0.0,3.5805626598465476,0.070076726342711
t03:gpt_b004_P1_r1,gpt_b004_P1_r1,3,100.46141132869235,0.8410912190963342,0.5216216216216216,0.6661211129296236,12.597938144329897,0.4529102283861148,8,2.0618556701030926,0.16494845360824742,0.4529102283861148,0.09274428343639293,5.728314238952537,0.0,5.691056910569106,1.6260162601626016,0.0,0.0,0.0,0.0,0.0,0.0,0.003252032520325243
t03:gpt_b004_P3_r1,gpt_b004_P3_r1,3,102.71121132739177,0.8435714285714285,0.552,0.6992481203007519,10.98165137614679,0.4544578896513581,9,4.587155963302752,0.2018348623853211,0.4544578896513581,0.0857162118856451,3.341687552213868,0.0,4.159733777038269,0.831946755407654,0.0,0.0,0.0,0.0,0.0,0.0,0.0033277870216306127
t03:gpt_b021_P3_r2,gpt_b021_P3_r2,3,195.1665363924778,0.9047903225806452,0.5598455598455598,0.747866563227308,13.712765957446809,0.4785727741790235,11,8.51063829787234,0.10638297872340426,0.4785727741790235,0.07535655842585996,9.309542280837858,0.0,0.0,0.0,0.0,0.0,0.0,0.7680491551459293,0.0,0.0,0.0023041474654378336
t03:gpt_b026_P1_r1,gpt_b026_P1_r1,3,205.57688706938956,0.8990496760259179,0.579225352112676,0.7364394993045897,12.725663716814159,0.5370094962148817,11,4.424778761061947,0.13274336283185842,0.5370094962148817,0.0650063049533724,9.735744089012517,4.867872044506258,0.671591672263264,0.0,0.0,0.0,0.0,4.701141705842847,0.0,0.0,0.022162525184687754
t03:gpt_b028_P2_r1,gpt_b028_P2_r1,3,147.975836725612,0.8752,0.5702702702702702,0.6979405034324943,11.972602739726028,0.5015254079984013,10,10.95890410958904,0.1506849315068493,0.5015254079984013,0.08098825333277318,8.009153318077804,0.0,1.3395847287340923,0.0,0.0,0.0,0.0,2.009377093101139,0.0,27.461486939048896,0.41326188881446746
t03:gpt_b031_P1_r1,gpt_b031_P1_r1,3,179.46622719729322,0.8876082004555809,0.5669144981412639,0.7284040995607614,15.010989010989011,0.5465096452324775,11,1.098901098901099,0.17582417582417584,0.5465096452324775,0.0669843487377075,10.248901903367496,0.0,5.8780308596620126,0.0,0.0,0.0,0.0,0.0,0.0,0.0,0.0
t03:gpt_b040_P2_r1,gpt_b040_P2_r1,3,193.91346153846155,0.9019457436856875,0.5535307517084282,0.7039355992844365,13.802469135802468,0.5063035904219928,9,8.641975308641975,0.24691358024691357,0.5063035904219928,0.05874529401895429,8.050089445438283,0.0,5.878510777269758,0.0,0.0,0.0,0.0,1.959503592423253,0.0,26.779882429784458,0.2684519921619857
t03:human_hard_rusltc_0001,human_hard_rusltc_0001,3,210.96829628190258,0.8889212827988338,0.7355769230769231,0.6285714285714286,19.342105263157894,0.5929336633887965,12,0.0,0.0,0.5929336633887965,0.06265072570938053,1.3605442176870748,5.442176870748299,49.86522911051213,9.433962264150942,0.0,0.0,0.0,0.0,0.0,0.0,0.008086253369272267
t03:human_hard_rusltc_0002,human_hard_rusltc_0002,3,132.40256340736954,0.8542639040348964,0.6526548672566371,0.6252587991718427,18.22641509433962,0.4704519741728786,14,5.660377358490566,0.1320754716981132,0.4704519741728786,0.104400303056554,0.0,0.0,52.083333333333336,26.041666666666668,0.0,0.0,0.0,0.0,0.0,0.0,0.004166666666666652
t03:human_hard_rusltc_0003,human_hard_rusltc_0003,3,207.16242149865502,0.8656953642384106,0.7073490813648294,0.7107119948685054,23.26865671641791,0.4378636643377423,13,1.492537313432836,0.05970149253731343,0.4378636643377423,0.10098485424031058,10.262989095574087,0.0,48.3768300445576,14.00381922342457,0.0,0.0,0.0,0.0,0.0,0.0,0.0
t03:human_hard_rusltc_0055,human_hard_rusltc_0055,3,94.38954402515722,0.80890756302521,0.6582633053221288,0.6579292267365662,14.12962962962963,0.42973809697175863,11,3.7037037037037037,0.09259259259259259,0.42973809697175863,0.11021375896518697,2.6212319790301444,1.3106159895150722,7.653061224489796,6.377551020408163,0.0,0.0,0.0,0.0,0.0,0.0,0.02423469387755106
t03:human_hard_rusltc_0068,human_hard_rusltc_0068,3,108.4239753807297,0.8056176853055916,0.7191780821917808,0.6907090464547677,16.36,1.0674440363582849,15,8.0,0.18,1.0674440363582849,0.09144646432068682,3.667481662591687,0.0,65.35141800246609,40.6905055487053,0.0,0.0,0.0,0.0,0.0,0.0,0.0
t03:human_hard_rusltc_0073,human_hard_rusltc_0073,3,168.5861480764578,0.8687088274044796,0.6704384724186704,0.6522016592214422,16.849462365591396,0.5554318404148679,14,2.150537634408602,0.06451612903225806,0.5554318404148679,0.09696219979907386,5.74345883854499,1.2763241863433312,24.93606138107417,11.508951406649617,0.0,0.0,0.0,0.0,0.0,0.0,0.0
t03:human_news_buriy_2014_0027,human_news_buriy_2014_0027,3,116.49088637476343,0.8481564245810056,0.7083333333333334,0.5986928104575163,19.125,0.7193898462541232,10,2.4390243902439024,0.0975609756097561,0.7193898462541232,0.09434230093250008,5.228758169934641,2.6143790849673203,42.19948849104859,0.0,0.0,0.0,0.0,0.0,0.0,0.0,0.014066496163682829
t03:human_news_buriy_2014_0034,human_news_buriy_2014_0034,3,160.78295976890303,0.8801657458563537,0.6787003610108303,0.7048458149779736,19.912280701754387,0.49998092577208064,15,1.7543859649122806,0.0,0.49998092577208064,0.0816584528530688,6.167400881057269,0.0,66.09442060085837,38.62660944206009,0.0,0.0,0.0,0.0,0.0,0.0,0.019742489270386243
t03:human_news_gazeta_0031,human_news_gazeta_0031,3,144.13925438596493,0.86364896073903,0.6029776674937966,0.6644808743169399,18.3,0.4435588671614907,9,0.0,0.22,0.4435588671614907,0.08173509203048353,3.278688524590164,0.0,57.54614549402823,11.943539630836048,0.0,0.0,0.0,0.0,0.0,0.0,0.0
t03:human_news_gazeta_0040,human_news_gazeta_0040,3,150.54915352058487,0.8681909547738694,0.6896551724137931,0.6840236686390533,21.125,0.4558350417951525,10,0.0,0.0,0.4558350417951525,0.07245035857100628,5.9171597633136095,0.0,71.0128055878929,19.79045401629802,0.0,0.0,0.0,0.0,0.0,0.0,0.0
t03:human_news_lenta_0001,human_news_lenta_0001,3,199.27337281428052,0.8987136294027566,0.6512261580381471,0.7065527065527065,20.057142857142857,0.5124514527723144,11,0.0,0.0,0.5124514527723144,0.07376538587628785,1.4245014245014245,0.0,62.5,17.045454545454547,0.0,0.0,0.0,0.0,0.0,0.0,0.0
t03:human_news_lenta_0016,human_news_lenta_0016,3,226.01851548418813,0.8944795321637427,0.7572815533980582,0.6869469026548672,11.894736842105264,0.42946468958104167,8,3.9473684210526314,0.2236842105263158,0.42946468958104167,0.09827579295847676,6.6371681415929205,0.0,65.74761399787911,72.1102863202545,0.0,0.0,0.0,0.0,0.0,0.0,0.0
t03:human_prose_taiga_arzamas_0050,human_prose_taiga_arzamas_0050,3,145.0279289256402,0.8509140148950575,0.7294429708222812,0.6618610747051114,16.955555555555556,0.7231329385360367,11,6.666666666666667,0.08888888888888889,0.7231329385360367,0.09136419068632108,9.174311926605505,2.6212319790301444,26.899798251513115,18.83116883116883,0.0,0.0,0.0,0.0,0.0,0.0,0.0006493506493506773
t03:human_prose_taiga_arzamas_0051,human_prose_taiga_arzamas_0051,3,185.23459923451782,0.8658554044380815,0.6909090909090909,0.6846473029045643,15.221052631578948,0.5133164724857383,11,0.0,0.05263157894736842,0.5133164724857383,0.09202881619383702,4.840940525587828,0.0,77.6566757493188,9.536784741144414,0.0,0.0,0.0,0.0,0.0,0.0,0.0
t03:human_prose_taiga_magazines_0048,human_prose_taiga_magazines_0048,3,168.78274537198743,0.8571980963712077,0.6918238993710691,0.624743476986221,11.641638225255972,0.9308382926647503,13,15.824915824915825,0.12457912457912458,0.9308382926647503,0.09287686221578888,5.570214013485781,9.674582233948989,53.6420101637493,1.693958215697346,0.0,0.0,0.0,0.0,0.0,0.0,0.02202145680406553
t03:human_prose_taiga_magazines_0053,human_prose_taiga_magazines_0053,3,222.33351389756092,0.836517719568567,0.8508771929824561,0.6346704871060171,26.846153846153847,1.1864556935121444,16,23.076923076923077,0.07692307692307693,1.1864556935121444,0.05950308061997921,8.595988538681949,4.2979942693409745,47.42547425474255,1.3550135501355014,0.0,0.0,0.0,0.0,0.0,0.0,0.0027100271002710175
t03:human_prose_taiga_proza_0034,human_prose_taiga_proza_0034,3,114.79908464325605,0.8418813314037626,0.6771428571428572,0.5797297297297297,12.758620689655173,0.5497888308363714,9,7.042253521126761,0.028169014084507043,0.5497888308363714,0.07942888697304888,1.3513513513513513,4.054054054054054,45.87155963302752,0.0,0.0,0.0,0.0,0.0,0.0,0.0,0.0
t03:human_prose_taiga_proza_0056,human_prose_taiga_proza_0056,3,176.87700760777682,0.8674820143884892,0.7707317073170732,0.6287683031869078,15.904109589041095,0.6121450792172608,12,2.7027027027027026,0.10810810810810811,0.6121450792172608,0.09514625402780208,3.4453057708871664,0.8613264427217916,28.63777089783282,0.7739938080495357,0.0,0.0,0.0,0.0,0.0,3.8699690402476783,0.0797213622291022
t03:human_science_cyberleninka_0026,human_science_cyberleninka_0026,3,185.322434412762,0.8838939119951779,0.6469104665825978,0.7037470725995316,16.91089108910891,0.9590970383263007,17,1.9801980198019802,0.22772277227722773,0.9590970383263007,0.08035841285855816,4.098360655737705,0.0,46.98972099853157,58.720930232558146,0.0,0.0,0.0,0.0,0.0,0.0,0.010465116279069764
t03:human_science_cyberleninka_0031,human_science_cyberleninka_0031,3,96.19619098996945,0.8172375690607735,0.5544794188861986,0.7048458149779736,15.133333333333333,0.597024258193962,15,16.0,0.10666666666666667,0.597024258193962,0.09895959389414445,7.048458149779735,0.0,13.953488372093023,75.08305647840533,0.0,0.0,0.0,0.0,0.0,2.6578073089700998,0.24584717607973416
t03:human_science_cyberleninka_0032,human_science_cyberleninka_0032,3,81.72065883879678,0.8141681260945709,0.5566502463054187,0.6104114189756508,26.466666666666665,0.4336941417374494,13,0.0,0.10638297872340426,0.4336941417374494,0.09063809028098431,2.5188916876574305,0.0,21.885521885521886,103.53535353535354,0.0,0.0,0.0,0.0,0.0,0.0,0.021043771043771087
t03:human_science_cyberleninka_0053,human_science_cyberleninka_0053,3,78.17961969839087,0.7942893081761007,0.6302916274694261,0.5633323010219883,16.390862944162436,0.7128068102337027,13,2.5380710659898478,0.17766497461928935,0.7128068102337027,0.1367372165014551,3.7163208423660574,0.0,49.46236559139785,241.93548387096774,0.0,0.0,0.0,7.311827956989247,0.0,9.24731182795699,0.32795698924731187
t03:human_science_spbgu_0024,human_science_spbgu_0024,3,153.17593378423138,0.8525125628140703,0.6651665166516652,0.653968253968254,11.524390243902438,0.8007007669909054,12,5.241935483870968,0.22983870967741934,0.8007007669909054,0.09186534631412598,2.821869488536155,2.1164021164021163,59.10895456550507,52.95735900962861,0.0,0.0,0.0,0.0,0.0,0.0,0.03266850068775795
t03:human_science_urfu_0028,human_science_urfu_0028,3,91.24475933240947,0.8083378519290928,0.5363128491620112,0.7646573080099092,20.183333333333334,0.7790096839852773,15,0.4166666666666667,0.275,0.7790096839852773,0.1070604625364808,8.05119735755574,0.0,26.20274914089347,15.902140672782874,0.0,0.0,0.0,0.8154943934760448,0.0,0.0,0.00346585117227316
t03:human_seo_alaev_0004,human_seo_alaev_0004,3,138.39751313214123,0.8504844606946983,0.6821345707656613,0.5815824765310684,13.557575757575757,0.595189540628276,12,12.121212121212121,0.10909090909090909,0.595189540628276,0.08688501952002414,5.364327223960662,6.705409029950827,7.311827956989247,7.741935483870968,0.0,0.0,0.0,0.0,0.0,0.0,0.02709677419354839
t03:human_seo_convertmonster_0001,human_seo_convertmonster_0001,3,85.65891472868216,0.8033970276008492,0.6937269372693727,0.6557692307692308,13.68421052631579,0.4460023758935984,9,13.157894736842104,0.23684210526315788,0.4460023758935984,0.12256963201336332,5.769230769230769,0.0,8.16326530612245,44.89795918367347,0.0,0.0,0.0,0.0,0.0,0.0,0.2857142857142857
t03:human_seo_devaka_ru_0004,human_seo_devaka_ru_0004,3,140.98841876557483,0.8554514285714285,0.6705607476635514,0.6439393939393939,13.014084507042254,0.6466156326528126,10,21.12676056338028,0.14084507042253522,0.6466156326528126,0.10127001823339969,5.411255411255412,8.658008658008658,14.732965009208103,76.42725598526704,0.0,0.0,0.0,0.0,0.0,0.0,0.14548802946592998
t03:human_seo_drmax_0002,human_seo_drmax_0002,3,92.11411738826882,0.8154337899543379,0.5989085948158254,0.6267326732673267,12.317073170731707,0.6152126879665203,11,23.170731707317074,0.0975609756097561,0.6152126879665203,0.08736074355531445,3.9603960396039604,6.930693069306931,19.26691729323308,19.26691729323308,0.0,0.0,0.0,0.0,0.0,0.0,0.03900375939849621
t03:human_seo_drmax_su_0001,human_seo_drmax_su_0001,3,83.59662999909266,0.8016298811544992,0.6840490797546013,0.6536050156739812,8.075949367088608,0.748685070522984,9,22.78481012658228,0.10126582278481013,0.748685070522984,0.11134582941706994,3.134796238244514,7.836990595611285,8.148148148148147,42.96296296296296,0.0,0.0,0.0,0.0,0.0,7.4074074074074066,0.522962962962963
t03:human_seo_labrika_0002,human_seo_labrika_0002,3,99.27748469898458,0.8245916114790286,0.6182795698924731,0.7095170454545454,11.733333333333333,0.6553171976666019,11,3.3333333333333335,0.25833333333333336,0.6553171976666019,0.11433388368920289,3.5511363636363638,1.4204545454545454,33.03303303303303,34.234234234234236,0.0,0.0,0.0,0.0,0.0,0.0,0.11531531531531536
t03:nemotron_b012_P1_r1,nemotron_b012_P1_r1,3,248.38157676398325,0.8986558044806517,0.7352941176470589,0.7185185185185186,13.5,0.5487073967540868,10,7.5,0.05,0.5487073967540868,0.07109552983996946,9.25925925925926,1.8518518518518519,29.131089904570565,28.12656956303365,0.0,0.0,0.0,29.633350075339028,0.0,32.646911099949776,0.7267704671019588
t03:nemotron_b015_P3_r2,nemotron_b015_P3_r2,3,245.94896632270695,0.8867751657625076,0.6928487690504103,0.7060889929742389,13.138461538461538,0.5051175177142027,10,36.15384615384615,0.1,0.5051175177142027,0.0877617493173307,8.782201405152225,0.0,34.795042897998094,17.159199237368924,0.0,0.0,0.0,2.3832221163012393,0.0,14.299332697807436,0.19780743565300285
t03:nemotron_b016_P1_r1,nemotron_b016_P1_r1,3,184.61064158136116,0.8754681139755767,0.6714628297362111,0.6768447837150128,10.342105263157896,0.6463302007889578,10,9.210526315789474,0.02631578947368421,0.6463302007889578,0.07681039824429678,1.272264631043257,2.544529262086514,26.18069815195072,24.64065708418891,0.0,0.0,0.0,39.01437371663244,0.0,25.667351129363446,0.5857289527720739
t03:nemotron_b022_P3_r2,nemotron_b022_P3_r2,3,187.84316577554196,0.8693877551020408,0.6844741235392321,0.7291993720565149,11.274336283185841,0.6738563502643605,9,3.5398230088495577,0.017699115044247787,0.6738563502643605,0.08274758585042442,5.4945054945054945,0.0,13.990672884743505,25.31645569620253,0.0,0.0,0.0,15.323117921385743,0.0,6.662225183211192,0.14856762158560954
t03:nemotron_b028_P1_r2,nemotron_b028_P1_r2,3,213.14576517751658,0.901,0.6961538461538461,0.6967294350842418,10.09,0.6912625710012941,9,28.0,0.07,0.6912625710012941,0.06919925690943682,6.937561942517344,5.946481665014867,17.424564385890353,42.92392690182746,0.0,0.0,0.0,23.79940501487463,0.0,27.199320016999575,0.569060773480663
t03:nemotron_b033_P2_r2,nemotron_b033_P2_r2,3,297.0398966152493,0.9389602446483181,0.7509881422924901,0.723404255319149,11.75,0.5582891674497563,9,6.25,0.0,0.5582891674497563,0.06797570034784517,0.0,7.9787234042553195,21.37404580152672,25.954198473282446,0.0,0.0,0.0,35.87786259541985,0.0,56.48854961832061,0.7114503816793893
t03:nemotron_b038_P1_r2,nemotron_b038_P1_r2,3,197.7123188405797,0.8732798573975045,0.6938435940099834,0.703672075149445,11.71,0.4851020071482599,8,19.0,0.06,0.4851020071482599,0.06809119715362875,10.247651579846286,0.0,20.38369304556355,18.784972022382092,0.0,0.0,0.0,33.57314148681055,0.0,28.377298161470822,0.5247801758593125
t03:real_claude_b015_P2_r1,real_claude_b015_P2_r1,3,202.02864408047267,0.898273381294964,0.7008797653958945,0.6892561983471074,14.404761904761905,0.5500678996132115,9,4.761904761904762,0.0,0.5500678996132115,0.08602179145658627,9.917355371900827,4.958677685950414,5.328596802841918,2.960331557134399,0.0,0.0,0.0,18.354055654233274,0.0,30.78744819419775,0.6376554174067496
t03:real_claude_b018_P3_r2,real_claude_b018_P3_r2,3,178.88203303537853,0.8803939393939393,0.6262626262626263,0.6851716581446311,14.260416666666666,0.5064136952904733,9,0.0,0.0625,0.5064136952904733,0.07243351999850496,5.843681519357195,0.0,0.7173601147776184,0.0,0.0,0.0,0.0,7.173601147776184,0.0,0.0,0.0
t03:real_claude_b024_P1_r2,real_claude_b024_P1_r2,3,185.62907295696397,0.883728448275862,0.6553911205073996,0.6949846468781986,11.36046511627907,0.689798777566002,10,3.488372093023256,0.046511627906976744,0.689798777566002,0.07853495178135468,3.0706243602865917,0.0,1.3315579227696406,4.660452729693742,0.0,0.0,0.0,27.29693741677763,0.0,19.30758988015979,0.33155792276964047
t03:real_claude_b025_P2_r1,real_claude_b025_P2_r1,3,165.31900774548922,0.8607102803738318,0.6468646864686468,0.6558219178082192,13.581395348837209,0.5914974468978039,11,2.3255813953488373,0.09302325581395349,0.5914974468978039,0.082516989194503,18.835616438356166,5.136986301369863,2.1474588403722263,0.7158196134574087,0.0,0.0,0.0,18.61130994989263,0.0,20.758768790264853,0.5755189692197566
t03:real_claude_b034_P2_r2,real_claude_b034_P2_r2,3,252.4886418603814,0.9137500000000001,0.6373873873873874,0.7190635451505016,12.814285714285715,0.5524975076662874,9,18.571428571428573,0.08571428571428572,0.5524975076662874,0.07790070907280212,8.918617614269788,3.3444816053511706,1.8393623543838136,3.065603923973023,0.0,0.0,0.0,13.488657265481299,0.0,24.524831391784183,0.43592887798896385
t03:real_claude_b040_P3_r2,real_claude_b040_P3_r2,3,198.10786634976296,0.8806533864541833,0.657672849915683,0.6702453987730062,13.443298969072165,0.5622180702152093,12,3.0927835051546393,0.0,0.5622180702152093,0.07315175409797749,10.736196319018404,0.0,1.492537313432836,0.0,0.0,0.0,0.0,9.701492537313433,0.0,0.0,0.0
t03:real_claude_b042_P3_r2,real_claude_b042_P3_r2,3,176.70709425199306,0.8673302469135802,0.67430441898527,0.6609665427509294,16.011904761904763,0.6014988198449313,13,3.5714285714285716,0.047619047619047616,0.6014988198449313,0.058827699631106296,11.152416356877323,0.0,0.7320644216691069,5.856515373352855,0.0,0.0,0.0,5.856515373352855,0.0,0.0,0.0
t03:real_claude_b045_P3_r1,real_claude_b045_P3_r1,3,224.77058428043745,0.8848303393213574,0.6432748538011696,0.6900773195876289,13.264957264957266,0.6293604147449869,9,2.5641025641025643,0.05982905982905983,0.6293604147449869,0.06971025968067388,5.798969072164948,0.0,13.888888888888888,0.0,0.0,0.0,0.0,15.15151515151515,0.0,0.0,0.0
t04:deepseek_pro_b002_P3_r1,deepseek_pro_b002_P3_r1,4,176.77261273341094,0.883012048192771,0.6777163904235728,0.6688687035507844,13.761363636363637,0.47657376910552973,11,3.3707865168539324,0.12359550561797752,0.47657376910552973,0.0901570873067065,7.431874483897605,0.0,8.210180623973727,10.673234811165846,0.0,0.0,0.0,0.0,0.0,0.0,0.0
t04:deepseek_pro_b004_P2_r1,deepseek_pro_b004_P2_r1,4,189.5518481660506,0.8948322147651007,0.636150234741784,0.6542948038176034,14.074626865671641,0.5880178001940205,10,4.477611940298507,0.11940298507462686,0.5880178001940205,0.07637613172506613,8.48356309650053,0.0,4.705882352941176,6.470588235294118,0.0,0.0,0.0,13.529411764705882,4.11764705882353,13.529411764705882,0.4494117647058824
t04:deepseek_pro_b007_P3_r2,deepseek_pro_b007_P3_r2,4,156.0506463852206,0.857525641025641,0.622792937399679,0.7184586699813549,11.575539568345324,0.6208715267106395,11,4.316546762589928,0.10071942446043165,0.6208715267106395,0.09235465379321525,9.322560596643878,0.0,2.923976608187134,1.7543859649122806,0.0,0.0,0.0,5.847953216374268,2.923976608187134,1.7543859649122806,0.03274853801169586
t04:deepseek_pro_b009_P1_r1,deepseek_pro_b009_P1_r1,4,172.5731310814018,0.8737724550898204,0.644542772861357,0.6399069226294357,13.4296875,0.560478184441231,10,8.59375,0.1171875,0.560478184441231,0.07993481383727934,7.562536358347876,0.5817335660267597,5.1194539249146755,21.046643913538112,0.0,0.0,1.0,5.688282138794084,3.981797497155859,0.0,0.026166097838452806
t04:deepseek_pro_b009_P2_r2,deepseek_pro_b009_P2_r2,4,205.46215780998386,0.9060296540362439,0.6934097421203438,0.7088414634146342,14.909090909090908,0.5261137895951021,9,6.818181818181818,0.0,0.5261137895951021,0.060461187543063885,9.146341463414634,4.573170731707317,8.04289544235925,6.702412868632708,0.0,0.0,0.0,10.723860589812332,4.6916890080428955,8.71313672922252,0.5576407506702412
t04:deepseek_pro_b021_P2_r2,deepseek_pro_b021_P2_r2,4,226.44788288527025,0.9278306878306878,0.6756756756756757,0.7189695550351288,12.93939393939394,0.4080035981984797,10,6.0606060606060606,0.12121212121212122,0.4080035981984797,0.08279955410276556,0.0,0.0,5.524861878453039,4.419889502762431,0.0,0.0,0.0,6.629834254143647,5.524861878453039,20.994475138121548,0.523756906077348
t04:deepseek_pro_b037_P2_r2,deepseek_pro_b037_P2_r2,4,285.18898478704045,0.9085454545454545,0.7367303609341825,0.6996336996336996,13.426229508196721,0.374499606010433,9,0.0,0.26229508196721313,0.374499606010433,0.08786033281747378,3.663003663003663,1.221001221001221,3.3377837116154874,4.005340453938585,0.0,0.0,1.0,22.696929238985312,4.672897196261682,18.69158878504673,0.44993324432576765
t04:deepseek_pro_b038_P1_r2,deepseek_pro_b038_P1_r2,4,191.17961407010398,0.8802815315315314,0.6987179487179487,0.6345205479452055,12.166666666666666,0.6350445065502959,12,4.666666666666667,0.14,0.6350445065502959,0.07448089593699181,8.767123287671232,4.383561643835616,7.306380905991232,6.819288845591817,0.4835589941972921,0.0,1.0,5.358012664393571,3.4096444227959086,3.4096444227959086,0.10326351680467605
t04:gpt_b004_P1_r1,gpt_b004_P1_r1,4,95.59453227931488,0.8331116794543905,0.5216216216216216,0.6661211129296236,12.597938144329897,0.4529102283861148,8,2.0618556701030926,0.16494845360824742,0.4529102283861148,0.09932278743437692,5.728314238952537,0.0,5.691056910569106,1.6260162601626016,0.0,0.0,0.0,0.0,0.0,0.0,0.003252032520325243
t04:gpt_b004_P3_r1,gpt_b004_P3_r1,4,110.16889915319477,0.8397909407665506,0.552,0.6992481203007519,10.98165137614679,0.4544578896513581,9,4.587155963302752,0.2018348623853211,0.4544578896513581,0.08964938582539315,3.341687552213868,0.0,4.159733777038269,0.831946755407654,0.0,0.0,0.0,0.0,0.0,0.0,0.0033277870216306127
t04:gpt_b021_P3_r2,gpt_b021_P3_r2,4,188.45515905622725,0.905241935483871,0.5598455598455598,0.747866563227308,13.712765957446809,0.4785727741790235,11,8.51063829787234,0.10638297872340426,0.4785727741790235,0.0766686359957503,9.309542280837858,0.0,0.0,0.0,0.0,0.0,0.0,0.7680491551459293,0.0,0.0,0.0023041474654378336
t04:gpt_b026_P1_r1,gpt_b026_P1_r1,4,203.1301373876757,0.8939668826493881,0.579225352112676,0.7364394993045897,12.725663716814159,0.5370094962148817,11,4.424778761061947,0.13274336283185842,0.5370094962148817,0.06425584705909683,9.735744089012517,4.867872044506258,2.0147750167897915,0.0,0.0,0.0,0.0,4.701141705842847,0.0,0.0,0.022162525184687754
t04:gpt_b028_P2_r1,gpt_b028_P2_r1,4,168.26019061583577,0.8865783132530121,0.5721925133689839,0.6996587030716723,11.72,0.5221366697335014,10,10.666666666666666,0.14666666666666667,0.5221366697335014,0.08530696924605631,7.963594994311718,0.0,2.6333113890717574,0.0,0.0,0.0,0.0,1.9749835418038184,4.6082949308755765,26.991441737985518,0.4200131665569453
t04:gpt_b031_P1_r1,gpt_b031_P1_r1,4,178.83425373683824,0.8862718299164769,0.5669144981412639,0.7284040995607614,15.010989010989011,0.5465096452324775,11,1.098901098901099,0.17582417582417584,0.5465096452324775,0.07000393211084116,10.248901903367496,0.0,5.772005772005772,0.0,0.0,0.0,0.0,0.0,4.329004329004329,0.0,0.018037518037518074
t04:gpt_b040_P2_r1,gpt_b040_P2_r1,4,191.49458530871257,0.9060950605778192,0.5522727272727272,0.7049910873440285,13.518072289156626,0.5280804567548044,9,8.433734939759036,0.24096385542168675,0.5280804567548044,0.06413380482516273,8.02139037433155,0.0,7.078507078507079,0.0,0.0,0.0,0.0,1.9305019305019306,4.504504504504505,26.383526383526384,0.27670527670527667
t04:human_hard_rusltc_0001,human_hard_rusltc_0001,4,210.96829628190258,0.8889212827988338,0.7355769230769231,0.6285714285714286,19.342105263157894,0.5929336633887965,12,0.0,0.0,0.5929336633887965,0.06265072570938053,1.3605442176870748,5.442176870748299,49.86522911051213,9.433962264150942,0.0,0.0,0.0,0.0,0.0,0.0,0.008086253369272267
t04:human_hard_rusltc_0002,human_hard_rusltc_0002,4,132.40256340736954,0.8542639040348964,0.6526548672566371,0.6252587991718427,18.22641509433962,0.4704519741728786,14,5.660377358490566,0.1320754716981132,0.4704519741728786,0.104400303056554,0.0,0.0,52.083333333333336,26.041666666666668,0.0,0.0,0.0,0.0,0.0,0.0,0.004166666666666652
t04:human_hard_rusltc_0003,human_hard_rusltc_0003,4,207.16242149865502,0.8656953642384106,0.7073490813648294,0.7107119948685054,23.26865671641791,0.4378636643377423,13,1.492537313432836,0.05970149253731343,0.4378636643377423,0.10098485424031058,10.262989095574087,0.0,48.3768300445576,14.00381922342457,0.0,0.0,0.0,0.0,0.0,0.0,0.0
t04:human_hard_rusltc_0055,human_hard_rusltc_0055,4,94.38954402515722,0.80890756302521,0.6582633053221288,0.6579292267365662,14.12962962962963,0.42973809697175863,11,3.7037037037037037,0.09259259259259259,0.42973809697175863,0.11021375896518697,2.6212319790301444,1.3106159895150722,7.653061224489796,6.377551020408163,0.0,0.0,0.0,0.0,0.0,0.0,0.02423469387755106
t04:human_hard_rusltc_0068,human_hard_rusltc_0068,4,108.4239753807297,0.8056176853055916,0.7191780821917808,0.6907090464547677,16.36,1.0674440363582849,15,8.0,0.18,1.0674440363582849,0.09144646432068682,3.667481662591687,0.0,65.35141800246609,40.6905055487053,0.0,0.0,0.0,0.0,0.0,0.0,0.0
t04:human_hard_rusltc_0073,human_hard_rusltc_0073,4,168.5861480764578,0.8687088274044796,0.6704384724186704,0.6522016592214422,16.849462365591396,0.5554318404148679,14,2.150537634408602,0.06451612903225806,0.5554318404148679,0.09696219979907386,5.74345883854499,1.2763241863433312,24.93606138107417,11.508951406649617,0.0,0.0,0.0,0.0,0.0,0.0,0.0
t04:human_news_buriy_2014_0027,human_news_buriy_2014_0027,4,116.49088637476343,0.8481564245810056,0.7083333333333334,0.5986928104575163,19.125,0.7193898462541232,10,2.4390243902439024,0.0975609756097561,0.7193898462541232,0.09434230093250008,5.228758169934641,2.6143790849673203,42.19948849104859,0.0,0.0,0.0,0.0,0.0,0.0,0.0,0.014066496163682829
t04:human_news_buriy_2014_0034,human_news_buriy_2014_0034,4,160.78295976890303,0.8801657458563537,0.6787003610108303,0.7048458149779736,19.912280701754387,0.49998092577208064,15,1.7543859649122806,0.0,0.49998092577208064,0.0816584528530688,6.167400881057269,0.0,66.09442060085837,38.62660944206009,0.0,0.0,0.0,0.0,0.0,0.0,0.019742489270386243
t04:human_news_gazeta_0031,human_news_gazeta_0031,4,144.13925438596493,0.86364896073903,0.6029776674937966,0.6644808743169399,18.3,0.4435588671614907,9,0.0,0.22,0.4435588671614907,0.08173509203048353,3.278688524590164,0.0,57.54614549402823,11.943539630836048,0.0,0.0,0.0,0.0,0.0,0.0,0.0
t04:human_news_gazeta_0040,human_news_gazeta_0040,4,150.54915352058487,0.8681909547738694,0.6896551724137931,0.6840236686390533,21.125,0.4558350417951525,10,0.0,0.0,0.4558350417951525,0.07245035857100628,5.9171597633136095,0.0,71.0128055878929,19.79045401629802,0.0,0.0,0.0,0.0,0.0,0.0,0.0
t04:human_news_lenta_0001,human_news_lenta_0001,4,199.27337281428052,0.8987136294027566,0.6512261580381471,0.7065527065527065,20.057142857142857,0.5124514527723144,11,0.0,0.0,0.5124514527723144,0.07376538587628785,1.4245014245014245,0.0,62.5,17.045454545454547,0.0,0.0,0.0,0.0,0.0,0.0,0.0
t04:human_news_lenta_0016,human_news_lenta_0016,4,226.01851548418813,0.8944795321637427,0.7572815533980582,0.6869469026548672,11.894736842105264,0.42946468958104167,8,3.9473684210526314,0.2236842105263158,0.42946468958104167,0.09827579295847676,6.6371681415929205,0.0,65.74761399787911,72.1102863202545,0.0,0.0,0.0,0.0,0.0,0.0,0.0
t04:human_prose_taiga_arzamas_0050,human_prose_taiga_arzamas_0050,4,185.5579650516827,0.8561408259986459,0.7294429708222812,0.6618610747051114,16.955555555555556,0.7231329385360367,11,6.666666666666667,0.08888888888888889,0.7231329385360367,0.08937248376526041,9.174311926605505,2.6212319790301444,27.567195037904895,18.83116883116883,0.0,0.0,0.0,0.0,0.0,0.0,0.0006493506493506773
t04:human_prose_taiga_arzamas_0051,human_prose_taiga_arzamas_0051,4,185.23459923451782,0.8658554044380815,0.6909090909090909,0.6846473029045643,15.221052631578948,0.5133164724857383,11,0.0,0.05263157894736842,0.5133164724857383,0.09202881619383702,4.840940525587828,0.0,77.6566757493188,9.536784741144414,0.0,0.0,0.0,0.0,0.0,0.0,0.0
t04:human_prose_taiga_magazines_0048,human_prose_taiga_magazines_0048,4,170.85581718246635,0.8569244497323022,0.6918238993710691,0.624743476986221,11.641638225255972,0.9308382926647503,13,15.824915824915825,0.12457912457912458,0.9308382926647503,0.09293172599088124,5.570214013485781,9.674582233948989,53.6420101637493,1.693958215697346,0.0,0.0,0.0,0.0,0.0,0.0,0.02202145680406553
t04:human_prose_taiga_magazines_0053,human_prose_taiga_magazines_0053,4,218.99385839631913,0.8375963020030817,0.8508771929824561,0.6346704871060171,26.846153846153847,1.1864556935121444,16,23.076923076923077,0.07692307692307693,1.1864556935121444,0.055719139190101546,8.595988538681949,4.2979942693409745,48.78048780487805,1.3550135501355014,0.0,0.0,0.0,0.0,0.0,0.0,0.0027100271002710175
t04:human_prose_taiga_proza_0034,human_prose_taiga_proza_0034,4,136.32347140039448,0.8627496382054992,0.6771428571428572,0.5797297297297297,12.758620689655173,0.5497888308363714,9,7.042253521126761,0.028169014084507043,0.5497888308363714,0.09042221101825339,1.3513513513513513,4.054054054054054,44.56094364351245,0.0,0.0,0.0,0.0,0.0,0.0,0.0,0.0
t04:human_prose_taiga_proza_0056,human_prose_taiga_proza_0056,4,176.87700760777682,0.8674820143884892,0.7707317073170732,0.6287683031869078,15.904109589041095,0.6121450792172608,12,2.7027027027027026,0.10810810810810811,0.6121450792172608,0.09514625402780208,3.4453057708871664,0.8613264427217916,28.63777089783282,0.7739938080495357,0.0,0.0,0.0,0.0,0.0,3.8699690402476783,0.0797213622291022
t04:human_science_cyberleninka_0026,human_science_cyberleninka_0026,4,257.80617916635236,0.8957831325301204,0.6490566037735849,0.7039204212990052,16.754901960784313,0.9675090150865868,17,2.9411764705882355,0.22549019607843138,0.9675090150865868,0.09541771760966204,4.0959625511995315,0.0,81.92911098198721,58.68680999418942,0.0,0.0,0.0,0.0,0.0,0.0,0.01045903544450899
t04:human_science_cyberleninka_0031,human_science_cyberleninka_0031,4,131.44132459570937,0.844762726488352,0.5860566448801743,0.7102649006622517,12.989247311827956,0.7209940304754834,15,12.903225806451612,0.08602150537634409,0.7209940304754834,0.11230121751721485,6.622516556291391,0.0,11.928429423459244,77.53479125248509,0.0,0.0,0.0,0.0,0.0,0.0,0.20145791915175615
t04:human_science_cyberleninka_0032,human_science_cyberleninka_0032,4,80.86156870882951,0.8076707530647986,0.5566502463054187,0.6104114189756508,26.466666666666665,0.4336941417374494,13,0.0,0.10638297872340426,0.4336941417374494,0.10623967864637593,2.5188916876574305,0.0,21.885521885521886,103.53535353535354,0.0,0.0,0.0,0.0,0.0,0.0,0.021043771043771087
t04:human_science_cyberleninka_0053,human_science_cyberleninka_0053,4,110.30875735771093,0.8328306332842416,0.63,0.5673635307781649,16.322274881516588,0.726387679299613,13,2.843601895734597,0.2132701421800948,0.726387679299613,0.124822475314848,3.484320557491289,0.0,52.011986301369866,249.14383561643834,0.0,0.0,0.0,7.277397260273973,0.0,4.49486301369863,0.28339041095890416
t04:human_science_spbgu_0024,human_science_spbgu_0024,4,221.4822673445158,0.8749946217282181,0.6660682226211849,0.6539816772374912,11.397590361445783,0.8016493672546245,12,5.179282868525896,0.22709163346613545,0.8016493672546245,0.09544404338584711,2.818886539816772,2.1141649048625792,57.02507729302645,52.21573342493988,0.0,0.0,0.0,0.0,0.0,0.0,0.03263483339058748
t04:human_science_urfu_0028,human_science_urfu_0028,4,91.24475933240947,0.8083378519290928,0.5363128491620112,0.7646573080099092,20.183333333333334,0.7790096839852773,15,0.4166666666666667,0.275,0.7790096839852773,0.1070604625364808,8.05119735755574,0.0,26.20274914089347,15.902140672782874,0.0,0.0,0.0,0.8154943934760448,0.0,0.0,0.00346585117227316
t04:human_seo_alaev_0004,human_seo_alaev_0004,4,145.4420801874931,0.8539579524680073,0.6821345707656613,0.5815824765310684,13.557575757575757,0.595189540628276,12,12.121212121212121,0.10909090909090909,0.595189540628276,0.08636481844634115,5.364327223960662,6.705409029950827,7.741935483870968,7.741935483870968,0.0,0.0,0.0,0.0,0.0,0.0,0.02709677419354839
t04:human_seo_convertmonster_0001,human_seo_convertmonster_0001,4,108.44294547498595,0.8737154989384288,0.6937269372693727,0.6557692307692308,13.68421052631579,0.4460023758935984,9,13.157894736842104,0.23684210526315788,0.4460023758935984,0.10337364578562876,5.769230769230769,0.0,9.523809523809526,44.89795918367347,0.0,0.0,0.0,0.0,0.0,0.0,0.2857142857142857
t04:human_seo_devaka_ru_0004,human_seo_devaka_ru_0004,4,163.22705163080073,0.8797257142857142,0.6705607476635514,0.6439393939393939,13.014084507042254,0.6466156326528126,10,21.12676056338028,0.14084507042253522,0.6466156326528126,0.09703407090102481,5.411255411255412,8.658008658008658,16.574585635359114,75.50644567219153,0.0,0.0,0.0,0.0,0.0,0.0,0.14548802946592998
t04:human_seo_drmax_0002,human_seo_drmax_0002,4,114.17189639633212,0.8362861491628615,0.5989085948158254,0.6267326732673267,12.317073170731707,0.6152126879665203,11,23.170731707317074,0.0975609756097561,0.6152126879665203,0.09041041545833962,3.9603960396039604,6.930693069306931,19.736842105263158,19.26691729323308,0.0,0.0,0.0,0.0,0.0,0.0,0.03900375939849621
t04:human_seo_drmax_su_0001,human_seo_drmax_su_0001,4,94.7455174995321,0.8140443505807814,0.6319444444444444,0.6526104417670683,8.231404958677686,0.8156705848118909,9,14.87603305785124,0.1322314049586777,0.8156705848118909,0.11246663592598567,2.0080321285140563,5.020080321285141,6.6371681415929205,46.46017699115044,0.0,0.0,0.0,0.0,0.0,2.949852507374631,0.26327433628318586
t04:human_seo_labrika_0002,human_seo_labrika_0002,4,160.04642440160603,0.863532008830022,0.6182795698924731,0.7095170454545454,11.733333333333333,0.6553171976666019,11,3.3333333333333335,0.25833333333333336,0.6553171976666019,0.10063348139924916,3.5511363636363638,1.4204545454545454,33.03303303303303,34.234234234234236,0.0,0.0,0.0,0.0,0.0,0.0,0.11531531531531536
t04:nemotron_b012_P1_r1,nemotron_b012_P1_r1,4,277.764101835043,0.8982484725050917,0.7352941176470589,0.7185185185185186,13.5,0.5487073967540868,10,7.5,0.05,0.5487073967540868,0.0748834982313424,9.25925925925926,1.8518518518518519,28.028503562945367,31.82897862232779,0.0,0.0,0.0,28.028503562945367,9.026128266033254,30.878859857482183,0.7415676959619952
t04:nemotron_b015_P3_r2,nemotron_b015_P3_r2,4,277.599610205528,0.8845316455696203,0.6927710843373494,0.6875383670963782,13.352459016393443,0.5065682813955735,10,37.704918032786885,0.09016393442622951,0.5065682813955735,0.09273510456126005,7.980356046654389,0.0,36.35432667690732,18.94521249359959,0.0,0.0,0.0,2.560163850486431,1.0240655401945724,10.75268817204301,0.18125960061443935
t04:nemotron_b016_P1_r1,nemotron_b016_P1_r1,4,187.4497052321297,0.8783717774762551,0.6714628297362111,0.6768447837150128,10.342105263157896,0.6463302007889578,10,9.210526315789474,0.02631578947368421,0.6463302007889578,0.07570039026487552,1.272264631043257,2.544529262086514,26.211671612265086,26.211671612265086,0.0,0.0,0.0,37.58654797230465,3.4619188921859547,24.727992087042534,0.6008902077151335
t04:nemotron_b022_P3_r2,nemotron_b022_P3_r2,4,178.57961647737966,0.8700897959183672,0.6844741235392321,0.7291993720565149,11.274336283185841,0.6738563502643605,9,3.5398230088495577,0.017699115044247787,0.6738563502643605,0.08259498662965588,5.4945054945054945,0.0,13.689700130378096,25.423728813559322,0.0,0.0,0.0,14.99348109517601,4.563233376792699,6.51890482398957,0.16688396349413304
t04:nemotron_b028_P1_r2,nemotron_b028_P1_r2,4,241.55830298494897,0.9087083333333333,0.6961538461538461,0.6967294350842418,10.09,0.6912625710012941,9,28.0,0.07,0.6912625710012941,0.06878057110117577,6.937561942517344,5.946481665014867,16.779864163004394,42.34918098282061,0.0,0.0,0.0,22.373152217339193,9.98801438274071,25.56931681981622,0.5948861366360367
t04:nemotron_b033_P2_r2,nemotron_b033_P2_r2,4,291.55107445976046,0.9266666666666666,0.7509881422924901,0.723404255319149,11.75,0.5582891674497563,9,6.25,0.0,0.5582891674497563,0.07574800880496568,0.0,7.9787234042553195,22.338049143708115,25.31645569620253,0.0,0.0,0.0,34.99627699180938,6.701414743112435,55.10052122114669,0.7185405807892777
t04:nemotron_b038_P1_r2,nemotron_b038_P1_r2,4,227.05975609756098,0.8841354723707665,0.6938435940099834,0.703672075149445,11.71,0.4851020071482599,8,19.0,0.06,0.4851020071482599,0.06845792382746124,10.247651579846286,0.0,21.13758647194466,21.13758647194466,0.0,0.0,0.0,32.28285933897002,5.764796310530361,27.286702536510376,0.5430438124519601
t04:real_claude_b015_P2_r1,real_claude_b015_P2_r1,4,209.7854450137811,0.9027865961199294,0.6976744186046512,0.6915584415584416,13.391304347826088,0.6168899521152419,9,4.3478260869565215,0.043478260869565216,0.6168899521152419,0.08489701897978888,9.74025974025974,4.87012987012987,5.257009345794392,2.9205607476635516,0.0,0.0,0.0,18.10747663551402,4.672897196261682,30.373831775700936,0.6360981308411215
t04:real_claude_b018_P3_r2,real_claude_b018_P3_r2,4,197.69431762872733,0.8786818181818181,0.6262626262626263,0.6851716581446311,14.260416666666666,0.5064136952904733,9,0.0,0.0625,0.5064136952904733,0.07935127998912896,5.843681519357195,0.0,2.117148906139732,0.0,0.0,0.0,0.0,7.057163020465773,4.234297812279464,0.0,0.016231474947071223
t04:real_claude_b024_P1_r2,real_claude_b024_P1_r2,4,180.36336575302096,0.8781505376344085,0.6553911205073996,0.6945863125638406,11.25287356321839,0.6980536985694378,10,4.597701149425287,0.04597701149425287,0.6980536985694378,0.08227876253308308,3.0643513789581207,0.0,1.951854261548471,8.458035133376708,0.0,0.0,0.0,26.67534157449577,4.554326610279766,18.867924528301884,0.3454782042940794
t04:real_claude_b025_P2_r1,real_claude_b025_P2_r1,4,162.30921717908637,0.8692193308550186,0.6414473684210527,0.6575809199318569,13.340909090909092,0.607010426792423,11,2.272727272727273,0.09090909090909091,0.607010426792423,0.07901487902032203,18.739352640545146,5.1107325383304945,2.793296089385475,0.6983240223463687,0.0,0.0,0.0,18.156424581005588,5.58659217877095,20.251396648044693,0.5837988826815643
t04:real_claude_b034_P2_r2,real_claude_b034_P2_r2,4,231.01145518641337,0.9141981132075472,0.6373873873873874,0.7190635451505016,12.814285714285715,0.5524975076662874,9,18.571428571428573,0.08571428571428572,0.5524975076662874,0.07694790574331933,8.918617614269788,3.3444816053511706,1.8028846153846154,3.004807692307692,0.0,0.0,0.0,13.221153846153845,4.8076923076923075,24.038461538461537,0.4471153846153846
t04:real_claude_b040_P3_r2,real_claude_b040_P3_r2,4,190.47302651630602,0.8823426294820716,0.657672849915683,0.6702453987730062,13.443298969072165,0.5622180702152093,12,3.0927835051546393,0.0,0.5622180702152093,0.07860107803284508,10.736196319018404,0.0,2.9197080291970803,0.0,0.0,0.0,0.0,9.489051094890511,5.839416058394161,0.0,0.021897810218978075
t04:real_claude_b042_P3_r2,real_claude_b042_P3_r2,4,185.31313473256603,0.8685802469135803,0.67430441898527,0.6609665427509294,16.011904761904763,0.6014988198449313,13,3.5714285714285716,0.047619047619047616,0.6014988198449313,0.05782384006526488,11.152416356877323,0.0,1.4398848092152627,5.759539236861051,0.0,0.0,0.0,5.759539236861051,5.0395968322534195,0.0,0.016558675305975545
t04:real_claude_b045_P3_r1,real_claude_b045_P3_r1,4,213.0072396450652,0.8903792415169661,0.6432748538011696,0.6900773195876289,13.264957264957266,0.6293604147449869,9,2.5641025641025643,0.05982905982905983,0.6293604147449869,0.07376670192383934,5.798969072164948,0.0,14.241486068111454,0.0,0.0,0.0,0.0,14.860681114551085,4.953560371517028,0.0,0.019195046439628438
t05:deepseek_pro_b002_P3_r1,deepseek_pro_b002_P3_r1,5,144.23272977774855,0.8658157227387997,0.673394495412844,0.6566558441558441,11.846153846153847,0.6002335439314529,11,2.857142857142857,0.12380952380952381,0.6002335439314529,0.08378224284930667,7.305194805194805,0.0,8.835341365461847,10.441767068273093,0.0,0.0,0.0,0.0,0.0,0.0,0.0
t05:deepseek_pro_b004_P2_r1,deepseek_pro_b004_P2_r1,5,192.00143592265016,0.8960049937578028,0.6495098039215687,0.6517647058823529,14.166666666666666,0.5825447582821677,10,6.666666666666667,0.11666666666666667,0.5825447582821677,0.07159048129123423,10.588235294117647,0.0,4.634994206257242,6.373117033603708,0.0,0.0,0.0,13.325608342989572,4.055619930475087,13.904982618771726,0.5156431054461181
t05:deepseek_pro_b007_P3_r2,deepseek_pro_b007_P3_r2,5,138.85266958450703,0.849974358974359,0.622792937399679,0.7197016780609073,11.575539568345324,0.6208715267106395,11,4.316546762589928,0.10071942446043165,0.6208715267106395,0.08679497281341904,9.944064636420137,0.0,4.093567251461988,1.7543859649122806,0.0,0.0,0.0,5.847953216374268,2.923976608187134,1.7543859649122806,0.03274853801169586
t05:deepseek_pro_b009_P1_r1,deepseek_pro_b009_P1_r1,5,160.00722093088723,0.8732407966203983,0.6402985074626866,0.6395076201641267,13.022900763358779,0.5895464907837827,10,8.396946564885496,0.11450381679389313,0.5895464907837827,0.08164880584749241,8.206330597889801,2.9308323563892147,5.110732538330494,21.010789324247586,0.0,0.0,1.0,5.6785917092561045,3.975014196479273,0.0,0.0261215218625781
t05:deepseek_pro_b009_P2_r2,deepseek_pro_b009_P2_r2,5,221.37317896263804,0.9050328947368421,0.6942857142857143,0.7077625570776256,14.282608695652174,0.5315140750788026,9,6.521739130434782,0.0,0.5315140750788026,0.05507701961286345,9.132420091324201,4.566210045662101,7.973421926910298,6.644518272425249,0.0,0.0,0.0,10.631229235880399,4.651162790697675,8.637873754152825,0.5574750830564784
t05:deepseek_pro_b021_P2_r2,deepseek_pro_b021_P2_r2,5,218.6173989040632,0.9104232804232804,0.6756756756756757,0.7189695550351288,12.93939393939394,0.4080035981984797,10,6.0606060606060606,0.12121212121212122,0.4080035981984797,0.08194581697662802,0.0,0.0,5.524861878453039,4.419889502762431,0.0,0.0,0.0,6.629834254143647,5.524861878453039,20.994475138121548,0.523756906077348
t05:deepseek_pro_b037_P2_r2,deepseek_pro_b037_P2_r2,5,277.30509963012247,0.9014324324324323,0.7305122494432071,0.6958174904942965,13.60344827586207,0.35400505626652773,9,0.0,0.27586206896551724,0.35400505626652773,0.07557193492184756,2.534854245880862,1.267427122940431,4.076086956521739,3.3967391304347827,0.0,0.0,1.0,23.097826086956523,4.755434782608695,19.02173913043478,0.46059782608695654
t05:deepseek_pro_b038_P1_r2,deepseek_pro_b038_P1_r2,5,187.61320150719234,0.8774771689497717,0.6981865284974094,0.6324264297612437,12.16891891891892,0.638078699079229,12,4.666666666666667,0.14,0.638078699079229,0.07896439748425865,9.439200444197668,5.55247084952804,7.374631268436578,6.882989183874139,0.4835589941972921,0.0,1.0,5.408062930186824,3.4414945919370696,3.4414945919370696,0.10422812192723696
t05:gpt_b004_P1_r1,gpt_b004_P1_r1,5,100.56827693788844,0.8418537414965986,0.5254691689008043,0.6644897959183673,12.628865979381443,0.4495779871323245,8,2.0618556701030926,0.16494845360824742,0.4495779871323245,0.09260411520988174,5.714285714285714,0.0,5.672609400324149,1.6207455429497568,0.0,0.0,0.0,0.0,0.0,0.0,0.004862236628849326
t05:gpt_b004_P3_r1,gpt_b004_P3_r1,5,102.71121132739177,0.8435714285714285,0.552,0.6992481203007519,10.98165137614679,0.4544578896513581,9,4.587155963302752,0.2018348623853211,0.4544578896513581,0.08588637842799283,3.341687552213868,0.0,4.152823920265781,0.8305647840531561,0.0,0.0,0.0,0.0,0.0,0.0,0.004983388704318914
t05:gpt_b021_P3_r2,gpt_b021_P3_r2,5,195.1665363924778,0.9047903225806452,0.5598455598455598,0.747866563227308,13.712765957446809,0.4785727741790235,11,8.51063829787234,0.10638297872340426,0.4785727741790235,0.07540466403513085,9.309542280837858,0.0,0.0,0.0,0.0,0.0,0.0,0.7680491551459293,0.0,0.0,0.0023041474654378336
t05:gpt_b026_P1_r1,gpt_b026_P1_r1,5,205.57688706938956,0.8990496760259179,0.579225352112676,0.7364394993045897,12.725663716814159,0.5370094962148817,11,4.424778761061947,0.13274336283185842,0.5370094962148817,0.06506304069718763,9.735744089012517,4.867872044506258,0.671591672263264,0.0,0.0,0.0,0.0,4.701141705842847,0.0,0.0,0.022162525184687754
t05:gpt_b028_P2_r1,gpt_b028_P2_r1,5,147.975836725612,0.8752,0.5663956639566395,0.6979405034324943,11.972602739726028,0.5015254079984013,10,10.95890410958904,0.1506849315068493,0.5015254079984013,0.08095704235021944,8.009153318077804,0.0,1.9749835418038184,0.0,0.0,0.0,0.0,1.9749835418038184,4.6082949308755765,26.991441737985518,0.4233048057932851
t05:gpt_b031_P1_r1,gpt_b031_P1_r1,5,179.9917505565825,0.8877517032551098,0.5658627087198516,0.7255474452554744,14.421052631578947,0.5739230252965676,11,1.0526315789473684,0.16842105263157894,0.5739230252965676,0.06759067361364246,10.218978102189782,0.0,6.4655172413793105,0.0,0.0,0.0,0.0,0.0,4.310344827586206,0.0,0.01795977011494254
t05:gpt_b040_P2_r1,gpt_b040_P2_r1,5,193.91346153846155,0.9019457436856875,0.5535307517084282,0.7039355992844365,13.802469135802468,0.5063035904219928,9,8.641975308641975,0.24691358024691357,0.5063035904219928,0.05883366953472974,8.94454382826476,0.0,7.078507078507079,0.0,0.0,0.0,0.0,1.9305019305019306,4.504504504504505,26.383526383526384,0.2792792792792793
t05:human_hard_rusltc_0001,human_hard_rusltc_0001,5,210.96829628190258,0.8889212827988338,0.7355769230769231,0.6285714285714286,19.342105263157894,0.5929336633887965,12,0.0,0.0,0.5929336633887965,0.062404003172168376,1.3605442176870748,5.442176870748299,49.597855227882036,9.383378016085791,0.0,0.0,0.0,0.0,0.0,0.0,0.012064343163538882
t05:human_hard_rusltc_0002,human_hard_rusltc_0002,5,142.0155626260535,0.8548639825897715,0.647450110864745,0.6239669421487604,18.264150943396228,0.4726020155814379,14,5.555555555555555,0.12962962962962962,0.4726020155814379,0.10518917644002097,0.0,1.0330578512396693,51.975051975051976,25.987525987525988,0.0,0.0,0.0,0.0,0.0,0.0,0.004158004158004158
t05:human_hard_rusltc_0003,human_hard_rusltc_0003,5,205.07277249993382,0.865837193911317,0.7043363994743759,0.7102564102564103,23.28358208955224,0.43874539549131425,13,1.492537313432836,0.05970149253731343,0.43874539549131425,0.1010264646606392,10.256410256410257,0.0,48.346055979643765,13.994910941475828,0.0,0.0,0.0,0.0,0.0,0.0,0.0
t05:human_hard_rusltc_0055,human_hard_rusltc_0055,5,94.38954402515722,0.80890756302521,0.6582633053221288,0.6579292267365662,14.12962962962963,0.42973809697175863,11,3.7037037037037037,0.09259259259259259,0.42973809697175863,0.11021375896518697,2.6212319790301444,1.3106159895150722,7.653061224489796,6.377551020408163,0.0,0.0,0.0,0.0,0.0,0.0,0.02423469387755106
t05:human_hard_rusltc_0068,human_hard_rusltc_0068,5,98.76845445071208,0.7996231155778895,0.713963963963964,0.6650887573964497,13.852459016393443,1.169514694543528,15,6.557377049180328,0.21311475409836064,1.169514694543528,0.09142179054211212,3.5502958579881656,0.0,63.095238095238095,39.285714285714285,0.0,0.0,0.0,0.0,0.0,0.0,0.0
t05:human_hard_rusltc_0073,human_hard_rusltc_0073,5,168.693733365594,0.8688610928242264,0.6704384724186704,0.6517857142857143,16.86021505376344,0.5548464606980165,14,2.150537634408602,0.06451612903225806,0.5548464606980165,0.0973436599795079,5.739795918367347,1.2755102040816326,24.888321633694957,11.48691767708998,0.0,0.0,0.0,0.0,0.0,0.0,0.0
t05:human_news_buriy_2014_0027,human_news_buriy_2014_0027,5,116.49088637476343,0.8481564245810056,0.7083333333333334,0.5986928104575163,19.125,0.7193898462541232,10,2.272727272727273,0.09090909090909091,0.7193898462541232,0.09434433946946583,5.228758169934641,5.228758169934641,41.50943396226415,0.0,0.0,0.0,0.0,0.0,0.0,0.0,0.01635220125786163
t05:human_news_buriy_2014_0034,human_news_buriy_2014_0034,5,161.08028459966823,0.8806978879706153,0.6780575539568345,0.70298769771529,19.964912280701753,0.4981850742721353,15,1.7543859649122806,0.0,0.4981850742721353,0.08162006986346114,7.0298769771529,0.0,65.81196581196582,38.46153846153846,0.0,0.0,0.0,0.0,0.0,0.0,0.0196581196581197
t05:human_news_gazeta_0031,human_news_gazeta_0031,5,132.7379718726869,0.8602749140893471,0.599009900990099,0.6616052060737527,18.44,0.4542701391718543,9,0.0,0.22,0.4542701391718543,0.08081867864042902,3.2537960954446854,0.0,57.112068965517246,11.85344827586207,0.0,0.0,0.0,0.0,0.0,0.0,0.0
t05:human_news_gazeta_0040,human_news_gazeta_0040,5,142.2459713932908,0.8686967418546366,0.687192118226601,0.6835891381345927,21.175,0.45421764356780125,11,0.0,0.0,0.45421764356780125,0.07196819697616177,5.903187721369539,0.0,70.93023255813954,19.767441860465116,0.0,0.0,0.0,0.0,0.0,0.0,0.0
t05:human_news_lenta_0001,human_news_lenta_0001,5,198.4880457890807,0.8977981651376147,0.6485013623978202,0.705547652916074,20.085714285714285,0.5154739320840899,12,0.0,0.0,0.5154739320840899,0.07378901281996515,1.422475106685633,0.0,62.32294617563739,16.997167138810198,0.0,0.0,0.0,0.0,0.0,0.0,0.0
t05:human_news_lenta_0016,human_news_lenta_0016,5,147.58525890379968,0.8780065717415115,0.7544204322200393,0.6351351351351351,8.589285714285714,0.7226974561665642,8,2.6785714285714284,0.35714285714285715,0.7226974561665642,0.10715593233150734,6.237006237006237,0.0,61.87624750499002,67.86427145708582,0.0,0.0,0.0,0.0,0.0,0.0,0.0
t05:human_prose_taiga_arzamas_0050,human_prose_taiga_arzamas_0050,5,145.0279289256402,0.8509140148950575,0.7294429708222812,0.6618610747051114,16.955555555555556,0.7231329385360367,11,6.593406593406593,0.08791208791208792,0.7231329385360367,0.0912901663413034,9.174311926605505,2.6212319790301444,26.755852842809364,18.70967741935484,0.0,0.0,0.0,0.0,0.0,0.0,0.002580645161290307
t05:human_prose_taiga_arzamas_0051,human_prose_taiga_arzamas_0051,5,185.23459923451782,0.8658554044380815,0.6909090909090909,0.6846473029045643,15.221052631578948,0.5133164724857383,11,0.0,0.05263157894736842,0.5133164724857383,0.09202881619383702,4.840940525587828,0.0,77.55102040816327,9.523809523809524,0.0,0.0,0.0,0.0,0.0,0.0,0.0
t05:human_prose_taiga_magazines_0048,human_prose_taiga_magazines_0048,5,169.22332635983264,0.8573088322465916,0.6912891986062718,0.6248904469763366,11.186274509803921,0.9332491714195624,13,15.501519756838906,0.11246200607902736,0.9332491714195624,0.09266974428923025,5.550686532281624,9.932807478819749,52.37045203969129,1.6538037486218302,0.0,0.0,0.0,0.0,0.0,0.0,0.018467475192943783
t05:human_prose_taiga_magazines_0053,human_prose_taiga_magazines_0053,5,222.33351389756092,0.836517719568567,0.8508771929824561,0.6346704871060171,24.928571428571427,1.2400219626921198,16,20.58823529411765,0.058823529411764705,1.2400219626921198,0.05187278097490846,7.163323782234957,7.163323782234957,46.99738903394256,1.3054830287206267,0.0,0.0,0.0,0.0,0.0,0.0,0.0026109660574412663
t05:human_prose_taiga_proza_0034,human_prose_taiga_proza_0034,5,117.92148510497967,0.8411577424023154,0.6762177650429799,0.5797297297297297,12.758620689655173,0.5497888308363714,9,7.042253521126761,0.028169014084507043,0.5497888308363714,0.07952080647662563,1.3513513513513513,4.054054054054054,45.81151832460733,0.0,0.0,0.0,0.0,0.0,0.0,0.0,0.0
t05:human_prose_taiga_proza_0056,human_prose_taiga_proza_0056,5,176.87700760777682,0.8674820143884892,0.7707317073170732,0.6287683031869078,15.904109589041095,0.6121450792172608,12,2.6666666666666665,0.10666666666666667,0.6121450792172608,0.0949691907144261,3.4453057708871664,1.7226528854435832,28.527370855821125,0.7710100231303006,0.0,0.0,0.0,0.0,0.0,3.8550501156515034,0.07941403238242095
t05:human_science_cyberleninka_0026,human_science_cyberleninka_0026,5,185.49362066187922,0.8841300421432872,0.6439393939393939,0.7029239766081872,16.442307692307693,0.9031546410889382,17,1.9230769230769231,0.22115384615384615,0.9031546410889382,0.07989063912771284,4.093567251461988,0.0,46.3768115942029,57.78032036613273,0.0,0.0,0.0,0.0,0.0,0.0,0.010297482837528626
t05:human_science_cyberleninka_0031,human_science_cyberleninka_0031,5,55.63575246261105,0.7817854463615903,0.4954337899543379,0.5918958031837916,12.91588785046729,0.6427031200749312,15,12.149532710280374,0.24299065420560748,0.6427031200749312,0.10764808409521606,5.788712011577424,0.0,12.477718360071302,67.14200831847891,0.0,0.0,0.0,0.0,0.0,2.3767082590612003,0.172311348781937
t05:human_science_cyberleninka_0032,human_science_cyberleninka_0032,5,86.52291551082533,0.8108036454018227,0.5364077669902912,0.5963375796178344,27.304347826086957,0.48093401669042635,12,0.0,0.10416666666666667,0.48093401669042635,0.0913335596810551,4.777070063694268,0.0,21.686746987951807,98.79518072289157,0.0,0.0,0.0,0.0,0.0,0.0,0.013654618473895597
t05:human_science_cyberleninka_0053,human_science_cyberleninka_0053,5,48.021471561237654,0.7403190990145471,0.4957805907172996,0.42426351194618417,17.313253012048193,0.7190550252069672,13,2.0080321285140563,0.20481927710843373,0.7190550252069672,0.14360146594203413,18.55717930874507,0.0,40.76909382232508,199.92878760904398,0.0,0.0,0.0,6.05305323126224,0.0,8.901548869503294,0.2542282357130141
t05:human_science_spbgu_0024,human_science_spbgu_0024,5,150.05275133887147,0.8536396011396011,0.6594982078853047,0.648232411620581,10.542435424354244,0.8439419463105869,12,5.166051660516605,0.2177121771217712,0.8439419463105869,0.09160584582341687,2.1001050052502626,1.7500875043752186,58.01461108723679,51.556745898895215,0.0,0.0,0.0,0.0,0.0,0.0,0.03314362236357549
t05:human_science_urfu_0028,human_science_urfu_0028,5,91.35099336086508,0.8085666666666667,0.5358851674641149,0.7638688389358631,19.87295081967213,0.7909017140616368,15,0.4098360655737705,0.27049180327868855,0.7909017140616368,0.10908663183614259,8.04289544235925,0.0,25.979557069846678,15.74167507568113,0.0,0.0,0.0,0.8072653884964682,0.0,0.0,0.0034308779011099633
t05:human_seo_alaev_0004,human_seo_alaev_0004,5,146.13362399454428,0.8505710370031978,0.6825028968713789,0.5822162645218946,13.401197604790418,0.6055563119196367,13,11.904761904761905,0.10714285714285714,0.6055563119196367,0.08526309677105864,5.80875781948168,7.149240393208221,7.728638900815801,8.1580077286389,0.0,0.0,0.0,0.0,0.0,0.0,0.029197080291970767
t05:human_seo_convertmonster_0001,human_seo_convertmonster_0001,5,85.05006320605173,0.806384778012685,0.6959706959706959,0.6532567049808429,13.384615384615385,0.4154931635814254,9,12.820512820512821,0.23076923076923078,0.4154931635814254,0.12107014222416913,5.747126436781609,0.0,8.253094910591471,45.3920220082531,0.0,0.0,0.0,0.0,0.0,0.0,0.29023383768913347
t05:human_seo_devaka_ru_0004,human_seo_devaka_ru_0004,5,134.24691927338657,0.856331096196868,0.6628440366972477,0.6299045599151644,11.36144578313253,0.682410628940381,10,21.428571428571427,0.11904761904761904,0.682410628940381,0.09557837296878917,2.1208907741251326,8.48356309650053,14.072119613016712,72.99912049252418,0.0,0.0,0.0,0.0,0.0,0.0,0.15919085312225156
t05:human_seo_drmax_0002,human_seo_drmax_0002,5,97.56442803959726,0.8163253012048193,0.5983827493261455,0.6217540421362078,11.531073446327683,0.6265940842392717,11,23.463687150837988,0.1005586592178771,0.6265940842392717,0.08784418476655066,3.9196472317491424,6.859382655560999,19.06090190609019,19.06090190609019,0.0,0.0,0.0,0.0,0.0,0.0,0.03905160390516038
t05:human_seo_drmax_su_0001,human_seo_drmax_su_0001,5,74.56793726489923,0.7913483146067416,0.6887417218543046,0.6466552315608919,6.7011494252873565,0.7109956613972583,9,20.454545454545453,0.09090909090909091,0.7109956613972583,0.11319690484657433,3.4305317324185247,6.861063464837049,7.158196134574087,40.8017179670723,0.0,0.0,0.0,0.0,0.0,7.874015748031496,0.5740873299928417
t05:human_seo_labrika_0002,human_seo_labrika_0002,5,99.6802732233721,0.8210248901903368,0.6162162162162163,0.7060070671378091,11.694214876033058,0.6541223798741825,11,2.459016393442623,0.2540983606557377,0.6541223798741825,0.11636161381707069,3.5335689045936394,1.4134275618374559,31.908488862131247,34.316676700782665,0.0,0.0,0.0,0.0,0.0,0.0,0.11739915713425653
t05:nemotron_b012_P1_r1,nemotron_b012_P1_r1,5,248.38157676398325,0.8986558044806517,0.7352941176470589,0.7185185185185186,13.5,0.5487073967540868,12,7.5,0.05,0.5487073967540868,0.07107942173629415,9.25925925925926,1.8518518518518519,27.531497900139993,31.264582361175922,0.0,0.0,0.0,27.531497900139993,8.866075594960336,30.33131124591694,0.7447503499766682
t05:nemotron_b015_P3_r2,nemotron_b015_P3_r2,5,171.47691577276268,0.8713119533527697,0.6850763807285546,0.6842403628117913,10.822085889570552,0.6176408617448672,10,28.658536585365855,0.12804878048780488,0.6176408617448672,0.10911553952243468,9.63718820861678,0.0,33.121597096188744,16.33393829401089,0.0,0.0,0.0,2.268602540834846,0.0,13.611615245009073,0.19691470054446458
t05:nemotron_b016_P1_r1,nemotron_b016_P1_r1,5,184.62287612453454,0.8757723577235773,0.6714628297362111,0.6759847522236341,9.962025316455696,0.6634128253773186,10,8.536585365853659,0.024390243902439025,0.6634128253773186,0.07682209378691945,1.2706480304955527,7.6238881829733165,25.95494613124388,25.95494613124388,0.0,0.0,0.0,37.21841332027424,3.4280117531831538,24.48579823702253,0.5984329089128306
t05:nemotron_b022_P3_r2,nemotron_b022_P3_r2,5,187.61647132293356,0.8688653061224489,0.6834170854271356,0.7291993720565149,11.175438596491228,0.6813957582316547,9,3.508771929824561,0.017543859649122806,0.6813957582316547,0.08252824976117444,5.4945054945054945,0.0,15.594541910331383,25.341130604288498,0.0,0.0,0.0,14.944769330734243,4.548408057179987,6.49772579597141,0.16764132553606237
t05:nemotron_b028_P1_r2,nemotron_b028_P1_r2,5,214.55190552377445,0.9011446409989594,0.6967370441458733,0.696039603960396,10,0.6981403870282825,9,27.722772277227723,0.06930693069306931,0.6981403870282825,0.06868005845254921,6.930693069306931,5.9405940594059405,15.854141894569954,42.01347602061039,0.0,0.0,0.0,22.19579865239794,9.908838684106223,25.366627031311932,0.5973047958779232
t05:nemotron_b033_P2_r2,nemotron_b033_P2_r2,5,297.0398966152493,0.9389602446483181,0.7509881422924901,0.723404255319149,11.75,0.5582891674497563,9,6.25,0.0,0.5582891674497563,0.06782883666172729,0.0,7.9787234042553195,20.6794682422452,25.110782865583456,0.0,0.0,0.0,34.711964549483014,6.646971935007386,54.65288035450517,0.7208271787296898
t05:nemotron_b038_P1_r2,nemotron_b038_P1_r2,5,217.55058139534884,0.8736476868327402,0.6926910299003323,0.7016197783461211,11.613861386138614,0.49222133983791766,8,18.627450980392158,0.058823529411764705,0.49222133983791766,0.06816391111845788,11.935208866155158,0.0,20.098596890405762,20.857034508911642,0.0,0.0,0.0,31.85437997724687,5.688282138794084,26.924535456958665,0.547212741751991
t05:real_claude_b015_P2_r1,real_claude_b015_P2_r1,5,202.02864408047267,0.898273381294964,0.7008797653958945,0.6909090909090909,14.404761904761905,0.5500678996132115,9,4.761904761904762,0.0,0.5500678996132115,0.08603104754821027,9.917355371900827,4.958677685950414,5.187319884726224,2.881844380403458,0.0,0.0,0.0,17.86743515850144,4.610951008645533,29.971181556195965,0.6472622478386167
t05:real_claude_b018_P3_r2,real_claude_b018_P3_r2,5,178.88203303537853,0.8803939393939393,0.6262626262626263,0.6851716581446311,14.260416666666666,0.5064136952904733,9,0.0,0.0625,0.5064136952904733,0.07223763944456758,5.843681519357195,0.0,2.8228652081863093,0.0,0.0,0.0,0.0,7.057163020465773,4.234297812279464,0.0,0.016231474947071223
t05:real_claude_b024_P1_r2,real_claude_b024_P1_r2,5,185.62907295696397,0.883728448275862,0.6553911205073996,0.6929375639713409,11.36046511627907,0.689798777566002,10,3.488372093023256,0.046511627906976744,0.689798777566002,0.07832758329151772,3.0706243602865917,0.0,2.602472348731295,8.458035133376708,0.0,0.0,0.0,26.67534157449577,4.554326610279766,18.867924528301884,0.346779440468445
t05:real_claude_b025_P2_r1,real_claude_b025_P2_r1,5,165.31900774548922,0.8607102803738318,0.6468646864686468,0.6558219178082192,13.581395348837209,0.5914974468978039,11,2.272727272727273,0.09090909090909091,0.5914974468978039,0.0816052113778351,18.835616438356166,6.8493150684931505,2.0935101186322402,0.6978367062107467,0.0,0.0,0.0,18.143754361479413,5.582693649685973,20.237264480111655,0.5854849965108164
t05:real_claude_b034_P2_r2,real_claude_b034_P2_r2,5,252.87297299030865,0.9139929328621909,0.6382022471910113,0.7171492204899778,12.647887323943662,0.5603631950766942,9,18.309859154929576,0.08450704225352113,0.5603631950766942,0.07688970679383975,8.908685968819599,3.34075723830735,1.7985611510791368,2.997601918465228,0.0,0.0,0.0,13.189448441247004,4.796163069544365,23.980815347721823,0.447841726618705
t05:real_claude_b040_P3_r2,real_claude_b040_P3_r2,5,198.10786634976296,0.8806533864541833,0.657672849915683,0.6702453987730062,13.443298969072165,0.5622180702152093,12,3.0927835051546393,0.0,0.5622180702152093,0.07314823220985679,10.736196319018404,0.0,2.9197080291970803,0.0,0.0,0.0,0.0,9.489051094890511,5.839416058394161,0.0,0.021897810218978075
t05:real_claude_b042_P3_r2,real_claude_b042_P3_r2,5,177.8627014836598,0.8674787972243638,0.6748366013071896,0.6604754829123328,15.83529411764706,0.6074241747654225,13,3.5294117647058822,0.047058823529411764,0.6074241747654225,0.059816691753857044,11.144130757800891,0.0,2.158273381294964,5.755395683453237,0.0,0.0,0.0,5.755395683453237,5.0359712230215825,0.0,0.016546762589928043
t05:real_claude_b045_P3_r1,real_claude_b045_P3_r1,5,224.77058428043745,0.8848303393213574,0.6432748538011696,0.6907216494845361,13.264957264957266,0.6293604147449869,9,2.5641025641025643,0.05982905982905983,0.6293604147449869,0.06972053179929857,5.798969072164948,0.0,14.860681114551083,0.0,0.0,0.0,0.0,14.860681114551085,4.953560371517028,0.0,0.019195046439628438
t10:deepseek_pro_b002_P3_r1,deepseek_pro_b002_P3_r1,10,154.16673511293635,0.8916009852216749,0.6971830985915493,0.670150987224158,13.246153846153845,0.48523933357044075,11,4.615384615384615,0.16923076923076924,0.48523933357044075,0.07238727663984831,8.130081300813009,0.0,6.952491309385863,10.428736964078794,0.0,0.0,0.0,0.0,0.0,0.0,0.0
t10:deepseek_pro_b004_P2_r1,deepseek_pro_b004_P2_r1,10,151.87440720610647,0.8637345132743363,0.6082474226804123,0.6310432569974554,12.154639175257731,0.6746207338591261,10,8.24742268041237,0.14432989690721648,0.6746207338591261,0.09276852799236726,5.937234944868533,0.0,5.520504731861199,6.309148264984227,0.0,0.0,0.0,11.829652996845425,0.0,0.0,0.07097791798107256
t10:deepseek_pro_b007_P3_r2,deepseek_pro_b007_P3_r2,10,121.44043931437102,0.8419849874895746,0.6231060606060606,0.7163461538461539,11.044247787610619,0.6585532778571558,11,5.3097345132743365,0.12389380530973451,0.6585532778571558,0.09133675079725187,8.814102564102564,0.0,4.654771140418929,3.878975950349108,0.0,0.0,0.0,6.982156710628394,0.0,0.0,0.0
t10:deepseek_pro_b009_P1_r1,deepseek_pro_b009_P1_r1,10,167.37705535040232,0.8758407798537775,0.6886120996441281,0.63828125,12.8,0.5764568651348608,10,8.0,0.09,0.5764568651348608,0.07972450883352095,7.03125,0.78125,4.615384615384616,22.30769230769231,0.0,0.0,1.0,3.8461538461538463,0.7692307692307693,0.0,0.01538461538461533
t10:deepseek_pro_b009_P2_r2,deepseek_pro_b009_P2_r2,10,194.16740549651672,0.8987579214195184,0.6919431279620853,0.7100238663484487,12.507462686567164,0.6057683478050161,9,2.9411764705882355,0.1323529411764706,0.6057683478050161,0.06734382237513406,7.159904534606206,0.0,6.183745583038869,6.183745583038869,0.0,0.0,0.0,9.717314487632509,0.0,0.0,0.24823321554770317
t10:deepseek_pro_b021_P2_r2,deepseek_pro_b021_P2_r2,10,195.19110009442875,0.9132638888888889,0.7327188940092166,0.7210682492581603,11.233333333333333,0.4603052393252348,7,13.333333333333334,0.13333333333333333,0.4603052393252348,0.0722753750933899,0.0,0.0,6.830601092896175,5.46448087431694,0.0,0.0,0.0,6.830601092896175,0.0,8.19672131147541,0.5327868852459017
t10:deepseek_pro_b037_P2_r2,deepseek_pro_b037_P2_r2,10,272.3654844165457,0.9019936373276777,0.7060998151571165,0.7076612903225806,11.022222222222222,0.5798893288758729,9,1.098901098901099,0.07692307692307693,0.5798893288758729,0.07516788387648643,7.056451612903226,2.0161290322580645,3.5778175313059033,4.472271914132379,0.0,0.0,1.0,18.783542039355993,0.0,5.366726296958855,0.10286225402504467
t10:deepseek_pro_b038_P1_r2,deepseek_pro_b038_P1_r2,10,189.41034412148284,0.8761517976031957,0.7048710601719198,0.627337201805287,11.661654135338345,0.6371626923360315,12,3.7313432835820897,0.06716417910447761,0.6371626923360315,0.07563795548900795,7.092198581560283,3.8684719535783367,8.196721311475411,6.305170239596469,0.0,0.0,1.0,5.044136191677175,0.6305170239596469,0.0,0.010088272383354302
t10:gpt_b004_P1_r1,gpt_b004_P1_r1,10,109.91581594161048,0.8477336448598131,0.5636942675159236,0.6662983425414365,12.397260273972602,0.47980346229074994,8,2.73972602739726,0.1643835616438356,0.47980346229074994,0.09259268117231827,6.629834254143646,0.0,5.488474204171241,1.0976948408342482,0.0,0.0,0.0,0.0,0.0,0.0,0.004390779363336983
t10:gpt_b004_P3_r1,gpt_b004_P3_r1,10,96.88160490919256,0.8365492102065614,0.5916398713826366,0.7029816513761468,10.634146341463415,0.46481531750006355,9,4.878048780487805,0.0975609756097561,0.46481531750006355,0.07801475185758562,2.293577981651376,0.0,3.4285714285714284,1.1428571428571428,0.0,0.0,0.0,0.0,0.0,0.0,0.00457142857142856
t10:gpt_b021_P3_r2,gpt_b021_P3_r2,10,200.67872566081297,0.896975505857295,0.5954545454545455,0.7398785425101214,13.915492957746478,0.48720438297901,9,8.450704225352112,0.08450704225352113,0.48720438297901,0.07939157254608807,10.121457489878543,0.0,0.0,0.0,0.0,0.0,0.0,0.999000999000999,0.0,0.0,0.0029970029970030065
t10:gpt_b026_P1_r1,gpt_b026_P1_r1,10,186.71962076360504,0.8986654135338346,0.6129032258064516,0.7484276729559748,12.50561797752809,0.5517893678757306,11,4.49438202247191,0.14606741573033707,0.5517893678757306,0.06878284358123395,9.883198562443846,4.492362982929021,0.0,0.0,0.0,0.0,0.0,4.405286343612334,0.0,0.0,0.007929515418502175
t10:gpt_b028_P2_r1,gpt_b028_P2_r1,10,131.48859979374015,0.8648496240601504,0.5932835820895522,0.6712564543889845,11.173076923076923,0.5601176336913771,10,9.615384615384615,0.15384615384615385,0.5601176336913771,0.0929705715684441,6.884681583476764,1.721170395869191,2.626970227670753,0.0,0.0,0.0,0.0,1.7513134851138354,0.0,32.399299474605954,0.4868651488616462
t10:gpt_b031_P1_r1,gpt_b031_P1_r1,10,174.5485596707819,0.8804413239719157,0.5947712418300654,0.7351816443594646,13.584415584415584,0.6561815551727085,11,0.0,0.14285714285714285,0.6561815551727085,0.07096247042173691,12.4282982791587,0.0,7.619047619047619,0.0,0.0,0.0,0.0,0.0,0.9523809523809523,0.0,0.005714285714285672
t10:gpt_b040_P2_r1,gpt_b040_P2_r1,10,195.36317182224656,0.9012406015037594,0.6124567474048442,0.7022375215146299,13.204545454545455,0.5675644539999005,9,9.090909090909092,0.25,0.5675644539999005,0.0786566405191586,13.769363166953529,0.0,8.914100486223663,0.0,0.0,0.0,0.0,0.0,0.0,27.552674230145865,0.526742301458671
t10:human_hard_rusltc_0001,human_hard_rusltc_0001,10,244.58918862379636,0.8995131845841785,0.7469879518072289,0.6346863468634686,18.689655172413794,0.5892733024779555,10,0.0,0.0,0.5892733024779555,0.07592352381961827,1.845018450184502,5.535055350553505,49.81549815498155,12.915129151291513,0.0,0.0,0.0,0.0,0.0,0.0,0.0
t10:human_hard_rusltc_0002,human_hard_rusltc_0002,10,150.96904494344722,0.8598484848484849,0.7005347593582888,0.6403385049365303,18.17948717948718,0.47012813913041845,14,2.5641025641025643,0.10256410256410256,0.47012813913041845,0.09091751689137954,0.0,0.0,57.99151343705799,22.63083451202263,0.0,0.0,0.0,0.0,0.0,0.0,0.0
t10:human_hard_rusltc_0003,human_hard_rusltc_0003,10,238.92487732430604,0.8682162162162163,0.7358184764991896,0.7169974115616912,22.725490196078432,0.4605947355987969,13,1.9607843137254901,0.0784313725490196,0.4605947355987969,0.10813372742538345,12.079378774805868,0.0,50.427350427350426,15.384615384615383,0.0,0.0,0.0,0.0,0.0,0.0,0.0
t10:human_hard_rusltc_0055,human_hard_rusltc_0055,10,84.27757008521763,0.8148411214953271,0.6822742474916388,0.6763698630136986,14.24390243902439,0.4338506889410392,11,0.0,0.0975609756097561,0.4338506889410392,0.11199455549990672,1.7123287671232876,1.7123287671232876,6.825938566552901,3.4129692832764507,0.0,0.0,0.0,0.0,0.0,0.0,0.0
t10:human_hard_rusltc_0068,human_hard_rusltc_0068,10,93.82334786460066,0.8150174216027875,0.7381615598885793,0.6757624398073836,17.305555555555557,1.136202215248168,15,5.555555555555555,0.16666666666666666,1.136202215248168,0.09442248400636048,4.815409309791332,0.0,63.10679611650485,50.16181229773463,0.0,0.0,0.0,0.0,0.0,0.0,0.0
t10:human_hard_rusltc_0073,human_hard_rusltc_0073,10,159.2473099869838,0.8612079378774806,0.6803418803418804,0.6514900662251656,16.77777777777778,0.5273670875878742,14,2.7777777777777777,0.08333333333333333,0.5273670875878742,0.09125161067557831,2.4834437086092715,0.8278145695364238,29.850746268656717,11.608623548922056,0.0,0.0,0.0,0.0,0.0,0.0,0.0
t10:human_news_buriy_2014_0027,human_news_buriy_2014_0027,10,110.0070181746862,0.8395264116575591,0.7026143790849673,0.5869565217391305,19.29032258064516,0.6833106867516916,10,3.125,0.125,0.6833106867516916,0.09549535222297316,5.016722408026756,3.3444816053511706,36.42384105960265,0.0,0.0,0.0,0.0,0.0,0.0,0.0,0.0
t10:human_news_buriy_2014_0034,human_news_buriy_2014_0034,10,173.46990024285552,0.8807073170731706,0.710239651416122,0.7031070195627158,18.891304347826086,0.5596744719966769,15,2.1739130434782608,0.0,0.5596744719966769,0.09191973576684219,1.1507479861910241,0.0,67.42857142857143,43.42857142857142,0.0,0.0,0.0,0.0,0.0,0.0,0.0
t10:human_news_gazeta_0031,human_news_gazeta_0031,10,147.94892865838813,0.8637837837837837,0.6571428571428571,0.6783216783216783,18.81578947368421,0.43332993592554736,9,0.0,0.21052631578947367,0.43332993592554736,0.07128447908852065,2.797202797202797,0.0,55.710306406685234,12.534818941504179,0.0,0.0,0.0,0.0,0.0,0.0,0.0
t10:human_news_gazeta_0040,human_news_gazeta_0040,10,127.41453488372093,0.8589968652037617,0.6676646706586826,0.6797671033478894,22.9,0.4312796475819189,10,0.0,0.0,0.4312796475819189,0.11385055010671624,4.366812227074236,0.0,67.43185078909612,22.95552367288379,0.0,0.0,0.0,0.0,0.0,0.0,0.0
t10:human_news_lenta_0001,human_news_lenta_0001,10,164.89709660455475,0.8856666666666667,0.6563573883161512,0.7032136105860114,20.346153846153847,0.5426838938605323,11,0.0,0.0,0.5426838938605323,0.07100276738101,1.890359168241966,0.0,56.497175141242934,20.71563088512241,0.0,0.0,0.0,0.0,0.0,0.0,0.0
t10:human_news_lenta_0016,human_news_lenta_0016,10,261.4359478972044,0.8967218045112783,0.7892376681614349,0.6974789915966386,12.526315789473685,0.4042887747375592,8,5.2631578947368425,0.14035087719298245,0.4042887747375592,0.09206508623378142,7.002801120448179,0.0,66.21621621621622,60.81081081081081,0.0,0.0,0.0,0.0,0.0,0.0,0.0
t10:human_prose_taiga_arzamas_0050,human_prose_taiga_arzamas_0050,10,133.3946629213483,0.8556911344137274,0.7421602787456446,0.6602914389799636,16.388059701492537,0.6582313650265679,11,4.477611940298507,0.05970149253731343,0.6582313650265679,0.0910264049064427,8.19672131147541,2.73224043715847,28.864059590316575,19.945602901178603,0.0,0.0,0.0,0.0,0.0,0.0,0.0
t10:human_prose_taiga_arzamas_0051,human_prose_taiga_arzamas_0051,10,193.8404255319149,0.86603629417383,0.6857638888888888,0.6906934306569343,15.43661971830986,0.5285265294318848,11,0.0,0.04225352112676056,0.5285265294318848,0.09074558301788428,2.7372262773722627,0.0,82.58527827648116,10.771992818671453,0.0,0.0,0.0,0.0,0.0,0.0,0.0
t10:human_prose_taiga_magazines_0048,human_prose_taiga_magazines_0048,10,186.7891953319912,0.8653211009174311,0.705,0.626266416510319,11.95067264573991,1.0157521435558998,13,13.90134529147982,0.09865470852017937,1.0157521435558998,0.0914660679979108,6.378986866791744,10.881801125703564,51.87637969094923,1.4716703458425313,0.0,0.0,0.0,0.0,0.0,0.0,0.0
t10:human_prose_taiga_magazines_0053,human_prose_taiga_magazines_0053,10,256.3867525996534,0.8462116040955632,0.8557919621749409,0.6377952755905512,28.863636363636363,1.180584413366077,16,18.181818181818183,0.0,1.180584413366077,0.07784584357443798,9.448818897637794,3.1496062992125986,50.445103857566764,1.4836795252225519,0.0,0.0,0.0,0.0,0.0,0.0,0.0029673590504450953
t10:human_prose_taiga_proza_0034,human_prose_taiga_proza_0034,10,119.45976971411284,0.8471535580524344,0.7080536912751678,0.5677530017152659,13.55813953488372,0.5092990497537843,11,4.651162790697675,0.046511627906976744,0.5092990497537843,0.0917673491115981,1.7152658662092624,1.7152658662092624,43.04635761589404,0.0,0.0,0.0,0.0,0.0,0.0,0.0,0.0
t10:human_prose_taiga_proza_0056,human_prose_taiga_proza_0056,10,202.2121835744195,0.8642032332563511,0.7792706333973128,0.6371584699453552,14.758064516129032,0.6067656388166391,12,1.6129032258064515,0.0967741935483871,0.6067656388166391,0.0893543895724274,6.557377049180328,1.092896174863388,28.42105263157895,1.0526315789473684,0.0,0.0,0.0,0.0,0.0,0.0,0.0
t10:human_science_cyberleninka_0026,human_science_cyberleninka_0026,10,206.85486891385767,0.88442996742671,0.6687116564417178,0.7071260767423649,18.242857142857144,0.8958431298129845,17,1.4285714285714286,0.14285714285714285,0.8958431298129845,0.0960850978463849,7.830853563038371,0.0,84.2433697347894,62.402496099843994,0.0,0.0,0.0,0.0,0.0,0.0,0.00858034321372858
t10:human_science_cyberleninka_0031,human_science_cyberleninka_0031,10,108.67125722658247,0.8222617801047121,0.589873417721519,0.7081673306772909,13.03896103896104,0.7234627202471677,14,12.987012987012987,0.07792207792207792,0.7234627202471677,0.09679830081827272,7.968127490039841,0.0,9.892827699917559,81.61582852431987,0.0,0.0,0.0,0.0,0.0,0.0,0.1780708985985161
t10:human_science_cyberleninka_0032,human_science_cyberleninka_0032,10,90.5842870835986,0.826395061728395,0.6017699115044248,0.6251455180442375,23.86111111111111,0.45878091962005074,12,0.0,0.1111111111111111,0.45878091962005074,0.12000329145979857,3.492433061699651,0.0,23.4192037470726,91.33489461358313,0.0,0.0,0.0,0.0,0.0,0.0,0.014051522248243575
t10:human_science_cyberleninka_0053,human_science_cyberleninka_0053,10,88.5297823849406,0.8075020475020476,0.6536430834213305,0.5335206744279406,16.070967741935483,0.7635720773359936,18,1.8518518518518519,0.18518518518518517,0.7635720773359936,0.1411863540647284,4.014452027298274,0.0,48.1283422459893,248.6631016042781,0.0,0.0,0.0,5.614973262032086,0.0,5.614973262032086,0.35427807486631013
t10:human_science_spbgu_0024,human_science_spbgu_0024,10,154.3059842118666,0.8544379232505643,0.6951092611862643,0.6506183745583038,10.832535885167465,0.854775548767222,12,5.238095238095238,0.20476190476190476,0.854775548767222,0.08870888209978524,3.091872791519435,1.325088339222615,58.88951205832866,50.43859649122807,0.0,0.0,0.0,0.0,0.0,0.0,0.010964912280701733
t10:human_science_urfu_0028,human_science_urfu_0028,10,93.12525377754639,0.8111294922989162,0.55396370582617,0.7665260196905767,19.320652173913043,0.6335127567289582,15,0.5434782608695652,0.21739130434782608,0.6335127567289582,0.10329821177063844,6.469760900140647,0.0,23.481068388611682,14.771460423634336,0.0,0.0,0.0,0.5574136008918618,0.0,0.0,0.0016722408026755842
t10:human_seo_alaev_0004,human_seo_alaev_0004,10,140.63994861782095,0.8516754232340923,0.6850068775790922,0.5856980703745743,13.65891472868217,0.62942960322296,10,10.077519379844961,0.07751937984496124,0.62942960322296,0.08883874143214374,4.540295119182747,7.377979568671964,7.675438596491228,9.868421052631579,0.0,0.0,0.0,0.0,0.0,0.0,0.023574561403508776
t10:human_seo_convertmonster_0001,human_seo_convertmonster_0001,10,81.7222956092576,0.7984615384615384,0.6891891891891891,0.6525,12.121212121212121,0.5188151314533915,9,18.181818181818183,0.18181818181818182,0.5188151314533915,0.15739432285811653,7.5,0.0,8.741258741258742,41.95804195804196,0.0,0.0,0.0,0.0,0.0,0.0,0.2972027972027972
t10:human_seo_devaka_ru_0004,human_seo_devaka_ru_0004,10,161.26039456155243,0.8696901408450705,0.6657824933687002,0.6100131752305665,11.5,0.6760189343019032,11,15.151515151515152,0.13636363636363635,0.6760189343019032,0.09879486206403772,5.270092226613966,5.270092226613966,14.423076923076923,85.33653846153845,0.0,0.0,0.0,0.0,0.0,0.0,0.10096153846153844
t10:human_seo_drmax_0002,human_seo_drmax_0002,10,106.39026213473937,0.8227762430939227,0.6378466557911908,0.6279225116900468,11.6953125,0.6295670312341447,11,25.78125,0.0703125,0.6295670312341447,0.08387927348949294,4.008016032064128,8.016032064128256,21.072796934865902,21.711366538952745,0.0,0.0,0.0,0.0,0.0,0.0,0.03703703703703709
t10:human_seo_drmax_su_0001,human_seo_drmax_su_0001,10,80.81492735786155,0.7964035964035965,0.6283185840707964,0.6533333333333333,9.722222222222221,0.8023958022446599,16,12.037037037037036,0.07407407407407407,0.8023958022446599,0.11449494944520751,1.9047619047619047,3.8095238095238093,5.692599620493358,43.64326375711575,0.0,0.0,0.0,0.0,0.0,0.0,0.005692599620493399
t10:human_seo_labrika_0002,human_seo_labrika_0002,10,104.50090271446714,0.8293865628042842,0.6328293736501079,0.7221189591078067,11.955555555555556,0.6513951538600045,11,4.444444444444445,0.18888888888888888,0.6513951538600045,0.10469193995696222,5.5762081784386615,1.858736059479554,35.483870967741936,17.741935483870968,0.0,0.0,0.0,0.0,0.0,0.0,0.10322580645161294
t10:nemotron_b012_P1_r1,nemotron_b012_P1_r1,10,256.5950073695276,0.8863146997929606,0.6721915285451197,0.6561576354679803,10.913978494623656,0.6624673230936219,10,5.05050505050505,0.08080808080808081,0.6624673230936219,0.08259972210913819,5.911330049261084,0.9852216748768473,26.841448189762797,44.9438202247191,0.0,0.0,0.0,27.465667915106117,6.242197253433208,3.745318352059925,0.36329588014981273
t10:nemotron_b015_P3_r2,nemotron_b015_P3_r2,10,185.78392111223872,0.8790350877192982,0.7346938775510204,0.6971904266389178,12.0125,0.5576483323195708,10,32.5,0.1375,0.5576483323195708,0.08095451954152577,6.243496357960458,0.0,38.25136612021858,15.786278081360047,0.0,0.0,0.0,2.428658166363084,0.0,3.035822707953855,0.42258652094717664
t10:nemotron_b016_P1_r1,nemotron_b016_P1_r1,10,176.94461255697695,0.8850778210116732,0.6666666666666666,0.6945218198700093,7.861313868613139,0.698468245653502,10,10.714285714285714,0.05,0.698468245653502,0.07519075353483543,4.642525533890437,11.142061281337048,21.93548387096774,35.483870967741936,0.0,0.0,0.0,38.70967741935484,3.225806451612903,3.225806451612903,0.29419354838709677
t10:nemotron_b022_P3_r2,nemotron_b022_P3_r2,10,200.9497362906833,0.8773830155979203,0.6985172981878089,0.7373233582709892,11.242990654205608,0.695626437196494,9,3.7383177570093458,0.037383177570093455,0.695626437196494,0.0764297760408819,9.14380714879468,0.0,18.136850783182194,23.083264633140974,0.0,0.0,0.0,14.83924154987634,0.0,0.0,0.0
t10:nemotron_b028_P1_r2,nemotron_b028_P1_r2,10,207.93146760066816,0.8864326738991704,0.6555407209612817,0.6955445544554455,9.853658536585366,0.6878690240437246,11,20.71005917159763,0.1301775147928994,0.6878690240437246,0.07637886015016229,5.569306930693069,6.188118811881188,16.87979539641944,47.05882352941177,0.0,0.0,0.0,24.040920716112534,3.069053708439898,4.092071611253197,0.16163682864450124
t10:nemotron_b033_P2_r2,nemotron_b033_P2_r2,10,328.00615384615384,0.9218705035971222,0.8050847457627118,0.7155963302752294,10.548387096774194,0.6498500929354596,8,0.0,0.0,0.6498500929354596,0.07296462660918389,3.058103975535168,9.174311926605505,21.904761904761905,33.33333333333333,0.0,0.0,0.0,32.38095238095238,0.0,9.523809523809524,0.6923809523809523
t10:nemotron_b038_P1_r2,nemotron_b038_P1_r2,10,215.62003290699118,0.8864574532287266,0.66375,0.7198124267291911,10.27710843373494,0.5958487422916926,9,11.11111111111111,0.05847953216374269,0.5958487422916926,0.06917853339749307,10.550996483001173,0.5861664712778429,19.51219512195122,25.853658536585364,0.0,0.0,0.0,32.19512195121951,2.4390243902439024,0.975609756097561,0.14439024390243904
t10:real_claude_b015_P2_r1,real_claude_b015_P2_r1,10,274.01527650473577,0.9069987849331713,0.6909871244635193,0.7075688073394495,11.473684210526315,0.6193143032512638,9,6.578947368421052,0.02631578947368421,0.6193143032512638,0.07824853805570606,9.174311926605505,1.146788990825688,4.909983633387888,9.00163666121113,0.0,0.0,0.0,17.18494271685761,0.8183306055646481,1.6366612111292962,0.27086743044189854
t10:real_claude_b018_P3_r2,real_claude_b018_P3_r2,10,174.700900578688,0.8843043043043043,0.62217659137577,0.6755725190839694,14.356164383561644,0.5229870442613174,8,0.0,0.0273972602739726,0.5229870442613174,0.06999307660183973,5.7251908396946565,0.0,1.8518518518518519,0.0,0.0,0.0,0.0,6.481481481481482,1.8518518518518519,0.0,0.011111111111111072
t10:real_claude_b024_P1_r2,real_claude_b024_P1_r2,10,196.87475832527494,0.8841513513513514,0.6353944562899787,0.702258726899384,9.938775510204081,0.7677405366768514,10,4.081632653061225,0.030612244897959183,0.7677405366768514,0.07448352803795306,2.0533880903490758,0.0,2.4979184013322233,10.824313072439633,0.0,0.0,0.0,24.146544546211487,0.832639467110741,1.665278934221482,0.14654454621149038
t10:real_claude_b025_P2_r1,real_claude_b025_P2_r1,10,145.1059620373039,0.8525343811394892,0.6456140350877193,0.6559139784946236,12.976744186046512,0.605492715009102,11,4.545454545454546,0.045454545454545456,0.605492715009102,0.08085465252335737,14.336917562724015,3.5842293906810037,3.3030553261767133,2.477291494632535,0.0,0.0,0.0,15.689512799339388,0.8257638315441783,3.3030553261767133,0.5202312138728324
t10:real_claude_b034_P2_r2,real_claude_b034_P2_r2,10,220.02166390624697,0.9034305317324186,0.6705882352941176,0.7215189873417721,11.087719298245615,0.7144952263720736,9,12.068965517241379,0.0,0.7144952263720736,0.07702634881660055,7.9113924050632916,3.1645569620253164,2.2624434389140275,5.279034690799397,0.0,0.0,0.0,12.066365007541478,0.7541478129713424,13.574660633484163,0.502262443438914
t10:real_claude_b040_P3_r2,real_claude_b040_P3_r2,10,189.68042804127901,0.8798328108672936,0.6646090534979424,0.658051689860835,12.419753086419753,0.6334618318657439,11,3.7037037037037037,0.037037037037037035,0.6334618318657439,0.0828349617102981,7.952286282306163,0.0,3.8424591738712777,0.0,0.0,0.0,0.0,7.684918347742555,0.9606147934678194,0.0,0.00672430355427478
t10:real_claude_b042_P3_r2,real_claude_b042_P3_r2,10,193.52204176334106,0.870736629667003,0.6871401151631478,0.6625,15.294117647058824,0.6593909553830554,13,4.411764705882353,0.029411764705882353,0.6593909553830554,0.06173657028296042,8.653846153846153,0.0,1.8726591760299625,4.681647940074906,0.0,0.0,0.0,4.681647940074906,1.8726591760299625,0.0,0.0074906367041198685
t10:real_claude_b045_P3_r1,real_claude_b045_P3_r1,10,210.34583216739733,0.8852696728558798,0.6660808435852372,0.6983050847457627,12.688172043010752,0.6980944294341416,9,3.225806451612903,0.053763440860215055,0.6980944294341416,0.06721093221487573,5.084745762711864,0.0,12.295081967213115,0.0,0.0,0.0,0.0,15.573770491803279,1.639344262295082,0.0,0.00901639344262295
t11:deepseek_pro_b002_P3_r1,deepseek_pro_b002_P3_r1,11,79.37271354999112,0.7545502645502646,0.4843462246777164,0.6681614349775785,14.063063063063064,0.4703398178473405,11,2.6548672566371683,0.504424778761062,0.4703398178473405,0.20035917475918197,7.046764894298526,0.0,10.1716465352829,10.80737444373808,0.0,0.0,0.0,0.0,0.0,0.0,0.0
t11:deepseek_pro_b004_P2_r1,deepseek_pro_b004_P2_r1,11,90.34589997019967,0.7869284064665127,0.44148936170212766,0.6530039303761932,12.81294964028777,0.6681857594105512,10,5.755395683453237,0.460431654676259,0.6681857594105512,0.17271775595006056,10.668163952835485,2.2459292532285233,4.117108874656907,6.404391582799634,0.0,0.0,0.0,14.181152790484903,0.0,2.7447392497712717,0.18298261665141813
t11:deepseek_pro_b007_P3_r2,deepseek_pro_b007_P3_r2,11,67.64145434363003,0.7400392734413354,0.46529968454258674,0.716203259827421,11.21505376344086,0.6359071261525834,11,4.301075268817204,0.46774193548387094,0.6359071261525834,0.20130808701895203,9.108341323106425,0.0,2.794597112249651,2.794597112249651,0.0,0.0,0.0,5.123428039124359,0.0,0.0,0.0
t11:deepseek_pro_b009_P1_r1,deepseek_pro_b009_P1_r1,11,82.72088279387549,0.7792318371124479,0.4737609329446064,0.6411764705882353,13,0.5981309075885091,10,8.235294117647058,0.4823529411764706,0.5981309075885091,0.19021800460050903,7.6923076923076925,0.45248868778280543,6.72645739910314,20.17937219730942,0.0,0.0,1.0,6.726457399103139,0.4484304932735426,0.0,0.008968609865470878
t11:deepseek_pro_b009_P2_r2,deepseek_pro_b009_P2_r2,11,89.86889506769825,0.7962258543833581,0.4862204724409449,0.7075268817204301,12.455357142857142,0.5949724461342676,9,7.142857142857143,0.44642857142857145,0.5949724461342676,0.17019620118213818,7.168458781362007,2.867383512544803,8.94736842105263,6.315789473684211,0.0,0.0,0.0,10.526315789473683,0.0,0.0,0.24894736842105258
t11:deepseek_pro_b021_P2_r2,deepseek_pro_b021_P2_r2,11,73.67034063799898,0.7616216216216216,0.5212355212355212,0.7072310405643739,10.903846153846153,0.500761757886829,7,11.538461538461538,0.5,0.500761757886829,0.19873483224519745,3.527336860670194,0.0,4.488330341113106,3.5906642728904847,0.0,0.0,0.0,6.283662477558348,0.0,5.385996409335727,0.481149012567325
t11:deepseek_pro_b037_P2_r2,deepseek_pro_b037_P2_r2,11,94.41829741198954,0.7888467374810318,0.5408695652173913,0.7147037307973665,10.763779527559056,0.5711974708099596,9,0.78125,0.4140625,0.5711974708099596,0.19378218847099005,4.389173372348208,1.463057790782736,5.1652892561983474,3.6157024793388426,0.0,0.0,1.0,23.760330578512395,0.0,4.132231404958677,0.28099173553719003
t11:deepseek_pro_b038_P1_r2,deepseek_pro_b038_P1_r2,11,86.67728282154312,0.7813970588235294,0.5270588235294118,0.6403684421305567,11.247747747747749,0.6972715190206306,12,4.0358744394618835,0.4484304932735426,0.6972715190206306,0.20643738823647664,8.41009211053264,4.004805766920304,6.692913385826771,8.267716535433072,0.9671179883945842,0.0,1.0,5.511811023622047,0.3937007874015748,0.0,0.006299212598425252
t11:gpt_b004_P1_r1,gpt_b004_P1_r1,11,59.19230769230769,0.7334765100671141,0.3891891891891892,0.6660168940870695,12.71900826446281,0.43648144358384283,8,1.6528925619834711,0.49586776859504134,0.43648144358384283,0.19891285916354845,5.198180636777128,0.0,5.810200129115558,1.9367333763718528,0.0,0.0,0.0,0.0,0.0,0.0,0.002582311168495832
t11:gpt_b004_P3_r1,gpt_b004_P3_r1,11,54.51603689660152,0.7310251188051595,0.4,0.6971090670170828,11.191176470588236,0.4474439033244874,9,4.411764705882353,0.49264705882352944,0.4474439033244874,0.20444673844404898,3.942181340341656,0.0,3.924133420536298,0.6540222367560498,0.0,0.0,0.0,0.0,0.0,0.0,0.002616088947024253
t11:gpt_b021_P3_r2,gpt_b021_P3_r2,11,99.11801526020012,0.7956651524983777,0.41505791505791506,0.7528301886792453,13.58974358974359,0.47277093354578176,11,8.547008547008547,0.46153846153846156,0.47277093354578176,0.1981752061017618,8.80503144654088,0.0,0.0,0.0,0.0,0.0,0.0,0.6238303181534622,0.0,0.0,0.0018714909544603753
t11:gpt_b026_P1_r1,gpt_b026_P1_r1,11,86.18539662837247,0.7837457434733258,0.45964912280701753,0.7316399779127554,12.154362416107382,0.5717583465497066,11,5.369127516778524,0.4966442953020134,0.5717583465497066,0.18063810533095628,9.387078961899503,4.969630038652678,1.0851871947911014,0.0,0.0,0.0,0.0,4.883342376559956,0.0,0.0,0.004883342376559963
t11:gpt_b028_P2_r1,gpt_b028_P2_r1,11,77.21045995220894,0.7768257756563246,0.43209876543209874,0.705749718151071,11.519480519480519,0.531897560293185,10,7.792207792207792,0.38961038961038963,0.531897560293185,0.18025471256288697,7.891770011273957,2.254791431792559,2.617801047120419,0.0,0.0,0.0,0.0,2.094240837696335,0.0,23.56020942408377,0.5329842931937172
t11:gpt_b031_P1_r1,gpt_b031_P1_r1,11,89.66424304391869,0.7791345583876704,0.4261992619926199,0.7171658986175116,14.347107438016529,0.5747443496508672,11,1.6528925619834711,0.4793388429752066,0.5747443496508672,0.19221143088103115,8.640552995391705,0.0,5.773672055427252,0.0,0.0,0.0,0.0,0.0,0.5773672055427251,0.0,0.0034642032332563577
t11:gpt_b040_P2_r1,gpt_b040_P2_r1,11,89.07477424223836,0.8092231812577065,0.48338368580060426,0.7058139534883721,12.285714285714286,0.5936424927701658,9,5.714285714285714,0.4714285714285714,0.5936424927701658,0.159296719072446,11.627906976744185,3.488372093023256,5.826271186440678,0.0,0.0,0.0,0.0,3.1779661016949152,0.0,25.423728813559322,0.5402542372881356
t11:human_hard_rusltc_0001,human_hard_rusltc_0001,11,117.69331056967766,0.8075475923852183,0.5390070921985816,0.6199575371549894,20.04255319148936,0.5763396128952357,12,0.0,0.3829787234042553,0.5763396128952357,0.22224413894816467,1.0615711252653928,5.307855626326964,49.89384288747346,7.43099787685775,0.0,0.0,0.0,0.0,0.0,0.0,0.0
t11:human_hard_rusltc_0002,human_hard_rusltc_0002,11,94.2935379307338,0.7738747884940779,0.497787610619469,0.6173842404549147,18.93846153846154,0.508942571090813,14,7.6923076923076925,0.46153846153846156,0.508942571090813,0.21080673596684701,0.0,0.0,48.639736191261335,28.029678483099755,0.0,0.0,0.0,0.0,0.0,0.0,0.0
t11:human_hard_rusltc_0003,human_hard_rusltc_0003,11,104.36026212042357,0.7945026178010471,0.5301837270341208,0.7069933639612047,23.602409638554217,0.42368244125402066,13,1.2048192771084338,0.43373493975903615,0.42368244125402066,0.2096048063540457,9.188361408882082,0.0,47.66734279918864,13.184584178498987,0.0,0.0,0.0,0.0,0.0,0.0,0.0
t11:human_hard_rusltc_0055,human_hard_rusltc_0055,11,59.51400833221135,0.7105048335123523,0.505586592178771,0.6561224489795918,14.626865671641792,0.4108657825280443,11,5.970149253731344,0.4626865671641791,0.4108657825280443,0.19019520155535696,3.061224489795918,1.0204081632653061,8.146639511201629,8.146639511201629,0.0,0.0,0.0,0.0,0.0,0.0,0.0
t11:human_hard_rusltc_0068,human_hard_rusltc_0068,11,64.89584813874788,0.7467219917012449,0.5570776255707762,0.6999012833168805,16.07936507936508,1.0294103489085829,15,9.523809523809524,0.5238095238095238,1.0294103489085829,0.19573300822568365,2.9615004935834155,0.0,66.73306772908366,34.8605577689243,0.0,0.0,0.0,0.0,0.0,0.0,0.0
t11:human_hard_rusltc_0073,human_hard_rusltc_0073,11,102.95227152200812,0.7825572722429408,0.5106082036775106,0.6526479750778816,16.747826086956522,0.5531468022557045,14,1.7391304347826086,0.41739130434782606,0.5531468022557045,0.21610558076903644,7.788161993769471,1.557632398753894,21.852237252861602,11.446409989594171,0.0,0.0,0.0,0.0,0.0,0.0,0.0
t11:human_news_buriy_2014_0027,human_news_buriy_2014_0027,11,92.11425178147269,0.8000441988950275,0.5,0.6132075471698113,19.46938775510204,0.702929649012523,10,2.0,0.4,0.702929649012523,0.22289710514140662,5.241090146750524,2.0964360587002098,45.83333333333333,0.0,0.0,0.0,0.0,0.0,0.0,0.0,0.0
t11:human_news_buriy_2014_0034,human_news_buriy_2014_0034,11,85.26104698619048,0.7901001430615164,0.5151515151515151,0.7083621285418107,20.09722222222222,0.49499263405724425,15,1.3888888888888888,0.3611111111111111,0.49499263405724425,0.21859701961800732,8.984105044920526,0.0,64.60481099656359,35.738831615120276,0.0,0.0,0.0,0.0,0.0,0.0,0.0
t11:human_news_gazeta_0031,human_news_gazeta_0031,11,87.84072271866671,0.7764915572232646,0.47890818858560796,0.6556053811659193,17.983870967741936,0.4492076189129166,9,0.0,0.532258064516129,0.4492076189129166,0.19562839149453315,3.587443946188341,0.0,58.71886120996441,11.565836298932386,0.0,0.0,0.0,0.0,0.0,0.0,0.0
t11:human_news_gazeta_0040,human_news_gazeta_0040,11,93.36926478238252,0.7969182389937107,0.5197044334975369,0.6869391824526421,20.06,0.46441852213452356,10,0.0,0.4,0.46441852213452356,0.20626985704157658,6.979062811565304,0.0,73.45739471106758,17.62977473065622,0.0,0.0,0.0,0.0,0.0,0.0,0.0
t11:human_news_lenta_0001,human_news_lenta_0001,11,98.80813498560553,0.8139225181598062,0.4550408719346049,0.7085714285714285,19.886363636363637,0.4929617742467802,11,0.0,0.4090909090909091,0.4929617742467802,0.22349998846755853,1.1428571428571428,0.0,66.1345496009122,14.823261117445838,0.0,0.0,0.0,0.0,0.0,0.0,0.0
t11:human_news_lenta_0016,human_news_lenta_0016,11,86.92989497280146,0.7831004784688995,0.6349514563106796,0.680073126142596,11.51578947368421,0.4425790461060719,8,3.1578947368421053,0.5052631578947369,0.4425790461060719,0.24368604199294847,6.39853747714808,0.0,66.31762652705062,79.40663176265271,0.0,0.0,0.0,0.0,0.0,0.0,0.0
t11:human_prose_taiga_arzamas_0050,human_prose_taiga_arzamas_0050,11,101.03593872741556,0.7900578642819569,0.4960212201591512,0.661025641025641,17.256637168141594,0.7578086285702056,11,7.894736842105263,0.4298245614035088,0.7578086285702056,0.2135424448654112,9.743589743589743,2.5641025641025643,25.789473684210524,18.20940819423369,0.0,0.0,0.0,0.0,0.0,0.0,0.0025290844714213057
t11:human_prose_taiga_arzamas_0051,human_prose_taiga_arzamas_0051,11,88.13085501858737,0.7650028620492273,0.5076923076923077,0.6809576837416481,15.220338983050848,0.4942203614781486,11,0.0,0.4067796610169492,0.4942203614781486,0.2187107213081831,5.567928730512249,0.0,74.64324917672886,8.781558726673985,0.0,0.0,0.0,0.0,0.0,0.0,0.0
t11:human_prose_taiga_magazines_0048,human_prose_taiga_magazines_0048,11,80.98658070678127,0.7730997177798683,0.5219478737997256,0.6270634736107882,11.751366120218579,0.9658673550440622,13,16.666666666666668,0.4344262295081967,0.9658673550440622,0.22400369136679973,5.347593582887701,9.06765868402697,54.74118185982593,2.061383417315621,0.0,0.0,0.0,0.0,0.0,0.0,0.0
t11:human_prose_taiga_magazines_0053,human_prose_taiga_magazines_0053,11,130.53796825442012,0.8037359550561798,0.7828947368421053,0.633377135348226,24.548387096774192,1.2175342666975733,16,25.806451612903224,0.2903225806451613,1.2175342666975733,0.14319080219145247,7.884362680683312,5.256241787122208,44.66501240694789,1.2406947890818858,0.0,0.0,0.0,0.0,0.0,0.0,0.002481389578163795
t11:human_prose_taiga_proza_0034,human_prose_taiga_proza_0034,11,59.029381443298966,0.7483018867924528,0.5358166189111748,0.5875139353400223,12.287671232876713,0.5724922019562465,11,10.95890410958904,0.4383561643835616,0.5724922019562465,0.22279614339016104,3.3444816053511706,5.574136008918618,46.637744034707154,0.0,0.0,0.0,0.0,0.0,0.0,0.0,0.0
t11:human_prose_taiga_proza_0056,human_prose_taiga_proza_0056,11,89.54471755626176,0.7822496749024707,0.5692541856925418,0.6269691241335854,15.87,0.6242786820169514,12,3.0,0.45,0.6242786820169514,0.22014529343273984,5.040957781978576,1.260239445494644,28.58880778588808,0.6082725060827251,0.0,0.0,0.0,0.0,0.0,0.0,0.0
t11:human_science_cyberleninka_0026,human_science_cyberleninka_0026,11,76.53571428571429,0.7829226361031519,0.4875,0.7022865142323845,17.710743801652892,0.9235162617314501,17,3.3057851239669422,0.36363636363636365,0.9235162617314501,0.17995626481100327,5.132991133924405,0.0,43.98826979472141,55.143651529193704,0.0,0.0,0.0,0.0,0.0,0.0,0.009731232622798847
t11:human_science_cyberleninka_0031,human_science_cyberleninka_0031,11,64.56162246489859,0.7527221833449965,0.44562899786780386,0.7185385656292287,13.436363636363636,0.6932389392997903,15,12.727272727272727,0.33636363636363636,0.6932389392997903,0.18451952209553052,6.089309878213802,0.0,8.275862068965518,73.13019390581718,0.0,0.0,0.0,0.0,0.0,0.0,0.1811634349030471
t11:human_science_cyberleninka_0032,human_science_cyberleninka_0032,11,66.28538227572739,0.7544946808510639,0.4057971014492754,0.60592401802962,26.322033898305083,0.47943445499798776,13,0.0,0.4406779661016949,0.47943445499798776,0.19721104122877697,1.931745009658725,0.0,21.02496714848883,110.38107752956635,0.0,0.0,0.0,0.0,0.0,0.0,0.007884362680683266
t11:human_science_cyberleninka_0053,human_science_cyberleninka_0053,11,61.22967827743236,0.7563123784834738,0.5813715455475946,0.5416267942583732,16.675531914893618,0.7397421732763211,13,2.4630541871921183,0.3251231527093596,0.7397421732763211,0.1785726553206014,3.827751196172249,0.0,50.80789946140036,236.4452423698384,0.0,0.0,0.0,8.43806104129264,0.0,9.874326750448834,0.45924596050269295
t11:human_science_spbgu_0024,human_science_spbgu_0024,11,66.94374602142426,0.754353683003726,0.5329181494661922,0.6531938948558508,10.195965417867436,0.960250540185624,13,4.285714285714286,0.44857142857142857,0.960250540185624,0.19603518706751266,3.1091011871113623,2.5438100621820237,62.52271901126863,49.490950226244344,0.0,0.0,0.0,0.0,0.0,0.0,0.007352941176470562
t11:human_science_urfu_0028,human_science_urfu_0028,11,58.77901341758063,0.7412384716732543,0.3904382470119522,0.7639274628328705,20.13486842105263,0.888845902577567,15,0.6578947368421053,0.5197368421052632,0.888845902577567,0.17813155655094706,8.98545989217448,0.0,32.8879753340185,16.39871382636656,0.0,0.0,0.0,0.9646302250803859,0.0,0.3215434083601286,0.006430868167202619
t11:human_seo_alaev_0004,human_seo_alaev_0004,11,79.70871548230832,0.7590872581234026,0.5215419501133787,0.5839311334289814,12.967441860465117,0.6520718873823652,12,12.55813953488372,0.4372093023255814,0.6520718873823652,0.21330270951666574,6.456241032998565,6.097560975609756,6.978367062107467,9.071877180739707,0.0,0.0,0.0,0.0,0.0,0.0,0.015003489183531005
t11:human_seo_convertmonster_0001,human_seo_convertmonster_0001,11,60.28003992015968,0.7377352472089315,0.509090909090909,0.6745562130177515,12.754716981132075,0.4798449678050186,9,16.9811320754717,0.5094339622641509,0.4798449678050186,0.1871032167811965,4.437869822485207,0.0,7.8125,44.642857142857146,0.0,0.0,0.0,0.0,0.0,2.232142857142857,0.2366071428571429
t11:human_seo_devaka_ru_0004,human_seo_devaka_ru_0004,11,81.15239192258954,0.7792727272727272,0.5077605321507761,0.6092136616362193,11.877358490566039,0.7441878575764828,11,19.81132075471698,0.49056603773584906,0.7441878575764828,0.2025414504019982,4.765687053216839,7.942811755361398,14.925373134328359,70.1492537313433,0.0,0.0,0.0,0.0,0.0,0.0,0.06716417910447758
t11:human_seo_drmax_0002,human_seo_drmax_0002,11,57.26275643324824,0.721940828402367,0.45047489823609227,0.6273219814241486,12.792079207920793,0.6585220817044978,11,22.277227722772277,0.37623762376237624,0.6585220817044978,0.19395539599890949,3.869969040247678,5.804953560371517,18.215613382899626,17.843866171003718,0.0,0.0,0.0,0.0,0.0,0.0,0.024163568773234223
t11:human_seo_drmax_su_0001,human_seo_drmax_su_0001,11,55.67911476991351,0.7042937853107345,0.4847908745247148,0.6571254567600487,9.1731843575419,0.792098293788797,16,13.966480446927374,0.39664804469273746,0.792098293788797,0.19476342477757583,3.6540803897685747,4.8721071863581,9.569377990430622,46.05263157894737,0.0,0.0,0.0,0.0,0.0,0.0,0.020933014354067025
t11:human_seo_labrika_0002,human_seo_labrika_0002,11,60.79864092730719,0.7532547699214366,0.45087719298245615,0.701802293828509,10.964071856287426,0.6831831930808308,11,2.395209580838323,0.562874251497006,0.6831831930808308,0.17689599242096724,2.7307482250136537,1.0922992900054616,31.578947368421055,44.01913875598086,0.0,0.0,0.0,0.0,0.0,0.0,0.07799043062200961
t11:nemotron_b012_P1_r1,nemotron_b012_P1_r1,11,94.49937798015083,0.7849400479616306,0.505586592178771,0.7041351193942924,10.406060606060606,0.6379616994898459,10,4.117647058823529,0.4294117647058823,0.6379616994898459,0.17809657307379306,5.824111822947001,0.5824111822947,28.62453531598513,35.31598513011152,0.0,0.0,0.0,27.509293680297397,3.7174721189591073,2.973977695167286,0.3539033457249071
t11:nemotron_b015_P3_r2,nemotron_b015_P3_r2,11,92.05342000624498,0.7773758494511238,0.5235148514851485,0.6982670744138634,12.339622641509434,0.5354519214053767,10,29.559748427672957,0.4716981132075472,0.5354519214053767,0.19372420470521362,9.174311926605505,0.0,33.07692307692308,17.692307692307693,0.0,0.0,0.0,2.307692307692308,0.0,1.5384615384615385,0.25576923076923075
t11:nemotron_b016_P1_r1,nemotron_b016_P1_r1,11,81.29792454201802,0.7732470892626132,0.47611202635914335,0.6858934169278997,8.575268817204302,0.6909886102413002,10,12.5,0.3802083333333333,0.6909886102413002,0.19959038871439477,3.134796238244514,9.404388714733543,28.157997653500196,36.37074696910442,0.0,0.0,0.0,35.19749706687524,3.519749706687524,3.128666405944466,0.3601877199843566
t11:nemotron_b022_P3_r2,nemotron_b022_P3_r2,11,88.43540433302582,0.7733078184800438,0.5433854907539118,0.7268370607028753,11.178571428571429,0.650874686354921,9,5.9523809523809526,0.38095238095238093,0.650874686354921,0.18685695151026946,5.857294994675186,0.0,13.763896241397564,30.704076230809957,0.0,0.0,0.0,14.82265749073584,0.0,0.0,0.0
t11:nemotron_b028_P1_r2,nemotron_b028_P1_r2,11,89.69370688225285,0.7802612370341913,0.4783092324805339,0.7039969834087482,10.083650190114069,0.7310178953767432,11,17.472118959107807,0.4200743494423792,0.7310178953767432,0.1992878278837018,8.295625942684767,4.524886877828054,16.299137104506233,44.742729306487696,0.0,0.0,0.0,20.773410035155003,2.556727388942154,3.5155001597954616,0.14829018855864495
t11:nemotron_b033_P2_r2,nemotron_b033_P2_r2,11,143.78935766079275,0.8247783251231527,0.640625,0.7164835164835165,9.680851063829786,0.718928788169051,9,2.127659574468085,0.2553191489361702,0.718928788169051,0.18188518693297137,0.0,6.593406593406593,19.45754716981132,31.839622641509436,0.0,0.0,0.0,35.37735849056604,0.0,11.79245283018868,0.727004716981132
t11:nemotron_b038_P1_r2,nemotron_b038_P1_r2,11,85.4815342102614,0.7758543165467626,0.5124260355029586,0.7223933128024637,9.713675213675213,0.6131706153415679,9,14.644351464435147,0.3598326359832636,0.6131706153415679,0.20286654203404234,12.758468983721952,1.759788825340959,22.284122562674096,27.545651501083256,0.0,0.0,0.0,31.569173630454966,2.166511915815537,2.7855153203342615,0.280099040544723
t11:real_claude_b015_P2_r1,real_claude_b015_P2_r1,11,112.83141271873666,0.8027882441597588,0.5038022813688213,0.6962209302325582,10.345864661654135,0.7775499873362056,9,11.278195488721805,0.37593984962406013,0.7775499873362056,0.17170449161345128,8.720930232558139,3.633720930232558,5.201560468140443,9.53619419159081,0.0,0.0,0.0,17.77199826614651,1.3003901170351106,3.9011703511053315,0.38838318162115304
t11:real_claude_b018_P3_r2,real_claude_b018_P3_r2,11,96.6607013580229,0.7786738999397227,0.46153846153846156,0.6902810304449649,13.448818897637794,0.5507784871307674,9,0.0,0.4409448818897638,0.5507784871307674,0.18221060143759263,5.85480093676815,0.0,2.2701475595913734,0.0,0.0,0.0,0.0,7.377979568671964,1.1350737797956867,0.0,0.011918274687854669
t11:real_claude_b024_P1_r2,real_claude_b024_P1_r2,11,95.6422103455915,0.7762227074235808,0.4975124378109453,0.6911917098445596,9.65,0.7180051753278943,10,3.0,0.38,0.7180051753278943,0.17222095246843824,6.217616580310881,0.0,2.0671834625322996,8.268733850129198,0.0,0.0,0.0,27.390180878552968,0.5167958656330749,3.1007751937984493,0.48372093023255813
t11:real_claude_b025_P2_r1,real_claude_b025_P2_r1,11,89.5336809441952,0.7885985247629084,0.5231958762886598,0.6783567134268537,11.604651162790697,0.633687041150077,11,2.2988505747126435,0.3448275862068966,0.633687041150077,0.1698438752375038,14.02805611222445,4.008016032064128,2.3161551823972206,2.3161551823972206,0.0,0.0,0.0,19.10828025477707,0.5790387955993052,2.3161551823972206,0.3954834973943254
t11:real_claude_b034_P2_r2,real_claude_b034_P2_r2,11,101.28789067119946,0.8044334975369458,0.46586345381526106,0.7221783741120757,11.017391304347827,0.6425953758033534,9,18.103448275862068,0.31896551724137934,0.6425953758033534,0.19194904086770573,8.681925808997633,3.1570639305445933,1.4584346135148274,6.806028196402528,0.0,0.0,0.0,13.612056392805057,0.48614487117160915,13.125911521633448,0.36315021876519205
t11:real_claude_b040_P3_r2,real_claude_b040_P3_r2,11,89.11521013840922,0.7771267957526546,0.4714765100671141,0.6721212121212121,12.595419847328245,0.6197563110974812,12,2.2900763358778624,0.37404580152671757,0.6197563110974812,0.1878346084325527,12.121212121212121,0.0,2.335084646818447,0.0,0.0,0.0,0.0,10.507880910683012,0.5837711617046117,0.0,0.010507880910682998
t11:real_claude_b042_P3_r2,real_claude_b042_P3_r2,11,95.12015749584054,0.7724344112263575,0.5228013029315961,0.6569905213270142,14.938053097345133,0.6531111964586822,13,2.6548672566371683,0.4247787610619469,0.6531111964586822,0.18381044555617393,12.440758293838863,0.0,1.1627906976744187,6.395348837209303,0.0,0.0,0.0,5.813953488372094,1.1627906976744187,0.0,0.0046511627906976605
t11:real_claude_b045_P3_r1,real_claude_b045_P3_r1,11,91.79106608558081,0.7755856324830818,0.47307132459970885,0.682233502538071,12.547770700636942,0.6569651411763215,9,3.1847133757961785,0.45222929936305734,0.6569651411763215,0.19242313558158652,6.091370558375634,0.0,16.320474777448073,0.0,0.0,0.0,0.0,14.342235410484669,0.9891196834817013,0.0,0.005440158259149341
t13:deepseek_pro_b002_P3_r1,deepseek_pro_b002_P3_r1,13,144.10222888802025,0.8685714285714285,0.6806569343065694,0.6705202312138728,13.761363636363637,0.47657376910552973,11,4.49438202247191,0.12359550561797752,0.47657376910552973,0.0848179334610742,7.431874483897605,0.0,9.0311986863711,10.673234811165846,0.0,0.0,0.0,0.0,0.0,0.0,0.0
t13:deepseek_pro_b004_P2_r1,deepseek_pro_b004_P2_r1,13,199.08261418874065,0.9011645569620252,0.6634146341463415,0.6603098927294399,14.220338983050848,0.5760630704297756,10,6.779661016949152,0.11864406779661017,0.5760630704297756,0.06953546318701896,10.727056019070321,0.0,4.7086521483225425,6.474396703943496,0.0,0.0,0.0,13.53737492642731,4.120070629782225,14.125956444967628,0.5126545026486169
t13:deepseek_pro_b007_P3_r2,deepseek_pro_b007_P3_r2,13,129.3771119759134,0.8538461538461538,0.6305031446540881,0.7190801740211311,11.575539568345324,0.6208715267106395,11,4.316546762589928,0.10071942446043165,0.6208715267106395,0.08600493824124962,9.322560596643878,0.0,2.923976608187134,1.7543859649122806,0.0,0.0,0.0,5.847953216374268,2.923976608187134,1.7543859649122806,0.03274853801169586
t13:deepseek_pro_b009_P1_r1,deepseek_pro_b009_P1_r1,13,164.91333333333336,0.8746047073023536,0.657393850658858,0.6400937866354045,13.433070866141732,0.5624707189257835,10,8.661417322834646,0.11811023622047244,0.5624707189257835,0.08060826589107983,7.033997655334115,0.5861664712778429,5.720823798627002,21.16704805491991,0.0,0.0,1.0,5.720823798627003,4.004576659038902,0.0,0.02631578947368418
t13:deepseek_pro_b009_P2_r2,deepseek_pro_b009_P2_r2,13,223.41185640036343,0.905502471169687,0.6988636363636364,0.711890243902439,14.909090909090908,0.5261137895951021,9,6.818181818181818,0.0,0.5261137895951021,0.05534019607770955,9.146341463414634,4.573170731707317,9.383378016085791,6.702412868632708,0.0,0.0,0.0,10.723860589812332,4.6916890080428955,8.71313672922252,0.5576407506702412
t13:deepseek_pro_b021_P2_r2,deepseek_pro_b021_P2_r2,13,224.7634728250003,0.9107407407407407,0.683206106870229,0.7189695550351288,12.93939393939394,0.4080035981984797,8,6.0606060606060606,0.12121212121212122,0.4080035981984797,0.08307639570968989,2.34192037470726,0.0,5.524861878453039,4.419889502762431,0.0,0.0,0.0,6.629834254143647,5.524861878453039,20.994475138121548,0.523756906077348
t13:deepseek_pro_b037_P2_r2,deepseek_pro_b037_P2_r2,13,280.79449913141184,0.9032702702702702,0.7350993377483444,0.6958174904942965,13.60344827586207,0.35400505626652773,9,0.0,0.27586206896551724,0.35400505626652773,0.07612752361983884,2.534854245880862,1.267427122940431,4.078857919782461,3.3990482664853836,0.0,0.0,1.0,23.11352821210061,4.758667573079538,19.03467029231815,0.460231135282121
t13:deepseek_pro_b038_P1_r2,deepseek_pro_b038_P1_r2,13,181.2234053684253,0.8787899543378996,0.7081218274111675,0.6340921710161022,12.16891891891892,0.638078699079229,12,4.72972972972973,0.14189189189189189,0.638078699079229,0.08100386539240338,8.32870627429206,4.441976679622432,7.389162561576354,6.8965517241379315,0.4835589941972921,0.0,1.0,5.41871921182266,3.4482758620689657,3.4482758620689657,0.10443349753694586
t13:gpt_b004_P1_r1,gpt_b004_P1_r1,13,103.77114586993673,0.8423699914748508,0.5292553191489362,0.6677577741407529,12.597938144329897,0.4529102283861148,8,2.0618556701030926,0.16494845360824742,0.4529102283861148,0.09326220819654729,5.728314238952537,0.0,5.691056910569106,1.6260162601626016,0.0,0.0,0.0,0.0,0.0,0.0,0.003252032520325243
t13:gpt_b004_P3_r1,gpt_b004_P3_r1,13,110.56464646464646,0.8450522648083624,0.5662337662337662,0.6992481203007519,10.98165137614679,0.4544578896513581,9,4.587155963302752,0.1834862385321101,0.4544578896513581,0.08532176185420672,3.341687552213868,0.0,4.159733777038269,0.831946755407654,0.0,0.0,0.0,0.0,0.0,0.0,0.0033277870216306127
t13:gpt_b021_P3_r2,gpt_b021_P3_r2,13,210.1609166539347,0.9068064516129033,0.5725047080979284,0.7486423584173778,13.712765957446809,0.4785727741790235,11,8.51063829787234,0.10638297872340426,0.4785727741790235,0.07595620630165434,9.309542280837858,0.0,0.0,0.0,0.0,0.0,0.0,0.7680491551459293,0.0,0.0,0.0023041474654378336
t13:gpt_b026_P1_r1,gpt_b026_P1_r1,13,212.41008050391736,0.9007199424046076,0.5938037865748709,0.7371349095966621,12.725663716814159,0.5370094962148817,11,5.3097345132743365,0.10619469026548672,0.5370094962148817,0.0666414432385484,9.735744089012517,4.867872044506258,0.671591672263264,0.0,0.0,0.0,0.0,4.701141705842847,0.0,0.0,0.022162525184687754
t13:gpt_b028_P2_r1,gpt_b028_P2_r1,13,163.01071703484234,0.8755636363636364,0.5894736842105263,0.6979405034324943,11.972602739726028,0.5015254079984013,8,12.32876712328767,0.1232876712328767,0.5015254079984013,0.08169312858712997,8.009153318077804,0.0,2.6333113890717574,0.0,0.0,0.0,0.0,1.9749835418038184,4.6082949308755765,26.991441737985518,0.4233048057932851
t13:gpt_b031_P1_r1,gpt_b031_P1_r1,13,181.67003752434826,0.8890205011389521,0.5833333333333334,0.7291361639824304,15.010989010989011,0.5465096452324775,11,1.098901098901099,0.17582417582417584,0.5465096452324775,0.06651537715774401,10.248901903367496,0.0,6.493506493506494,0.0,0.0,0.0,0.0,0.0,4.329004329004329,0.0,0.018037518037518074
t13:gpt_b040_P2_r1,gpt_b040_P2_r1,13,195.5029371662311,0.903199251637044,0.5659955257270693,0.7039355992844365,13.802469135802468,0.5063035904219928,9,8.641975308641975,0.24691358024691357,0.5063035904219928,0.059270350613997325,8.050089445438283,0.0,6.435006435006435,0.0,0.0,0.0,0.0,1.9305019305019306,4.504504504504505,26.383526383526384,0.2792792792792793
t13:human_hard_rusltc_0001,human_hard_rusltc_0001,13,223.12410400326686,0.8891253644314869,0.7398568019093079,0.6299319727891156,19.342105263157894,0.5929336633887965,12,0.0,0.0,0.5929336633887965,0.06254008662604617,1.3605442176870748,5.442176870748299,49.86522911051213,9.433962264150942,0.0,0.0,0.0,0.0,0.0,0.0,0.008086253369272267
t13:human_hard_rusltc_0002,human_hard_rusltc_0002,13,142.094578750079,0.8545910577971646,0.665938864628821,0.6273291925465838,18.22641509433962,0.4704519741728786,14,5.660377358490566,0.1320754716981132,0.4704519741728786,0.10491870815921389,0.0,0.0,52.083333333333336,26.041666666666668,0.0,0.0,0.0,0.0,0.0,0.0,0.004166666666666652
t13:human_hard_rusltc_0003,human_hard_rusltc_0003,13,193.16624953880552,0.8666754966887418,0.7141009055627425,0.7119948685054522,23.26865671641791,0.4378636643377423,13,1.492537313432836,0.05970149253731343,0.4378636643377423,0.10149628958412826,10.262989095574087,0.0,47.740292807129215,14.00381922342457,0.0,0.0,0.0,0.0,0.0,0.0,0.0
t13:human_hard_rusltc_0055,human_hard_rusltc_0055,13,94.68915412558381,0.80890756302521,0.6638888888888889,0.6579292267365662,14.12962962962963,0.42973809697175863,11,3.7037037037037037,0.09259259259259259,0.42973809697175863,0.1109624685750166,2.6212319790301444,1.3106159895150722,7.653061224489796,6.377551020408163,0.0,0.0,0.0,0.0,0.0,0.0,0.02423469387755106
t13:human_hard_rusltc_0068,human_hard_rusltc_0068,13,113.24465877155149,0.8069180754226267,0.7233560090702947,0.6907090464547677,16.36,1.0674440363582849,15,8.0,0.18,1.0674440363582849,0.0912535801550352,3.667481662591687,0.0,65.35141800246609,40.6905055487053,0.0,0.0,0.0,0.0,0.0,0.0,0.0
t13:human_hard_rusltc_0073,human_hard_rusltc_0073,13,178.36490856042832,0.8718577075098815,0.682825484764543,0.6522016592214422,16.849462365591396,0.5554318404148679,14,2.150537634408602,0.06451612903225806,0.5554318404148679,0.09805695514183974,5.74345883854499,1.2763241863433312,24.93606138107417,11.508951406649617,0.0,0.0,0.0,0.0,0.0,0.0,0.0
t13:human_news_buriy_2014_0027,human_news_buriy_2014_0027,13,132.17929292929293,0.8501675977653632,0.7131782945736435,0.6,19.125,0.7193898462541232,10,2.4390243902439024,0.0975609756097561,0.7193898462541232,0.09426483910364947,5.228758169934641,2.6143790849673203,42.19948849104859,0.0,0.0,0.0,0.0,0.0,0.0,0.0,0.014066496163682829
t13:human_news_buriy_2014_0034,human_news_buriy_2014_0034,13,160.8491497072763,0.8812707182320442,0.6810035842293907,0.7048458149779736,19.912280701754387,0.49998092577208064,15,1.7543859649122806,0.0,0.49998092577208064,0.08291740205007811,6.167400881057269,0.0,65.23605150214593,38.62660944206009,0.0,0.0,0.0,0.0,0.0,0.0,0.019742489270386243
t13:human_news_gazeta_0031,human_news_gazeta_0031,13,144.81738035264482,0.8646651270207851,0.6195121951219512,0.6666666666666666,18.3,0.4435588671614907,9,0.0,0.22,0.4435588671614907,0.08005969114299027,3.278688524590164,0.0,57.54614549402823,11.943539630836048,0.0,0.0,0.0,0.0,0.0,0.0,0.0
t13:human_news_gazeta_0040,human_news_gazeta_0040,13,155.51973131821998,0.8737939698492462,0.7053140096618358,0.6875739644970414,21.125,0.4558350417951525,10,0.0,0.0,0.4558350417951525,0.07173969978848856,5.9171597633136095,0.0,71.0128055878929,19.79045401629802,0.0,0.0,0.0,0.0,0.0,0.0,0.0
t13:human_news_lenta_0001,human_news_lenta_0001,13,199.27337281428052,0.8987136294027566,0.6521739130434783,0.7065527065527065,20.057142857142857,0.5124514527723144,11,0.0,0.0,0.5124514527723144,0.07588462882418119,1.4245014245014245,0.0,62.5,17.045454545454547,0.0,0.0,0.0,0.0,0.0,0.0,0.0
t13:human_news_lenta_0016,human_news_lenta_0016,13,210.76770519263766,0.8954152046783627,0.7615384615384615,0.6869469026548672,11.894736842105264,0.42946468958104167,8,5.2631578947368425,0.2236842105263158,0.42946468958104167,0.09295965233832384,6.6371681415929205,0.0,65.74761399787911,72.1102863202545,0.0,0.0,0.0,0.0,0.0,0.0,0.0
t13:human_prose_taiga_arzamas_0050,human_prose_taiga_arzamas_0050,13,144.92215817152106,0.8521597833446175,0.7332457293035479,0.6625163826998689,16.955555555555556,0.7231329385360367,11,5.555555555555555,0.08888888888888889,0.7231329385360367,0.0912562687625991,9.174311926605505,2.6212319790301444,26.899798251513115,18.83116883116883,0.0,0.0,0.0,0.0,0.0,0.0,0.0006493506493506773
t13:human_prose_taiga_arzamas_0051,human_prose_taiga_arzamas_0051,13,186.98372602429558,0.8674588403722261,0.6987620357634112,0.6853388658367912,15.221052631578948,0.5133164724857383,11,0.0,0.05263157894736842,0.5133164724857383,0.09161540126115739,4.840940525587828,0.0,78.33787465940055,9.536784741144414,0.0,0.0,0.0,0.0,0.0,0.0,0.0
t13:human_prose_taiga_magazines_0048,human_prose_taiga_magazines_0048,13,171.41673411288616,0.857733491969066,0.7003460207612456,0.6250366461448256,11.641638225255972,0.9308382926647503,13,15.824915824915825,0.12457912457912458,0.9308382926647503,0.0920405742112334,5.570214013485781,9.674582233948989,53.6420101637493,1.693958215697346,0.0,0.0,0.0,0.0,0.0,0.0,0.02202145680406553
t13:human_prose_taiga_magazines_0053,human_prose_taiga_magazines_0053,13,222.33351389756092,0.836517719568567,0.8508771929824561,0.6346704871060171,26.846153846153847,1.1864556935121444,15,23.076923076923077,0.07692307692307693,1.1864556935121444,0.059859720047597105,8.595988538681949,4.2979942693409745,47.42547425474255,1.3550135501355014,0.0,0.0,0.0,0.0,0.0,0.0,0.0027100271002710175
t13:human_prose_taiga_proza_0034,human_prose_taiga_proza_0034,13,122.35399198711329,0.8421128798842257,0.6827195467422096,0.5797297297297297,12.758620689655173,0.5497888308363714,9,7.042253521126761,0.028169014084507043,0.5497888308363714,0.0792815112477663,1.3513513513513513,4.054054054054054,45.87155963302752,0.0,0.0,0.0,0.0,0.0,0.0,0.0,0.0
t13:human_prose_taiga_proza_0056,human_prose_taiga_proza_0056,13,181.18636363636364,0.868794964028777,0.7765273311897106,0.6287683031869078,15.904109589041095,0.6121450792172608,12,2.7027027027027026,0.10810810810810811,0.6121450792172608,0.09443680161281373,3.4453057708871664,0.8613264427217916,28.63777089783282,0.7739938080495357,0.0,0.0,0.0,0.0,0.0,3.8699690402476783,0.0797213622291022
t13:human_science_cyberleninka_0026,human_science_cyberleninka_0026,13,185.50117800420972,0.8843520192887282,0.6541822721598003,0.7043325526932084,16.91089108910891,0.9590970383263007,17,1.9801980198019802,0.22772277227722773,0.9590970383263007,0.08017563997152033,4.098360655737705,0.0,46.98972099853157,58.720930232558146,0.0,0.0,0.0,0.0,0.0,0.0,0.010465116279069764
t13:human_science_cyberleninka_0031,human_science_cyberleninka_0031,13,104.80243795984536,0.8204604051565377,0.5673758865248227,0.7057268722466961,15.133333333333333,0.597024258193962,15,16.0,0.10666666666666667,0.597024258193962,0.09761753164684556,7.048458149779735,0.0,13.953488372093023,75.08305647840533,0.0,0.0,0.0,0.0,0.0,2.6578073089700998,0.24584717607973416
t13:human_science_cyberleninka_0032,human_science_cyberleninka_0032,13,88.33825392778724,0.8180210157618213,0.5741626794258373,0.6104114189756508,26.466666666666665,0.4336941417374494,13,0.0,0.10638297872340426,0.4336941417374494,0.08976165138323008,2.5188916876574305,0.0,21.885521885521886,103.53535353535354,0.0,0.0,0.0,0.0,0.0,0.0,0.021043771043771087
t13:human_science_cyberleninka_0053,human_science_cyberleninka_0053,13,79.18854667262138,0.7978993710691824,0.640625,0.5636419944255188,16.390862944162436,0.7128068102337027,13,2.5380710659898478,0.15228426395939088,0.7128068102337027,0.13623054909659596,3.7163208423660574,0.0,49.46236559139785,241.93548387096774,0.0,0.0,0.0,7.311827956989247,0.0,9.24731182795699,0.32795698924731187
t13:human_science_spbgu_0024,human_science_spbgu_0024,13,152.97391603896318,0.8530868628858578,0.6726137377341659,0.653615520282187,11.524390243902438,0.8007007669909054,12,5.241935483870968,0.22983870967741934,0.8007007669909054,0.09179655298437525,2.821869488536155,2.1164021164021163,59.10895456550507,52.95735900962861,0.0,0.0,0.0,0.0,0.0,0.0,0.03266850068775795
t13:human_science_urfu_0028,human_science_urfu_0028,13,97.70495571101978,0.8121876955161627,0.5572636433512682,0.7646573080099092,20.183333333333334,0.7790096839852773,15,0.8333333333333334,0.2625,0.7790096839852773,0.10592026448904528,8.05119735755574,0.0,26.20274914089347,15.902140672782874,0.0,0.0,0.0,0.8154943934760448,0.0,0.0,0.00346585117227316
t13:human_seo_alaev_0004,human_seo_alaev_0004,13,143.04460685804912,0.8530054644808743,0.6931818181818182,0.5821826280623608,13.524096385542169,0.5957066028115955,12,12.048192771084338,0.10843373493975904,0.5957066028115955,0.09002033236165802,5.3452115812917596,6.6815144766147,7.286755250750107,7.715387912558937,0.0,0.0,0.0,0.0,0.0,0.0,0.0270038576939563
t13:human_seo_convertmonster_0001,human_seo_convertmonster_0001,13,86.66666666666667,0.8045859872611465,0.7043795620437956,0.6576923076923077,13.68421052631579,0.4460023758935984,9,13.157894736842104,0.23684210526315788,0.4460023758935984,0.12251909650716744,5.769230769230769,0.0,8.16326530612245,44.89795918367347,0.0,0.0,0.0,0.0,0.0,0.0,0.2857142857142857
t13:human_seo_devaka_ru_0004,human_seo_devaka_ru_0004,13,140.76591936017417,0.8569828571428572,0.6736111111111112,0.6439393939393939,13.014084507042254,0.6466156326528126,10,21.12676056338028,0.14084507042253522,0.6466156326528126,0.1011515964225776,5.411255411255412,8.658008658008658,14.732965009208103,76.42725598526704,0.0,0.0,0.0,0.0,0.0,0.0,0.14548802946592998
t13:human_seo_drmax_0002,human_seo_drmax_0002,13,96.71786343150845,0.8176357179096905,0.6098535286284953,0.6277227722772277,12.317073170731707,0.6152126879665203,10,23.170731707317074,0.0975609756097561,0.6152126879665203,0.08715240959933705,3.4653465346534653,6.930693069306931,19.26691729323308,19.26691729323308,0.0,0.0,0.0,0.0,0.0,0.0,0.03900375939849621
t13:human_seo_drmax_su_0001,human_seo_drmax_su_0001,13,81.75945093192152,0.8052721088435374,0.6948640483383686,0.6577708006279435,8.063291139240507,0.7497472163402702,9,22.78481012658228,0.10126582278481013,0.7497472163402702,0.11045085015255827,3.1397174254317113,7.849293563579278,7.407407407407407,42.96296296296296,0.0,0.0,0.0,0.0,0.0,7.4074074074074066,0.522962962962963
t13:human_seo_labrika_0002,human_seo_labrika_0002,13,99.27748469898458,0.8289477557027226,0.6298245614035087,0.7102272727272727,11.733333333333333,0.6553171976666019,11,3.3333333333333335,0.25833333333333336,0.6553171976666019,0.11324568910019088,3.5511363636363638,1.4204545454545454,32.97362110311751,34.1726618705036,0.0,0.0,0.0,0.0,0.0,0.0,0.11690647482014394
t13:nemotron_b012_P1_r1,nemotron_b012_P1_r1,13,247.48244881591307,0.9004887983706721,0.7360703812316716,0.7185185185185186,13.5,0.5487073967540868,10,7.5,0.05,0.5487073967540868,0.07141050920987609,9.25925925925926,1.8518518518518519,28.503562945368174,31.82897862232779,0.0,0.0,0.0,28.028503562945367,9.026128266033254,30.878859857482183,0.7415676959619952
t13:nemotron_b015_P3_r2,nemotron_b015_P3_r2,13,246.56628619299443,0.8867751657625076,0.696969696969697,0.7060889929742389,13.138461538461538,0.5051175177142027,10,36.15384615384615,0.1,0.5051175177142027,0.08799088228483151,8.782201405152225,0.0,35.74833174451859,17.159199237368924,0.0,0.0,0.0,2.3832221163012393,0.0,14.299332697807436,0.19780743565300285
t13:nemotron_b016_P1_r1,nemotron_b016_P1_r1,13,185.02307744248736,0.8765535956580732,0.6778042959427207,0.6768447837150128,10.342105263157896,0.6463302007889578,10,9.210526315789474,0.02631578947368421,0.6463302007889578,0.07645413745718573,1.272264631043257,2.544529262086514,26.211671612265086,26.211671612265086,0.0,0.0,0.0,37.58654797230465,3.4619188921859547,24.727992087042534,0.6008902077151335
t13:nemotron_b022_P3_r2,nemotron_b022_P3_r2,13,197.3196633111377,0.8712163265306122,0.6929392446633826,0.7291993720565149,11.274336283185841,0.6738563502643605,9,3.5398230088495577,0.017699115044247787,0.6738563502643605,0.08194047908271027,5.4945054945054945,0.0,14.99348109517601,25.423728813559322,0.0,0.0,0.0,14.99348109517601,4.563233376792699,6.51890482398957,0.16688396349413304
t13:nemotron_b028_P1_r2,nemotron_b028_P1_r2,13,225.21370625967222,0.903125,0.7039848197343453,0.6987115956392468,10.09,0.6912625710012941,9,28.0,0.07,0.6912625710012941,0.06813893527588656,6.937561942517344,5.946481665014867,16.380343587694767,42.34918098282061,0.0,0.0,0.0,22.373152217339193,9.98801438274071,25.56931681981622,0.5948861366360367
t13:nemotron_b033_P2_r2,nemotron_b033_P2_r2,13,298.2595616520661,0.9390214067278287,0.7529411764705882,0.723404255319149,11.75,0.5582891674497563,9,6.25,0.0,0.5582891674497563,0.06742325713905128,0.0,7.9787234042553195,20.84884586746091,25.31645569620253,0.0,0.0,0.0,34.99627699180938,6.701414743112435,55.10052122114669,0.7185405807892777
t13:nemotron_b038_P1_r2,nemotron_b038_P1_r2,13,217.00469897209985,0.8741711229946525,0.6986754966887417,0.7045260461144321,11.71,0.4851020071482599,8,19.0,0.06,0.4851020071482599,0.06798448953144103,10.247651579846286,0.0,21.521906225980015,21.13758647194466,0.0,0.0,0.0,32.28285933897002,5.764796310530361,27.286702536510376,0.5430438124519601
t13:real_claude_b015_P2_r1,real_claude_b015_P2_r1,13,203.69652699622716,0.8996762589928057,0.7026239067055393,0.6909090909090909,14.404761904761905,0.5500678996132115,9,4.761904761904762,0.0,0.5500678996132115,0.08573413108872185,9.917355371900827,4.958677685950414,5.257009345794392,2.9205607476635516,0.0,0.0,0.0,18.10747663551402,4.672897196261682,30.373831775700936,0.6425233644859814
t13:real_claude_b018_P3_r2,real_claude_b018_P3_r2,13,191.12662337662337,0.8827272727272728,0.640728476821192,0.6873630387143901,14.260416666666666,0.5064136952904733,9,0.0,0.0625,0.5064136952904733,0.07201929323701795,5.843681519357195,0.0,3.5285815102328866,0.0,0.0,0.0,0.0,7.057163020465773,4.234297812279464,0.0,0.016231474947071223
t13:real_claude_b024_P1_r2,real_claude_b024_P1_r2,13,219.14340593308427,0.8861422413793104,0.6597077244258872,0.6949846468781986,11.36046511627907,0.689798777566002,10,3.488372093023256,0.046511627906976744,0.689798777566002,0.07814849971643223,3.0706243602865917,0.0,2.602472348731295,8.458035133376708,0.0,0.0,0.0,26.67534157449577,4.554326610279766,18.867924528301884,0.346779440468445
t13:real_claude_b025_P2_r1,real_claude_b025_P2_r1,13,153.27536070620525,0.8625794392523365,0.656957928802589,0.6575342465753424,13.581395348837209,0.5914974468978039,11,2.3255813953488373,0.09302325581395349,0.5914974468978039,0.08077027105315397,18.835616438356166,5.136986301369863,2.094972067039106,0.6983240223463687,0.0,0.0,0.0,18.156424581005588,5.58659217877095,20.251396648044693,0.5858938547486033
t13:real_claude_b034_P2_r2,real_claude_b034_P2_r2,13,254.61182063511987,0.913938679245283,0.6496674057649667,0.717948717948718,12.814285714285715,0.5524975076662874,9,17.142857142857142,0.08571428571428572,0.5524975076662874,0.0768081186614398,8.918617614269788,3.3444816053511706,1.8028846153846154,3.004807692307692,0.0,0.0,0.0,13.221153846153845,4.8076923076923075,24.038461538461537,0.4471153846153846
t13:real_claude_b040_P3_r2,real_claude_b040_P3_r2,13,198.10786634976296,0.8813545816733067,0.667779632721202,0.6702453987730062,13.443298969072165,0.5622180702152093,12,3.0927835051546393,0.0,0.5622180702152093,0.07213558852786714,10.736196319018404,0.0,2.9197080291970803,0.0,0.0,0.0,0.0,9.489051094890511,5.839416058394161,0.0,0.021897810218978075
t13:real_claude_b042_P3_r2,real_claude_b042_P3_r2,13,184.43317060029548,0.8683487654320988,0.6801292407108239,0.6617100371747212,16.011904761904763,0.6014988198449313,13,3.5714285714285716,0.047619047619047616,0.6014988198449313,0.0588749281025029,10.408921933085502,0.0,2.1598272138228944,5.759539236861051,0.0,0.0,0.0,5.759539236861051,5.0395968322534195,0.0,0.016558675305975545
t13:real_claude_b045_P3_r1,real_claude_b045_P3_r1,13,225.99580990988125,0.8858549567531604,0.6566091954022989,0.6913659793814433,13.264957264957266,0.6293604147449869,9,2.5641025641025643,0.05982905982905983,0.6293604147449869,0.06922606502804605,5.798969072164948,0.0,14.860681114551083,0.0,0.0,0.0,0.0,14.860681114551085,4.953560371517028,0.0,0.019195046439628438
t15:deepseek_pro_b002_P3_r1,deepseek_pro_b002_P3_r1,15,144.10222888802025,0.8676419965576593,0.6788990825688074,0.6696944673823286,13.761363636363637,0.47657376910552973,11,3.3707865168539324,0.10112359550561797,0.47657376910552973,0.08592258641634366,7.431874483897605,0.0,9.0311986863711,10.673234811165846,0.0,0.0,0.0,0.0,0.0,0.0,0.0
t15:deepseek_pro_b004_P2_r1,deepseek_pro_b004_P2_r1,15,198.0490504023613,0.8984303797468355,0.6593137254901961,0.6591179976162098,14.220338983050848,0.5760630704297756,10,6.779661016949152,0.06779661016949153,0.5760630704297756,0.06903253518331881,10.727056019070321,0.0,4.7086521483225425,6.474396703943496,0.0,0.0,0.0,13.53737492642731,4.120070629782225,14.125956444967628,0.5126545026486169
t15:deepseek_pro_b007_P3_r2,deepseek_pro_b007_P3_r2,15,133.60942431689153,0.852097498396408,0.6263910969793323,0.7201492537313433,11.568345323741006,0.6191686096880892,11,4.316546762589928,0.07194244604316546,0.6191686096880892,0.08642334158998882,9.328358208955224,0.0,3.5087719298245617,1.7543859649122806,0.0,0.0,0.0,5.847953216374268,2.923976608187134,1.7543859649122806,0.03274853801169586
t15:deepseek_pro_b009_P1_r1,deepseek_pro_b009_P1_r1,15,165.01,0.8747768395657418,0.6489675516224189,0.6397188049209139,13.440944881889763,0.5621461333574972,10,8.661417322834646,0.11811023622047244,0.5621461333574972,0.07891865003684699,7.615700058582308,0.5858230814294083,6.2929061784897025,21.16704805491991,0.0,0.0,1.0,5.720823798627003,4.004576659038902,0.0,0.02631578947368418
t15:deepseek_pro_b009_P2_r2,deepseek_pro_b009_P2_r2,15,222.34621249851452,0.9047116968698516,0.6951566951566952,0.7088414634146342,14.909090909090908,0.5261137895951021,9,6.818181818181818,0.0,0.5261137895951021,0.055284276592103894,9.146341463414634,4.573170731707317,8.04289544235925,6.702412868632708,0.0,0.0,0.0,10.723860589812332,4.6916890080428955,8.71313672922252,0.5576407506702412
t15:deepseek_pro_b021_P2_r2,deepseek_pro_b021_P2_r2,15,218.6173989040632,0.9104232804232804,0.6756756756756757,0.7189695550351288,12.93939393939394,0.4080035981984797,10,6.0606060606060606,0.12121212121212122,0.4080035981984797,0.08194581697662802,0.0,0.0,5.524861878453039,4.419889502762431,0.0,0.0,0.0,6.629834254143647,5.524861878453039,20.994475138121548,0.523756906077348
t15:deepseek_pro_b037_P2_r2,deepseek_pro_b037_P2_r2,15,279.2728466138338,0.9021109607577807,0.7305122494432071,0.6967005076142132,13.586206896551724,0.3539430716108024,9,0.0,0.27586206896551724,0.3539430716108024,0.07573079788209827,2.5380710659898478,1.2690355329949239,4.078857919782461,3.3990482664853836,0.0,0.0,1.0,23.11352821210061,4.758667573079538,19.03467029231815,0.460231135282121
t15:deepseek_pro_b038_P1_r2,deepseek_pro_b038_P1_r2,15,192.6129845243542,0.8786415525114154,0.7029449423815621,0.6340921710161022,12.16891891891892,0.638078699079229,12,4.72972972972973,0.14189189189189189,0.638078699079229,0.07843957823263877,8.883953359244863,4.441976679622432,7.389162561576354,6.8965517241379315,0.4835589941972921,0.0,1.0,5.41871921182266,3.4482758620689657,3.4482758620689657,0.10443349753694586
t15:gpt_b004_P1_r1,gpt_b004_P1_r1,15,100.37920068112385,0.841740614334471,0.5268817204301075,0.6666666666666666,12.587628865979381,0.4531495648604618,8,2.0618556701030926,0.15463917525773196,0.4531495648604618,0.09276601452626887,5.733005733005733,0.0,5.691056910569106,1.6260162601626016,0.0,0.0,0.0,0.0,0.0,0.0,0.003252032520325243
t15:gpt_b004_P3_r1,gpt_b004_P3_r1,15,105.84718215082248,0.8457142857142858,0.5555555555555556,0.7009189640768588,10.98165137614679,0.4544578896513581,9,5.504587155963303,0.1651376146788991,0.4544578896513581,0.0858329220710097,3.341687552213868,0.0,4.9916805324459235,0.831946755407654,0.0,0.0,0.0,0.0,0.0,0.0,0.0033277870216306127
t15:gpt_b021_P3_r2,gpt_b021_P3_r2,15,199.97274710937148,0.9061612903225807,0.5687022900763359,0.7486423584173778,13.712765957446809,0.4785727741790235,11,8.51063829787234,0.10638297872340426,0.4785727741790235,0.07558638207480681,9.309542280837858,0.0,0.7680491551459293,0.0,0.0,0.0,0.0,0.7680491551459293,0.0,0.0,0.0023041474654378336
t15:gpt_b026_P1_r1,gpt_b026_P1_r1,15,205.57688706938956,0.8994240460763139,0.5814360770577933,0.7371349095966621,12.725663716814159,0.5370094962148817,11,4.424778761061947,0.13274336283185842,0.5370094962148817,0.06493641814340456,10.43115438108484,4.867872044506258,0.671591672263264,0.0,0.0,0.0,0.0,4.701141705842847,0.0,0.0,0.022162525184687754
t15:gpt_b028_P2_r1,gpt_b028_P2_r1,15,149.13698202013086,0.8763349514563107,0.5752688172043011,0.7010309278350515,11.95890410958904,0.5010283322787881,10,10.95890410958904,0.136986301369863,0.5010283322787881,0.07944836715570373,8.018327605956472,0.0,1.9749835418038184,0.0,0.0,0.0,0.0,1.9749835418038184,4.6082949308755765,26.991441737985518,0.4233048057932851
t15:gpt_b031_P1_r1,gpt_b031_P1_r1,15,182.38951520903436,0.8888449848024317,0.5716911764705882,0.7304029304029304,15,0.5465943944999485,11,1.098901098901099,0.13186813186813187,0.5465943944999485,0.06736143278760409,10.256410256410257,0.0,6.493506493506494,0.0,0.0,0.0,0.0,0.0,4.329004329004329,0.0,0.018037518037518074
t15:gpt_b040_P2_r1,gpt_b040_P2_r1,15,195.35490196078433,0.9019457436856875,0.5555555555555556,0.7057245080500895,13.802469135802468,0.5063035904219928,9,8.641975308641975,0.24691358024691357,0.5063035904219928,0.058625109026870535,8.050089445438283,0.0,7.078507078507079,0.0,0.0,0.0,0.0,1.9305019305019306,4.504504504504505,26.383526383526384,0.2792792792792793
t15:human_hard_rusltc_0001,human_hard_rusltc_0001,15,217.94341393614786,0.8906997084548105,0.7368421052631579,0.6299319727891156,19.342105263157894,0.5929336633887965,12,0.0,0.0,0.5929336633887965,0.06230675811648446,1.3605442176870748,5.442176870748299,51.21293800539083,9.433962264150942,0.0,0.0,0.0,0.0,0.0,0.0,0.008086253369272267
t15:human_hard_rusltc_0002,human_hard_rusltc_0002,15,140.79832676386837,0.85546346782988,0.6541850220264317,0.6262939958592133,18.22641509433962,0.4704519741728786,14,5.660377358490566,0.1320754716981132,0.4704519741728786,0.1045626528872117,0.0,0.0,52.083333333333336,26.041666666666668,0.0,0.0,0.0,0.0,0.0,0.0,0.004166666666666652
t15:human_hard_rusltc_0003,human_hard_rusltc_0003,15,204.8804257929619,0.8656953642384106,0.7084967320261438,0.7107119948685054,23.26865671641791,0.4378636643377423,13,1.492537313432836,0.05970149253731343,0.4378636643377423,0.10089158445077387,10.262989095574087,0.0,47.740292807129215,14.00381922342457,0.0,0.0,0.0,0.0,0.0,0.0,0.0
t15:human_hard_rusltc_0055,human_hard_rusltc_0055,15,104.93450838586585,0.8106442577030811,0.6611111111111111,0.6579292267365662,14.12962962962963,0.42973809697175863,11,3.7037037037037037,0.037037037037037035,0.42973809697175863,0.11015924447261359,2.6212319790301444,1.3106159895150722,7.653061224489796,6.377551020408163,0.0,0.0,0.0,0.0,0.0,0.0,0.02423469387755106
t15:human_hard_rusltc_0068,human_hard_rusltc_0068,15,111.83807624709861,0.8078023407022107,0.7217194570135747,0.6919315403422983,16.36,1.0674440363582849,15,8.0,0.14,1.0674440363582849,0.09276094255165583,3.667481662591687,0.0,62.885326757090006,40.6905055487053,0.0,0.0,0.0,0.0,0.0,0.0,0.0
t15:human_hard_rusltc_0073,human_hard_rusltc_0073,15,178.31428441534825,0.8691436100131752,0.6741573033707865,0.6528398213146139,16.849462365591396,0.5554318404148679,14,2.150537634408602,0.06451612903225806,0.5554318404148679,0.09534235926488013,5.74345883854499,1.2763241863433312,23.657289002557548,11.508951406649617,0.0,0.0,0.0,0.0,0.0,0.0,0.0
t15:human_news_buriy_2014_0027,human_news_buriy_2014_0027,15,132.70651496259353,0.8487988826815642,0.7124352331606217,0.6,19.125,0.7193898462541232,10,2.4390243902439024,0.0975609756097561,0.7193898462541232,0.09372571967782066,5.228758169934641,2.6143790849673203,42.19948849104859,0.0,0.0,0.0,0.0,0.0,0.0,0.0,0.014066496163682829
t15:human_news_buriy_2014_0034,human_news_buriy_2014_0034,15,171.7376226685824,0.8821546961325967,0.6869409660107334,0.7057268722466961,19.912280701754387,0.49998092577208064,15,1.7543859649122806,0.0,0.49998092577208064,0.08115158262583065,6.167400881057269,0.0,65.23605150214593,38.62660944206009,0.0,0.0,0.0,0.0,0.0,0.0,0.019742489270386243
t15:human_news_gazeta_0031,human_news_gazeta_0031,15,144.13925438596493,0.8637644341801386,0.6078431372549019,0.6644808743169399,18.3,0.4435588671614907,9,0.0,0.22,0.4435588671614907,0.08194338398608726,3.278688524590164,0.0,56.46036916395222,11.943539630836048,0.0,0.0,0.0,0.0,0.0,0.0,0.0
t15:human_news_gazeta_0040,human_news_gazeta_0040,15,150.54915352058487,0.8681909547738694,0.6936274509803921,0.6840236686390533,21.125,0.4558350417951525,10,0.0,0.0,0.4558350417951525,0.07278240281860168,5.9171597633136095,0.0,69.84866123399301,19.79045401629802,0.0,0.0,0.0,0.0,0.0,0.0,0.0
t15:human_news_lenta_0001,human_news_lenta_0001,15,205.4850856853557,0.8996937212863706,0.6612903225806451,0.707977207977208,20.057142857142857,0.5124514527723144,11,0.0,0.0,0.5124514527723144,0.07387685752757632,1.4245014245014245,0.0,59.659090909090914,17.045454545454547,0.0,0.0,0.0,0.0,0.0,0.0,0.0
t15:human_news_lenta_0016,human_news_lenta_0016,15,227.46118234101135,0.8944795321637427,0.7567567567567568,0.6847345132743363,11.894736842105264,0.42946468958104167,8,3.9473684210526314,0.21052631578947367,0.42946468958104167,0.09646849360219158,6.6371681415929205,0.0,61.50583244962885,72.1102863202545,0.0,0.0,0.0,0.0,0.0,0.0,0.0
t15:human_prose_taiga_arzamas_0050,human_prose_taiga_arzamas_0050,15,152.5873205937644,0.8515775220040622,0.7318361955085865,0.6618610747051114,16.955555555555556,0.7231329385360367,11,6.666666666666667,0.08888888888888889,0.7231329385360367,0.09114560684162142,9.174311926605505,2.6212319790301444,26.227303295225287,18.83116883116883,0.0,0.0,0.0,0.0,0.0,0.0,0.0006493506493506773
t15:human_prose_taiga_arzamas_0051,human_prose_taiga_arzamas_0051,15,209.28162184469357,0.8672297780959198,0.696969696969697,0.6853388658367912,15.221052631578948,0.5133164724857383,11,0.0,0.05263157894736842,0.5133164724857383,0.09024066465338257,4.840940525587828,0.0,73.56948228882834,9.536784741144414,0.0,0.0,0.0,0.0,0.0,0.0,0.0
t15:human_prose_taiga_magazines_0048,human_prose_taiga_magazines_0048,15,172.95436407043968,0.8577870315288519,0.6952908587257618,0.6259161536206391,11.641638225255972,0.9308382926647503,13,15.824915824915825,0.1111111111111111,0.9308382926647503,0.09255256676891883,5.570214013485781,9.674582233948989,53.077357425183514,1.693958215697346,0.0,0.0,0.0,0.0,0.0,0.0,0.02202145680406553
t15:human_prose_taiga_magazines_0053,human_prose_taiga_magazines_0053,15,222.33351389756092,0.836517719568567,0.8508771929824561,0.6346704871060171,26.846153846153847,1.1864556935121444,16,23.076923076923077,0.07692307692307693,1.1864556935121444,0.06002638430761659,8.595988538681949,4.2979942693409745,46.070460704607044,1.3550135501355014,0.0,0.0,0.0,0.0,0.0,0.0,0.0027100271002710175
t15:human_prose_taiga_proza_0034,human_prose_taiga_proza_0034,15,115.88599555013423,0.8437047756874095,0.6789772727272727,0.5797297297297297,12.758620689655173,0.5497888308363714,9,7.142857142857143,0.02857142857142857,0.5497888308363714,0.07914280551799913,1.3513513513513513,4.054054054054054,47.182175622542594,0.0,0.0,0.0,0.0,0.0,0.0,0.0,0.0
t15:human_prose_taiga_proza_0056,human_prose_taiga_proza_0056,15,176.87700760777682,0.8674820143884892,0.7727272727272727,0.6287683031869078,15.904109589041095,0.6121450792172608,12,2.7027027027027026,0.08108108108108109,0.6121450792172608,0.09530689791684348,3.4453057708871664,0.8613264427217916,27.86377708978328,0.7739938080495357,0.0,0.0,0.0,0.0,0.0,3.8699690402476783,0.0797213622291022
t15:human_science_cyberleninka_0026,human_science_cyberleninka_0026,15,187.72241462878125,0.8867389993972272,0.64875,0.7037470725995316,16.91089108910891,0.9590970383263007,17,1.9801980198019802,0.2079207920792079,0.9590970383263007,0.08084660172682136,4.098360655737705,0.0,46.98972099853157,58.720930232558146,0.0,0.0,0.0,0.0,0.0,0.0,0.010465116279069764
t15:human_science_cyberleninka_0031,human_science_cyberleninka_0031,15,98.01490740149362,0.819171270718232,0.5587529976019184,0.7066079295154185,15.133333333333333,0.597024258193962,15,16.0,0.10666666666666667,0.597024258193962,0.09832573987737614,7.048458149779735,0.0,12.624584717607974,75.08305647840533,0.0,0.0,0.0,0.0,0.0,2.6578073089700998,0.24584717607973416
t15:human_science_cyberleninka_0032,human_science_cyberleninka_0032,15,81.68300724583966,0.8145008756567426,0.5612745098039216,0.6104114189756508,26.466666666666665,0.4336941417374494,13,0.0,0.10869565217391304,0.4336941417374494,0.09079173951170513,2.5188916876574305,0.0,21.043771043771045,103.53535353535354,0.0,0.0,0.0,0.0,0.0,0.0,0.021043771043771087
t15:human_science_cyberleninka_0053,human_science_cyberleninka_0053,15,80.17973961017441,0.7993901288902862,0.6297674418604651,0.5631578947368421,16.395939086294415,0.7133343212022702,13,2.5380710659898478,0.17258883248730963,0.7133343212022702,0.13631158770438845,4.3343653250774,0.0,47.31182795698925,241.93548387096774,0.0,0.0,0.0,7.311827956989247,0.0,9.24731182795699,0.32795698924731187
t15:human_science_spbgu_0024,human_science_spbgu_0024,15,149.12698636649577,0.8547719928186714,0.6702222222222223,0.655257586450247,11.520325203252032,0.800408019270998,12,5.241935483870968,0.2217741935483871,0.800408019270998,0.09064986316348744,3.1757233592095977,2.117148906139732,58.66784296426996,52.95735900962861,0.0,0.0,0.0,0.0,0.0,0.0,0.03266850068775795
t15:human_science_urfu_0028,human_science_urfu_0028,15,89.87700996134882,0.8095307612095933,0.5399841646872525,0.7648637489677952,20.183333333333334,0.7790096839852773,15,0.4166666666666667,0.25416666666666665,0.7790096839852773,0.10673760808504068,8.05119735755574,0.0,25.987972508591067,15.902140672782874,0.0,0.0,0.0,0.8154943934760448,0.0,0.0,0.00346585117227316
t15:human_seo_alaev_0004,human_seo_alaev_0004,15,142.71166389098306,0.8509647919524462,0.6832369942196532,0.5813953488372093,13.55151515151515,0.5945659254168164,12,12.121212121212121,0.09696969696969697,0.5945659254168164,0.08680194920871791,5.366726296958855,6.708407871198569,7.311827956989247,7.741935483870968,0.0,0.0,0.0,0.0,0.0,0.0,0.02709677419354839
t15:human_seo_convertmonster_0001,human_seo_convertmonster_0001,15,85.65891472868216,0.8033970276008492,0.6937269372693727,0.6557692307692308,13.68421052631579,0.4460023758935984,9,13.157894736842104,0.23684210526315788,0.4460023758935984,0.12256963201336332,5.769230769230769,0.0,8.16326530612245,44.89795918367347,0.0,0.0,0.0,0.0,0.0,0.0,0.2857142857142857
t15:human_seo_devaka_ru_0004,human_seo_devaka_ru_0004,15,143.26947153332557,0.8560457142857143,0.6774941995359629,0.645021645021645,13.014084507042254,0.6466156326528126,10,21.12676056338028,0.14084507042253522,0.6466156326528126,0.0999049688706115,5.411255411255412,8.658008658008658,14.732965009208103,76.42725598526704,0.0,0.0,0.0,0.0,0.0,0.0,0.14548802946592998
t15:human_seo_drmax_0002,human_seo_drmax_0002,15,94.40600389446271,0.8173299492385787,0.604306864064603,0.6295195641406637,12.310975609756097,0.6157024327694937,11,23.170731707317074,0.07317073170731707,0.6157024327694937,0.08752581868520037,4.457652303120357,6.934125804853888,19.736842105263158,19.26691729323308,0.0,0.0,0.0,0.0,0.0,0.0,0.03900375939849621
t15:human_seo_drmax_su_0001,human_seo_drmax_su_0001,15,82.51355890343295,0.8019354838709677,0.6880733944954128,0.6567398119122257,8.075949367088608,0.748685070522984,9,21.518987341772153,0.10126582278481013,0.748685070522984,0.11235803557315317,4.702194357366771,7.836990595611285,8.148148148148147,42.96296296296296,0.0,0.0,0.0,0.0,0.0,7.4074074074074066,0.522962962962963
t15:human_seo_labrika_0002,human_seo_labrika_0002,15,99.98699436466234,0.8258762886597938,0.6198934280639432,0.7107320540156361,11.725,0.6544046999835139,11,3.3333333333333335,0.21666666666666667,0.6544046999835139,0.11416517868216285,3.5536602700781805,1.4214641080312722,32.37410071942446,34.1726618705036,0.0,0.0,0.0,0.0,0.0,0.0,0.11690647482014394
t15:nemotron_b012_P1_r1,nemotron_b012_P1_r1,15,273.45126761247104,0.899673469387755,0.7352941176470589,0.7198515769944341,13.475,0.5492081903764019,10,7.5,0.05,0.5492081903764019,0.07114420322348668,9.276437847866418,1.8552875695732838,28.028503562945367,31.82897862232779,0.0,0.0,0.0,28.028503562945367,9.026128266033254,30.878859857482183,0.7415676959619952
t15:nemotron_b015_P3_r2,nemotron_b015_P3_r2,15,246.36526765752876,0.8868395657418576,0.6950934579439252,0.7065026362038664,13.13076923076923,0.5049359097650477,10,36.15384615384615,0.08461538461538462,0.5049359097650477,0.08824708304418677,8.787346221441124,0.0,34.795042897998094,17.159199237368924,0.0,0.0,0.0,2.3832221163012393,0.0,14.299332697807436,0.19780743565300285
t15:nemotron_b016_P1_r1,nemotron_b016_P1_r1,15,204.47773776257873,0.8789145183175033,0.6745843230403801,0.678117048346056,10.342105263157896,0.6463302007889578,10,7.894736842105263,0.02631578947368421,0.6463302007889578,0.07695954944736659,1.272264631043257,2.544529262086514,26.211671612265086,26.211671612265086,0.0,0.0,0.0,37.58654797230465,3.4619188921859547,24.727992087042534,0.6008902077151335
t15:nemotron_b022_P3_r2,nemotron_b022_P3_r2,15,195.79246794871796,0.8712091503267974,0.6877076411960132,0.7305577376276512,11.265486725663717,0.6743616917964067,9,3.5398230088495577,0.017699115044247787,0.6743616917964067,0.08256368047929599,5.498821681068343,0.0,14.341590612777052,25.423728813559322,0.0,0.0,0.0,14.99348109517601,4.563233376792699,6.51890482398957,0.16688396349413304
t15:nemotron_b028_P1_r2,nemotron_b028_P1_r2,15,225.687196248544,0.9023382045929019,0.700952380952381,0.7010923535253227,10.07,0.6915070648879318,9,29.0,0.06,0.6915070648879318,0.0686103393864277,6.951340615690169,5.958291956305859,16.779864163004394,42.34918098282061,0.0,0.0,0.0,22.373152217339193,9.98801438274071,25.56931681981622,0.5948861366360367
t15:nemotron_b033_P2_r2,nemotron_b033_P2_r2,15,297.0398966152493,0.9389602446483181,0.7509881422924901,0.723404255319149,11.75,0.5582891674497563,9,6.25,0.0,0.5582891674497563,0.06797570034784517,0.0,7.9787234042553195,20.84884586746091,25.31645569620253,0.0,0.0,0.0,34.99627699180938,6.701414743112435,55.10052122114669,0.7185405807892777
t15:nemotron_b038_P1_r2,nemotron_b038_P1_r2,15,217.22152899824255,0.8742780748663103,0.6975206611570248,0.7045260461144321,11.71,0.4851020071482599,8,19.0,0.06,0.4851020071482599,0.06799422391887397,10.247651579846286,0.0,21.521906225980015,21.13758647194466,0.0,0.0,0.0,32.28285933897002,5.764796310530361,27.286702536510376,0.5430438124519601
t15:real_claude_b015_P2_r1,real_claude_b015_P2_r1,15,208.95975356647716,0.8987050359712231,0.7017543859649122,0.6892561983471074,14.404761904761905,0.5500678996132115,9,4.761904761904762,0.0,0.5500678996132115,0.08593350248566049,9.917355371900827,4.958677685950414,5.841121495327102,2.9205607476635516,0.0,0.0,0.0,18.10747663551402,4.672897196261682,30.373831775700936,0.6425233644859814
t15:real_claude_b018_P3_r2,real_claude_b018_P3_r2,15,175.07491700687348,0.8808030303030303,0.628140703517588,0.6859021183345507,14.260416666666666,0.5064136952904733,9,0.0,0.041666666666666664,0.5064136952904733,0.0723441227095521,5.843681519357195,0.0,2.8228652081863093,0.0,0.0,0.0,0.0,7.057163020465773,4.234297812279464,0.0,0.016231474947071223
t15:real_claude_b024_P1_r2,real_claude_b024_P1_r2,15,206.1107147164563,0.8845905172413793,0.657563025210084,0.6949846468781986,11.36046511627907,0.689798777566002,10,3.488372093023256,0.046511627906976744,0.689798777566002,0.078624953166695,3.0706243602865917,0.0,2.602472348731295,8.458035133376708,0.0,0.0,0.0,26.67534157449577,4.554326610279766,18.867924528301884,0.346779440468445
t15:real_claude_b025_P2_r1,real_claude_b025_P2_r1,15,155.00768154151615,0.8627663551401868,0.6503267973856209,0.6558219178082192,13.581395348837209,0.5914974468978039,11,2.3255813953488373,0.09302325581395349,0.5914974468978039,0.08210100579684877,18.835616438356166,5.136986301369863,1.3966480446927374,0.6983240223463687,0.0,0.0,0.0,18.156424581005588,5.58659217877095,20.251396648044693,0.5858938547486033
t15:real_claude_b034_P2_r2,real_claude_b034_P2_r2,15,260.6688687083814,0.9147169811320754,0.640625,0.7190635451505016,12.814285714285715,0.5524975076662874,9,17.142857142857142,0.08571428571428572,0.5524975076662874,0.07759327660543563,8.918617614269788,3.3444816053511706,1.8028846153846154,3.004807692307692,0.0,0.0,0.0,13.221153846153845,4.8076923076923075,24.038461538461537,0.4471153846153846
t15:real_claude_b040_P3_r2,real_claude_b040_P3_r2,15,208.05732662192395,0.8811323763955343,0.6605042016806723,0.671527244819647,13.43298969072165,0.561821798339763,12,3.0927835051546393,0.0,0.561821798339763,0.0728325149210179,10.744435917114352,0.0,2.9197080291970803,0.0,0.0,0.0,0.0,9.489051094890511,5.839416058394161,0.0,0.021897810218978075
t15:real_claude_b042_P3_r2,real_claude_b042_P3_r2,15,176.507019213293,0.8674074074074075,0.6753670473083198,0.6609665427509294,16.011904761904763,0.6014988198449313,13,3.5714285714285716,0.047619047619047616,0.6014988198449313,0.05913679676781924,11.152416356877323,0.0,2.1598272138228944,5.759539236861051,0.0,0.0,0.0,5.759539236861051,5.0395968322534195,0.0,0.016558675305975545
t15:real_claude_b045_P3_r1,real_claude_b045_P3_r1,15,225.46962066028817,0.885163007318696,0.6521739130434783,0.6900773195876289,13.264957264957266,0.6293604147449869,9,2.5641025641025643,0.05982905982905983,0.6293604147449869,0.06959923834889133,5.798969072164948,0.0,14.241486068111454,0.0,0.0,0.0,0.0,14.860681114551085,4.953560371517028,0.0,0.019195046439628438
t16:deepseek_pro_b002_P3_r1,deepseek_pro_b002_P3_r1,16,144.10222888802025,0.8676419965576593,0.6777163904235728,0.6688687035507844,13.761363636363637,0.47657376910552973,11,3.3707865168539324,0.12359550561797752,0.47657376910552973,0.08579597361658525,7.431874483897605,0.0,9.0311986863711,10.673234811165846,0.0,0.0,0.0,0.0,0.0,0.0,0.0
t16:deepseek_pro_b004_P2_r1,deepseek_pro_b004_P2_r1,16,176.29768248570159,0.8757763157894737,0.596964586846543,0.6443594646271511,13.184873949579831,0.6314775006213995,10,8.403361344537815,0.1092436974789916,0.6314775006213995,0.08142927505662996,8.922880815806247,0.0,4.7142015321154975,6.482027106658809,0.0,0.0,0.0,13.553329404832056,0.0,0.0,0.08721272834413674
t16:deepseek_pro_b007_P3_r2,deepseek_pro_b007_P3_r2,16,141.03929391710847,0.8482257053291536,0.6222222222222222,0.7183698296836983,11.577464788732394,0.6145031447326395,11,4.225352112676056,0.09859154929577464,0.6145031447326395,0.08786448557083452,9.124087591240876,0.0,3.5087719298245617,1.7543859649122806,0.0,0.0,0.0,5.847953216374268,0.0,0.0,0.010526315789473717
t16:deepseek_pro_b009_P1_r1,deepseek_pro_b009_P1_r1,16,160.30724594176462,0.8747044632086851,0.6433878157503715,0.6391329818394845,13.440944881889763,0.5621461333574972,10,8.661417322834646,0.11811023622047244,0.5621461333574972,0.08015061791725515,7.615700058582308,0.5858230814294083,5.720823798627002,21.16704805491991,0.0,0.0,1.0,5.720823798627003,0.0,0.0,0.02631578947368418
t16:deepseek_pro_b009_P2_r2,deepseek_pro_b009_P2_r2,16,223.85247140571965,0.8963062200956937,0.6553784860557769,0.7093235831809872,12.574712643678161,0.587350927322064,9,5.747126436781609,0.08045977011494253,0.587350927322064,0.0633430129336325,7.312614259597806,2.742230347349177,8.04289544235925,6.702412868632708,0.0,0.0,0.0,10.723860589812332,0.0,0.0,0.2667560321715817
t16:deepseek_pro_b021_P2_r2,deepseek_pro_b021_P2_r2,16,177.46719625710585,0.8933049645390071,0.6424870466321243,0.7148541114058355,12.566666666666666,0.5128636603159162,10,13.333333333333334,0.1,0.5128636603159162,0.08610289707855649,3.9787798408488064,0.0,5.524861878453039,4.419889502762431,0.0,0.0,0.0,6.629834254143647,0.0,0.0,0.16353591160220993
t16:deepseek_pro_b037_P2_r2,deepseek_pro_b037_P2_r2,16,239.27782757849207,0.9027803379416284,0.6819571865443425,0.7202072538860104,11.165289256198347,0.5423754137746511,9,0.8264462809917356,0.15702479338842976,0.5423754137746511,0.07375581419213793,5.181347150259067,0.7401924500370096,4.078857919782461,3.3990482664853836,0.0,0.0,1.0,23.11352821210061,0.0,0.0,0.08021753908905505
t16:deepseek_pro_b038_P1_r2,deepseek_pro_b038_P1_r2,16,192.1360801781737,0.8776587926509186,0.7028985507246377,0.6330603889457523,12.061728395061728,0.6357589518282085,12,5.555555555555555,0.12962962962962962,0.6357589518282085,0.07447105054760308,8.18833162743091,4.094165813715455,7.389162561576354,6.8965517241379315,0.4835589941972921,0.0,1.0,5.41871921182266,0.0,0.0,0.029064039408867037
t16:gpt_b004_P1_r1,gpt_b004_P1_r1,16,100.46141132869235,0.8410912190963342,0.5216216216216216,0.6661211129296236,12.597938144329897,0.4529102283861148,8,2.0618556701030926,0.16494845360824742,0.4529102283861148,0.09274428343639293,5.728314238952537,0.0,5.691056910569106,1.6260162601626016,0.0,0.0,0.0,0.0,0.0,0.0,0.003252032520325243
t16:gpt_b004_P3_r1,gpt_b004_P3_r1,16,102.71121132739177,0.8435714285714285,0.552,0.6992481203007519,10.98165137614679,0.4544578896513581,9,4.587155963302752,0.2018348623853211,0.4544578896513581,0.0857162118856451,3.341687552213868,0.0,4.159733777038269,0.831946755407654,0.0,0.0,0.0,0.0,0.0,0.0,0.0033277870216306127
t16:gpt_b021_P3_r2,gpt_b021_P3_r2,16,195.1665363924778,0.9047903225806452,0.5598455598455598,0.747866563227308,13.712765957446809,0.4785727741790235,11,8.51063829787234,0.10638297872340426,0.4785727741790235,0.07535655842585996,9.309542280837858,0.0,0.0,0.0,0.0,0.0,0.0,0.7680491551459293,0.0,0.0,0.0023041474654378336
t16:gpt_b026_P1_r1,gpt_b026_P1_r1,16,205.57688706938956,0.8990496760259179,0.579225352112676,0.7364394993045897,12.725663716814159,0.5370094962148817,11,4.424778761061947,0.13274336283185842,0.5370094962148817,0.0650063049533724,9.735744089012517,4.867872044506258,0.671591672263264,0.0,0.0,0.0,0.0,4.701141705842847,0.0,0.0,0.022162525184687754
t16:gpt_b028_P2_r1,gpt_b028_P2_r1,16,130.99160245469636,0.8588816402609506,0.5653153153153153,0.6996434937611408,13.851851851851851,0.6639269488386121,10,9.876543209876543,0.13580246913580246,0.6639269488386121,0.08091122210030281,10.695187165775401,0.0,1.9749835418038184,0.0,0.0,0.0,0.0,1.9749835418038184,0.0,0.0,0.260697827518104
t16:gpt_b031_P1_r1,gpt_b031_P1_r1,16,179.46622719729322,0.8876082004555809,0.5669144981412639,0.7284040995607614,15.010989010989011,0.5465096452324775,11,1.098901098901099,0.17582417582417584,0.5465096452324775,0.0669843487377075,10.248901903367496,0.0,6.493506493506494,0.0,0.0,0.0,0.0,0.0,0.0,0.0,0.018037518037518074
t16:gpt_b040_P2_r1,gpt_b040_P2_r1,16,189.6932612907541,0.8993650793650794,0.5234215885947047,0.7173414820473644,14.707865168539326,0.5760285259176766,9,7.865168539325842,0.2247191011235955,0.5760285259176766,0.05843624814637113,7.639419404125286,0.0,7.078507078507079,0.0,0.0,0.0,0.0,1.9305019305019306,0.0,0.0,0.1563706563706564
t16:human_hard_rusltc_0001,human_hard_rusltc_0001,16,210.96829628190258,0.8889212827988338,0.7355769230769231,0.6285714285714286,19.342105263157894,0.5929336633887965,12,0.0,0.0,0.5929336633887965,0.06265072570938053,1.3605442176870748,5.442176870748299,49.86522911051213,9.433962264150942,0.0,0.0,0.0,0.0,0.0,0.0,0.008086253369272267
t16:human_hard_rusltc_0002,human_hard_rusltc_0002,16,132.40256340736954,0.8542639040348964,0.6526548672566371,0.6252587991718427,18.22641509433962,0.4704519741728786,14,5.660377358490566,0.1320754716981132,0.4704519741728786,0.104400303056554,0.0,0.0,52.083333333333336,26.041666666666668,0.0,0.0,0.0,0.0,0.0,0.0,0.004166666666666652
t16:human_hard_rusltc_0003,human_hard_rusltc_0003,16,207.16242149865502,0.8656953642384106,0.7073490813648294,0.7107119948685054,23.26865671641791,0.4378636643377423,13,1.492537313432836,0.05970149253731343,0.4378636643377423,0.10098485424031058,10.262989095574087,0.0,48.3768300445576,14.00381922342457,0.0,0.0,0.0,0.0,0.0,0.0,0.0
t16:human_hard_rusltc_0055,human_hard_rusltc_0055,16,94.38954402515722,0.80890756302521,0.6582633053221288,0.6579292267365662,14.12962962962963,0.42973809697175863,11,3.7037037037037037,0.09259259259259259,0.42973809697175863,0.11021375896518697,2.6212319790301444,1.3106159895150722,7.653061224489796,6.377551020408163,0.0,0.0,0.0,0.0,0.0,0.0,0.02423469387755106
t16:human_hard_rusltc_0068,human_hard_rusltc_0068,16,108.4239753807297,0.8056176853055916,0.7191780821917808,0.6907090464547677,16.36,1.0674440363582849,15,8.0,0.18,1.0674440363582849,0.09144646432068682,3.667481662591687,0.0,65.35141800246609,40.6905055487053,0.0,0.0,0.0,0.0,0.0,0.0,0.0
t16:human_hard_rusltc_0073,human_hard_rusltc_0073,16,168.5861480764578,0.8687088274044796,0.6704384724186704,0.6522016592214422,16.849462365591396,0.5554318404148679,14,2.150537634408602,0.06451612903225806,0.5554318404148679,0.09696219979907386,5.74345883854499,1.2763241863433312,24.93606138107417,11.508951406649617,0.0,0.0,0.0,0.0,0.0,0.0,0.0
t16:human_news_buriy_2014_0027,human_news_buriy_2014_0027,16,116.49088637476343,0.8481564245810056,0.7083333333333334,0.5986928104575163,19.125,0.7193898462541232,10,2.4390243902439024,0.0975609756097561,0.7193898462541232,0.09434230093250008,5.228758169934641,2.6143790849673203,42.19948849104859,0.0,0.0,0.0,0.0,0.0,0.0,0.0,0.014066496163682829
t16:human_news_buriy_2014_0034,human_news_buriy_2014_0034,16,160.78295976890303,0.8801657458563537,0.6787003610108303,0.7048458149779736,19.912280701754387,0.49998092577208064,15,1.7543859649122806,0.0,0.49998092577208064,0.0816584528530688,6.167400881057269,0.0,66.09442060085837,38.62660944206009,0.0,0.0,0.0,0.0,0.0,0.0,0.019742489270386243
t16:human_news_gazeta_0031,human_news_gazeta_0031,16,144.13925438596493,0.86364896073903,0.6029776674937966,0.6644808743169399,18.3,0.4435588671614907,9,0.0,0.22,0.4435588671614907,0.08173509203048353,3.278688524590164,0.0,57.54614549402823,11.943539630836048,0.0,0.0,0.0,0.0,0.0,0.0,0.0
t16:human_news_gazeta_0040,human_news_gazeta_0040,16,150.54915352058487,0.8681909547738694,0.6896551724137931,0.6840236686390533,21.125,0.4558350417951525,10,0.0,0.0,0.4558350417951525,0.07245035857100628,5.9171597633136095,0.0,71.0128055878929,19.79045401629802,0.0,0.0,0.0,0.0,0.0,0.0,0.0
t16:human_news_lenta_0001,human_news_lenta_0001,16,199.27337281428052,0.8987136294027566,0.6512261580381471,0.7065527065527065,20.057142857142857,0.5124514527723144,11,0.0,0.0,0.5124514527723144,0.07376538587628785,1.4245014245014245,0.0,62.5,17.045454545454547,0.0,0.0,0.0,0.0,0.0,0.0,0.0
t16:human_news_lenta_0016,human_news_lenta_0016,16,226.01851548418813,0.8944795321637427,0.7572815533980582,0.6869469026548672,11.894736842105264,0.42946468958104167,8,3.9473684210526314,0.2236842105263158,0.42946468958104167,0.09827579295847676,6.6371681415929205,0.0,65.74761399787911,72.1102863202545,0.0,0.0,0.0,0.0,0.0,0.0,0.0
t16:human_prose_taiga_arzamas_0050,human_prose_taiga_arzamas_0050,16,145.0279289256402,0.8509140148950575,0.7294429708222812,0.6618610747051114,16.955555555555556,0.7231329385360367,11,6.666666666666667,0.08888888888888889,0.7231329385360367,0.09136419068632108,9.174311926605505,2.6212319790301444,26.899798251513115,18.83116883116883,0.0,0.0,0.0,0.0,0.0,0.0,0.0006493506493506773
t16:human_prose_taiga_arzamas_0051,human_prose_taiga_arzamas_0051,16,185.23459923451782,0.8658554044380815,0.6909090909090909,0.6846473029045643,15.221052631578948,0.5133164724857383,11,0.0,0.05263157894736842,0.5133164724857383,0.09202881619383702,4.840940525587828,0.0,77.6566757493188,9.536784741144414,0.0,0.0,0.0,0.0,0.0,0.0,0.0
t16:human_prose_taiga_magazines_0048,human_prose_taiga_magazines_0048,16,168.78274537198743,0.8571980963712077,0.6918238993710691,0.624743476986221,11.641638225255972,0.9308382926647503,13,15.824915824915825,0.12457912457912458,0.9308382926647503,0.09287686221578888,5.570214013485781,9.674582233948989,53.6420101637493,1.693958215697346,0.0,0.0,0.0,0.0,0.0,0.0,0.02202145680406553
t16:human_prose_taiga_magazines_0053,human_prose_taiga_magazines_0053,16,222.33351389756092,0.836517719568567,0.8508771929824561,0.6346704871060171,26.846153846153847,1.1864556935121444,16,23.076923076923077,0.07692307692307693,1.1864556935121444,0.05950308061997921,8.595988538681949,4.2979942693409745,47.42547425474255,1.3550135501355014,0.0,0.0,0.0,0.0,0.0,0.0,0.0027100271002710175
t16:human_prose_taiga_proza_0034,human_prose_taiga_proza_0034,16,114.79908464325605,0.8418813314037626,0.6771428571428572,0.5797297297297297,12.758620689655173,0.5497888308363714,9,7.042253521126761,0.028169014084507043,0.5497888308363714,0.07942888697304888,1.3513513513513513,4.054054054054054,45.87155963302752,0.0,0.0,0.0,0.0,0.0,0.0,0.0,0.0
t16:human_prose_taiga_proza_0056,human_prose_taiga_proza_0056,16,183.24963511639788,0.8667554076539101,0.7671232876712328,0.6306954436450839,15.444444444444445,0.620705315976183,12,2.4390243902439024,0.0975609756097561,0.620705315976183,0.09346051735023952,5.595523581135092,0.7993605115907274,28.74902874902875,0.777000777000777,0.0,0.0,0.0,0.0,0.0,0.0,0.0
t16:human_science_cyberleninka_0026,human_science_cyberleninka_0026,16,185.322434412762,0.8838939119951779,0.6469104665825978,0.7037470725995316,16.91089108910891,0.9590970383263007,17,1.9801980198019802,0.22772277227722773,0.9590970383263007,0.08035841285855816,4.098360655737705,0.0,46.98972099853157,58.720930232558146,0.0,0.0,0.0,0.0,0.0,0.0,0.010465116279069764
t16:human_science_cyberleninka_0031,human_science_cyberleninka_0031,16,102.0006657825075,0.8207965367965367,0.5851528384279476,0.7126245847176079,13.52808988764045,0.6809724868052054,15,13.48314606741573,0.0898876404494382,0.6809724868052054,0.10435175256454249,6.644518272425249,0.0,13.953488372093023,75.08305647840533,0.0,0.0,0.0,0.0,0.0,0.0,0.2019933554817276
t16:human_science_cyberleninka_0032,human_science_cyberleninka_0032,16,81.72065883879678,0.8141681260945709,0.5566502463054187,0.6104114189756508,26.466666666666665,0.4336941417374494,13,0.0,0.10638297872340426,0.4336941417374494,0.09063809028098431,2.5188916876574305,0.0,21.885521885521886,103.53535353535354,0.0,0.0,0.0,0.0,0.0,0.0,0.021043771043771087
t16:human_science_cyberleninka_0053,human_science_cyberleninka_0053,16,71.65622640297343,0.7861817168338908,0.6270270270270271,0.5757492438823206,16.68348623853211,0.6989278027965528,13,3.2110091743119265,0.22477064220183487,0.6989278027965528,0.1364963555745346,3.5743744844652188,0.0,49.52627045650301,241.3867355727821,0.0,0.0,0.0,7.321274763135229,0.0,0.0,0.241817398794143
t16:human_science_spbgu_0024,human_science_spbgu_0024,16,153.17593378423138,0.8525125628140703,0.6651665166516652,0.653968253968254,11.524390243902438,0.8007007669909054,12,5.241935483870968,0.22983870967741934,0.8007007669909054,0.09186534631412598,2.821869488536155,2.1164021164021163,59.10895456550507,52.95735900962861,0.0,0.0,0.0,0.0,0.0,0.0,0.03266850068775795
t16:human_science_urfu_0028,human_science_urfu_0028,16,91.71258991684564,0.807177233730906,0.5411670663469225,0.7671913835956918,20.200836820083683,0.786897110635506,15,0.41841004184100417,0.27615062761506276,0.786897110635506,0.10834760501518453,8.285004142502071,0.0,29.249335242380855,14.11331560646349,0.0,0.0,0.0,0.8181632235631008,0.0,0.0,0.0034771937001432107
t16:human_seo_alaev_0004,human_seo_alaev_0004,16,138.39751313214123,0.8504844606946983,0.6821345707656613,0.5815824765310684,13.557575757575757,0.595189540628276,12,12.121212121212121,0.10909090909090909,0.595189540628276,0.08688501952002414,5.364327223960662,6.705409029950827,7.311827956989247,7.741935483870968,0.0,0.0,0.0,0.0,0.0,0.0,0.02709677419354839
t16:human_seo_convertmonster_0001,human_seo_convertmonster_0001,16,85.65891472868216,0.8033970276008492,0.6937269372693727,0.6557692307692308,13.68421052631579,0.4460023758935984,9,13.157894736842104,0.23684210526315788,0.4460023758935984,0.12256963201336332,5.769230769230769,0.0,8.196721311475411,40.98360655737705,0.0,0.0,0.0,0.0,0.0,0.0,0.2827868852459017
t16:human_seo_devaka_ru_0004,human_seo_devaka_ru_0004,16,140.98841876557483,0.8554514285714285,0.6705607476635514,0.6439393939393939,13.014084507042254,0.6466156326528126,10,21.12676056338028,0.14084507042253522,0.6466156326528126,0.10127001823339969,5.411255411255412,8.658008658008658,14.760147601476014,74.72324723247233,0.0,0.0,0.0,0.0,0.0,0.0,0.1439114391143912
t16:human_seo_drmax_0002,human_seo_drmax_0002,16,92.11411738826882,0.8154337899543379,0.5989085948158254,0.6267326732673267,12.317073170731707,0.6152126879665203,11,23.170731707317074,0.0975609756097561,0.6152126879665203,0.08736074355531445,3.9603960396039604,6.930693069306931,19.26691729323308,19.26691729323308,0.0,0.0,0.0,0.0,0.0,0.0,0.03900375939849621
t16:human_seo_drmax_su_0001,human_seo_drmax_su_0001,16,78.16451423220158,0.7866089693154996,0.6131528046421664,0.6598484848484848,9.635036496350365,0.7948094054336599,16,13.86861313868613,0.16058394160583941,0.7948094054336599,0.11135381732883712,1.5151515151515151,4.545454545454546,8.148148148148147,42.96296296296296,0.0,0.0,0.0,0.0,0.0,0.0,0.02370370370370367
t16:human_seo_labrika_0002,human_seo_labrika_0002,16,99.27748469898458,0.8245916114790286,0.6182795698924731,0.7095170454545454,11.733333333333333,0.6553171976666019,11,3.3333333333333335,0.25833333333333336,0.6553171976666019,0.11433388368920289,3.5511363636363638,1.4204545454545454,33.03303303303303,34.234234234234236,0.0,0.0,0.0,0.0,0.0,0.0,0.11531531531531536
t16:nemotron_b012_P1_r1,nemotron_b012_P1_r1,16,238.77271016938346,0.895615346287992,0.6393270241850684,0.6794747081712063,11.173913043478262,0.6043209221329847,10,4.3478260869565215,0.09239130434782608,0.6043209221329847,0.07791761561825829,7.2957198443579765,0.48638132295719844,28.57142857142857,29.523809523809522,0.0,0.0,0.0,28.095238095238095,0.0,0.0,0.023333333333333317
t16:nemotron_b015_P3_r2,nemotron_b015_P3_r2,16,267.76756283477545,0.8914560307544449,0.6815034619188922,0.7014084507042253,12.909090909090908,0.5120469685169506,10,29.09090909090909,0.09696969696969697,0.5120469685169506,0.08728992572700278,9.389671361502348,0.0,34.795042897998094,17.159199237368924,0.0,0.0,0.0,2.3832221163012393,0.0,0.0,0.007626310772163913
t16:nemotron_b016_P1_r1,nemotron_b016_P1_r1,16,207.6380825016813,0.8921161362367392,0.6383495145631068,0.7125,9.34010152284264,0.6503632274176187,10,12.182741116751268,0.1116751269035533,0.6503632274176187,0.08024689729909117,6.521739130434782,7.608695652173913,26.276648487853247,23.797719385225584,0.0,0.0,0.0,37.679722359940506,0.0,0.0,0.07783837382250869
t16:nemotron_b022_P3_r2,nemotron_b022_P3_r2,16,195.76977818832194,0.8742798070296347,0.6758321273516642,0.7326666666666667,11.538461538461538,0.6511660514253291,9,4.615384615384615,0.015384615384615385,0.6511660514253291,0.08247316647552792,7.333333333333333,0.0,15.645371577574968,25.423728813559322,0.0,0.0,0.0,14.99348109517601,0.0,0.0,0.0215123859191656
t16:nemotron_b028_P1_r2,nemotron_b028_P1_r2,16,198.16036593215753,0.8913594368675759,0.6376663254861822,0.7075796726959518,10.32,0.6603508753082332,11,19.11111111111111,0.12,0.6603508753082332,0.07750354391879498,6.890611541774333,5.167958656330749,16.813450760608486,40.43234587670136,0.0,0.0,0.0,22.41793434747798,0.0,0.0,0.0736589271417134
t16:nemotron_b033_P2_r2,nemotron_b033_P2_r2,16,549.3038947430421,0.9286942924159499,0.7540574282147315,0.7612951807228916,9.764705882352942,0.5432232294546947,9,1.4705882352941178,0.014705882352941176,0.5432232294546947,0.062346927280073135,9.036144578313253,2.2590361445783134,20.84884586746091,25.31645569620253,0.0,0.0,0.0,34.99627699180938,0.0,0.0,0.017870439314966458
t16:nemotron_b038_P1_r2,nemotron_b038_P1_r2,16,214.37205728375045,0.8810343434343434,0.6430622009569378,0.7305863708399366,10.136546184738956,0.5932208358056191,10,12.048192771084338,0.06827309236947791,0.5932208358056191,0.0705240622952322,13.074484944532488,0.7923930269413629,21.588280647648418,18.118735543562064,0.0,0.0,0.0,32.38242097147263,0.0,0.0,0.016576715497301442
t16:real_claude_b015_P2_r1,real_claude_b015_P2_r1,16,233.85679941303886,0.8951919191919191,0.6322008862629247,0.7073011734028684,11.447761194029852,0.626311916007619,9,11.940298507462687,0.029850746268656716,0.626311916007619,0.07269456721935484,8.474576271186441,1.955671447196871,5.257009345794392,2.9205607476635516,0.0,0.0,0.0,18.10747663551402,0.0,0.0,0.10338785046728971
t16:real_claude_b018_P3_r2,real_claude_b018_P3_r2,16,178.88203303537853,0.8803939393939393,0.6262626262626263,0.6851716581446311,14.260416666666666,0.5064136952904733,9,0.0,0.0625,0.5064136952904733,0.07243351999850496,5.843681519357195,0.0,2.8228652081863093,0.0,0.0,0.0,0.0,7.057163020465773,0.0,0.0,0.016231474947071223
t16:real_claude_b024_P1_r2,real_claude_b024_P1_r2,16,196.38626519867046,0.8788025659301497,0.6081967213114754,0.7107438016528925,10.371428571428572,0.6858270715442876,10,4.285714285714286,0.05,0.6858270715442876,0.07410489462138571,5.509641873278237,0.0,2.612671456564337,4.5721750489875905,0.0,0.0,0.0,26.779882429784458,0.0,0.0,0.01894186806009146
t16:real_claude_b025_P2_r1,real_claude_b025_P2_r1,16,172.14147741652997,0.874479465138491,0.6058700209643606,0.6897810218978102,11.536842105263158,0.6102733760643841,11,5.2631578947368425,0.042105263157894736,0.6102733760643841,0.07909869695924458,16.423357664233578,2.7372262773722627,2.094972067039106,0.6983240223463687,0.0,0.0,0.0,18.156424581005588,0.0,0.0,0.21648044692737434
t16:real_claude_b034_P2_r2,real_claude_b034_P2_r2,16,236.78941915595186,0.9026728110599078,0.6288998357963875,0.7128053293856402,13.116504854368932,0.6273559235608505,9,17.475728155339805,0.05825242718446602,0.6273559235608505,0.08120939161935554,11.102886750555145,2.220577350111029,1.8028846153846154,3.004807692307692,0.0,0.0,0.0,13.221153846153845,0.0,0.0,0.17007211538461542
t16:real_claude_b040_P3_r2,real_claude_b040_P3_r2,16,198.10786634976296,0.8806533864541833,0.657672849915683,0.6702453987730062,13.443298969072165,0.5622180702152093,12,3.0927835051546393,0.0,0.5622180702152093,0.07315175409797749,10.736196319018404,0.0,2.9197080291970803,0.0,0.0,0.0,0.0,9.489051094890511,0.0,0.0,0.021897810218978075
t16:real_claude_b042_P3_r2,real_claude_b042_P3_r2,16,176.70709425199306,0.8673302469135802,0.67430441898527,0.6609665427509294,16.011904761904763,0.6014988198449313,13,3.5714285714285716,0.047619047619047616,0.6014988198449313,0.058827699631106296,11.152416356877323,0.0,2.1598272138228944,5.759539236861051,0.0,0.0,0.0,5.759539236861051,0.0,0.0,0.016558675305975545
t16:real_claude_b045_P3_r1,real_claude_b045_P3_r1,16,224.77058428043745,0.8848303393213574,0.6432748538011696,0.6900773195876289,13.264957264957266,0.6293604147449869,9,2.5641025641025643,0.05982905982905983,0.6293604147449869,0.06971025968067388,5.798969072164948,0.0,14.860681114551083,0.0,0.0,0.0,0.0,14.860681114551085,0.0,0.0,0.019195046439628438
