split,model,estimand,group,n,fpr,fpr_ci_low,fpr_ci_high,delta,delta_ci_low,delta_ci_high,note
holdout_author,main,full,весь человеческий тест,523,0.040152963671128104,0.013846153846153847,0.07932692307692307,,,,
holdout_author,main,full,HH-formal-register,167,0.059880239520958084,0.009478672985781991,0.21212121212121213,0.028981363116463703,-0.032059837615393175,0.1838272866632601,
holdout_author,main,full,HH-polished,180,0.03888888888888889,0.0,0.1,-0.0019274376417233521,-0.072992700729927,0.06763754045307444,
holdout_author,main,full,HH-translation,73,0.0410958904109589,0.0,0.0958904109589041,0.001095890410958901,-0.060864553314121043,0.058399423215573176,
holdout_author,main,full,genre=news,180,0.03888888888888889,0.0,0.1,-0.0019274376417233521,-0.072992700729927,0.06763754045307444,
holdout_author,main,full,genre=prose,76,0.0,0.0,0.0,-0.04697986577181208,-0.09259259259259259,-0.018518518518518517,
holdout_author,main,full,genre=science,167,0.059880239520958084,0.009478672985781991,0.21212121212121213,0.028981363116463703,-0.032059837615393175,0.1838272866632601,
holdout_author,main,full,genre=seo,27,0.037037037037037035,0.0,0.17647058823529413,-0.0032855436081242542,-0.06921241050119331,0.27991096271563715,
holdout_author,main,full,genre=translation,73,0.0410958904109589,0.0,0.0958904109589041,0.001095890410958901,-0.060864553314121043,0.058399423215573176,
holdout_author,main,full,hh_all,420,0.047619047619047616,0.016363636363636365,0.09642857142857143,0.03791030975496995,-0.037037037037037035,0.0893970893970894,
holdout_author,main,full,len_long,177,0.03389830508474576,0.004048582995951417,0.13095238095238096,-0.0094542960713236,-0.05144259667401323,0.08071895424836602,
holdout_author,main,full,len_mid,143,0.04895104895104895,0.010810810810810811,0.11702127659574468,0.01210894368789106,-0.03332520218415176,0.08023715415019764,
holdout_author,main,full,len_short,203,0.03940886699507389,0.0,0.08,-0.0012161330049261093,-0.08007997474481743,0.050452034153691615,
holdout_author,main,full,source=buriy_2014,60,0.016666666666666666,0.016666666666666666,0.016666666666666666,-0.026529877609791214,-0.07110762800417973,0.0016572858036272668,
holdout_author,main,full,source=cyberleninka,60,0.16666666666666666,0.041666666666666664,0.27848101265822783,0.14290856731461482,0.0106359158083296,0.26077227975962153,
holdout_author,main,full,source=gazeta,60,0.0,0.0,0.0,-0.04535637149028078,-0.08883248730964467,-0.017766497461928935,
holdout_author,main,full,source=labrika,4,0.0,0.0,0.0,-0.04046242774566474,-0.07954545454545454,-0.01524390243902439,малая выборка
holdout_author,main,full,source=lenta,60,0.1,0.1,0.1,0.0676025917926566,0.023076923076923078,0.08823529411764706,
holdout_author,main,full,source=madcats,3,0.3333333333333333,0.3333333333333333,0.3333333333333333,0.2948717948717948,0.2568306010928961,0.3201754385964912,малая выборка
holdout_author,main,full,source=madcats_ru,8,0.0,0.0,0.0,-0.040776699029126215,-0.08097165991902834,-0.01529051987767584,малая выборка
holdout_author,main,full,source=rusltc,73,0.0410958904109589,0.0,0.0958904109589041,0.001095890410958901,-0.060864553314121043,0.058399423215573176,
holdout_author,main,full,source=seopulses,12,0.0,0.0,0.0,-0.0410958904109589,-0.08270676691729323,-0.014705882352941176,малая выборка
holdout_author,main,full,source=spbgu,59,0.0,0.0,0.0,-0.04525862068965517,-0.08780487804878048,-0.01782178217821782,
holdout_author,main,full,source=taiga_arzamas,4,0.0,0.0,0.0,-0.04046242774566474,-0.08132530120481928,-0.0149812734082397,малая выборка
holdout_author,main,full,source=taiga_magazines,60,0.0,0.0,0.0,-0.04535637149028078,-0.08839779005524862,-0.017897091722595078,
holdout_author,main,full,source=taiga_proza,12,0.0,0.0,0.0,-0.0410958904109589,-0.08221476510067115,-0.015544041450777202,малая выборка
holdout_author,main,full,source=urfu,48,0.0,0.0,0.0,-0.04421052631578947,-0.0877742946708464,-0.016666666666666666,
holdout_author,main,net,весь человеческий тест,523,0.06118546845124283,0.03483870967741935,0.1078838174273859,,,,
holdout_author,main,net,HH-formal-register,167,0.07784431137724551,0.01910828025477707,0.2597402597402597,0.02447352486039158,-0.04460197606233432,0.20662525879917185,
holdout_author,main,net,HH-polished,180,0.044444444444444446,0.016666666666666666,0.06666666666666667,-0.02552640103660512,-0.09953379953379954,0.019658119658119658,
holdout_author,main,net,HH-translation,73,0.0821917808219178,0.0273972602739726,0.1506849315068493,0.02441400304414003,-0.05648785717230858,0.09920745920745921,
holdout_author,main,net,genre=news,180,0.044444444444444446,0.016666666666666666,0.06666666666666667,-0.02552640103660512,-0.09953379953379954,0.019658119658119658,
holdout_author,main,net,genre=prose,76,0.02631578947368421,0.0,0.08333333333333333,-0.040798304486047335,-0.10186976144422953,0.028388278388278385,
holdout_author,main,net,genre=science,167,0.07784431137724551,0.01910828025477707,0.2597402597402597,0.02447352486039158,-0.04460197606233432,0.20662525879917185,
holdout_author,main,net,genre=seo,27,0.1111111111111111,0.0,0.4117647058823529,0.05264336917562724,-0.07317073170731707,0.5939393939393939,
holdout_author,main,net,genre=translation,73,0.0821917808219178,0.0273972602739726,0.1506849315068493,0.02441400304414003,-0.05648785717230858,0.09920745920745921,
holdout_author,main,net,hh_all,420,0.06428571428571428,0.03355704697986577,0.12158808933002481,0.01574202496532593,-0.14039408866995073,0.08442186744073538,
holdout_author,main,net,len_long,177,0.04519774011299435,0.01056338028169014,0.15789473684210525,-0.024166421736716626,-0.06879310344827586,0.082010582010582,
holdout_author,main,net,len_mid,143,0.07692307692307693,0.031746031746031744,0.15555555555555556,0.021659919028340087,-0.026937877954920288,0.0905437352245863,
holdout_author,main,net,len_short,203,0.06403940886699508,0.037037037037037035,0.09166666666666666,0.004664408866995082,-0.07222222222222222,0.047347089167280774,
holdout_author,main,net,source=buriy_2014,60,0.016666666666666666,0.016666666666666666,0.016666666666666666,-0.05028797696184306,-0.10148895292987513,-0.022108843537414966,
holdout_author,main,net,source=cyberleninka,60,0.21666666666666667,0.08695652173913043,0.3188405797101449,0.1756299496040317,0.04073525975543267,0.281575077610152,
holdout_author,main,net,source=gazeta,60,0.05,0.05,0.05,-0.012634989200863922,-0.0646067415730337,0.015460526315789473,
holdout_author,main,net,source=labrika,4,0.0,0.0,0.0,-0.06165703275529865,-0.10955710955710955,-0.036281179138321996,малая выборка
holdout_author,main,net,source=lenta,60,0.06666666666666667,0.06666666666666667,0.06666666666666667,0.006191504679625627,-0.04864524259609326,0.03415892672858617,
holdout_author,main,net,source=madcats,3,0.6666666666666666,0.6666666666666666,0.6666666666666666,0.6089743589743589,0.563392107472712,0.6342123056118999,малая выборка
holdout_author,main,net,source=madcats_ru,8,0.125,0.125,0.125,0.06480582524271844,0.016986062717770034,0.09051724137931035,малая выборка
holdout_author,main,net,source=rusltc,73,0.0821917808219178,0.0273972602739726,0.1506849315068493,0.02441400304414003,-0.05648785717230858,0.09920745920745921,
holdout_author,main,net,source=seopulses,12,0.0,0.0,0.0,-0.06262230919765166,-0.11264367816091954,-0.03626943005181347,малая выборка
holdout_author,main,net,source=spbgu,59,0.0,0.0,0.0,-0.06896551724137931,-0.12056737588652482,-0.04111111111111111,
holdout_author,main,net,source=taiga_arzamas,4,0.0,0.0,0.0,-0.06165703275529865,-0.11,-0.035961272475795295,малая выборка
holdout_author,main,net,source=taiga_magazines,60,0.016666666666666666,0.016666666666666666,0.016666666666666666,-0.05028797696184306,-0.10346320346320347,-0.022311827956989248,
holdout_author,main,net,source=taiga_proza,12,0.08333333333333333,0.08333333333333333,0.08333333333333333,0.022667971298108283,-0.02593032462391133,0.04859841560024375,малая выборка
holdout_author,main,net,source=urfu,48,0.0,0.0,0.0,-0.06736842105263158,-0.11788617886178862,-0.03924646781789639,
holdout_author,format-only,full,весь человеческий тест,523,0.01338432122370937,0.004073319755600814,0.029556650246305417,,,,
holdout_author,format-only,full,HH-formal-register,167,0.03592814371257485,0.012448132780082987,0.10714285714285714,0.033119154948529905,0.0069103369503141065,0.10919854280510019,
holdout_author,format-only,full,HH-polished,180,0.0,0.0,0.0,-0.02040816326530612,-0.04405286343612335,-0.00641025641025641,
holdout_author,format-only,full,HH-translation,73,0.0136986301369863,0.0,0.0410958904109589,0.0003652968036529664,-0.028391167192429023,0.034203980099502485,
holdout_author,format-only,full,genre=news,180,0.0,0.0,0.0,-0.02040816326530612,-0.04405286343612335,-0.00641025641025641,
holdout_author,format-only,full,genre=prose,76,0.0,0.0,0.0,-0.015659955257270694,-0.03591160220994475,-0.004796163069544364,
holdout_author,format-only,full,genre=science,167,0.03592814371257485,0.012448132780082987,0.10714285714285714,0.033119154948529905,0.0069103369503141065,0.10919854280510019,
holdout_author,format-only,full,genre=seo,27,0.0,0.0,0.0,-0.014112903225806451,-0.032679738562091505,-0.00425531914893617,
holdout_author,format-only,full,genre=translation,73,0.0136986301369863,0.0,0.0410958904109589,0.0003652968036529664,-0.028391167192429023,0.034203980099502485,
holdout_author,format-only,full,hh_all,420,0.016666666666666666,0.005050505050505051,0.039285714285714285,0.016666666666666666,0.005136986301369863,0.0392156862745098,
holdout_author,format-only,full,len_long,177,0.022598870056497175,0.004878048780487805,0.07272727272727272,0.013928349825283303,-0.008350730688935281,0.0603494623655914,
holdout_author,format-only,full,len_mid,143,0.02097902097902098,0.0,0.056179775280898875,0.010452705189547296,-0.011505829213208814,0.04139409394980966,
holdout_author,format-only,full,len_short,203,0.0,0.0,0.0,-0.021875,-0.049773755656108594,-0.007017543859649123,
holdout_author,format-only,full,source=buriy_2014,60,0.0,0.0,0.0,-0.01511879049676026,-0.03389830508474576,-0.004555808656036446,
holdout_author,format-only,full,source=cyberleninka,60,0.06666666666666667,0.0,0.17391304347826086,0.06018718502519799,-0.005970149253731343,0.16819875776397514,
holdout_author,format-only,full,source=gazeta,60,0.0,0.0,0.0,-0.01511879049676026,-0.033783783783783786,-0.004694835680751174,
holdout_author,format-only,full,source=labrika,4,0.0,0.0,0.0,-0.01348747591522158,-0.030837004405286344,-0.004081632653061225,малая выборка
holdout_author,format-only,full,source=lenta,60,0.0,0.0,0.0,-0.01511879049676026,-0.03345070422535211,-0.004662004662004662,
holdout_author,format-only,full,source=madcats,3,0.0,0.0,0.0,-0.013461538461538462,-0.03081232492997199,-0.004123711340206186,малая выборка
holdout_author,format-only,full,source=madcats_ru,8,0.0,0.0,0.0,-0.013592233009708738,-0.03064066852367688,-0.003913894324853229,малая выборка
holdout_author,format-only,full,source=rusltc,73,0.0136986301369863,0.0,0.0410958904109589,0.0003652968036529664,-0.028391167192429023,0.034203980099502485,
holdout_author,format-only,full,source=seopulses,12,0.0,0.0,0.0,-0.0136986301369863,-0.031609195402298854,-0.004132231404958678,малая выборка
holdout_author,format-only,full,source=spbgu,59,0.01694915254237288,0.01694915254237288,0.01694915254237288,0.004018118059614261,-0.014965741074648393,0.014411081476383033,
holdout_author,format-only,full,source=taiga_arzamas,4,0.0,0.0,0.0,-0.01348747591522158,-0.031088082901554404,-0.00404040404040404,малая выборка
holdout_author,format-only,full,source=taiga_magazines,60,0.0,0.0,0.0,-0.01511879049676026,-0.033707865168539325,-0.004457652303120356,
holdout_author,format-only,full,source=taiga_proza,12,0.0,0.0,0.0,-0.0136986301369863,-0.03110047846889952,-0.004166666666666667,малая выборка
holdout_author,format-only,full,source=urfu,48,0.020833333333333332,0.020833333333333332,0.020833333333333332,0.008201754385964911,-0.010745614035087721,0.018184326710816774,
holdout_author,length-only,full,весь человеческий тест,523,0.6673040152963671,0.48428571428571426,0.8435374149659864,,,,
holdout_author,length-only,full,HH-formal-register,167,0.31137724550898205,0.24567474048442905,0.5166666666666667,-0.5228924174123663,-0.6666943521594684,-0.2612028605237434,
holdout_author,length-only,full,HH-polished,180,0.9666666666666667,0.9166666666666666,1.0,0.4564625850340136,0.2614321608040201,0.5690166305133766,
holdout_author,length-only,full,HH-translation,73,0.9452054794520548,0.8904109589041096,0.9863013698630136,0.32298325722983257,0.1156960448458424,0.5579607398304818,
holdout_author,length-only,full,genre=news,180,0.9666666666666667,0.9166666666666666,1.0,0.4564625850340136,0.2614321608040201,0.5690166305133766,
holdout_author,length-only,full,genre=prose,76,0.5131578947368421,0.45,0.8333333333333334,-0.18035440951371717,-0.39415824105280056,0.2351392024078255,
holdout_author,length-only,full,genre=science,167,0.31137724550898205,0.24567474048442905,0.5166666666666667,-0.5228924174123663,-0.6666943521594684,-0.2612028605237434,
holdout_author,length-only,full,genre=seo,27,0.5555555555555556,0.5,0.6363636363636364,-0.11783154121863793,-0.3168859649122807,0.09840323201231238,
holdout_author,length-only,full,genre=translation,73,0.9452054794520548,0.8904109589041096,0.9863013698630136,0.32298325722983257,0.1156960448458424,0.5579607398304818,
holdout_author,length-only,full,hh_all,420,0.7023809523809523,0.4762979683972912,0.89501312335958,0.17810910772075816,-0.1253541428500422,0.39315377035333865,
holdout_author,length-only,full,len_long,177,0.1807909604519774,0.1346704871060172,0.2823529411764706,-0.7353940106462885,-0.7946533854651523,-0.6127817686400793,
holdout_author,length-only,full,len_mid,143,0.8251748251748252,0.7419354838709677,0.8940397350993378,0.21728008833271995,0.005721449737861817,0.4076476613178559,
holdout_author,length-only,full,len_short,203,0.9802955665024631,0.9291338582677166,1.0,0.5115455665024631,0.3139784946236559,0.6265344753265738,
holdout_author,length-only,full,source=buriy_2014,60,0.9166666666666666,0.9166666666666666,0.9166666666666666,0.2816774658027358,0.08600973236009724,0.45478325859491775,
holdout_author,length-only,full,source=cyberleninka,60,0.4666666666666667,0.33962264150943394,0.5869565217391305,-0.22663786897048233,-0.4802152579930358,0.014404707320800791,
holdout_author,length-only,full,source=gazeta,60,1.0,1.0,1.0,0.3758099352051836,0.19012345679012344,0.5448916408668731,
holdout_author,length-only,full,source=labrika,4,0.5,0.5,0.5,-0.16859344894026973,-0.34957627118644063,0.011560693641618491,малая выборка
holdout_author,length-only,full,source=lenta,60,0.9833333333333333,0.9833333333333333,0.9833333333333333,0.35698344132469395,0.1681159420289855,0.5211656441717791,
holdout_author,length-only,full,source=madcats,3,0.6666666666666666,0.6666666666666666,0.6666666666666666,-0.0006410256410256387,-0.18106060606060614,0.1833333333333333,малая выборка
holdout_author,length-only,full,source=madcats_ru,8,0.625,0.625,0.625,-0.04296116504854364,-0.22011784511784516,0.13967710371819964,малая выборка
holdout_author,length-only,full,source=rusltc,73,0.9452054794520548,0.8904109589041096,0.9863013698630136,0.32298325722983257,0.1156960448458424,0.5579607398304818,
holdout_author,length-only,full,source=seopulses,12,0.5,0.5,0.5,-0.17123287671232879,-0.35387323943661975,0.01215277777777779,малая выборка
holdout_author,length-only,full,source=spbgu,59,0.2542372881355932,0.2542372881355932,0.2542372881355932,-0.46559029807130337,-0.6204615070451297,-0.2764486324420241,
holdout_author,length-only,full,source=taiga_arzamas,4,0.5,0.5,0.5,-0.16859344894026973,-0.35074626865671643,0.016746411483253565,малая выборка
holdout_author,length-only,full,source=taiga_magazines,60,0.45,0.45,0.45,-0.2454643628509719,-0.4255074424898511,-0.04242424242424242,
holdout_author,length-only,full,source=taiga_proza,12,0.8333333333333334,0.8333333333333334,0.8333333333333334,0.16992824527071104,-0.011241446725317683,0.3561215370866846,малая выборка
holdout_author,length-only,full,source=urfu,48,0.1875,0.1875,0.1875,-0.5282894736842105,-0.6851851851851852,-0.35290404040404044,
holdout_genre_analytics,main,full,весь человеческий тест,420,0.047619047619047616,0.009884678747940691,0.09929078014184398,,,,
holdout_genre_analytics,main,full,HH-formal-register,167,0.04790419161676647,0.004901960784313725,0.17105263157894737,0.0004733615772407815,-0.07587998605962677,0.13657407407407407,
holdout_genre_analytics,main,full,HH-polished,180,0.06111111111111111,0.0,0.16666666666666666,0.02361111111111111,-0.07220216606498195,0.14227642276422764,
holdout_genre_analytics,main,full,HH-translation,73,0.0136986301369863,0.0,0.0410958904109589,-0.04105641309067941,-0.11429308565531475,0.015144230769230771,
holdout_genre_analytics,main,full,genre=news,180,0.06111111111111111,0.0,0.16666666666666666,0.02361111111111111,-0.07220216606498195,0.14227642276422764,
holdout_genre_analytics,main,full,genre=science,167,0.04790419161676647,0.004901960784313725,0.17105263157894737,0.0004733615772407815,-0.07587998605962677,0.13657407407407407,
holdout_genre_analytics,main,full,genre=translation,73,0.0136986301369863,0.0,0.0410958904109589,-0.04105641309067941,-0.11429308565531475,0.015144230769230771,
holdout_genre_analytics,main,full,hh_all,420,0.047619047619047616,0.009884678747940691,0.09929078014184398,,,,
holdout_genre_analytics,main,full,len_long,139,0.03597122302158273,0.0,0.1794871794871795,-0.017409559896566736,-0.08238950525821258,0.12678571428571428,
holdout_genre_analytics,main,full,len_mid,104,0.028846153846153848,0.0,0.0847457627118644,-0.024951314508276534,-0.09230769230769231,0.04651647893199833,
holdout_genre_analytics,main,full,len_short,177,0.06779661016949153,0.0,0.14035087719298245,0.034874799469903045,-0.06826086956521739,0.116005291005291,
holdout_genre_analytics,main,full,source=buriy_2014,60,0.016666666666666666,0.016666666666666666,0.016666666666666666,-0.03611111111111111,-0.09217687074829932,0.00673289183222958,
holdout_genre_analytics,main,full,source=cyberleninka,60,0.13333333333333333,0.022727272727272728,0.2236842105263158,0.1,-0.025021872265966753,0.2019945909398242,
holdout_genre_analytics,main,full,source=gazeta,60,0.0,0.0,0.0,-0.05555555555555555,-0.1111111111111111,-0.012658227848101266,
holdout_genre_analytics,main,full,source=lenta,60,0.16666666666666666,0.16666666666666666,0.16666666666666666,0.1388888888888889,0.09455128205128205,0.1603641456582633,
holdout_genre_analytics,main,full,source=rusltc,73,0.0136986301369863,0.0,0.0410958904109589,-0.04105641309067941,-0.11429308565531475,0.015144230769230771,
holdout_genre_analytics,main,full,source=spbgu,59,0.0,0.0,0.0,-0.055401662049861494,-0.10919540229885058,-0.011976047904191617,
holdout_genre_analytics,main,full,source=urfu,48,0.0,0.0,0.0,-0.053763440860215055,-0.11055276381909548,-0.012285012285012284,
holdout_genre_analytics,main,net,весь человеческий тест,420,0.0880952380952381,0.05507246376811594,0.1482758620689655,,,,
holdout_genre_analytics,main,net,HH-formal-register,167,0.10179640718562874,0.0392156862745098,0.2835820895522388,0.022745023786419252,-0.05541401273885351,0.21010680695042244,
holdout_genre_analytics,main,net,HH-polished,180,0.06666666666666667,0.03333333333333333,0.08333333333333333,-0.037500000000000006,-0.13989501312335959,0.022108843537414963,
holdout_genre_analytics,main,net,HH-translation,73,0.1095890410958904,0.0410958904109589,0.1917808219178082,0.02601555406419012,-0.07576742506319971,0.11012703524780819,
holdout_genre_analytics,main,net,genre=news,180,0.06666666666666667,0.03333333333333333,0.08333333333333333,-0.037500000000000006,-0.13989501312335959,0.022108843537414963,
holdout_genre_analytics,main,net,genre=science,167,0.10179640718562874,0.0392156862745098,0.2835820895522388,0.022745023786419252,-0.05541401273885351,0.21010680695042244,
holdout_genre_analytics,main,net,genre=translation,73,0.1095890410958904,0.0410958904109589,0.1917808219178082,0.02601555406419012,-0.07576742506319971,0.11012703524780819,
holdout_genre_analytics,main,net,hh_all,420,0.0880952380952381,0.05507246376811594,0.1482758620689655,,,,
holdout_genre_analytics,main,net,len_long,139,0.07194244604316546,0.031914893617021274,0.22,-0.02414296320950357,-0.07880020335536349,0.10653665583243048,
holdout_genre_analytics,main,net,len_mid,104,0.08653846153846154,0.03431372549019608,0.18181818181818182,-0.002069133398247325,-0.058554190907132084,0.07974910394265233,
holdout_genre_analytics,main,net,len_short,177,0.1016949152542373,0.06437768240343347,0.1568627450980392,0.023505614842714656,-0.05468066491688539,0.08166079362647463,
holdout_genre_analytics,main,net,source=buriy_2014,60,0.03333333333333333,0.03333333333333333,0.03333333333333333,-0.06388888888888888,-0.13333333333333333,-0.027272727272727275,
holdout_genre_analytics,main,net,source=cyberleninka,60,0.23333333333333334,0.08333333333333333,0.3561643835616438,0.16944444444444445,0.015050167224080264,0.30035742035742036,
holdout_genre_analytics,main,net,source=gazeta,60,0.08333333333333333,0.08333333333333333,0.08333333333333333,-0.005555555555555564,-0.07938856015779093,0.0312971342383107,
holdout_genre_analytics,main,net,source=lenta,60,0.08333333333333333,0.08333333333333333,0.08333333333333333,-0.005555555555555564,-0.07508250825082509,0.030977312390924952,
holdout_genre_analytics,main,net,source=rusltc,73,0.1095890410958904,0.0410958904109589,0.1917808219178082,0.02601555406419012,-0.07576742506319971,0.11012703524780819,
holdout_genre_analytics,main,net,source=spbgu,59,0.01694915254237288,0.01694915254237288,0.01694915254237288,-0.08277383914737782,-0.15028634233817317,-0.047650330661761484,
holdout_genre_analytics,main,net,source=urfu,48,0.041666666666666664,0.041666666666666664,0.041666666666666664,-0.05241935483870968,-0.12251243781094528,-0.015960451977401133,
holdout_genre_analytics,format-only,full,весь человеческий тест,420,0.01904761904761905,0.005649717514124294,0.041935483870967745,,,,
holdout_genre_analytics,format-only,full,HH-formal-register,167,0.041916167664670656,0.015873015873015872,0.10909090909090909,0.037963598494710184,0.006469807564698074,0.10383727127376088,
holdout_genre_analytics,format-only,full,HH-polished,180,0.0,0.0,0.0,-0.03333333333333333,-0.06358381502890173,-0.0125,
holdout_genre_analytics,format-only,full,HH-translation,73,0.0136986301369863,0.0,0.0410958904109589,-0.006474280525837907,-0.04504504504504504,0.029530874816327993,
holdout_genre_analytics,format-only,full,genre=news,180,0.0,0.0,0.0,-0.03333333333333333,-0.06358381502890173,-0.0125,
holdout_genre_analytics,format-only,full,genre=science,167,0.041916167664670656,0.015873015873015872,0.10909090909090909,0.037963598494710184,0.006469807564698074,0.10383727127376088,
holdout_genre_analytics,format-only,full,genre=translation,73,0.0136986301369863,0.0,0.0410958904109589,-0.006474280525837907,-0.04504504504504504,0.029530874816327993,
holdout_genre_analytics,format-only,full,hh_all,420,0.01904761904761905,0.005649717514124294,0.041935483870967745,,,,
holdout_genre_analytics,format-only,full,len_long,139,0.03597122302158273,0.014598540145985401,0.10256410256410256,0.02529506643795284,-0.0035714285714285713,0.0975263191887877,
holdout_genre_analytics,format-only,full,len_mid,104,0.028846153846153848,0.0,0.07446808510638298,0.013023369036027264,-0.013814616755793225,0.05383795309168443,
holdout_genre_analytics,format-only,full,len_short,177,0.0,0.0,0.0,-0.03292181069958848,-0.06787330316742081,-0.011560693641618497,
holdout_genre_analytics,format-only,full,source=buriy_2014,60,0.0,0.0,0.0,-0.022222222222222223,-0.04918032786885246,-0.006896551724137931,
holdout_genre_analytics,format-only,full,source=cyberleninka,60,0.06666666666666667,0.0,0.17391304347826086,0.05555555555555555,-0.011428571428571429,0.1598190045248869,
holdout_genre_analytics,format-only,full,source=gazeta,60,0.0,0.0,0.0,-0.022222222222222223,-0.04905660377358491,-0.006944444444444444,
holdout_genre_analytics,format-only,full,source=lenta,60,0.0,0.0,0.0,-0.022222222222222223,-0.04591836734693878,-0.007194244604316547,
holdout_genre_analytics,format-only,full,source=rusltc,73,0.0136986301369863,0.0,0.0410958904109589,-0.006474280525837907,-0.04504504504504504,0.029530874816327993,
holdout_genre_analytics,format-only,full,source=spbgu,59,0.03389830508474576,0.03389830508474576,0.03389830508474576,0.017277806469787313,-0.009112447603426284,0.030007254501088175,
holdout_genre_analytics,format-only,full,source=urfu,48,0.020833333333333332,0.020833333333333332,0.020833333333333332,0.0020161290322580627,-0.024279448621553883,0.016801075268817203,
holdout_genre_analytics,length-only,full,весь человеческий тест,420,0.6190476190476191,0.34012219959266804,0.8558139534883721,,,,
holdout_genre_analytics,length-only,full,HH-formal-register,167,0.15568862275449102,0.07630522088353414,0.3977272727272727,-0.76921256301626,-0.8626512806079369,-0.5117152961980549,
holdout_genre_analytics,length-only,full,HH-polished,180,0.95,0.8666666666666667,1.0,0.5791666666666666,0.2607614607614608,0.7396449704142012,
holdout_genre_analytics,length-only,full,HH-translation,73,0.863013698630137,0.7808219178082192,0.9315068493150684,0.29529035569065576,0.0009707690648258493,0.7010734929810074,
holdout_genre_analytics,length-only,full,genre=news,180,0.95,0.8666666666666667,1.0,0.5791666666666666,0.2607614607614608,0.7396449704142012,
holdout_genre_analytics,length-only,full,genre=science,167,0.15568862275449102,0.07630522088353414,0.3977272727272727,-0.76921256301626,-0.8626512806079369,-0.5117152961980549,
holdout_genre_analytics,length-only,full,genre=translation,73,0.863013698630137,0.7808219178082192,0.9315068493150684,0.29529035569065576,0.0009707690648258493,0.7010734929810074,
holdout_genre_analytics,length-only,full,hh_all,420,0.6190476190476191,0.34012219959266804,0.8558139534883721,,,,
holdout_genre_analytics,length-only,full,len_long,139,0.007194244604316547,0.0,0.046511627906976744,-0.9145139404490643,-0.9621621621621622,-0.8172763838345145,
holdout_genre_analytics,length-only,full,len_mid,104,0.7884615384615384,0.6590909090909091,0.8888888888888888,0.2251703992210321,-0.01889728768341481,0.46597633136094674,
holdout_genre_analytics,length-only,full,len_short,177,1.0,1.0,1.0,0.6584362139917695,0.3694581280788177,0.833976833976834,
holdout_genre_analytics,length-only,full,source=buriy_2014,60,0.8666666666666667,0.8666666666666667,0.8666666666666667,0.288888888888889,0.012500000000000067,0.5696741854636591,
holdout_genre_analytics,length-only,full,source=cyberleninka,60,0.35,0.22857142857142856,0.46511627906976744,-0.3138888888888889,-0.6282370862761391,0.018733219428850423,
holdout_genre_analytics,length-only,full,source=gazeta,60,1.0,1.0,1.0,0.4444444444444444,0.18055555555555558,0.7090395480225988,
holdout_genre_analytics,length-only,full,source=lenta,60,0.9833333333333333,0.9833333333333333,0.9833333333333333,0.42499999999999993,0.1601289134438305,0.6851515151515151,
holdout_genre_analytics,length-only,full,source=rusltc,73,0.863013698630137,0.7808219178082192,0.9315068493150684,0.29529035569065576,0.0009707690648258493,0.7010734929810074,
holdout_genre_analytics,length-only,full,source=spbgu,59,0.0847457627118644,0.0847457627118644,0.0847457627118644,-0.6216254284238697,-0.7947185230024213,-0.3263329544893018,
holdout_genre_analytics,length-only,full,source=urfu,48,0.0,0.0,0.0,-0.6989247311827957,-0.8817567567567568,-0.4318181818181818,
holdout_genre_commercial,main,full,весь человеческий тест,420,0.0761904761904762,0.03902439024390244,0.1377672209026128,,,,
holdout_genre_commercial,main,full,HH-formal-register,167,0.11377245508982035,0.04460966542750929,0.32857142857142857,0.062389055880334186,-0.021349599695005717,0.27863051470588235,
holdout_genre_commercial,main,full,HH-polished,180,0.05,0.0,0.11666666666666667,-0.04583333333333334,-0.1574074074074074,0.040417867435158496,
holdout_genre_commercial,main,full,HH-translation,73,0.0547945205479452,0.0136986301369863,0.1095890410958904,-0.025897122103351627,-0.12588807179359343,0.04465116279069768,
holdout_genre_commercial,main,full,genre=news,180,0.05,0.0,0.11666666666666667,-0.04583333333333334,-0.1574074074074074,0.040417867435158496,
holdout_genre_commercial,main,full,genre=science,167,0.11377245508982035,0.04460966542750929,0.32857142857142857,0.062389055880334186,-0.021349599695005717,0.27863051470588235,
holdout_genre_commercial,main,full,genre=translation,73,0.0547945205479452,0.0136986301369863,0.1095890410958904,-0.025897122103351627,-0.12588807179359343,0.04465116279069768,
holdout_genre_commercial,main,full,hh_all,420,0.0761904761904762,0.03902439024390244,0.1377672209026128,,,,
holdout_genre_commercial,main,full,len_long,139,0.07913669064748201,0.029535864978902954,0.27450980392156865,0.00440359456207276,-0.059702913730717955,0.18711180124223603,
holdout_genre_commercial,main,full,len_mid,104,0.10576923076923077,0.04666666666666667,0.2125,0.03931353456669913,-0.022601305579504863,0.13132083696599828,
holdout_genre_commercial,main,full,len_short,177,0.05649717514124294,0.006734006734006734,0.11,-0.03403780428262538,-0.15602836879432624,0.0389983579638752,
holdout_genre_commercial,main,full,source=buriy_2014,60,0.03333333333333333,0.03333333333333333,0.03333333333333333,-0.049999999999999996,-0.1241469816272966,-0.008217913204062788,
holdout_genre_commercial,main,full,source=cyberleninka,60,0.2833333333333333,0.15789473684210525,0.3888888888888889,0.24166666666666667,0.11349469496021221,0.3555158233506168,
holdout_genre_commercial,main,full,source=gazeta,60,0.0,0.0,0.0,-0.08888888888888889,-0.15615615615615616,-0.04854368932038835,
holdout_genre_commercial,main,full,source=lenta,60,0.11666666666666667,0.11666666666666667,0.11666666666666667,0.04722222222222222,-0.02492625368731563,0.08257575757575758,
holdout_genre_commercial,main,full,source=rusltc,73,0.0547945205479452,0.0136986301369863,0.1095890410958904,-0.025897122103351627,-0.12588807179359343,0.04465116279069768,
holdout_genre_commercial,main,full,source=spbgu,59,0.0,0.0,0.0,-0.0886426592797784,-0.15568862275449102,-0.04770017035775128,
holdout_genre_commercial,main,full,source=urfu,48,0.041666666666666664,0.041666666666666664,0.041666666666666664,-0.038978494623655914,-0.11326291079812206,0.002617430673457835,
holdout_genre_commercial,main,net,весь человеческий тест,420,0.1,0.06442166910688141,0.1696969696969697,,,,
holdout_genre_commercial,main,net,HH-formal-register,167,0.11976047904191617,0.04932735426008968,0.32857142857142857,0.032803957302785736,-0.05710882208674935,0.24492333195192706,
holdout_genre_commercial,main,net,HH-polished,180,0.06666666666666667,0.03333333333333333,0.08333333333333333,-0.058333333333333334,-0.17308868501529054,0.007452574525745256,
holdout_genre_commercial,main,net,HH-translation,73,0.136986301369863,0.0684931506849315,0.2191780821917808,0.04476728119695235,-0.0702735480393478,0.13584637268847796,
holdout_genre_commercial,main,net,genre=news,180,0.06666666666666667,0.03333333333333333,0.08333333333333333,-0.058333333333333334,-0.17308868501529054,0.007452574525745256,
holdout_genre_commercial,main,net,genre=science,167,0.11976047904191617,0.04932735426008968,0.32857142857142857,0.032803957302785736,-0.05710882208674935,0.24492333195192706,
holdout_genre_commercial,main,net,genre=translation,73,0.136986301369863,0.0684931506849315,0.2191780821917808,0.04476728119695235,-0.0702735480393478,0.13584637268847796,
holdout_genre_commercial,main,net,hh_all,420,0.1,0.06442166910688141,0.1696969696969697,,,,
holdout_genre_commercial,main,net,len_long,139,0.07913669064748201,0.0335195530726257,0.25,-0.031183594050026894,-0.10213702074167191,0.1233807602463368,
holdout_genre_commercial,main,net,len_mid,104,0.10576923076923077,0.04918032786885246,0.2127659574468085,0.007667964946445963,-0.05038979447200566,0.09777015437392797,
holdout_genre_commercial,main,net,len_short,177,0.11299435028248588,0.07692307692307693,0.18867924528301888,0.02245937085861756,-0.06439053608864928,0.0948242414836657,
holdout_genre_commercial,main,net,source=buriy_2014,60,0.03333333333333333,0.03333333333333333,0.03333333333333333,-0.07777777777777778,-0.16069651741293534,-0.037562189054726365,
holdout_genre_commercial,main,net,source=cyberleninka,60,0.2833333333333333,0.13333333333333333,0.3888888888888889,0.21388888888888888,0.05771428571428571,0.3230791788856305,
holdout_genre_commercial,main,net,source=gazeta,60,0.08333333333333333,0.08333333333333333,0.08333333333333333,-0.019444444444444445,-0.10714285714285714,0.021825396825396824,
holdout_genre_commercial,main,net,source=lenta,60,0.08333333333333333,0.08333333333333333,0.08333333333333333,-0.019444444444444445,-0.09814814814814816,0.021929824561403508,
holdout_genre_commercial,main,net,source=rusltc,73,0.136986301369863,0.0684931506849315,0.2191780821917808,0.04476728119695235,-0.0702735480393478,0.13584637268847796,
holdout_genre_commercial,main,net,source=spbgu,59,0.01694915254237288,0.01694915254237288,0.01694915254237288,-0.09662425465984319,-0.17478017076589777,-0.05761225096639905,
holdout_genre_commercial,main,net,source=urfu,48,0.041666666666666664,0.041666666666666664,0.041666666666666664,-0.06586021505376344,-0.15157004830917875,-0.02593896713615023,
holdout_genre_commercial,format-only,full,весь человеческий тест,420,0.007142857142857143,0.0,0.02181818181818182,,,,
holdout_genre_commercial,format-only,full,HH-formal-register,167,0.011976047904191617,0.0,0.05555555555555555,0.008023478734231143,-0.0136986301369863,0.05053042992741485,
holdout_genre_commercial,format-only,full,HH-polished,180,0.0,0.0,0.0,-0.0125,-0.036458333333333336,0.0,
holdout_genre_commercial,format-only,full,HH-translation,73,0.0136986301369863,0.0,0.0410958904109589,0.007934941376179384,-0.017241379310344827,0.04076823376929421,
holdout_genre_commercial,format-only,full,genre=news,180,0.0,0.0,0.0,-0.0125,-0.036458333333333336,0.0,
holdout_genre_commercial,format-only,full,genre=science,167,0.011976047904191617,0.0,0.05555555555555555,0.008023478734231143,-0.0136986301369863,0.05053042992741485,
holdout_genre_commercial,format-only,full,genre=translation,73,0.0136986301369863,0.0,0.0410958904109589,0.007934941376179384,-0.017241379310344827,0.04076823376929421,
holdout_genre_commercial,format-only,full,hh_all,420,0.007142857142857143,0.0,0.02181818181818182,,,,
holdout_genre_commercial,format-only,full,len_long,139,0.02158273381294964,0.0,0.10256410256410256,0.02158273381294964,0.0,0.10638297872340426,
holdout_genre_commercial,format-only,full,len_mid,104,0.0,0.0,0.0,-0.00949367088607595,-0.030612244897959183,0.0,
holdout_genre_commercial,format-only,full,len_short,177,0.0,0.0,0.0,-0.012345679012345678,-0.03816793893129771,0.0,
holdout_genre_commercial,format-only,full,source=buriy_2014,60,0.0,0.0,0.0,-0.008333333333333333,-0.026737967914438502,0.0,
holdout_genre_commercial,format-only,full,source=cyberleninka,60,0.03333333333333333,0.0,0.0975609756097561,0.030555555555555555,-0.006507592190889371,0.09090909090909091,
holdout_genre_commercial,format-only,full,source=gazeta,60,0.0,0.0,0.0,-0.008333333333333333,-0.026490066225165563,0.0,
holdout_genre_commercial,format-only,full,source=lenta,60,0.0,0.0,0.0,-0.008333333333333333,-0.02459016393442623,0.0,
holdout_genre_commercial,format-only,full,source=rusltc,73,0.0136986301369863,0.0,0.0410958904109589,0.007934941376179384,-0.017241379310344827,0.04076823376929421,
holdout_genre_commercial,format-only,full,source=spbgu,59,0.0,0.0,0.0,-0.008310249307479225,-0.026217228464419477,0.0,
holdout_genre_commercial,format-only,full,source=urfu,48,0.0,0.0,0.0,-0.008064516129032258,-0.02631578947368421,0.0,
holdout_genre_commercial,length-only,full,весь человеческий тест,420,0.6309523809523809,0.3602693602693603,0.8608490566037735,,,,
holdout_genre_commercial,length-only,full,HH-formal-register,167,0.17964071856287425,0.08666666666666667,0.41818181818181815,-0.7492130363778372,-0.8521671826625387,-0.49984436605104793,
holdout_genre_commercial,length-only,full,HH-polished,180,0.95,0.8666666666666667,1.0,0.5583333333333333,0.24594202898550732,0.7193693693693693,
holdout_genre_commercial,length-only,full,HH-translation,73,0.8767123287671232,0.7945205479452054,0.9452054794520548,0.2974616083060282,0.014416315049226469,0.6919978517722879,
holdout_genre_commercial,length-only,full,genre=news,180,0.95,0.8666666666666667,1.0,0.5583333333333333,0.24594202898550732,0.7193693693693693,
holdout_genre_commercial,length-only,full,genre=science,167,0.17964071856287425,0.08666666666666667,0.41818181818181815,-0.7492130363778372,-0.8521671826625387,-0.49984436605104793,
holdout_genre_commercial,length-only,full,genre=translation,73,0.8767123287671232,0.7945205479452054,0.9452054794520548,0.2974616083060282,0.014416315049226469,0.6919978517722879,
holdout_genre_commercial,length-only,full,hh_all,420,0.6309523809523809,0.3602693602693603,0.8608490566037735,,,,
holdout_genre_commercial,length-only,full,len_long,139,0.02877697841726619,0.00546448087431694,0.10256410256410256,-0.9000486443585345,-0.9524261230264639,-0.7953488372093024,
holdout_genre_commercial,length-only,full,len_mid,104,0.8076923076923077,0.7043478260869566,0.8947368421052632,0.23490749756572538,-0.028021316829981102,0.4885383433770531,
holdout_genre_commercial,length-only,full,len_short,177,1.0,1.0,1.0,0.6378600823045267,0.35526315789473684,0.8109965635738832,
holdout_genre_commercial,length-only,full,source=buriy_2014,60,0.8666666666666667,0.8666666666666667,0.8666666666666667,0.275,0.00762411347517733,0.5473684210526316,
holdout_genre_commercial,length-only,full,source=cyberleninka,60,0.36666666666666664,0.23529411764705882,0.48214285714285715,-0.3083333333333334,-0.6210902591599643,0.0177346278317152,
holdout_genre_commercial,length-only,full,source=gazeta,60,1.0,1.0,1.0,0.4305555555555556,0.17708333333333337,0.6884057971014492,
holdout_genre_commercial,length-only,full,source=lenta,60,0.9833333333333333,0.9833333333333333,0.9833333333333333,0.4111111111111111,0.1542194092827004,0.6682648401826483,
holdout_genre_commercial,length-only,full,source=rusltc,73,0.8767123287671232,0.7945205479452054,0.9452054794520548,0.2974616083060282,0.014416315049226469,0.6919978517722879,
holdout_genre_commercial,length-only,full,source=spbgu,59,0.13559322033898305,0.13559322033898305,0.13559322033898305,-0.5763181370017372,-0.747584349754475,-0.2825354346317772,
holdout_genre_commercial,length-only,full,source=urfu,48,0.0,0.0,0.0,-0.7123655913978495,-0.8847262247838616,-0.46153846153846156,
holdout_genre_news,main,full,весь человеческий тест,420,0.05476190476190476,0.020202020202020204,0.10344827586206896,,,,
holdout_genre_news,main,full,HH-formal-register,167,0.0718562874251497,0.015463917525773196,0.22580645161290322,0.028378026555584482,-0.04238605898123325,0.1888320545609548,
holdout_genre_news,main,full,HH-polished,180,0.05,0.0,0.11666666666666667,-0.008333333333333331,-0.10335731414868107,0.07390350877192983,
holdout_genre_news,main,full,HH-translation,73,0.0273972602739726,0.0,0.0684931506849315,-0.03312147171450002,-0.11046511627906977,0.02501437607820587,
holdout_genre_news,main,full,genre=news,180,0.05,0.0,0.11666666666666667,-0.008333333333333331,-0.10335731414868107,0.07390350877192983,
holdout_genre_news,main,full,genre=science,167,0.0718562874251497,0.015463917525773196,0.22580645161290322,0.028378026555584482,-0.04238605898123325,0.1888320545609548,
holdout_genre_news,main,full,genre=translation,73,0.0273972602739726,0.0,0.0684931506849315,-0.03312147171450002,-0.11046511627906977,0.02501437607820587,
holdout_genre_news,main,full,hh_all,420,0.05476190476190476,0.020202020202020204,0.10344827586206896,,,,
holdout_genre_news,main,full,len_long,139,0.05755395683453238,0.016129032258064516,0.22,0.004173173916382909,-0.04585354585354586,0.1607843137254902,
holdout_genre_news,main,full,len_mid,104,0.057692307692307696,0.011363636363636364,0.128,0.0038948393378773136,-0.05104282536151279,0.0637109019131491,
holdout_genre_news,main,full,len_short,177,0.05084745762711865,0.0,0.10087719298245613,-0.0067657110971611895,-0.11162660356208742,0.0602609464838567,
holdout_genre_news,main,full,source=buriy_2014,60,0.03333333333333333,0.03333333333333333,0.03333333333333333,-0.025,-0.08231292517006802,0.013559322033898303,
holdout_genre_news,main,full,source=cyberleninka,60,0.18333333333333332,0.0425531914893617,0.2923076923076923,0.15,0.006058091286307049,0.26488569909622545,
holdout_genre_news,main,full,source=gazeta,60,0.0,0.0,0.0,-0.06388888888888888,-0.11702127659574468,-0.026627218934911243,
holdout_genre_news,main,full,source=lenta,60,0.11666666666666667,0.11666666666666667,0.11666666666666667,0.07222222222222222,0.01716417910447761,0.1012141280353201,
holdout_genre_news,main,full,source=rusltc,73,0.0273972602739726,0.0,0.0684931506849315,-0.03312147171450002,-0.11046511627906977,0.02501437607820587,
holdout_genre_news,main,full,source=spbgu,59,0.0,0.0,0.0,-0.06371191135734072,-0.11616161616161616,-0.02601156069364162,
holdout_genre_news,main,full,source=urfu,48,0.020833333333333332,0.020833333333333332,0.020833333333333332,-0.03830645161290323,-0.09570802005012531,-0.0006977671451355687,
holdout_genre_news,main,net,весь человеческий тест,420,0.08571428571428572,0.05555555555555555,0.14220183486238533,,,,
holdout_genre_news,main,net,HH-formal-register,167,0.10778443113772455,0.048327137546468404,0.2875,0.03663818607843601,-0.037995337995338,0.2188659247482777,
holdout_genre_news,main,net,HH-polished,180,0.06111111111111111,0.03333333333333333,0.08333333333333333,-0.04305555555555556,-0.13908045977011496,0.011344211344211347,
holdout_genre_news,main,net,HH-translation,73,0.0958904109589041,0.0410958904109589,0.1643835616438356,0.012316923927203821,-0.08279232111692844,0.09047619047619047,
holdout_genre_news,main,net,genre=news,180,0.06111111111111111,0.03333333333333333,0.08333333333333333,-0.04305555555555556,-0.13908045977011496,0.011344211344211347,
holdout_genre_news,main,net,genre=science,167,0.10778443113772455,0.048327137546468404,0.2875,0.03663818607843601,-0.037995337995338,0.2188659247482777,
holdout_genre_news,main,net,genre=translation,73,0.0958904109589041,0.0410958904109589,0.1643835616438356,0.012316923927203821,-0.08279232111692844,0.09047619047619047,
holdout_genre_news,main,net,hh_all,420,0.08571428571428572,0.05555555555555555,0.14220183486238533,,,,
holdout_genre_news,main,net,len_long,139,0.06474820143884892,0.031578947368421054,0.18181818181818182,-0.031337207813820114,-0.09003281378178835,0.07341772151898734,
holdout_genre_news,main,net,len_mid,104,0.10576923076923077,0.04918032786885246,0.2127659574468085,0.02665530671859785,-0.031260746956461936,0.12606196901549227,
holdout_genre_news,main,net,len_short,177,0.0903954802259887,0.05660377358490566,0.14,0.008090953477017507,-0.07307282192811891,0.06256410256410255,
holdout_genre_news,main,net,source=buriy_2014,60,0.03333333333333333,0.03333333333333333,0.03333333333333333,-0.06111111111111111,-0.12795698924731183,-0.02744014732965009,
holdout_genre_news,main,net,source=cyberleninka,60,0.25,0.1282051282051282,0.336734693877551,0.19166666666666665,0.06737032282603528,0.281524926686217,
holdout_genre_news,main,net,source=gazeta,60,0.08333333333333333,0.08333333333333333,0.08333333333333333,-0.002777777777777782,-0.07508250825082509,0.03011825572801182,
holdout_genre_news,main,net,source=lenta,60,0.06666666666666667,0.06666666666666667,0.06666666666666667,-0.022222222222222227,-0.08644338118022328,0.012682090831191088,
holdout_genre_news,main,net,source=rusltc,73,0.0958904109589041,0.0410958904109589,0.1643835616438356,0.012316923927203821,-0.08279232111692844,0.09047619047619047,
holdout_genre_news,main,net,source=spbgu,59,0.01694915254237288,0.01694915254237288,0.01694915254237288,-0.08000375604488474,-0.14146668904178553,-0.04769731210409177,
holdout_genre_news,main,net,source=urfu,48,0.041666666666666664,0.041666666666666664,0.041666666666666664,-0.04973118279569893,-0.11647286821705427,-0.016901663051337674,
holdout_genre_news,format-only,full,весь человеческий тест,420,0.009523809523809525,0.0,0.030303030303030304,,,,
holdout_genre_news,format-only,full,HH-formal-register,167,0.017964071856287425,0.0,0.08571428571428572,0.01401150268632695,-0.011857707509881422,0.08181818181818182,
holdout_genre_news,format-only,full,HH-polished,180,0.0,0.0,0.0,-0.016666666666666666,-0.050724637681159424,0.0,
holdout_genre_news,format-only,full,HH-translation,73,0.0136986301369863,0.0,0.0410958904109589,0.005053096995775925,-0.02805836139169473,0.039473684210526314,
holdout_genre_news,format-only,full,genre=news,180,0.0,0.0,0.0,-0.016666666666666666,-0.050724637681159424,0.0,
holdout_genre_news,format-only,full,genre=science,167,0.017964071856287425,0.0,0.08571428571428572,0.01401150268632695,-0.011857707509881422,0.08181818181818182,
holdout_genre_news,format-only,full,genre=translation,73,0.0136986301369863,0.0,0.0410958904109589,0.005053096995775925,-0.02805836139169473,0.039473684210526314,
holdout_genre_news,format-only,full,hh_all,420,0.009523809523809525,0.0,0.030303030303030304,,,,
holdout_genre_news,format-only,full,len_long,139,0.02158273381294964,0.0,0.10256410256410256,0.018024014951739678,0.0,0.10004100041000409,
holdout_genre_news,format-only,full,len_mid,104,0.009615384615384616,0.0,0.038461538461538464,0.00012171372930866627,-0.017777777777777778,0.020676691729323307,
holdout_genre_news,format-only,full,len_short,177,0.0,0.0,0.0,-0.01646090534979424,-0.05194805194805195,0.0,
holdout_genre_news,format-only,full,source=buriy_2014,60,0.0,0.0,0.0,-0.011111111111111112,-0.03643724696356275,0.0,
holdout_genre_news,format-only,full,source=cyberleninka,60,0.05,0.0,0.14814814814814814,0.04722222222222223,-0.006493506493506494,0.14014711575687186,
holdout_genre_news,format-only,full,source=gazeta,60,0.0,0.0,0.0,-0.011111111111111112,-0.034653465346534656,0.0,
holdout_genre_news,format-only,full,source=lenta,60,0.0,0.0,0.0,-0.011111111111111112,-0.0335195530726257,0.0,
holdout_genre_news,format-only,full,source=rusltc,73,0.0136986301369863,0.0,0.0410958904109589,0.005053096995775925,-0.02805836139169473,0.039473684210526314,
holdout_genre_news,format-only,full,source=spbgu,59,0.0,0.0,0.0,-0.0110803324099723,-0.03501945525291829,0.0,
holdout_genre_news,format-only,full,source=urfu,48,0.0,0.0,0.0,-0.010752688172043012,-0.03571428571428571,0.0,
holdout_genre_news,length-only,full,весь человеческий тест,420,0.6404761904761904,0.3793103448275862,0.8603238866396761,,,,
holdout_genre_news,length-only,full,HH-formal-register,167,0.20359281437125748,0.10655737704918032,0.4189189189189189,-0.7252609405694539,-0.8333333333333333,-0.4952540480178671,
holdout_genre_news,length-only,full,HH-polished,180,0.95,0.8666666666666667,1.0,0.5416666666666666,0.24692367601246112,0.6988391376451079,
holdout_genre_news,length-only,full,HH-translation,73,0.8767123287671232,0.7945205479452054,0.9452054794520548,0.28593423078441427,0.01416666666666666,0.6705249679897567,
holdout_genre_news,length-only,full,genre=news,180,0.95,0.8666666666666667,1.0,0.5416666666666666,0.24692367601246112,0.6988391376451079,
holdout_genre_news,length-only,full,genre=science,167,0.20359281437125748,0.10655737704918032,0.4189189189189189,-0.7252609405694539,-0.8333333333333333,-0.4952540480178671,
holdout_genre_news,length-only,full,genre=translation,73,0.8767123287671232,0.7945205479452054,0.9452054794520548,0.28593423078441427,0.01416666666666666,0.6705249679897567,
holdout_genre_news,length-only,full,hh_all,420,0.6404761904761904,0.3793103448275862,0.8603238866396761,,,,
holdout_genre_news,length-only,full,len_long,139,0.04316546762589928,0.020833333333333332,0.10256410256410256,-0.8927775928723214,-0.9422547645012203,-0.7952871870397643,
holdout_genre_news,length-only,full,len_mid,104,0.8269230769230769,0.7246376811594203,0.9090909090909091,0.24780915287244398,-0.02794693344932575,0.5231627296587926,
holdout_genre_news,length-only,full,len_short,177,1.0,1.0,1.0,0.6213991769547325,0.35467980295566504,0.7887323943661972,
holdout_genre_news,length-only,full,source=buriy_2014,60,0.8666666666666667,0.8666666666666667,0.8666666666666667,0.26388888888888895,0.007134894091415878,0.5292682926829269,
holdout_genre_news,length-only,full,source=cyberleninka,60,0.36666666666666664,0.22388059701492538,0.4925373134328358,-0.3194444444444445,-0.6279449260581336,-0.003296703296703285,
holdout_genre_news,length-only,full,source=gazeta,60,1.0,1.0,1.0,0.4194444444444444,0.17607973421926915,0.668141592920354,
holdout_genre_news,length-only,full,source=lenta,60,0.9833333333333333,0.9833333333333333,0.9833333333333333,0.3999999999999999,0.1530461270670147,0.6477168949771689,
holdout_genre_news,length-only,full,source=rusltc,73,0.8767123287671232,0.7945205479452054,0.9452054794520548,0.28593423078441427,0.01416666666666666,0.6705249679897567,
holdout_genre_news,length-only,full,source=spbgu,59,0.1864406779661017,0.1864406779661017,0.1864406779661017,-0.5282407624771115,-0.697617293048391,-0.24045990682921992,
holdout_genre_news,length-only,full,source=urfu,48,0.020833333333333332,0.020833333333333332,0.020833333333333332,-0.6995967741935484,-0.8654542920847268,-0.45993589743589747,
holdout_genre_prose,main,full,весь человеческий тест,600,0.085,0.05730129390018484,0.12866817155756208,,,,
holdout_genre_prose,main,full,HH-formal-register,167,0.10179640718562874,0.03614457831325301,0.2926829268292683,0.023274467231818113,-0.051722024757936025,0.21753246753246752,
holdout_genre_prose,main,full,HH-polished,180,0.05555555555555555,0.03333333333333333,0.08333333333333333,-0.04206349206349207,-0.11383647798742139,0.0058558558558558516,
holdout_genre_prose,main,full,HH-translation,73,0.136986301369863,0.0684931506849315,0.2191780821917808,0.0591874398897871,-0.028463301529769197,0.14565956132221192,
holdout_genre_prose,main,full,genre=news,180,0.05555555555555555,0.03333333333333333,0.08333333333333333,-0.04206349206349207,-0.11383647798742139,0.0058558558558558516,
holdout_genre_prose,main,full,genre=prose,180,0.07777777777777778,0.03333333333333333,0.11666666666666667,-0.010317460317460322,-0.09204892966360856,0.04492753623188406,
holdout_genre_prose,main,full,genre=science,167,0.10179640718562874,0.03614457831325301,0.2926829268292683,0.023274467231818113,-0.051722024757936025,0.21753246753246752,
holdout_genre_prose,main,full,genre=translation,73,0.136986301369863,0.0684931506849315,0.2191780821917808,0.0591874398897871,-0.028463301529769197,0.14565956132221192,
holdout_genre_prose,main,full,hh_all,420,0.0880952380952381,0.053929121725731895,0.15492957746478872,0.010317460317460322,-0.04502032520325204,0.09166666666666667,
holdout_genre_prose,main,full,len_long,203,0.054187192118226604,0.02074688796680498,0.14018691588785046,-0.04656847538807063,-0.09645980082584407,0.03418284789644013,
holdout_genre_prose,main,full,len_mid,183,0.11475409836065574,0.07079646017699115,0.17894736842105263,0.042811652317490276,-0.007708252364295898,0.09907692307692306,
holdout_genre_prose,main,full,len_short,214,0.08878504672897196,0.054474708171206226,0.14035087719298245,0.005883492324826878,-0.06608670575795443,0.06135803685818468,
holdout_genre_prose,main,full,source=buriy_2014,60,0.05,0.05,0.05,-0.03888888888888889,-0.0902439024390244,-0.008666666666666663,
holdout_genre_prose,main,full,source=cyberleninka,60,0.25,0.11627906976744186,0.35714285714285715,0.18333333333333335,0.03783783783783784,0.2953683484656936,
holdout_genre_prose,main,full,source=gazeta,60,0.08333333333333333,0.08333333333333333,0.08333333333333333,-0.0018518518518518545,-0.052853437094682224,0.027153558052434454,
holdout_genre_prose,main,full,source=lenta,60,0.03333333333333333,0.03333333333333333,0.03333333333333333,-0.057407407407407414,-0.10597014925373135,-0.027802037845705965,
holdout_genre_prose,main,full,source=rusltc,73,0.136986301369863,0.0684931506849315,0.2191780821917808,0.0591874398897871,-0.028463301529769197,0.14565956132221192,
holdout_genre_prose,main,full,source=spbgu,59,0.0,0.0,0.0,-0.09426987060998152,-0.14112903225806453,-0.0676818950930626,
holdout_genre_prose,main,full,source=taiga_arzamas,60,0.11666666666666667,0.11666666666666667,0.11666666666666667,0.03518518518518518,-0.012585034013605445,0.06327561327561328,
holdout_genre_prose,main,full,source=taiga_magazines,60,0.03333333333333333,0.03333333333333333,0.03333333333333333,-0.057407407407407414,-0.10606060606060608,-0.027759914255091105,
holdout_genre_prose,main,full,source=taiga_proza,60,0.08333333333333333,0.08333333333333333,0.08333333333333333,-0.0018518518518518545,-0.05493033226152198,0.028271166370633503,
holdout_genre_prose,main,full,source=urfu,48,0.041666666666666664,0.041666666666666664,0.041666666666666664,-0.04710144927536233,-0.09447194719471949,-0.01769406392694064,
holdout_genre_prose,main,net,весь человеческий тест,600,0.19,0.12903225806451613,0.25925925925925924,,,,
holdout_genre_prose,main,net,HH-formal-register,167,0.12574850299401197,0.05413105413105413,0.3333333333333333,-0.0890320974678818,-0.19117647058823528,0.12624033806734603,
holdout_genre_prose,main,net,HH-polished,180,0.14444444444444443,0.1,0.18333333333333332,-0.0650793650793651,-0.16162420382165604,0.03140589569160995,
holdout_genre_prose,main,net,HH-translation,73,0.2191780821917808,0.1232876712328767,0.3150684931506849,0.03321982792233111,-0.08632246376811595,0.1520532160067044,
holdout_genre_prose,main,net,genre=news,180,0.14444444444444443,0.1,0.18333333333333332,-0.0650793650793651,-0.16162420382165604,0.03140589569160995,
holdout_genre_prose,main,net,genre=prose,180,0.2833333333333333,0.18333333333333332,0.36666666666666664,0.13333333333333333,0.006862745098039191,0.23427495291902073,
holdout_genre_prose,main,net,genre=science,167,0.12574850299401197,0.05413105413105413,0.3333333333333333,-0.0890320974678818,-0.19117647058823528,0.12624033806734603,
holdout_genre_prose,main,net,genre=translation,73,0.2191780821917808,0.1232876712328767,0.3150684931506849,0.03321982792233111,-0.08632246376811595,0.1520532160067044,
holdout_genre_prose,main,net,hh_all,420,0.15,0.10076045627376426,0.22267206477732793,-0.13333333333333333,-0.23438438438438441,-0.007051282051282026,
holdout_genre_prose,main,net,len_long,203,0.12807881773399016,0.06930693069306931,0.2564102564102564,-0.09358365077986375,-0.17335271317829457,0.039337474120082816,
holdout_genre_prose,main,net,len_mid,183,0.21311475409836064,0.12598425196850394,0.2805755395683453,0.03325863899044698,-0.04713983050847459,0.0941860465116279,
holdout_genre_prose,main,net,len_short,214,0.22897196261682243,0.17120622568093385,0.3333333333333333,0.06057818023340275,-0.010454959360561206,0.1521869639794168,
holdout_genre_prose,main,net,source=buriy_2014,60,0.1,0.1,0.1,-0.1,-0.1720156555772994,-0.0335978835978836,
holdout_genre_prose,main,net,source=cyberleninka,60,0.2833333333333333,0.13333333333333333,0.39285714285714285,0.10370370370370369,-0.065574406957332,0.2355575459023735,
holdout_genre_prose,main,net,source=gazeta,60,0.18333333333333332,0.18333333333333332,0.18333333333333332,-0.007407407407407418,-0.08348801237432327,0.06019108280254776,
holdout_genre_prose,main,net,source=lenta,60,0.15,0.15,0.15,-0.04444444444444445,-0.11760563380281688,0.0242393509127789,
holdout_genre_prose,main,net,source=rusltc,73,0.2191780821917808,0.1232876712328767,0.3150684931506849,0.03321982792233111,-0.08632246376811595,0.1520532160067044,
holdout_genre_prose,main,net,source=spbgu,59,0.01694915254237288,0.01694915254237288,0.01694915254237288,-0.19192330586797832,-0.2583755227823024,-0.1349495816348423,
holdout_genre_prose,main,net,source=taiga_arzamas,60,0.3,0.3,0.3,0.1222222222222222,0.048538011695906436,0.1810289389067524,
holdout_genre_prose,main,net,source=taiga_magazines,60,0.18333333333333332,0.18333333333333332,0.18333333333333332,-0.007407407407407418,-0.08384223918575065,0.06019108280254776,
holdout_genre_prose,main,net,source=taiga_proza,60,0.36666666666666664,0.36666666666666664,0.36666666666666664,0.19629629629629627,0.12817294281729424,0.24666666666666665,
holdout_genre_prose,main,net,source=urfu,48,0.0625,0.0625,0.0625,-0.13858695652173914,-0.20709247648902823,-0.07350000000000001,
holdout_genre_prose,format-only,full,весь человеческий тест,600,0.006666666666666667,0.001488095238095238,0.014423076923076924,,,,
holdout_genre_prose,format-only,full,HH-formal-register,167,0.017964071856287425,0.0,0.0392156862745098,0.015654603034116525,-0.0026666666666666666,0.03703363014202664,
holdout_genre_prose,format-only,full,HH-polished,180,0.0,0.0,0.0,-0.009523809523809525,-0.020905923344947737,-0.0021231422505307855,
holdout_genre_prose,format-only,full,HH-translation,73,0.0136986301369863,0.0,0.0410958904109589,0.008006030516492943,-0.011337868480725623,0.03966735019366598,
holdout_genre_prose,format-only,full,genre=news,180,0.0,0.0,0.0,-0.009523809523809525,-0.020905923344947737,-0.0021231422505307855,
holdout_genre_prose,format-only,full,genre=prose,180,0.0,0.0,0.0,-0.009523809523809525,-0.02112676056338028,-0.002178649237472767,
holdout_genre_prose,format-only,full,genre=science,167,0.017964071856287425,0.0,0.0392156862745098,0.015654603034116525,-0.0026666666666666666,0.03703363014202664,
holdout_genre_prose,format-only,full,genre=translation,73,0.0136986301369863,0.0,0.0410958904109589,0.008006030516492943,-0.011337868480725623,0.03966735019366598,
holdout_genre_prose,format-only,full,hh_all,420,0.009523809523809525,0.0021321961620469083,0.02074688796680498,0.009523809523809525,0.0021691973969631237,0.02112676056338028,
holdout_genre_prose,format-only,full,len_long,203,0.014778325123152709,0.0,0.042735042735042736,0.012259433435495279,-0.004100854948558181,0.04054054054054054,
holdout_genre_prose,format-only,full,len_mid,183,0.00546448087431694,0.0,0.02054794520547945,-0.0017297637299996073,-0.017045454545454544,0.01473063973063973,
holdout_genre_prose,format-only,full,len_short,214,0.0,0.0,0.0,-0.010362694300518135,-0.02242152466367713,-0.002325581395348837,
holdout_genre_prose,format-only,full,source=buriy_2014,60,0.0,0.0,0.0,-0.007407407407407408,-0.01675977653631285,-0.0016260162601626016,
holdout_genre_prose,format-only,full,source=cyberleninka,60,0.016666666666666666,0.0,0.06382978723404255,0.01111111111111111,-0.010570824524312896,0.05930779569892473,
holdout_genre_prose,format-only,full,source=gazeta,60,0.0,0.0,0.0,-0.007407407407407408,-0.016666666666666666,-0.001584786053882726,
holdout_genre_prose,format-only,full,source=lenta,60,0.0,0.0,0.0,-0.007407407407407408,-0.01647058823529412,-0.0016207455429497568,
holdout_genre_prose,format-only,full,source=rusltc,73,0.0136986301369863,0.0,0.0410958904109589,0.008006030516492943,-0.011337868480725623,0.03966735019366598,
holdout_genre_prose,format-only,full,source=spbgu,59,0.01694915254237288,0.01694915254237288,0.01694915254237288,0.01140386603590338,0.002491321217071676,0.01694915254237288,
holdout_genre_prose,format-only,full,source=taiga_arzamas,60,0.0,0.0,0.0,-0.007407407407407408,-0.016697588126159554,-0.0015698587127158557,
holdout_genre_prose,format-only,full,source=taiga_magazines,60,0.0,0.0,0.0,-0.007407407407407408,-0.01662049861495845,-0.0016,
holdout_genre_prose,format-only,full,source=taiga_proza,60,0.0,0.0,0.0,-0.007407407407407408,-0.017167381974248927,-0.0014858841010401188,
holdout_genre_prose,format-only,full,source=urfu,48,0.020833333333333332,0.020833333333333332,0.020833333333333332,0.01539855072463768,0.006905756731662023,0.020833333333333332,
holdout_genre_prose,length-only,full,весь человеческий тест,600,0.83,0.7458432304038005,0.9049128367670365,,,,
holdout_genre_prose,length-only,full,HH-formal-register,167,0.6526946107784432,0.5061728395061729,0.7376237623762376,-0.2456887610460372,-0.4142781316348196,-0.12240073334298252,
holdout_genre_prose,length-only,full,HH-polished,180,0.9888888888888889,0.9666666666666667,1.0,0.22698412698412707,0.15145046524356875,0.288135593220339,
holdout_genre_prose,length-only,full,HH-translation,73,0.9726027397260274,0.9315068493150684,1.0,0.1623560604091393,0.06961577653899187,0.27760297482837526,
holdout_genre_prose,length-only,full,genre=news,180,0.9888888888888889,0.9666666666666667,1.0,0.22698412698412707,0.15145046524356875,0.288135593220339,
holdout_genre_prose,length-only,full,genre=prose,180,0.7777777777777778,0.6833333333333333,0.9,-0.07460317460317456,-0.21008492569002124,0.09089506172839512,
holdout_genre_prose,length-only,full,genre=science,167,0.6526946107784432,0.5061728395061729,0.7376237623762376,-0.2456887610460372,-0.4142781316348196,-0.12240073334298252,
holdout_genre_prose,length-only,full,genre=translation,73,0.9726027397260274,0.9315068493150684,1.0,0.1623560604091393,0.06961577653899187,0.27760297482837526,
holdout_genre_prose,length-only,full,hh_all,420,0.8523809523809524,0.7421602787456446,0.9338842975206612,0.07460317460317456,-0.0911764705882353,0.20987055016181233,
holdout_genre_prose,length-only,full,len_long,203,0.6009852216748769,0.4479166666666667,0.6974358974358974,-0.3461180528843171,-0.49849944165270804,-0.2564102564102565,
holdout_genre_prose,length-only,full,len_mid,183,0.8907103825136612,0.8282828282828283,0.9425837320574163,0.08735306836498014,0.022761252754170624,0.16056344565116498,
holdout_genre_prose,length-only,full,len_short,214,0.9953271028037384,0.9824561403508771,1.0,0.2569851338918213,0.17874396135265702,0.3316221350903432,
holdout_genre_prose,length-only,full,source=buriy_2014,60,0.9666666666666667,0.9666666666666667,0.9666666666666667,0.1518518518518519,0.07094972067039107,0.23725490196078436,
holdout_genre_prose,length-only,full,source=cyberleninka,60,0.5666666666666667,0.42028985507246375,0.7027027027027027,-0.2925925925925926,-0.46361372440509135,-0.12712354096845024,
holdout_genre_prose,length-only,full,source=gazeta,60,1.0,1.0,1.0,0.18888888888888888,0.10998307952622677,0.2702702702702703,
holdout_genre_prose,length-only,full,source=lenta,60,1.0,1.0,1.0,0.18888888888888888,0.11128048780487809,0.26644736842105265,
holdout_genre_prose,length-only,full,source=rusltc,73,0.9726027397260274,0.9315068493150684,1.0,0.1623560604091393,0.06961577653899187,0.27760297482837526,
holdout_genre_prose,length-only,full,source=spbgu,59,0.6271186440677966,0.6271186440677966,0.6271186440677966,-0.22500704909301672,-0.291534932369791,-0.1428571428571429,
holdout_genre_prose,length-only,full,source=taiga_arzamas,60,0.9,0.9,0.9,0.07777777777777783,-0.008212560386473444,0.1692307692307693,
holdout_genre_prose,length-only,full,source=taiga_magazines,60,0.75,0.75,0.75,-0.0888888888888889,-0.1656118143459916,0.004125412541254092,
holdout_genre_prose,length-only,full,source=taiga_proza,60,0.6833333333333333,0.6833333333333333,0.6833333333333333,-0.16296296296296298,-0.23382642998027614,-0.07825607064017659,
holdout_genre_prose,length-only,full,source=urfu,48,0.7916666666666666,0.7916666666666666,0.7916666666666666,-0.04166666666666674,-0.125,0.04812789927104044,
holdout_genre_science,main,full,весь человеческий тест,420,0.05476190476190476,0.020202020202020204,0.10344827586206896,,,,
holdout_genre_science,main,full,HH-formal-register,167,0.0718562874251497,0.015463917525773196,0.22580645161290322,0.028378026555584482,-0.04238605898123325,0.1888320545609548,
holdout_genre_science,main,full,HH-polished,180,0.05,0.0,0.11666666666666667,-0.008333333333333331,-0.10335731414868107,0.07390350877192983,
holdout_genre_science,main,full,HH-translation,73,0.0273972602739726,0.0,0.0684931506849315,-0.03312147171450002,-0.11046511627906977,0.02501437607820587,
holdout_genre_science,main,full,genre=news,180,0.05,0.0,0.11666666666666667,-0.008333333333333331,-0.10335731414868107,0.07390350877192983,
holdout_genre_science,main,full,genre=science,167,0.0718562874251497,0.015463917525773196,0.22580645161290322,0.028378026555584482,-0.04238605898123325,0.1888320545609548,
holdout_genre_science,main,full,genre=translation,73,0.0273972602739726,0.0,0.0684931506849315,-0.03312147171450002,-0.11046511627906977,0.02501437607820587,
holdout_genre_science,main,full,hh_all,420,0.05476190476190476,0.020202020202020204,0.10344827586206896,,,,
holdout_genre_science,main,full,len_long,139,0.05755395683453238,0.016129032258064516,0.22,0.004173173916382909,-0.04585354585354586,0.1607843137254902,
holdout_genre_science,main,full,len_mid,104,0.057692307692307696,0.011363636363636364,0.128,0.0038948393378773136,-0.05104282536151279,0.0637109019131491,
holdout_genre_science,main,full,len_short,177,0.05084745762711865,0.0,0.10087719298245613,-0.0067657110971611895,-0.11162660356208742,0.0602609464838567,
holdout_genre_science,main,full,source=buriy_2014,60,0.03333333333333333,0.03333333333333333,0.03333333333333333,-0.025,-0.08231292517006802,0.013559322033898303,
holdout_genre_science,main,full,source=cyberleninka,60,0.18333333333333332,0.0425531914893617,0.2923076923076923,0.15,0.006058091286307049,0.26488569909622545,
holdout_genre_science,main,full,source=gazeta,60,0.0,0.0,0.0,-0.06388888888888888,-0.11702127659574468,-0.026627218934911243,
holdout_genre_science,main,full,source=lenta,60,0.11666666666666667,0.11666666666666667,0.11666666666666667,0.07222222222222222,0.01716417910447761,0.1012141280353201,
holdout_genre_science,main,full,source=rusltc,73,0.0273972602739726,0.0,0.0684931506849315,-0.03312147171450002,-0.11046511627906977,0.02501437607820587,
holdout_genre_science,main,full,source=spbgu,59,0.0,0.0,0.0,-0.06371191135734072,-0.11616161616161616,-0.02601156069364162,
holdout_genre_science,main,full,source=urfu,48,0.020833333333333332,0.020833333333333332,0.020833333333333332,-0.03830645161290323,-0.09570802005012531,-0.0006977671451355687,
holdout_genre_science,main,net,весь человеческий тест,420,0.08571428571428572,0.05555555555555555,0.14220183486238533,,,,
holdout_genre_science,main,net,HH-formal-register,167,0.10778443113772455,0.048327137546468404,0.2875,0.03663818607843601,-0.037995337995338,0.2188659247482777,
holdout_genre_science,main,net,HH-polished,180,0.06111111111111111,0.03333333333333333,0.08333333333333333,-0.04305555555555556,-0.13908045977011496,0.011344211344211347,
holdout_genre_science,main,net,HH-translation,73,0.0958904109589041,0.0410958904109589,0.1643835616438356,0.012316923927203821,-0.08279232111692844,0.09047619047619047,
holdout_genre_science,main,net,genre=news,180,0.06111111111111111,0.03333333333333333,0.08333333333333333,-0.04305555555555556,-0.13908045977011496,0.011344211344211347,
holdout_genre_science,main,net,genre=science,167,0.10778443113772455,0.048327137546468404,0.2875,0.03663818607843601,-0.037995337995338,0.2188659247482777,
holdout_genre_science,main,net,genre=translation,73,0.0958904109589041,0.0410958904109589,0.1643835616438356,0.012316923927203821,-0.08279232111692844,0.09047619047619047,
holdout_genre_science,main,net,hh_all,420,0.08571428571428572,0.05555555555555555,0.14220183486238533,,,,
holdout_genre_science,main,net,len_long,139,0.06474820143884892,0.031578947368421054,0.18181818181818182,-0.031337207813820114,-0.09003281378178835,0.07341772151898734,
holdout_genre_science,main,net,len_mid,104,0.10576923076923077,0.04918032786885246,0.2127659574468085,0.02665530671859785,-0.031260746956461936,0.12606196901549227,
holdout_genre_science,main,net,len_short,177,0.0903954802259887,0.05660377358490566,0.14,0.008090953477017507,-0.07307282192811891,0.06256410256410255,
holdout_genre_science,main,net,source=buriy_2014,60,0.03333333333333333,0.03333333333333333,0.03333333333333333,-0.06111111111111111,-0.12795698924731183,-0.02744014732965009,
holdout_genre_science,main,net,source=cyberleninka,60,0.25,0.1282051282051282,0.336734693877551,0.19166666666666665,0.06737032282603528,0.281524926686217,
holdout_genre_science,main,net,source=gazeta,60,0.08333333333333333,0.08333333333333333,0.08333333333333333,-0.002777777777777782,-0.07508250825082509,0.03011825572801182,
holdout_genre_science,main,net,source=lenta,60,0.06666666666666667,0.06666666666666667,0.06666666666666667,-0.022222222222222227,-0.08644338118022328,0.012682090831191088,
holdout_genre_science,main,net,source=rusltc,73,0.0958904109589041,0.0410958904109589,0.1643835616438356,0.012316923927203821,-0.08279232111692844,0.09047619047619047,
holdout_genre_science,main,net,source=spbgu,59,0.01694915254237288,0.01694915254237288,0.01694915254237288,-0.08000375604488474,-0.14146668904178553,-0.04769731210409177,
holdout_genre_science,main,net,source=urfu,48,0.041666666666666664,0.041666666666666664,0.041666666666666664,-0.04973118279569893,-0.11647286821705427,-0.016901663051337674,
holdout_genre_science,format-only,full,весь человеческий тест,420,0.009523809523809525,0.0,0.030303030303030304,,,,
holdout_genre_science,format-only,full,HH-formal-register,167,0.017964071856287425,0.0,0.08571428571428572,0.01401150268632695,-0.011857707509881422,0.08181818181818182,
holdout_genre_science,format-only,full,HH-polished,180,0.0,0.0,0.0,-0.016666666666666666,-0.050724637681159424,0.0,
holdout_genre_science,format-only,full,HH-translation,73,0.0136986301369863,0.0,0.0410958904109589,0.005053096995775925,-0.02805836139169473,0.039473684210526314,
holdout_genre_science,format-only,full,genre=news,180,0.0,0.0,0.0,-0.016666666666666666,-0.050724637681159424,0.0,
holdout_genre_science,format-only,full,genre=science,167,0.017964071856287425,0.0,0.08571428571428572,0.01401150268632695,-0.011857707509881422,0.08181818181818182,
holdout_genre_science,format-only,full,genre=translation,73,0.0136986301369863,0.0,0.0410958904109589,0.005053096995775925,-0.02805836139169473,0.039473684210526314,
holdout_genre_science,format-only,full,hh_all,420,0.009523809523809525,0.0,0.030303030303030304,,,,
holdout_genre_science,format-only,full,len_long,139,0.02158273381294964,0.0,0.10256410256410256,0.018024014951739678,0.0,0.10004100041000409,
holdout_genre_science,format-only,full,len_mid,104,0.009615384615384616,0.0,0.038461538461538464,0.00012171372930866627,-0.017777777777777778,0.020676691729323307,
holdout_genre_science,format-only,full,len_short,177,0.0,0.0,0.0,-0.01646090534979424,-0.05194805194805195,0.0,
holdout_genre_science,format-only,full,source=buriy_2014,60,0.0,0.0,0.0,-0.011111111111111112,-0.03643724696356275,0.0,
holdout_genre_science,format-only,full,source=cyberleninka,60,0.05,0.0,0.14814814814814814,0.04722222222222223,-0.006493506493506494,0.14014711575687186,
holdout_genre_science,format-only,full,source=gazeta,60,0.0,0.0,0.0,-0.011111111111111112,-0.034653465346534656,0.0,
holdout_genre_science,format-only,full,source=lenta,60,0.0,0.0,0.0,-0.011111111111111112,-0.0335195530726257,0.0,
holdout_genre_science,format-only,full,source=rusltc,73,0.0136986301369863,0.0,0.0410958904109589,0.005053096995775925,-0.02805836139169473,0.039473684210526314,
holdout_genre_science,format-only,full,source=spbgu,59,0.0,0.0,0.0,-0.0110803324099723,-0.03501945525291829,0.0,
holdout_genre_science,format-only,full,source=urfu,48,0.0,0.0,0.0,-0.010752688172043012,-0.03571428571428571,0.0,
holdout_genre_science,length-only,full,весь человеческий тест,420,0.6404761904761904,0.3793103448275862,0.8603238866396761,,,,
holdout_genre_science,length-only,full,HH-formal-register,167,0.20359281437125748,0.10655737704918032,0.4189189189189189,-0.7252609405694539,-0.8333333333333333,-0.4952540480178671,
holdout_genre_science,length-only,full,HH-polished,180,0.95,0.8666666666666667,1.0,0.5416666666666666,0.24692367601246112,0.6988391376451079,
holdout_genre_science,length-only,full,HH-translation,73,0.8767123287671232,0.7945205479452054,0.9452054794520548,0.28593423078441427,0.01416666666666666,0.6705249679897567,
holdout_genre_science,length-only,full,genre=news,180,0.95,0.8666666666666667,1.0,0.5416666666666666,0.24692367601246112,0.6988391376451079,
holdout_genre_science,length-only,full,genre=science,167,0.20359281437125748,0.10655737704918032,0.4189189189189189,-0.7252609405694539,-0.8333333333333333,-0.4952540480178671,
holdout_genre_science,length-only,full,genre=translation,73,0.8767123287671232,0.7945205479452054,0.9452054794520548,0.28593423078441427,0.01416666666666666,0.6705249679897567,
holdout_genre_science,length-only,full,hh_all,420,0.6404761904761904,0.3793103448275862,0.8603238866396761,,,,
holdout_genre_science,length-only,full,len_long,139,0.04316546762589928,0.020833333333333332,0.10256410256410256,-0.8927775928723214,-0.9422547645012203,-0.7952871870397643,
holdout_genre_science,length-only,full,len_mid,104,0.8269230769230769,0.7246376811594203,0.9090909090909091,0.24780915287244398,-0.02794693344932575,0.5231627296587926,
holdout_genre_science,length-only,full,len_short,177,1.0,1.0,1.0,0.6213991769547325,0.35467980295566504,0.7887323943661972,
holdout_genre_science,length-only,full,source=buriy_2014,60,0.8666666666666667,0.8666666666666667,0.8666666666666667,0.26388888888888895,0.007134894091415878,0.5292682926829269,
holdout_genre_science,length-only,full,source=cyberleninka,60,0.36666666666666664,0.22388059701492538,0.4925373134328358,-0.3194444444444445,-0.6279449260581336,-0.003296703296703285,
holdout_genre_science,length-only,full,source=gazeta,60,1.0,1.0,1.0,0.4194444444444444,0.17607973421926915,0.668141592920354,
holdout_genre_science,length-only,full,source=lenta,60,0.9833333333333333,0.9833333333333333,0.9833333333333333,0.3999999999999999,0.1530461270670147,0.6477168949771689,
holdout_genre_science,length-only,full,source=rusltc,73,0.8767123287671232,0.7945205479452054,0.9452054794520548,0.28593423078441427,0.01416666666666666,0.6705249679897567,
holdout_genre_science,length-only,full,source=spbgu,59,0.1864406779661017,0.1864406779661017,0.1864406779661017,-0.5282407624771115,-0.697617293048391,-0.24045990682921992,
holdout_genre_science,length-only,full,source=urfu,48,0.020833333333333332,0.020833333333333332,0.020833333333333332,-0.6995967741935484,-0.8654542920847268,-0.45993589743589747,
holdout_genre_seo,main,full,весь человеческий тест,657,0.1537290715372907,0.08478260869565217,0.24036281179138322,,,,
holdout_genre_seo,main,full,HH-formal-register,167,0.15568862275449102,0.07692307692307693,0.40625,0.002627398264695102,-0.12959658795604206,0.2625426513332491,
holdout_genre_seo,main,full,HH-polished,180,0.17777777777777778,0.03333333333333333,0.4666666666666667,0.033123689727463324,-0.16119554204660588,0.3384615384615385,
holdout_genre_seo,main,full,HH-translation,73,0.0684931506849315,0.0136986301369863,0.1232876712328767,-0.0958904109589041,-0.20692487106205446,0.005826693227091631,
holdout_genre_seo,main,full,genre=news,180,0.17777777777777778,0.03333333333333333,0.4666666666666667,0.033123689727463324,-0.16119554204660588,0.3384615384615385,
holdout_genre_seo,main,full,genre=science,167,0.15568862275449102,0.07692307692307693,0.40625,0.002627398264695102,-0.12959658795604206,0.2625426513332491,
holdout_genre_seo,main,full,genre=seo,237,0.16033755274261605,0.07636363636363637,0.2569444444444444,0.010337552742616052,-0.14356435643564353,0.14793759915388682,
holdout_genre_seo,main,full,genre=translation,73,0.0684931506849315,0.0136986301369863,0.1232876712328767,-0.0958904109589041,-0.20692487106205446,0.005826693227091631,
holdout_genre_seo,main,full,hh_all,420,0.15,0.06464646464646465,0.275974025974026,-0.010337552742616052,-0.14793759915388682,0.14356435643564353,
holdout_genre_seo,main,full,len_long,214,0.19626168224299065,0.10181818181818182,0.3623853211009174,0.06307883799919833,-0.07176772362604375,0.2449187653196243,
holdout_genre_seo,main,full,len_mid,200,0.155,0.08536585365853659,0.25333333333333335,0.0018271334792122618,-0.06802168021680216,0.07385637438728074,
holdout_genre_seo,main,full,len_short,243,0.11522633744855967,0.016853932584269662,0.23783783783783785,-0.06110216496689927,-0.1855958435767535,0.042295038820897496,
holdout_genre_seo,main,full,source=alaev,21,0.0,0.0,0.0,-0.15880503144654087,-0.24386503067484663,-0.09023668639053255,
holdout_genre_seo,main,full,source=buriy_2014,60,0.03333333333333333,0.03333333333333333,0.03333333333333333,-0.1324958123953099,-0.2194666666666667,-0.06126126126126127,
holdout_genre_seo,main,full,source=convertmonster,1,0.0,0.0,0.0,-0.15396341463414634,-0.23734177215189872,-0.0871559633027523,малая выборка
holdout_genre_seo,main,full,source=cyberleninka,60,0.35,0.22058823529411764,0.47058823529411764,0.2159966499162479,0.0481203007518797,0.36131322094055013,
holdout_genre_seo,main,full,source=devaka_ru,33,0.12121212121212122,0.12121212121212122,0.12121212121212122,-0.034236596736596736,-0.12254987494910718,0.035438062634715356,
holdout_genre_seo,main,full,source=drmax,23,0.4782608695652174,0.4782608695652174,0.4782608695652174,0.3363050336030723,0.2527363940407419,0.400061817432516,
holdout_genre_seo,main,full,source=drmax_su,8,0.5,0.5,0.5,0.35053929121725735,0.2662565905096661,0.4180952380952381,малая выборка
holdout_genre_seo,main,full,source=gazeta,60,0.03333333333333333,0.03333333333333333,0.03333333333333333,-0.1324958123953099,-0.22232277526395172,-0.05903614457831325,
holdout_genre_seo,main,full,source=labrika,4,0.5,0.5,0.5,0.34839203675344566,0.2647887323943662,0.4151376146788991,малая выборка
holdout_genre_seo,main,full,source=lenta,60,0.4666666666666667,0.4666666666666667,0.4666666666666667,0.3443886097152429,0.280225988700565,0.3892926924579914,
holdout_genre_seo,main,full,source=madcats,30,0.1,0.1,0.1,-0.05629984051036682,-0.14365482233502538,0.013713405238828968,
holdout_genre_seo,main,full,source=madcats_ru,11,0.09090909090909091,0.09090909090909091,0.09090909090909091,-0.06388967070081622,-0.1493044322225817,0.0031347962382445166,малая выборка
holdout_genre_seo,main,full,source=optimizatorsha_ru,5,0.0,0.0,0.0,-0.1549079754601227,-0.2398190045248869,-0.08722741433021806,малая выборка
holdout_genre_seo,main,full,source=rusltc,73,0.0684931506849315,0.0136986301369863,0.1232876712328767,-0.0958904109589041,-0.20692487106205446,0.005826693227091631,
holdout_genre_seo,main,full,source=seoprofy_ua,3,0.0,0.0,0.0,-0.154434250764526,-0.23724137931034484,-0.08819714656290532,малая выборка
holdout_genre_seo,main,full,source=seopulses,12,0.0,0.0,0.0,-0.15658914728682172,-0.24166666666666667,-0.08895265423242468,малая выборка
holdout_genre_seo,main,full,source=seopulses_ru,5,0.0,0.0,0.0,-0.1549079754601227,-0.24052287581699347,-0.08806818181818182,малая выборка
holdout_genre_seo,main,full,source=shakin,18,0.0,0.0,0.0,-0.15805946791862285,-0.24468085106382978,-0.08972503617945007,малая выборка
holdout_genre_seo,main,full,source=shakin_ru,3,0.0,0.0,0.0,-0.154434250764526,-0.23890784982935154,-0.08636977058029689,малая выборка
holdout_genre_seo,main,full,source=sosnovskij,19,0.3157894736842105,0.3157894736842105,0.3157894736842105,0.1668866523675961,0.08049535603715169,0.2357894736842105,малая выборка
holdout_genre_seo,main,full,source=sosnovskij_ru,17,0.058823529411764705,0.058823529411764705,0.058823529411764705,-0.0974264705882353,-0.18351223701159297,-0.029226785053644094,малая выборка
holdout_genre_seo,main,full,source=spbgu,59,0.01694915254237288,0.01694915254237288,0.01694915254237288,-0.15027492772518564,-0.23626185663193905,-0.08022181916734422,
holdout_genre_seo,main,full,source=author_archive,6,0.0,0.0,0.0,-0.15514592933947774,-0.241869918699187,-0.08714285714285715,малая выборка
holdout_genre_seo,main,full,source=texterra_ru,18,0.3333333333333333,0.3333333333333333,0.3333333333333333,0.1846635367762128,0.09657836644591611,0.2517361111111111,малая выборка
holdout_genre_seo,main,full,source=urfu,48,0.08333333333333333,0.08333333333333333,0.08333333333333333,-0.07594417077175698,-0.16402396053558843,-0.002997601918465237,
holdout_genre_seo,main,net,весь человеческий тест,657,0.3926940639269406,0.3049095607235142,0.4845679012345679,,,,
holdout_genre_seo,main,net,HH-formal-register,167,0.5688622754491018,0.49295774647887325,0.78125,0.23620921422461205,0.0957888493475682,0.4600996264009962,
holdout_genre_seo,main,net,HH-polished,180,0.2611111111111111,0.11666666666666667,0.5166666666666667,-0.1812368972746331,-0.3678907721280602,0.09400871459694993,
holdout_genre_seo,main,net,HH-translation,73,0.2054794520547945,0.1232876712328767,0.3013698630136986,-0.2106164383561644,-0.3571863117870723,-0.07354066985645935,
holdout_genre_seo,main,net,genre=news,180,0.2611111111111111,0.11666666666666667,0.5166666666666667,-0.1812368972746331,-0.3678907721280602,0.09400871459694993,
holdout_genre_seo,main,net,genre=science,167,0.5688622754491018,0.49295774647887325,0.78125,0.23620921422461205,0.0957888493475682,0.4600996264009962,
holdout_genre_seo,main,net,genre=seo,237,0.42616033755274263,0.2909090909090909,0.5655737704918032,0.052350813743218816,-0.1246799795186892,0.24118728489279373,
holdout_genre_seo,main,net,genre=translation,73,0.2054794520547945,0.1232876712328767,0.3013698630136986,-0.2106164383561644,-0.3571863117870723,-0.07354066985645935,
holdout_genre_seo,main,net,hh_all,420,0.3738095238095238,0.26129666011787817,0.49404761904761907,-0.052350813743218816,-0.24118728489279373,0.1246799795186892,
holdout_genre_seo,main,net,len_long,214,0.5700934579439252,0.4972972972972973,0.6804123711340206,0.2630957152802683,0.1388324873096447,0.3948675610595115,
holdout_genre_seo,main,net,len_mid,200,0.38,0.27906976744186046,0.5,-0.018249452954048118,-0.10117647058823526,0.08665543702040052,
holdout_genre_seo,main,net,len_short,243,0.24691358024691357,0.12568306010928962,0.375,-0.23134728931830384,-0.371932967214274,-0.10456485351981842,
holdout_genre_seo,main,net,source=alaev,21,0.0,0.0,0.0,-0.4056603773584906,-0.4970501474926254,-0.31852986217457885,
holdout_genre_seo,main,net,source=buriy_2014,60,0.11666666666666667,0.11666666666666667,0.11666666666666667,-0.3037688442211055,-0.38877995642701524,-0.21765725606736006,
holdout_genre_seo,main,net,source=convertmonster,1,0.0,0.0,0.0,-0.3932926829268293,-0.48567335243553006,-0.30329289428076256,малая выборка
holdout_genre_seo,main,net,source=cyberleninka,60,0.7166666666666667,0.5740740740740741,0.8620689655172413,0.3565326633165829,0.17603748326639895,0.5361696032087093,
holdout_genre_seo,main,net,source=devaka_ru,33,0.3939393939393939,0.3939393939393939,0.3939393939393939,0.0013111888111888015,-0.09494949494949495,0.09628926339109106,
holdout_genre_seo,main,net,source=drmax,23,0.8260869565217391,0.8260869565217391,0.8260869565217391,0.4491153476889316,0.35920998491290634,0.5371980676328503,
holdout_genre_seo,main,net,source=drmax_su,8,0.75,0.75,0.75,0.3617103235747304,0.2690311418685121,0.45,малая выборка
holdout_genre_seo,main,net,source=gazeta,60,0.15,0.15,0.15,-0.2670854271356784,-0.35285714285714287,-0.1757372654155496,
holdout_genre_seo,main,net,source=labrika,4,0.75,0.75,0.75,0.3594946401225115,0.26622874806800617,0.44961489088575096,малая выборка
holdout_genre_seo,main,net,source=lenta,60,0.5166666666666667,0.5166666666666667,0.5166666666666667,0.13643216080402015,0.03548827059465365,0.22845705967976715,
holdout_genre_seo,main,net,source=madcats,30,0.3,0.3,0.3,-0.09712918660287084,-0.19483204134366927,-0.0031609195402299006,
holdout_genre_seo,main,net,source=madcats_ru,11,0.5454545454545454,0.5454545454545454,0.5454545454545454,0.15536166619757946,0.06504568685147899,0.24412121212121207,малая выборка
holdout_genre_seo,main,net,source=optimizatorsha_ru,5,0.2,0.2,0.2,-0.19417177914110428,-0.28847926267281104,-0.10334190231362467,малая выборка
holdout_genre_seo,main,net,source=rusltc,73,0.2054794520547945,0.1232876712328767,0.3013698630136986,-0.2106164383561644,-0.3571863117870723,-0.07354066985645935,
holdout_genre_seo,main,net,source=seoprofy_ua,3,0.6666666666666666,0.6666666666666666,0.6666666666666666,0.2752293577981651,0.18326118326118324,0.36538461538461536,малая выборка
holdout_genre_seo,main,net,source=seopulses,12,0.3333333333333333,0.3333333333333333,0.3333333333333333,-0.06046511627906981,-0.15375153751537518,0.030078895463510835,малая выборка
holdout_genre_seo,main,net,source=seopulses_ru,5,0.8,0.8,0.8,0.41042944785276075,0.3200553250345782,0.499685534591195,малая выборка
holdout_genre_seo,main,net,source=shakin,18,0.05555555555555555,0.05555555555555555,0.05555555555555555,-0.34663536776212833,-0.43971854652383957,-0.2534926230578405,малая выборка
holdout_genre_seo,main,net,source=shakin_ru,3,0.0,0.0,0.0,-0.3944954128440367,-0.4864864864864865,-0.306970509383378,малая выборка
holdout_genre_seo,main,net,source=sosnovskij,19,0.631578947368421,0.631578947368421,0.631578947368421,0.24599901006434577,0.15183481090786666,0.33944411590774687,малая выборка
holdout_genre_seo,main,net,source=sosnovskij_ru,17,0.5882352941176471,0.5882352941176471,0.5882352941176471,0.20073529411764707,0.10658391797085809,0.29188888004457536,малая выборка
holdout_genre_seo,main,net,source=spbgu,59,0.4406779661016949,0.4406779661016949,0.4406779661016949,0.0527180998809591,-0.048251923197198066,0.14799503927242663,
holdout_genre_seo,main,net,source=author_archive,6,0.16666666666666666,0.16666666666666666,0.16666666666666666,-0.228110599078341,-0.32163286531461255,-0.1380778588807786,малая выборка
holdout_genre_seo,main,net,source=texterra_ru,18,0.5555555555555556,0.5555555555555556,0.5555555555555556,0.16744913928012523,0.07341269841269843,0.2586053147850901,малая выборка
holdout_genre_seo,main,net,source=urfu,48,0.5416666666666666,0.5416666666666666,0.5416666666666666,0.1607142857142857,0.06388888888888883,0.2525238095238095,
holdout_genre_seo,format-only,full,весь человеческий тест,657,0.0076103500761035,0.001221001221001221,0.019438444924406047,,,,
holdout_genre_seo,format-only,full,HH-formal-register,167,0.017964071856287425,0.0,0.08571428571428572,0.0138824392032262,-0.006896551724137931,0.08011471825853922,
holdout_genre_seo,format-only,full,HH-polished,180,0.0,0.0,0.0,-0.010482180293501049,-0.02564102564102564,-0.0017421602787456446,
holdout_genre_seo,format-only,full,HH-translation,73,0.0,0.0,0.0,-0.008561643835616438,-0.022123893805309734,-0.001349527665317139,
holdout_genre_seo,format-only,full,genre=news,180,0.0,0.0,0.0,-0.010482180293501049,-0.02564102564102564,-0.0017421602787456446,
holdout_genre_seo,format-only,full,genre=science,167,0.017964071856287425,0.0,0.08571428571428572,0.0138824392032262,-0.006896551724137931,0.08011471825853922,
holdout_genre_seo,format-only,full,genre=seo,237,0.008438818565400843,0.0,0.025,0.0012959614225437005,-0.018356835959017298,0.02016865910302292,
holdout_genre_seo,format-only,full,genre=translation,73,0.0,0.0,0.0,-0.008561643835616438,-0.022123893805309734,-0.001349527665317139,
holdout_genre_seo,format-only,full,hh_all,420,0.007142857142857143,0.0,0.026041666666666668,-0.0012959614225437005,-0.02016865910302292,0.018356835959017298,
holdout_genre_seo,format-only,full,len_long,214,0.014018691588785047,0.0,0.04504504504504504,0.009504018902554798,-0.0032102728731942215,0.03884523932595886,
holdout_genre_seo,format-only,full,len_mid,200,0.005,0.0,0.017777777777777778,-0.0037527352297592994,-0.01583992331655883,0.006109892001204768,
holdout_genre_seo,format-only,full,len_short,243,0.00411522633744856,0.0,0.01694915254237288,-0.00554660941134371,-0.02346041055718475,0.010163983979445327,
holdout_genre_seo,format-only,full,source=alaev,21,0.0,0.0,0.0,-0.007861635220125786,-0.019927536231884056,-0.001288659793814433,
holdout_genre_seo,format-only,full,source=buriy_2014,60,0.0,0.0,0.0,-0.008375209380234505,-0.021176470588235293,-0.001402524544179523,
holdout_genre_seo,format-only,full,source=convertmonster,1,0.0,0.0,0.0,-0.007621951219512195,-0.019438444924406047,-0.0012165450121654502,малая выборка
holdout_genre_seo,format-only,full,source=cyberleninka,60,0.05,0.0,0.14814814814814814,0.0466499162479062,-0.005291005291005291,0.14093036058353978,
holdout_genre_seo,format-only,full,source=devaka_ru,33,0.0,0.0,0.0,-0.008012820512820512,-0.01990049751243781,-0.0013020833333333333,
holdout_genre_seo,format-only,full,source=drmax,23,0.0,0.0,0.0,-0.007886435331230283,-0.0196078431372549,-0.001314060446780552,
holdout_genre_seo,format-only,full,source=drmax_su,8,0.0,0.0,0.0,-0.007704160246533128,-0.01929824561403509,-0.0012300123001230013,малая выборка
holdout_genre_seo,format-only,full,source=gazeta,60,0.0,0.0,0.0,-0.008375209380234505,-0.020905923344947737,-0.0013623978201634877,
holdout_genre_seo,format-only,full,source=labrika,4,0.0,0.0,0.0,-0.007656967840735069,-0.01877133105802048,-0.0012515644555694619,малая выборка
holdout_genre_seo,format-only,full,source=lenta,60,0.0,0.0,0.0,-0.008375209380234505,-0.020497803806734993,-0.0013351134846461949,
holdout_genre_seo,format-only,full,source=madcats,30,0.0,0.0,0.0,-0.007974481658692184,-0.019867549668874173,-0.0012345679012345679,
holdout_genre_seo,format-only,full,source=madcats_ru,11,0.0,0.0,0.0,-0.007739938080495356,-0.0192,-0.0012254901960784314,малая выборка
holdout_genre_seo,format-only,full,source=optimizatorsha_ru,5,0.0,0.0,0.0,-0.007668711656441718,-0.01904761904761905,-0.0012755102040816326,малая выборка
holdout_genre_seo,format-only,full,source=rusltc,73,0.0,0.0,0.0,-0.008561643835616438,-0.022123893805309734,-0.001349527665317139,
holdout_genre_seo,format-only,full,source=seoprofy_ua,3,0.0,0.0,0.0,-0.00764525993883792,-0.018796992481203006,-0.0012224938875305623,малая выборка
holdout_genre_seo,format-only,full,source=seopulses,12,0.0,0.0,0.0,-0.007751937984496124,-0.01929260450160772,-0.0012706480304955528,малая выборка
holdout_genre_seo,format-only,full,source=seopulses_ru,5,0.2,0.2,0.2,0.19386503067484664,0.18327759197324417,0.2,малая выборка
holdout_genre_seo,format-only,full,source=shakin,18,0.0,0.0,0.0,-0.00782472613458529,-0.019332161687170474,-0.0012594458438287153,малая выборка
holdout_genre_seo,format-only,full,source=shakin_ru,3,0.0,0.0,0.0,-0.00764525993883792,-0.01867219917012448,-0.001226993865030675,малая выборка
holdout_genre_seo,format-only,full,source=sosnovskij,19,0.0,0.0,0.0,-0.007836990595611285,-0.019753086419753086,-0.0012674271229404308,малая выборка
holdout_genre_seo,format-only,full,source=sosnovskij_ru,17,0.0,0.0,0.0,-0.0078125,-0.019736842105263157,-0.0012658227848101266,малая выборка
holdout_genre_seo,format-only,full,source=spbgu,59,0.0,0.0,0.0,-0.008361204013377926,-0.020876826722338204,-0.0014265335235378032,
holdout_genre_seo,format-only,full,source=author_archive,6,0.16666666666666666,0.16666666666666666,0.16666666666666666,0.1605222734254992,0.14965986394557823,0.16666666666666666,малая выборка
holdout_genre_seo,format-only,full,source=texterra_ru,18,0.0,0.0,0.0,-0.00782472613458529,-0.01971326164874552,-0.0012610340479192938,малая выборка
holdout_genre_seo,format-only,full,source=urfu,48,0.0,0.0,0.0,-0.008210180623973728,-0.020202020202020204,-0.0013333333333333333,
holdout_genre_seo,length-only,full,весь человеческий тест,657,0.6864535768645358,0.5149105367793241,0.8336520076481836,,,,
holdout_genre_seo,length-only,full,HH-formal-register,167,0.281437125748503,0.15673981191222572,0.7049180327868853,-0.5430526701698644,-0.6927400171270893,-0.0947030497592295,
holdout_genre_seo,length-only,full,HH-polished,180,0.9055555555555556,0.8333333333333334,0.9833333333333333,0.3017819706498952,0.08639798488664985,0.4887978142076503,
holdout_genre_seo,length-only,full,HH-translation,73,0.7945205479452054,0.6986301369863014,0.8904109589041096,0.12157534246575341,-0.07901995305164322,0.3327693175408912,
holdout_genre_seo,length-only,full,genre=news,180,0.9055555555555556,0.8333333333333334,0.9833333333333333,0.3017819706498952,0.08639798488664985,0.4887978142076503,
holdout_genre_seo,length-only,full,genre=science,167,0.281437125748503,0.15673981191222572,0.7049180327868853,-0.5430526701698644,-0.6927400171270893,-0.0947030497592295,
holdout_genre_seo,length-only,full,genre=seo,237,0.7721518987341772,0.6127450980392157,0.8805309734513275,0.13405666063893917,-0.1468590831918506,0.41183891314895676,
holdout_genre_seo,length-only,full,genre=translation,73,0.7945205479452054,0.6986301369863014,0.8904109589041096,0.12157534246575341,-0.07901995305164322,0.3327693175408912,
holdout_genre_seo,length-only,full,hh_all,420,0.638095238095238,0.39201451905626133,0.8576158940397351,-0.13405666063893917,-0.41183891314895676,0.1468590831918506,
holdout_genre_seo,length-only,full,len_long,214,0.22897196261682243,0.10416666666666667,0.46408839779005523,-0.6784772473154576,-0.8006204321993795,-0.4357551896921975,
holdout_genre_seo,length-only,full,len_mid,200,0.8,0.7176470588235294,0.875,0.16323851203501094,-0.035437970026510834,0.3660335457778901,
holdout_genre_seo,length-only,full,len_short,243,0.9958847736625515,0.9896193771626297,1.0,0.4910538557881553,0.28515625,0.6577777777777778,
holdout_genre_seo,length-only,full,source=alaev,21,0.8571428571428571,0.8571428571428571,0.8571428571428571,0.176325247079964,0.014969506560709611,0.34810671256454384,
holdout_genre_seo,length-only,full,source=buriy_2014,60,0.8333333333333334,0.8333333333333334,0.8333333333333334,0.16164154103852602,-0.005922165820642977,0.33859649122807023,
holdout_genre_seo,length-only,full,source=convertmonster,1,1.0,1.0,1.0,0.3140243902439024,0.16190476190476188,0.4869402985074627,малая выборка
holdout_genre_seo,length-only,full,source=cyberleninka,60,0.65,0.5416666666666666,0.7954545454545454,-0.04011725293132329,-0.24714933369968406,0.1902545699226198,
holdout_genre_seo,length-only,full,source=devaka_ru,33,0.9696969696969697,0.9696969696969697,0.9696969696969697,0.2982226107226108,0.13525988360425445,0.4762073863636364,
holdout_genre_seo,length-only,full,source=drmax,23,0.13043478260869565,0.13043478260869565,0.13043478260869565,-0.5761898230695378,-0.7265057273063185,-0.40571801411708874,
holdout_genre_seo,length-only,full,source=drmax_su,8,0.5,0.5,0.5,-0.18875192604006163,-0.34565916398713825,-0.019607843137254943,малая выборка
holdout_genre_seo,length-only,full,source=gazeta,60,0.9833333333333333,0.9833333333333333,0.9833333333333333,0.326716917922948,0.1628205128205128,0.49706515885837366,
holdout_genre_seo,length-only,full,source=labrika,4,0.75,0.75,0.75,0.06393568147013784,-0.0911764705882353,0.2338709677419355,малая выборка
holdout_genre_seo,length-only,full,source=lenta,60,0.9,0.9,0.9,0.23500837520938023,0.06386554621848739,0.41148225469728605,
holdout_genre_seo,length-only,full,source=madcats,30,0.8,0.8,0.8,0.1189792663476874,-0.0427128427128427,0.29438202247191014,
holdout_genre_seo,length-only,full,source=madcats_ru,11,0.7272727272727273,0.7272727272727273,0.7272727272727273,0.04151421334083871,-0.11704961704961703,0.21302578018995932,малая выборка
holdout_genre_seo,length-only,full,source=optimizatorsha_ru,5,0.8,0.8,0.8,0.11441717791411044,-0.04158415841584151,0.28165137614678903,малая выборка
holdout_genre_seo,length-only,full,source=rusltc,73,0.7945205479452054,0.6986301369863014,0.8904109589041096,0.12157534246575341,-0.07901995305164322,0.3327693175408912,
holdout_genre_seo,length-only,full,source=seoprofy_ua,3,0.6666666666666666,0.6666666666666666,0.6666666666666666,-0.01987767584097866,-0.17346383904295815,0.15124016938898965,малая выборка
holdout_genre_seo,length-only,full,source=seopulses,12,1.0,1.0,1.0,0.3193798449612403,0.1620553359683794,0.4891640866873065,малая выборка
holdout_genre_seo,length-only,full,source=seopulses_ru,5,1.0,1.0,1.0,0.3159509202453987,0.15984405458089668,0.4839160839160839,малая выборка
holdout_genre_seo,length-only,full,source=shakin,18,0.8888888888888888,0.8888888888888888,0.8888888888888888,0.2081377151799686,0.04719004719004716,0.37813620071684584,малая выборка
holdout_genre_seo,length-only,full,source=shakin_ru,3,1.0,1.0,1.0,0.31498470948012236,0.15954118873826906,0.48406374501992033,малая выборка
holdout_genre_seo,length-only,full,source=sosnovskij,19,0.7368421052631579,0.7368421052631579,0.7368421052631579,0.051889127206731556,-0.10810810810810811,0.21950507336301917,малая выборка
holdout_genre_seo,length-only,full,source=sosnovskij_ru,17,0.8823529411764706,0.8823529411764706,0.8823529411764706,0.20110294117647054,0.04024767801857587,0.3673027739523903,малая выборка
holdout_genre_seo,length-only,full,source=spbgu,59,0.11864406779661017,0.11864406779661017,0.11864406779661017,-0.6238308485913496,-0.7377915757677462,-0.4645665360325504,
holdout_genre_seo,length-only,full,source=author_archive,6,0.8333333333333334,0.8333333333333334,0.8333333333333334,0.1482334869431644,-0.007146941109205218,0.32055961070559613,малая выборка
holdout_genre_seo,length-only,full,source=texterra_ru,18,0.7777777777777778,0.7777777777777778,0.7777777777777778,0.0938967136150235,-0.06666666666666665,0.26847545219638247,малая выборка
holdout_genre_seo,length-only,full,source=urfu,48,0.020833333333333332,0.020833333333333332,0.020833333333333332,-0.7180829228243021,-0.8368794326241135,-0.566231343283582,
holdout_genre_translation,main,full,весь человеческий тест,420,0.05476190476190476,0.020202020202020204,0.10344827586206896,,,,
holdout_genre_translation,main,full,HH-formal-register,167,0.0718562874251497,0.015463917525773196,0.22580645161290322,0.028378026555584482,-0.04238605898123325,0.1888320545609548,
holdout_genre_translation,main,full,HH-polished,180,0.05,0.0,0.11666666666666667,-0.008333333333333331,-0.10335731414868107,0.07390350877192983,
holdout_genre_translation,main,full,HH-translation,73,0.0273972602739726,0.0,0.0684931506849315,-0.03312147171450002,-0.11046511627906977,0.02501437607820587,
holdout_genre_translation,main,full,genre=news,180,0.05,0.0,0.11666666666666667,-0.008333333333333331,-0.10335731414868107,0.07390350877192983,
holdout_genre_translation,main,full,genre=science,167,0.0718562874251497,0.015463917525773196,0.22580645161290322,0.028378026555584482,-0.04238605898123325,0.1888320545609548,
holdout_genre_translation,main,full,genre=translation,73,0.0273972602739726,0.0,0.0684931506849315,-0.03312147171450002,-0.11046511627906977,0.02501437607820587,
holdout_genre_translation,main,full,hh_all,420,0.05476190476190476,0.020202020202020204,0.10344827586206896,,,,
holdout_genre_translation,main,full,len_long,139,0.05755395683453238,0.016129032258064516,0.22,0.004173173916382909,-0.04585354585354586,0.1607843137254902,
holdout_genre_translation,main,full,len_mid,104,0.057692307692307696,0.011363636363636364,0.128,0.0038948393378773136,-0.05104282536151279,0.0637109019131491,
holdout_genre_translation,main,full,len_short,177,0.05084745762711865,0.0,0.10087719298245613,-0.0067657110971611895,-0.11162660356208742,0.0602609464838567,
holdout_genre_translation,main,full,source=buriy_2014,60,0.03333333333333333,0.03333333333333333,0.03333333333333333,-0.025,-0.08231292517006802,0.013559322033898303,
holdout_genre_translation,main,full,source=cyberleninka,60,0.18333333333333332,0.0425531914893617,0.2923076923076923,0.15,0.006058091286307049,0.26488569909622545,
holdout_genre_translation,main,full,source=gazeta,60,0.0,0.0,0.0,-0.06388888888888888,-0.11702127659574468,-0.026627218934911243,
holdout_genre_translation,main,full,source=lenta,60,0.11666666666666667,0.11666666666666667,0.11666666666666667,0.07222222222222222,0.01716417910447761,0.1012141280353201,
holdout_genre_translation,main,full,source=rusltc,73,0.0273972602739726,0.0,0.0684931506849315,-0.03312147171450002,-0.11046511627906977,0.02501437607820587,
holdout_genre_translation,main,full,source=spbgu,59,0.0,0.0,0.0,-0.06371191135734072,-0.11616161616161616,-0.02601156069364162,
holdout_genre_translation,main,full,source=urfu,48,0.020833333333333332,0.020833333333333332,0.020833333333333332,-0.03830645161290323,-0.09570802005012531,-0.0006977671451355687,
holdout_genre_translation,main,net,весь человеческий тест,420,0.08571428571428572,0.05555555555555555,0.14220183486238533,,,,
holdout_genre_translation,main,net,HH-formal-register,167,0.10778443113772455,0.048327137546468404,0.2875,0.03663818607843601,-0.037995337995338,0.2188659247482777,
holdout_genre_translation,main,net,HH-polished,180,0.06111111111111111,0.03333333333333333,0.08333333333333333,-0.04305555555555556,-0.13908045977011496,0.011344211344211347,
holdout_genre_translation,main,net,HH-translation,73,0.0958904109589041,0.0410958904109589,0.1643835616438356,0.012316923927203821,-0.08279232111692844,0.09047619047619047,
holdout_genre_translation,main,net,genre=news,180,0.06111111111111111,0.03333333333333333,0.08333333333333333,-0.04305555555555556,-0.13908045977011496,0.011344211344211347,
holdout_genre_translation,main,net,genre=science,167,0.10778443113772455,0.048327137546468404,0.2875,0.03663818607843601,-0.037995337995338,0.2188659247482777,
holdout_genre_translation,main,net,genre=translation,73,0.0958904109589041,0.0410958904109589,0.1643835616438356,0.012316923927203821,-0.08279232111692844,0.09047619047619047,
holdout_genre_translation,main,net,hh_all,420,0.08571428571428572,0.05555555555555555,0.14220183486238533,,,,
holdout_genre_translation,main,net,len_long,139,0.06474820143884892,0.031578947368421054,0.18181818181818182,-0.031337207813820114,-0.09003281378178835,0.07341772151898734,
holdout_genre_translation,main,net,len_mid,104,0.10576923076923077,0.04918032786885246,0.2127659574468085,0.02665530671859785,-0.031260746956461936,0.12606196901549227,
holdout_genre_translation,main,net,len_short,177,0.0903954802259887,0.05660377358490566,0.14,0.008090953477017507,-0.07307282192811891,0.06256410256410255,
holdout_genre_translation,main,net,source=buriy_2014,60,0.03333333333333333,0.03333333333333333,0.03333333333333333,-0.06111111111111111,-0.12795698924731183,-0.02744014732965009,
holdout_genre_translation,main,net,source=cyberleninka,60,0.25,0.1282051282051282,0.336734693877551,0.19166666666666665,0.06737032282603528,0.281524926686217,
holdout_genre_translation,main,net,source=gazeta,60,0.08333333333333333,0.08333333333333333,0.08333333333333333,-0.002777777777777782,-0.07508250825082509,0.03011825572801182,
holdout_genre_translation,main,net,source=lenta,60,0.06666666666666667,0.06666666666666667,0.06666666666666667,-0.022222222222222227,-0.08644338118022328,0.012682090831191088,
holdout_genre_translation,main,net,source=rusltc,73,0.0958904109589041,0.0410958904109589,0.1643835616438356,0.012316923927203821,-0.08279232111692844,0.09047619047619047,
holdout_genre_translation,main,net,source=spbgu,59,0.01694915254237288,0.01694915254237288,0.01694915254237288,-0.08000375604488474,-0.14146668904178553,-0.04769731210409177,
holdout_genre_translation,main,net,source=urfu,48,0.041666666666666664,0.041666666666666664,0.041666666666666664,-0.04973118279569893,-0.11647286821705427,-0.016901663051337674,
holdout_genre_translation,format-only,full,весь человеческий тест,420,0.009523809523809525,0.0,0.030303030303030304,,,,
holdout_genre_translation,format-only,full,HH-formal-register,167,0.017964071856287425,0.0,0.08571428571428572,0.01401150268632695,-0.011857707509881422,0.08181818181818182,
holdout_genre_translation,format-only,full,HH-polished,180,0.0,0.0,0.0,-0.016666666666666666,-0.050724637681159424,0.0,
holdout_genre_translation,format-only,full,HH-translation,73,0.0136986301369863,0.0,0.0410958904109589,0.005053096995775925,-0.02805836139169473,0.039473684210526314,
holdout_genre_translation,format-only,full,genre=news,180,0.0,0.0,0.0,-0.016666666666666666,-0.050724637681159424,0.0,
holdout_genre_translation,format-only,full,genre=science,167,0.017964071856287425,0.0,0.08571428571428572,0.01401150268632695,-0.011857707509881422,0.08181818181818182,
holdout_genre_translation,format-only,full,genre=translation,73,0.0136986301369863,0.0,0.0410958904109589,0.005053096995775925,-0.02805836139169473,0.039473684210526314,
holdout_genre_translation,format-only,full,hh_all,420,0.009523809523809525,0.0,0.030303030303030304,,,,
holdout_genre_translation,format-only,full,len_long,139,0.02158273381294964,0.0,0.10256410256410256,0.018024014951739678,0.0,0.10004100041000409,
holdout_genre_translation,format-only,full,len_mid,104,0.009615384615384616,0.0,0.038461538461538464,0.00012171372930866627,-0.017777777777777778,0.020676691729323307,
holdout_genre_translation,format-only,full,len_short,177,0.0,0.0,0.0,-0.01646090534979424,-0.05194805194805195,0.0,
holdout_genre_translation,format-only,full,source=buriy_2014,60,0.0,0.0,0.0,-0.011111111111111112,-0.03643724696356275,0.0,
holdout_genre_translation,format-only,full,source=cyberleninka,60,0.05,0.0,0.14814814814814814,0.04722222222222223,-0.006493506493506494,0.14014711575687186,
holdout_genre_translation,format-only,full,source=gazeta,60,0.0,0.0,0.0,-0.011111111111111112,-0.034653465346534656,0.0,
holdout_genre_translation,format-only,full,source=lenta,60,0.0,0.0,0.0,-0.011111111111111112,-0.0335195530726257,0.0,
holdout_genre_translation,format-only,full,source=rusltc,73,0.0136986301369863,0.0,0.0410958904109589,0.005053096995775925,-0.02805836139169473,0.039473684210526314,
holdout_genre_translation,format-only,full,source=spbgu,59,0.0,0.0,0.0,-0.0110803324099723,-0.03501945525291829,0.0,
holdout_genre_translation,format-only,full,source=urfu,48,0.0,0.0,0.0,-0.010752688172043012,-0.03571428571428571,0.0,
holdout_genre_translation,length-only,full,весь человеческий тест,420,0.6404761904761904,0.3793103448275862,0.8603238866396761,,,,
holdout_genre_translation,length-only,full,HH-formal-register,167,0.20359281437125748,0.10655737704918032,0.4189189189189189,-0.7252609405694539,-0.8333333333333333,-0.4952540480178671,
holdout_genre_translation,length-only,full,HH-polished,180,0.95,0.8666666666666667,1.0,0.5416666666666666,0.24692367601246112,0.6988391376451079,
holdout_genre_translation,length-only,full,HH-translation,73,0.8767123287671232,0.7945205479452054,0.9452054794520548,0.28593423078441427,0.01416666666666666,0.6705249679897567,
holdout_genre_translation,length-only,full,genre=news,180,0.95,0.8666666666666667,1.0,0.5416666666666666,0.24692367601246112,0.6988391376451079,
holdout_genre_translation,length-only,full,genre=science,167,0.20359281437125748,0.10655737704918032,0.4189189189189189,-0.7252609405694539,-0.8333333333333333,-0.4952540480178671,
holdout_genre_translation,length-only,full,genre=translation,73,0.8767123287671232,0.7945205479452054,0.9452054794520548,0.28593423078441427,0.01416666666666666,0.6705249679897567,
holdout_genre_translation,length-only,full,hh_all,420,0.6404761904761904,0.3793103448275862,0.8603238866396761,,,,
holdout_genre_translation,length-only,full,len_long,139,0.04316546762589928,0.020833333333333332,0.10256410256410256,-0.8927775928723214,-0.9422547645012203,-0.7952871870397643,
holdout_genre_translation,length-only,full,len_mid,104,0.8269230769230769,0.7246376811594203,0.9090909090909091,0.24780915287244398,-0.02794693344932575,0.5231627296587926,
holdout_genre_translation,length-only,full,len_short,177,1.0,1.0,1.0,0.6213991769547325,0.35467980295566504,0.7887323943661972,
holdout_genre_translation,length-only,full,source=buriy_2014,60,0.8666666666666667,0.8666666666666667,0.8666666666666667,0.26388888888888895,0.007134894091415878,0.5292682926829269,
holdout_genre_translation,length-only,full,source=cyberleninka,60,0.36666666666666664,0.22388059701492538,0.4925373134328358,-0.3194444444444445,-0.6279449260581336,-0.003296703296703285,
holdout_genre_translation,length-only,full,source=gazeta,60,1.0,1.0,1.0,0.4194444444444444,0.17607973421926915,0.668141592920354,
holdout_genre_translation,length-only,full,source=lenta,60,0.9833333333333333,0.9833333333333333,0.9833333333333333,0.3999999999999999,0.1530461270670147,0.6477168949771689,
holdout_genre_translation,length-only,full,source=rusltc,73,0.8767123287671232,0.7945205479452054,0.9452054794520548,0.28593423078441427,0.01416666666666666,0.6705249679897567,
holdout_genre_translation,length-only,full,source=spbgu,59,0.1864406779661017,0.1864406779661017,0.1864406779661017,-0.5282407624771115,-0.697617293048391,-0.24045990682921992,
holdout_genre_translation,length-only,full,source=urfu,48,0.020833333333333332,0.020833333333333332,0.020833333333333332,-0.6995967741935484,-0.8654542920847268,-0.45993589743589747,
holdout_model_Anthropic,main,full,весь человеческий тест,420,0.06428571428571428,0.025423728813559324,0.12052117263843648,,,,
holdout_model_Anthropic,main,full,HH-formal-register,167,0.07784431137724551,0.021052631578947368,0.25,0.022508342997798872,-0.05789046846674935,0.1952380952380952,
holdout_model_Anthropic,main,full,HH-polished,180,0.06111111111111111,0.0,0.15,-0.005555555555555557,-0.11450381679389313,0.09736842105263158,
holdout_model_Anthropic,main,full,HH-translation,73,0.0410958904109589,0.0,0.0958904109589041,-0.0280683747187241,-0.11708860759493671,0.03974498100922409,
holdout_model_Anthropic,main,full,genre=news,180,0.06111111111111111,0.0,0.15,-0.005555555555555557,-0.11450381679389313,0.09736842105263158,
holdout_model_Anthropic,main,full,genre=science,167,0.07784431137724551,0.021052631578947368,0.25,0.022508342997798872,-0.05789046846674935,0.1952380952380952,
holdout_model_Anthropic,main,full,genre=translation,73,0.0410958904109589,0.0,0.0958904109589041,-0.0280683747187241,-0.11708860759493671,0.03974498100922409,
holdout_model_Anthropic,main,full,hh_all,420,0.06428571428571428,0.025423728813559324,0.12052117263843648,,,,
holdout_model_Anthropic,main,full,len_long,139,0.05755395683453238,0.015267175572519083,0.22916666666666666,-0.010061701528456951,-0.07117304627792774,0.15053516819571863,
holdout_model_Anthropic,main,full,len_mid,104,0.07692307692307693,0.02564102564102564,0.15873015873015872,0.016796494644595913,-0.05101258894362343,0.1005825529090775,
holdout_model_Anthropic,main,full,len_short,177,0.062146892655367235,0.0,0.12719298245614036,-0.0036967287438097254,-0.1255353628892233,0.07714442755989524,
holdout_model_Anthropic,main,full,source=buriy_2014,60,0.03333333333333333,0.03333333333333333,0.03333333333333333,-0.036111111111111115,-0.10046948356807511,0.00805243445692884,
holdout_model_Anthropic,main,full,source=cyberleninka,60,0.2,0.06521739130434782,0.31645569620253167,0.15833333333333335,0.017184265010351963,0.28228816722657707,
holdout_model_Anthropic,main,full,source=gazeta,60,0.0,0.0,0.0,-0.075,-0.13471502590673576,-0.032520325203252036,
holdout_model_Anthropic,main,full,source=lenta,60,0.15,0.15,0.15,0.09999999999999999,0.0400523560209424,0.12948717948717947,
holdout_model_Anthropic,main,full,source=rusltc,73,0.0410958904109589,0.0,0.0958904109589041,-0.0280683747187241,-0.11708860759493671,0.03974498100922409,
holdout_model_Anthropic,main,full,source=spbgu,59,0.0,0.0,0.0,-0.07479224376731301,-0.13270142180094788,-0.03167420814479638,
holdout_model_Anthropic,main,full,source=urfu,48,0.020833333333333332,0.020833333333333332,0.020833333333333332,-0.049059139784946235,-0.11166666666666668,-0.006377551020408163,
holdout_model_Anthropic,main,net,весь человеческий тест,420,0.09047619047619047,0.05442176870748299,0.140625,,,,
holdout_model_Anthropic,main,net,HH-formal-register,167,0.10179640718562874,0.040892193308550186,0.265625,0.018792454616458773,-0.055548942586200065,0.184940665218118,
holdout_model_Anthropic,main,net,HH-polished,180,0.08333333333333333,0.03333333333333333,0.13333333333333333,-0.012500000000000011,-0.11105169340463458,0.06008492569002123,
holdout_model_Anthropic,main,net,HH-translation,73,0.0821917808219178,0.0273972602739726,0.1506849315068493,-0.010027239350992853,-0.10146604938271606,0.0659062103929024,
holdout_model_Anthropic,main,net,genre=news,180,0.08333333333333333,0.03333333333333333,0.13333333333333333,-0.012500000000000011,-0.11105169340463458,0.06008492569002123,
holdout_model_Anthropic,main,net,genre=science,167,0.10179640718562874,0.040892193308550186,0.265625,0.018792454616458773,-0.055548942586200065,0.184940665218118,
holdout_model_Anthropic,main,net,genre=translation,73,0.0821917808219178,0.0273972602739726,0.1506849315068493,-0.010027239350992853,-0.10146604938271606,0.0659062103929024,
holdout_model_Anthropic,main,net,hh_all,420,0.09047619047619047,0.05442176870748299,0.140625,,,,
holdout_model_Anthropic,main,net,len_long,139,0.06474820143884892,0.02197802197802198,0.18181818181818182,-0.03845464553624005,-0.09272486772486772,0.06997632641693359,
holdout_model_Anthropic,main,net,len_mid,104,0.09615384615384616,0.044642857142857144,0.1917808219178082,0.007546251217137298,-0.05475072753149096,0.10672802980495287,
holdout_model_Anthropic,main,net,len_short,177,0.10734463276836158,0.04938271604938271,0.1509433962264151,0.02915533235683894,-0.062121425552894766,0.08551854476730451,
holdout_model_Anthropic,main,net,source=buriy_2014,60,0.03333333333333333,0.03333333333333333,0.03333333333333333,-0.06666666666666668,-0.12210708117443869,-0.027752639517345398,
holdout_model_Anthropic,main,net,source=cyberleninka,60,0.23333333333333334,0.1282051282051282,0.3,0.16666666666666669,0.056040422599908116,0.24404761904761907,
holdout_model_Anthropic,main,net,source=gazeta,60,0.08333333333333333,0.08333333333333333,0.08333333333333333,-0.008333333333333331,-0.06866666666666667,0.03160919540229885,
holdout_model_Anthropic,main,net,source=lenta,60,0.13333333333333333,0.13333333333333333,0.13333333333333333,0.05,-0.007407407407407418,0.08407224958949097,
holdout_model_Anthropic,main,net,source=rusltc,73,0.0821917808219178,0.0273972602739726,0.1506849315068493,-0.010027239350992853,-0.10146604938271606,0.0659062103929024,
holdout_model_Anthropic,main,net,source=spbgu,59,0.0,0.0,0.0,-0.10526315789473684,-0.15570934256055363,-0.07122507122507123,
holdout_model_Anthropic,main,net,source=urfu,48,0.0625,0.0625,0.0625,-0.031586021505376344,-0.09197154471544716,0.007305194805194808,
holdout_model_Anthropic,format-only,full,весь человеческий тест,420,0.014285714285714285,0.003125,0.034482758620689655,,,,
holdout_model_Anthropic,format-only,full,HH-formal-register,167,0.029940119760479042,0.008,0.08823529411764706,0.02598755059051857,-0.002617801047120419,0.08529332251959988,
holdout_model_Anthropic,format-only,full,HH-polished,180,0.0,0.0,0.0,-0.025,-0.053763440860215055,-0.0072992700729927005,
holdout_model_Anthropic,format-only,full,HH-translation,73,0.0136986301369863,0.0,0.0410958904109589,-0.00071059176503099,-0.03378783338327839,0.03428571428571429,
holdout_model_Anthropic,format-only,full,genre=news,180,0.0,0.0,0.0,-0.025,-0.053763440860215055,-0.0072992700729927005,
holdout_model_Anthropic,format-only,full,genre=science,167,0.029940119760479042,0.008,0.08823529411764706,0.02598755059051857,-0.002617801047120419,0.08529332251959988,
holdout_model_Anthropic,format-only,full,genre=translation,73,0.0136986301369863,0.0,0.0410958904109589,-0.00071059176503099,-0.03378783338327839,0.03428571428571429,
holdout_model_Anthropic,format-only,full,hh_all,420,0.014285714285714285,0.003125,0.034482758620689655,,,,
holdout_model_Anthropic,format-only,full,len_long,139,0.02877697841726619,0.005405405405405406,0.10256410256410256,0.021659540694846262,-0.006514657980456026,0.10080883803511541,
holdout_model_Anthropic,format-only,full,len_mid,104,0.019230769230769232,0.0,0.05333333333333334,0.006572541382667966,-0.01858736059479554,0.03688776938147215,
holdout_model_Anthropic,format-only,full,len_short,177,0.0,0.0,0.0,-0.024691358024691357,-0.056,-0.006993006993006993,
holdout_model_Anthropic,format-only,full,source=buriy_2014,60,0.0,0.0,0.0,-0.016666666666666666,-0.04059040590405904,-0.004576659038901602,
holdout_model_Anthropic,format-only,full,source=cyberleninka,60,0.05,0.0,0.14814814814814814,0.04166666666666667,-0.012448132780082987,0.13425456389452334,
holdout_model_Anthropic,format-only,full,source=gazeta,60,0.0,0.0,0.0,-0.016666666666666666,-0.04017857142857143,-0.0041841004184100415,
holdout_model_Anthropic,format-only,full,source=lenta,60,0.0,0.0,0.0,-0.016666666666666666,-0.03745318352059925,-0.004672897196261682,
holdout_model_Anthropic,format-only,full,source=rusltc,73,0.0136986301369863,0.0,0.0410958904109589,-0.00071059176503099,-0.03378783338327839,0.03428571428571429,
holdout_model_Anthropic,format-only,full,source=spbgu,59,0.01694915254237288,0.01694915254237288,0.01694915254237288,0.0030987370299075077,-0.02078669651423089,0.01461815021137055,
holdout_model_Anthropic,format-only,full,source=urfu,48,0.020833333333333332,0.020833333333333332,0.020833333333333332,0.0073924731182795685,-0.01676065162907268,0.01866413593637021,
holdout_model_Anthropic,length-only,full,весь человеческий тест,420,0.6357142857142857,0.37333333333333335,0.8578088578088578,,,,
holdout_model_Anthropic,length-only,full,HH-formal-register,167,0.19161676646706588,0.1015625,0.39473684210526316,-0.7372369884736456,-0.8373788832284487,-0.5194444444444445,
holdout_model_Anthropic,length-only,full,HH-polished,180,0.95,0.8666666666666667,1.0,0.5499999999999999,0.2505813953488373,0.7053291536050157,
holdout_model_Anthropic,length-only,full,HH-translation,73,0.8767123287671232,0.7945205479452054,0.9452054794520548,0.2916979195452212,0.01640876130672042,0.6813594070335909,
holdout_model_Anthropic,length-only,full,genre=news,180,0.95,0.8666666666666667,1.0,0.5499999999999999,0.2505813953488373,0.7053291536050157,
holdout_model_Anthropic,length-only,full,genre=science,167,0.19161676646706588,0.1015625,0.39473684210526316,-0.7372369884736456,-0.8373788832284487,-0.5194444444444445,
holdout_model_Anthropic,length-only,full,genre=translation,73,0.8767123287671232,0.7945205479452054,0.9452054794520548,0.2916979195452212,0.01640876130672042,0.6813594070335909,
holdout_model_Anthropic,length-only,full,hh_all,420,0.6357142857142857,0.37333333333333335,0.8578088578088578,,,,
holdout_model_Anthropic,length-only,full,len_long,139,0.04316546762589928,0.010752688172043012,0.08695652173913043,-0.8856601551499015,-0.9420079063175952,-0.7949164621110143,
holdout_model_Anthropic,length-only,full,len_mid,104,0.8076923076923077,0.703125,0.8938053097345132,0.22857838364167482,-0.024970184853905786,0.4722927730316324,
holdout_model_Anthropic,length-only,full,len_short,177,1.0,1.0,1.0,0.6296296296296297,0.36363636363636365,0.7966101694915254,
holdout_model_Anthropic,length-only,full,source=buriy_2014,60,0.8666666666666667,0.8666666666666667,0.8666666666666667,0.2694444444444445,0.010283687943262398,0.5344748858447489,
holdout_model_Anthropic,length-only,full,source=cyberleninka,60,0.35,0.23076923076923078,0.45901639344262296,-0.33333333333333337,-0.6299703606759306,-0.017560562784301237,
holdout_model_Anthropic,length-only,full,source=gazeta,60,1.0,1.0,1.0,0.42500000000000004,0.17767653758542146,0.6770833333333333,
holdout_model_Anthropic,length-only,full,source=lenta,60,0.9833333333333333,0.9833333333333333,0.9833333333333333,0.40555555555555556,0.1562823355506282,0.656060606060606,
holdout_model_Anthropic,length-only,full,source=rusltc,73,0.8767123287671232,0.7945205479452054,0.9452054794520548,0.2916979195452212,0.01640876130672042,0.6813594070335909,
holdout_model_Anthropic,length-only,full,source=spbgu,59,0.1694915254237288,0.1694915254237288,0.1694915254237288,-0.5424198319169914,-0.7121509866535659,-0.24869029275808935,
holdout_model_Anthropic,length-only,full,source=urfu,48,0.020833333333333332,0.020833333333333332,0.020833333333333332,-0.6942204301075269,-0.8623783454987834,-0.44705657492354745,
holdout_model_DeepSeek,main,full,весь человеческий тест,420,0.04047619047619048,0.014209591474245116,0.08585858585858586,,,,
holdout_model_DeepSeek,main,full,HH-formal-register,167,0.059880239520958084,0.009389671361502348,0.2112676056338028,0.032212255331234764,-0.026580549000124208,0.18552631578947368,
holdout_model_DeepSeek,main,full,HH-polished,180,0.027777777777777776,0.0,0.06666666666666667,-0.022222222222222227,-0.1048951048951049,0.03326374391092554,
holdout_model_DeepSeek,main,full,HH-translation,73,0.0273972602739726,0.0,0.0684931506849315,-0.015830405432079274,-0.08754863813229571,0.0379539641943734,
holdout_model_DeepSeek,main,full,genre=news,180,0.027777777777777776,0.0,0.06666666666666667,-0.022222222222222227,-0.1048951048951049,0.03326374391092554,
holdout_model_DeepSeek,main,full,genre=science,167,0.059880239520958084,0.009389671361502348,0.2112676056338028,0.032212255331234764,-0.026580549000124208,0.18552631578947368,
holdout_model_DeepSeek,main,full,genre=translation,73,0.0273972602739726,0.0,0.0684931506849315,-0.015830405432079274,-0.08754863813229571,0.0379539641943734,
holdout_model_DeepSeek,main,full,hh_all,420,0.04047619047619048,0.014209591474245116,0.08585858585858586,,,,
holdout_model_DeepSeek,main,full,len_long,139,0.04316546762589928,0.005405405405405406,0.2,0.004019560152589675,-0.04269503546099291,0.1492200328407225,
holdout_model_DeepSeek,main,full,len_mid,104,0.04807692307692308,0.0,0.1267605633802817,0.010102239532619281,-0.03858271419166745,0.07871329352991349,
holdout_model_DeepSeek,main,full,len_short,177,0.03389830508474576,0.0,0.06498194945848375,-0.011369184627188396,-0.10372722714357345,0.038494623655913975,
holdout_model_DeepSeek,main,full,source=buriy_2014,60,0.016666666666666666,0.016666666666666666,0.016666666666666666,-0.02777777777777778,-0.08370508054522925,0.002312599681020733,
holdout_model_DeepSeek,main,full,source=cyberleninka,60,0.16666666666666666,0.04,0.27941176470588236,0.1472222222222222,0.018365384615384617,0.26515823720792664,
holdout_model_DeepSeek,main,full,source=gazeta,60,0.0,0.0,0.0,-0.04722222222222222,-0.1,-0.017857142857142856,
holdout_model_DeepSeek,main,full,source=lenta,60,0.06666666666666667,0.06666666666666667,0.06666666666666667,0.030555555555555558,-0.024242424242424246,0.056399726214921286,
holdout_model_DeepSeek,main,full,source=rusltc,73,0.0273972602739726,0.0,0.0684931506849315,-0.015830405432079274,-0.08754863813229571,0.0379539641943734,
holdout_model_DeepSeek,main,full,source=spbgu,59,0.0,0.0,0.0,-0.04709141274238227,-0.09926470588235294,-0.01730769230769231,
holdout_model_DeepSeek,main,full,source=urfu,48,0.0,0.0,0.0,-0.0456989247311828,-0.10047846889952153,-0.016835016835016835,
holdout_model_DeepSeek,main,net,весь человеческий тест,420,0.09285714285714286,0.058823529411764705,0.1595744680851064,,,,
holdout_model_DeepSeek,main,net,HH-formal-register,167,0.11976047904191617,0.04932735426008968,0.32857142857142857,0.04466166481266716,-0.04097440502918724,0.2549943585318909,
holdout_model_DeepSeek,main,net,HH-polished,180,0.06111111111111111,0.03333333333333333,0.08333333333333333,-0.05555555555555556,-0.16535087719298247,0.006410256410256401,
holdout_model_DeepSeek,main,net,HH-translation,73,0.1095890410958904,0.0410958904109589,0.1917808219178082,0.0202518653033832,-0.09042428504453821,0.10456456456456457,
holdout_model_DeepSeek,main,net,genre=news,180,0.06111111111111111,0.03333333333333333,0.08333333333333333,-0.05555555555555556,-0.16535087719298247,0.006410256410256401,
holdout_model_DeepSeek,main,net,genre=science,167,0.11976047904191617,0.04932735426008968,0.32857142857142857,0.04466166481266716,-0.04097440502918724,0.2549943585318909,
holdout_model_DeepSeek,main,net,genre=translation,73,0.1095890410958904,0.0410958904109589,0.1917808219178082,0.0202518653033832,-0.09042428504453821,0.10456456456456457,
holdout_model_DeepSeek,main,net,hh_all,420,0.09285714285714286,0.058823529411764705,0.1595744680851064,,,,
holdout_model_DeepSeek,main,net,len_long,139,0.07913669064748201,0.0335195530726257,0.25,-0.020507437466396994,-0.08484257453329619,0.13297872340425532,
holdout_model_DeepSeek,main,net,len_mid,104,0.10576923076923077,0.04918032786885246,0.2127659574468085,0.017161635832521907,-0.03898150129354782,0.10888679541529282,
holdout_model_DeepSeek,main,net,len_short,177,0.096045197740113,0.06172839506172839,0.15625,0.0055102183162446805,-0.08395802098950525,0.06899350649350648,
holdout_model_DeepSeek,main,net,source=buriy_2014,60,0.03333333333333333,0.03333333333333333,0.03333333333333333,-0.06944444444444445,-0.1484848484848485,-0.030769230769230764,
holdout_model_DeepSeek,main,net,source=cyberleninka,60,0.2833333333333333,0.13333333333333333,0.3888888888888889,0.2222222222222222,0.06727158948685857,0.33235356762513313,
holdout_model_DeepSeek,main,net,source=gazeta,60,0.08333333333333333,0.08333333333333333,0.08333333333333333,-0.011111111111111113,-0.09343434343434344,0.026995305164319243,
holdout_model_DeepSeek,main,net,source=lenta,60,0.06666666666666667,0.06666666666666667,0.06666666666666667,-0.030555555555555558,-0.10623052959501557,0.009632446134347272,
holdout_model_DeepSeek,main,net,source=rusltc,73,0.1095890410958904,0.0410958904109589,0.1917808219178082,0.0202518653033832,-0.09042428504453821,0.10456456456456457,
holdout_model_DeepSeek,main,net,source=spbgu,59,0.01694915254237288,0.01694915254237288,0.01694915254237288,-0.08831400535236396,-0.1634430043203722,-0.05102938055243929,
holdout_model_DeepSeek,main,net,source=urfu,48,0.041666666666666664,0.041666666666666664,0.041666666666666664,-0.05779569892473118,-0.13719512195121952,-0.019904458598726117,
holdout_model_DeepSeek,format-only,full,весь человеческий тест,420,0.01904761904761905,0.005649717514124294,0.041935483870967745,,,,
holdout_model_DeepSeek,format-only,full,HH-formal-register,167,0.041916167664670656,0.015873015873015872,0.10909090909090909,0.037963598494710184,0.006469807564698074,0.10383727127376088,
holdout_model_DeepSeek,format-only,full,HH-polished,180,0.0,0.0,0.0,-0.03333333333333333,-0.06358381502890173,-0.0125,
holdout_model_DeepSeek,format-only,full,HH-translation,73,0.0136986301369863,0.0,0.0410958904109589,-0.006474280525837907,-0.04504504504504504,0.029530874816327993,
holdout_model_DeepSeek,format-only,full,genre=news,180,0.0,0.0,0.0,-0.03333333333333333,-0.06358381502890173,-0.0125,
holdout_model_DeepSeek,format-only,full,genre=science,167,0.041916167664670656,0.015873015873015872,0.10909090909090909,0.037963598494710184,0.006469807564698074,0.10383727127376088,
holdout_model_DeepSeek,format-only,full,genre=translation,73,0.0136986301369863,0.0,0.0410958904109589,-0.006474280525837907,-0.04504504504504504,0.029530874816327993,
holdout_model_DeepSeek,format-only,full,hh_all,420,0.01904761904761905,0.005649717514124294,0.041935483870967745,,,,
holdout_model_DeepSeek,format-only,full,len_long,139,0.03597122302158273,0.014598540145985401,0.10256410256410256,0.02529506643795284,-0.0035714285714285713,0.0975263191887877,
holdout_model_DeepSeek,format-only,full,len_mid,104,0.028846153846153848,0.0,0.07446808510638298,0.013023369036027264,-0.013814616755793225,0.05383795309168443,
holdout_model_DeepSeek,format-only,full,len_short,177,0.0,0.0,0.0,-0.03292181069958848,-0.06787330316742081,-0.011560693641618497,
holdout_model_DeepSeek,format-only,full,source=buriy_2014,60,0.0,0.0,0.0,-0.022222222222222223,-0.04918032786885246,-0.006896551724137931,
holdout_model_DeepSeek,format-only,full,source=cyberleninka,60,0.06666666666666667,0.0,0.17391304347826086,0.05555555555555555,-0.011428571428571429,0.1598190045248869,
holdout_model_DeepSeek,format-only,full,source=gazeta,60,0.0,0.0,0.0,-0.022222222222222223,-0.04905660377358491,-0.006944444444444444,
holdout_model_DeepSeek,format-only,full,source=lenta,60,0.0,0.0,0.0,-0.022222222222222223,-0.04591836734693878,-0.007194244604316547,
holdout_model_DeepSeek,format-only,full,source=rusltc,73,0.0136986301369863,0.0,0.0410958904109589,-0.006474280525837907,-0.04504504504504504,0.029530874816327993,
holdout_model_DeepSeek,format-only,full,source=spbgu,59,0.03389830508474576,0.03389830508474576,0.03389830508474576,0.017277806469787313,-0.009112447603426284,0.030007254501088175,
holdout_model_DeepSeek,format-only,full,source=urfu,48,0.020833333333333332,0.020833333333333332,0.020833333333333332,0.0020161290322580627,-0.024279448621553883,0.016801075268817203,
holdout_model_DeepSeek,length-only,full,весь человеческий тест,420,0.6214285714285714,0.34545454545454546,0.8558139534883721,,,,
holdout_model_DeepSeek,length-only,full,HH-formal-register,167,0.16167664670658682,0.07905138339920949,0.3977272727272727,-0.7632245390641641,-0.8575736270603859,-0.5117152961980549,
holdout_model_DeepSeek,length-only,full,HH-polished,180,0.95,0.8666666666666667,1.0,0.575,0.2607614607614608,0.7344771241830066,
holdout_model_DeepSeek,length-only,full,HH-translation,73,0.863013698630137,0.7808219178082192,0.9315068493150684,0.29240851131025225,0.0009707690648258493,0.6946778711484594,
holdout_model_DeepSeek,length-only,full,genre=news,180,0.95,0.8666666666666667,1.0,0.575,0.2607614607614608,0.7344771241830066,
holdout_model_DeepSeek,length-only,full,genre=science,167,0.16167664670658682,0.07905138339920949,0.3977272727272727,-0.7632245390641641,-0.8575736270603859,-0.5117152961980549,
holdout_model_DeepSeek,length-only,full,genre=translation,73,0.863013698630137,0.7808219178082192,0.9315068493150684,0.29240851131025225,0.0009707690648258493,0.6946778711484594,
holdout_model_DeepSeek,length-only,full,hh_all,420,0.6214285714285714,0.34545454545454546,0.8558139534883721,,,,
holdout_model_DeepSeek,length-only,full,len_long,139,0.007194244604316547,0.0,0.046511627906976744,-0.9180726593102743,-0.96359231411863,-0.8271757825937393,
holdout_model_DeepSeek,length-only,full,len_mid,104,0.7980769230769231,0.6842105263157895,0.8902439024390244,0.2347857838364168,-0.01889728768341481,0.4801386682074245,
holdout_model_DeepSeek,length-only,full,len_short,177,1.0,1.0,1.0,0.654320987654321,0.3694581280788177,0.8284960422163589,
holdout_model_DeepSeek,length-only,full,source=buriy_2014,60,0.8666666666666667,0.8666666666666667,0.8666666666666667,0.2861111111111111,0.012500000000000067,0.5643410852713179,
holdout_model_DeepSeek,length-only,full,source=cyberleninka,60,0.35,0.22857142857142856,0.46511627906976744,-0.31666666666666665,-0.6282370862761391,0.011925133689839551,
holdout_model_DeepSeek,length-only,full,source=gazeta,60,1.0,1.0,1.0,0.44166666666666665,0.18055555555555558,0.7048710601719197,
holdout_model_DeepSeek,length-only,full,source=lenta,60,0.9833333333333333,0.9833333333333333,0.9833333333333333,0.42222222222222217,0.1601289134438305,0.6827715355805243,
holdout_model_DeepSeek,length-only,full,source=rusltc,73,0.863013698630137,0.7808219178082192,0.9315068493150684,0.29240851131025225,0.0009707690648258493,0.6946778711484594,
holdout_model_DeepSeek,length-only,full,source=spbgu,59,0.1016949152542373,0.1016949152542373,0.1016949152542373,-0.6046762758814967,-0.7777693704600483,-0.3093838019469289,
holdout_model_DeepSeek,length-only,full,source=urfu,48,0.0,0.0,0.0,-0.7016129032258065,-0.8817567567567568,-0.43781094527363185,
holdout_model_NVIDIA,main,full,весь человеческий тест,420,0.05476190476190476,0.019646365422396856,0.10882956878850103,,,,
holdout_model_NVIDIA,main,full,HH-formal-register,167,0.0718562874251497,0.013888888888888888,0.24489795918367346,0.028378026555584482,-0.04727584727584727,0.20438577815626996,
holdout_model_NVIDIA,main,full,HH-polished,180,0.044444444444444446,0.0,0.11666666666666667,-0.018055555555555554,-0.11888111888111888,0.06993769470404984,
holdout_model_NVIDIA,main,full,HH-translation,73,0.0410958904109589,0.0,0.0958904109589041,-0.01654099719711026,-0.10052399338113624,0.04806381238069266,
holdout_model_NVIDIA,main,full,genre=news,180,0.044444444444444446,0.0,0.11666666666666667,-0.018055555555555554,-0.11888111888111888,0.06993769470404984,
holdout_model_NVIDIA,main,full,genre=science,167,0.0718562874251497,0.013888888888888888,0.24489795918367346,0.028378026555584482,-0.04727584727584727,0.20438577815626996,
holdout_model_NVIDIA,main,full,genre=translation,73,0.0410958904109589,0.0,0.0958904109589041,-0.01654099719711026,-0.10052399338113624,0.04806381238069266,
holdout_model_NVIDIA,main,full,hh_all,420,0.05476190476190476,0.019646365422396856,0.10882956878850103,,,,
holdout_model_NVIDIA,main,full,len_long,139,0.05755395683453238,0.012987012987012988,0.25,0.004173173916382909,-0.05334827063872759,0.18233082706766918,
holdout_model_NVIDIA,main,full,len_mid,104,0.057692307692307696,0.008547008547008548,0.14285714285714285,0.0038948393378773136,-0.0550098231827112,0.0815878590242067,
holdout_model_NVIDIA,main,full,len_short,177,0.05084745762711865,0.0,0.10087719298245613,-0.0067657110971611895,-0.12095238095238095,0.06201489816117102,
holdout_model_NVIDIA,main,full,source=buriy_2014,60,0.016666666666666666,0.016666666666666666,0.016666666666666666,-0.04444444444444444,-0.10593869731800766,-0.0045347467608951725,
holdout_model_NVIDIA,main,full,source=cyberleninka,60,0.2,0.061224489795918366,0.3037974683544304,0.16944444444444445,0.029093799682034974,0.28078103207810323,
holdout_model_NVIDIA,main,full,source=gazeta,60,0.0,0.0,0.0,-0.06388888888888888,-0.125,-0.02444987775061125,
holdout_model_NVIDIA,main,full,source=lenta,60,0.11666666666666667,0.11666666666666667,0.11666666666666667,0.07222222222222222,0.009841740850642933,0.10159128978224456,
holdout_model_NVIDIA,main,full,source=rusltc,73,0.0410958904109589,0.0,0.0958904109589041,-0.01654099719711026,-0.10052399338113624,0.04806381238069266,
holdout_model_NVIDIA,main,full,source=spbgu,59,0.0,0.0,0.0,-0.06371191135734072,-0.12307692307692308,-0.023880597014925373,
holdout_model_NVIDIA,main,full,source=urfu,48,0.0,0.0,0.0,-0.06182795698924731,-0.12342569269521411,-0.02348993288590604,
holdout_model_NVIDIA,main,net,весь человеческий тест,420,0.06904761904761905,0.03896103896103896,0.12692307692307692,,,,
holdout_model_NVIDIA,main,net,HH-formal-register,167,0.08383233532934131,0.024539877300613498,0.2597402597402597,0.0245437977799342,-0.048826886493341784,0.20074613608100908,
holdout_model_NVIDIA,main,net,HH-polished,180,0.044444444444444446,0.016666666666666666,0.06666666666666667,-0.04305555555555555,-0.14015151515151517,0.012871287128712876,
holdout_model_NVIDIA,main,net,HH-translation,73,0.0958904109589041,0.0410958904109589,0.1643835616438356,0.03248983459002802,-0.06043710972346121,0.11033868092691623,
holdout_model_NVIDIA,main,net,genre=news,180,0.044444444444444446,0.016666666666666666,0.06666666666666667,-0.04305555555555555,-0.14015151515151517,0.012871287128712876,
holdout_model_NVIDIA,main,net,genre=science,167,0.08383233532934131,0.024539877300613498,0.2597402597402597,0.0245437977799342,-0.048826886493341784,0.20074613608100908,
holdout_model_NVIDIA,main,net,genre=translation,73,0.0958904109589041,0.0410958904109589,0.1643835616438356,0.03248983459002802,-0.06043710972346121,0.11033868092691623,
holdout_model_NVIDIA,main,net,hh_all,420,0.06904761904761905,0.03896103896103896,0.12692307692307692,,,,
holdout_model_NVIDIA,main,net,len_long,139,0.06474820143884892,0.021505376344086023,0.25,-0.006426175785350374,-0.06484307192653357,0.1575091575091575,
holdout_model_NVIDIA,main,net,len_mid,104,0.07692307692307693,0.02127659574468085,0.17857142857142858,0.010467380720545288,-0.0450089126559715,0.09866128736475334,
holdout_model_NVIDIA,main,net,len_short,177,0.06779661016949153,0.03773584905660377,0.10067114093959731,-0.00216223756713399,-0.10186531007751938,0.05008278145695365,
holdout_model_NVIDIA,main,net,source=buriy_2014,60,0.016666666666666666,0.016666666666666666,0.016666666666666666,-0.061111111111111116,-0.1268976897689769,-0.02760416666666667,
holdout_model_NVIDIA,main,net,source=cyberleninka,60,0.21666666666666667,0.08695652173913043,0.3188405797101449,0.17222222222222222,0.0340311141615191,0.27763979829908936,
holdout_model_NVIDIA,main,net,source=gazeta,60,0.05,0.05,0.05,-0.022222222222222213,-0.09204545454545456,0.01231155778894473,
holdout_model_NVIDIA,main,net,source=lenta,60,0.06666666666666667,0.06666666666666667,0.06666666666666667,-0.002777777777777782,-0.0707740916271722,0.030792227204783258,
holdout_model_NVIDIA,main,net,source=rusltc,73,0.0958904109589041,0.0410958904109589,0.1643835616438356,0.03248983459002802,-0.06043710972346121,0.11033868092691623,
holdout_model_NVIDIA,main,net,source=spbgu,59,0.0,0.0,0.0,-0.08033240997229917,-0.14418604651162792,-0.0472636815920398,
holdout_model_NVIDIA,main,net,source=urfu,48,0.020833333333333332,0.020833333333333332,0.020833333333333332,-0.05443548387096775,-0.12202380952380952,-0.020833333333333332,
holdout_model_NVIDIA,format-only,full,весь человеческий тест,420,0.016666666666666666,0.005050505050505051,0.039285714285714285,,,,
holdout_model_NVIDIA,format-only,full,HH-formal-register,167,0.03592814371257485,0.012448132780082987,0.10714285714285714,0.03197557454261438,0.002567931813214833,0.10256410256410256,
holdout_model_NVIDIA,format-only,full,HH-polished,180,0.0,0.0,0.0,-0.029166666666666667,-0.061452513966480445,-0.010714285714285714,
holdout_model_NVIDIA,format-only,full,HH-translation,73,0.0136986301369863,0.0,0.0410958904109589,-0.00359243614543445,-0.04093567251461988,0.03171701112877584,
holdout_model_NVIDIA,format-only,full,genre=news,180,0.0,0.0,0.0,-0.029166666666666667,-0.061452513966480445,-0.010714285714285714,
holdout_model_NVIDIA,format-only,full,genre=science,167,0.03592814371257485,0.012448132780082987,0.10714285714285714,0.03197557454261438,0.002567931813214833,0.10256410256410256,
holdout_model_NVIDIA,format-only,full,genre=translation,73,0.0136986301369863,0.0,0.0410958904109589,-0.00359243614543445,-0.04093567251461988,0.03171701112877584,
holdout_model_NVIDIA,format-only,full,hh_all,420,0.016666666666666666,0.005050505050505051,0.039285714285714285,,,,
holdout_model_NVIDIA,format-only,full,len_long,139,0.02877697841726619,0.005405405405405406,0.10256410256410256,0.018100821833636295,-0.013956197576887232,0.0975263191887877,
holdout_model_NVIDIA,format-only,full,len_mid,104,0.028846153846153848,0.0,0.07446808510638298,0.016187925998052584,-0.013500245459008344,0.05855309900948719,
holdout_model_NVIDIA,format-only,full,len_short,177,0.0,0.0,0.0,-0.02880658436213992,-0.06432748538011696,-0.01,
holdout_model_NVIDIA,format-only,full,source=buriy_2014,60,0.0,0.0,0.0,-0.019444444444444445,-0.04669260700389105,-0.006185567010309278,
holdout_model_NVIDIA,format-only,full,source=cyberleninka,60,0.06666666666666667,0.0,0.17391304347826086,0.058333333333333334,-0.008670520231213872,0.16332726168791742,
holdout_model_NVIDIA,format-only,full,source=gazeta,60,0.0,0.0,0.0,-0.019444444444444445,-0.046263345195729534,-0.006389776357827476,
holdout_model_NVIDIA,format-only,full,source=lenta,60,0.0,0.0,0.0,-0.019444444444444445,-0.043010752688172046,-0.0063025210084033615,
holdout_model_NVIDIA,format-only,full,source=rusltc,73,0.0136986301369863,0.0,0.0410958904109589,-0.00359243614543445,-0.04093567251461988,0.03171701112877584,
holdout_model_NVIDIA,format-only,full,source=spbgu,59,0.01694915254237288,0.01694915254237288,0.01694915254237288,0.00032865392741443164,-0.026061600145799165,0.013058101958715294,
holdout_model_NVIDIA,format-only,full,source=urfu,48,0.020833333333333332,0.020833333333333332,0.020833333333333332,0.0047043010752688165,-0.02194741532976827,0.017597087378640776,
holdout_model_NVIDIA,length-only,full,весь человеческий тест,420,0.6928571428571428,0.4478114478114478,0.905511811023622,,,,
holdout_model_NVIDIA,length-only,full,HH-formal-register,167,0.31137724550898205,0.19664268585131894,0.676056338028169,-0.6332867861115713,-0.7561005536894737,-0.2661943319838056,
holdout_model_NVIDIA,length-only,full,HH-polished,180,0.95,0.8833333333333333,1.0,0.44999999999999996,0.11250000000000004,0.6213872832369942,
holdout_model_NVIDIA,length-only,full,HH-translation,73,0.9315068493150684,0.863013698630137,0.9863013698630136,0.2888555524850973,0.025964912280701857,0.6184355728659526,
holdout_model_NVIDIA,length-only,full,genre=news,180,0.95,0.8833333333333333,1.0,0.44999999999999996,0.11250000000000004,0.6213872832369942,
holdout_model_NVIDIA,length-only,full,genre=science,167,0.31137724550898205,0.19664268585131894,0.676056338028169,-0.6332867861115713,-0.7561005536894737,-0.2661943319838056,
holdout_model_NVIDIA,length-only,full,genre=translation,73,0.9315068493150684,0.863013698630137,0.9863013698630136,0.2888555524850973,0.025964912280701857,0.6184355728659526,
holdout_model_NVIDIA,length-only,full,hh_all,420,0.6928571428571428,0.4478114478114478,0.905511811023622,,,,
holdout_model_NVIDIA,length-only,full,len_long,139,0.18705035971223022,0.12121212121212122,0.4772727272727273,-0.7560101385084104,-0.8296511627906976,-0.46788560712611343,
holdout_model_NVIDIA,length-only,full,len_mid,104,0.875,0.7708333333333334,0.9568345323741008,0.24208860759493667,0.006177239249227862,0.4689927184466019,
holdout_model_NVIDIA,length-only,full,len_short,177,0.9830508474576272,0.9623655913978495,1.0,0.5015693659761458,0.19169904292618212,0.694019878058966,
holdout_model_NVIDIA,length-only,full,source=buriy_2014,60,0.8833333333333333,0.8833333333333333,0.8833333333333333,0.2222222222222222,-0.02826887661141808,0.4681159420289855,
holdout_model_NVIDIA,length-only,full,source=cyberleninka,60,0.6166666666666667,0.425531914893617,0.7432432432432432,-0.0888888888888889,-0.41165251630367905,0.2240730492529054,
holdout_model_NVIDIA,length-only,full,source=gazeta,60,1.0,1.0,1.0,0.3583333333333333,0.12171052631578949,0.5927272727272728,
holdout_model_NVIDIA,length-only,full,source=lenta,60,0.9666666666666667,0.9666666666666667,0.9666666666666667,0.3194444444444444,0.07499999999999996,0.553968253968254,
holdout_model_NVIDIA,length-only,full,source=rusltc,73,0.9315068493150684,0.863013698630137,0.9863013698630136,0.2888555524850973,0.025964912280701857,0.6184355728659526,
holdout_model_NVIDIA,length-only,full,source=spbgu,59,0.1694915254237288,0.1694915254237288,0.1694915254237288,-0.6089018263768252,-0.7509630200308166,-0.35535319507316565,
holdout_model_NVIDIA,length-only,full,source=urfu,48,0.10416666666666667,0.10416666666666667,0.10416666666666667,-0.6646505376344086,-0.817957227138643,-0.4278198653198653,
holdout_model_OpenAI,main,full,весь человеческий тест,420,0.030952380952380953,0.010568031704095112,0.06609195402298851,,,,
holdout_model_OpenAI,main,full,HH-formal-register,167,0.04790419161676647,0.007905138339920948,0.16923076923076924,0.028141345766964098,-0.017361111111111112,0.15315315315315314,
holdout_model_OpenAI,main,full,HH-polished,180,0.022222222222222223,0.0,0.05,-0.015277777777777776,-0.07840909090909091,0.02674418604651163,
holdout_model_OpenAI,main,full,HH-translation,73,0.0136986301369863,0.0,0.0410958904109589,-0.0208835024278552,-0.07841880341880342,0.01869391824526421,
holdout_model_OpenAI,main,full,genre=news,180,0.022222222222222223,0.0,0.05,-0.015277777777777776,-0.07840909090909091,0.02674418604651163,
holdout_model_OpenAI,main,full,genre=science,167,0.04790419161676647,0.007905138339920948,0.16923076923076924,0.028141345766964098,-0.017361111111111112,0.15315315315315314,
holdout_model_OpenAI,main,full,genre=translation,73,0.0136986301369863,0.0,0.0410958904109589,-0.0208835024278552,-0.07841880341880342,0.01869391824526421,
holdout_model_OpenAI,main,full,hh_all,420,0.030952380952380953,0.010568031704095112,0.06609195402298851,,,,
holdout_model_OpenAI,main,full,len_long,139,0.04316546762589928,0.005405405405405406,0.2,0.018254435597429532,-0.023012678002763923,0.16962494212069762,
holdout_model_OpenAI,main,full,len_mid,104,0.019230769230769232,0.0,0.05405405405405406,-0.015579357351509247,-0.04909013965298349,0.016228715577044354,
holdout_model_OpenAI,main,full,len_short,177,0.02824858757062147,0.0,0.05314009661835749,-0.004673223128967011,-0.07647058823529412,0.03439041578576462,
holdout_model_OpenAI,main,full,source=buriy_2014,60,0.016666666666666666,0.016666666666666666,0.016666666666666666,-0.016666666666666666,-0.060256410256410264,0.0061771561771561765,
holdout_model_OpenAI,main,full,source=cyberleninka,60,0.13333333333333333,0.02631578947368421,0.22972972972972974,0.11944444444444444,0.017777777777777778,0.22058823529411764,
holdout_model_OpenAI,main,full,source=gazeta,60,0.0,0.0,0.0,-0.03611111111111111,-0.07739938080495357,-0.013745704467353952,
holdout_model_OpenAI,main,full,source=lenta,60,0.05,0.05,0.05,0.022222222222222227,-0.020093457943925225,0.042551210428305404,
holdout_model_OpenAI,main,full,source=rusltc,73,0.0136986301369863,0.0,0.0410958904109589,-0.0208835024278552,-0.07841880341880342,0.01869391824526421,
holdout_model_OpenAI,main,full,source=spbgu,59,0.0,0.0,0.0,-0.036011080332409975,-0.07692307692307693,-0.01284796573875803,
holdout_model_OpenAI,main,full,source=urfu,48,0.0,0.0,0.0,-0.03494623655913978,-0.07804878048780488,-0.012903225806451613,
holdout_model_OpenAI,main,net,весь человеческий тест,420,0.08333333333333333,0.054924242424242424,0.13425925925925927,,,,
holdout_model_OpenAI,main,net,HH-formal-register,167,0.09580838323353294,0.04326923076923077,0.25,0.02070956900428393,-0.04887945025726026,0.17429508196721313,
holdout_model_OpenAI,main,net,HH-polished,180,0.06111111111111111,0.03333333333333333,0.08333333333333333,-0.038888888888888896,-0.1285714285714286,0.012848751835535965,
holdout_model_OpenAI,main,net,HH-translation,73,0.1095890410958904,0.0410958904109589,0.1917808219178082,0.03177924282499703,-0.05842462180490349,0.1110926694329184,
holdout_model_OpenAI,main,net,genre=news,180,0.06111111111111111,0.03333333333333333,0.08333333333333333,-0.038888888888888896,-0.1285714285714286,0.012848751835535965,
holdout_model_OpenAI,main,net,genre=science,167,0.09580838323353294,0.04326923076923077,0.25,0.02070956900428393,-0.04887945025726026,0.17429508196721313,
holdout_model_OpenAI,main,net,genre=translation,73,0.1095890410958904,0.0410958904109589,0.1917808219178082,0.03177924282499703,-0.05842462180490349,0.1110926694329184,
holdout_model_OpenAI,main,net,hh_all,420,0.08333333333333333,0.054924242424242424,0.13425925925925927,,,,
holdout_model_OpenAI,main,net,len_long,139,0.06474820143884892,0.031578947368421054,0.18181818181818182,-0.027778488952610147,-0.08393969658058686,0.07974683544303798,
holdout_model_OpenAI,main,net,len_mid,104,0.08653846153846154,0.0379746835443038,0.17647058823529413,0.004259980525803314,-0.0521021021021021,0.08910447761194029,
holdout_model_OpenAI,main,net,len_short,177,0.096045197740113,0.06172839506172839,0.1568627450980392,0.021971123666038928,-0.04709889593610524,0.07919463087248323,
holdout_model_OpenAI,main,net,source=buriy_2014,60,0.03333333333333333,0.03333333333333333,0.03333333333333333,-0.05833333333333333,-0.11866666666666667,-0.02659176029962547,
holdout_model_OpenAI,main,net,source=cyberleninka,60,0.21666666666666667,0.10526315789473684,0.2898550724637681,0.15555555555555556,0.039283769063180825,0.23333333333333334,
holdout_model_OpenAI,main,net,source=gazeta,60,0.08333333333333333,0.08333333333333333,0.08333333333333333,0.0,-0.06592039800995024,0.030516431924882625,
holdout_model_OpenAI,main,net,source=lenta,60,0.06666666666666667,0.06666666666666667,0.06666666666666667,-0.019444444444444445,-0.07831474597273853,0.01336176261549396,
holdout_model_OpenAI,main,net,source=rusltc,73,0.1095890410958904,0.0410958904109589,0.1917808219178082,0.03177924282499703,-0.05842462180490349,0.1110926694329184,
holdout_model_OpenAI,main,net,source=spbgu,59,0.01694915254237288,0.01694915254237288,0.01694915254237288,-0.07723367294239167,-0.13427035965274906,-0.04727103094386566,
holdout_model_OpenAI,main,net,source=urfu,48,0.041666666666666664,0.041666666666666664,0.041666666666666664,-0.04704301075268818,-0.1099921011058452,-0.01576576576576577,
holdout_model_OpenAI,format-only,full,весь человеческий тест,420,0.014285714285714285,0.0030627871362940277,0.03734439834024896,,,,
holdout_model_OpenAI,format-only,full,HH-formal-register,167,0.029940119760479042,0.006097560975609756,0.10638297872340426,0.02598755059051857,-0.0038910505836575876,0.10130253133448022,
holdout_model_OpenAI,format-only,full,HH-polished,180,0.0,0.0,0.0,-0.025,-0.06015037593984962,-0.00625,
holdout_model_OpenAI,format-only,full,HH-translation,73,0.0136986301369863,0.0,0.0410958904109589,-0.00071059176503099,-0.037383177570093455,0.034079100189498134,
holdout_model_OpenAI,format-only,full,genre=news,180,0.0,0.0,0.0,-0.025,-0.06015037593984962,-0.00625,
holdout_model_OpenAI,format-only,full,genre=science,167,0.029940119760479042,0.006097560975609756,0.10638297872340426,0.02598755059051857,-0.0038910505836575876,0.10130253133448022,
holdout_model_OpenAI,format-only,full,genre=translation,73,0.0136986301369863,0.0,0.0410958904109589,-0.00071059176503099,-0.037383177570093455,0.034079100189498134,
holdout_model_OpenAI,format-only,full,hh_all,420,0.014285714285714285,0.0030627871362940277,0.03734439834024896,,,,
holdout_model_OpenAI,format-only,full,len_long,139,0.02158273381294964,0.0,0.10256410256410256,0.010906577229319748,-0.01824817518248175,0.09715920299861906,
holdout_model_OpenAI,format-only,full,len_mid,104,0.028846153846153848,0.0,0.07446808510638298,0.019352482960077896,-0.009994288977727014,0.06262218963831867,
holdout_model_OpenAI,format-only,full,len_short,177,0.0,0.0,0.0,-0.024691358024691357,-0.06285714285714286,-0.005813953488372093,
holdout_model_OpenAI,format-only,full,source=buriy_2014,60,0.0,0.0,0.0,-0.016666666666666666,-0.044444444444444446,-0.003527336860670194,
holdout_model_OpenAI,format-only,full,source=cyberleninka,60,0.06666666666666667,0.0,0.17391304347826086,0.06111111111111111,-0.005681818181818182,0.16563202878992353,
holdout_model_OpenAI,format-only,full,source=gazeta,60,0.0,0.0,0.0,-0.016666666666666666,-0.043243243243243246,-0.0037174721189591076,
holdout_model_OpenAI,format-only,full,source=lenta,60,0.0,0.0,0.0,-0.016666666666666666,-0.041884816753926704,-0.0038095238095238095,
holdout_model_OpenAI,format-only,full,source=rusltc,73,0.0136986301369863,0.0,0.0410958904109589,-0.00071059176503099,-0.037383177570093455,0.034079100189498134,
holdout_model_OpenAI,format-only,full,source=spbgu,59,0.01694915254237288,0.01694915254237288,0.01694915254237288,0.0030987370299075077,-0.024717514124293783,0.014798614907964278,
holdout_model_OpenAI,format-only,full,source=urfu,48,0.0,0.0,0.0,-0.016129032258064516,-0.0427807486631016,-0.003236245954692557,
holdout_model_OpenAI,length-only,full,весь человеческий тест,420,0.6190476190476191,0.3475609756097561,0.8519553072625698,,,,
holdout_model_OpenAI,length-only,full,HH-formal-register,167,0.16167664670658682,0.07973421926910298,0.38028169014084506,-0.7592719698942036,-0.856053856053856,-0.5256290773532153,
holdout_model_OpenAI,length-only,full,HH-polished,180,0.9444444444444444,0.85,1.0,0.5694444444444444,0.25775193798449614,0.7313131313131314,
holdout_model_OpenAI,length-only,full,HH-translation,73,0.863013698630137,0.7808219178082192,0.9315068493150684,0.29529035569065576,0.007136583223539716,0.6949862258953168,
holdout_model_OpenAI,length-only,full,genre=news,180,0.9444444444444444,0.85,1.0,0.5694444444444444,0.25775193798449614,0.7313131313131314,
holdout_model_OpenAI,length-only,full,genre=science,167,0.16167664670658682,0.07973421926910298,0.38028169014084506,-0.7592719698942036,-0.856053856053856,-0.5256290773532153,
holdout_model_OpenAI,length-only,full,genre=translation,73,0.863013698630137,0.7808219178082192,0.9315068493150684,0.29529035569065576,0.007136583223539716,0.6949862258953168,
holdout_model_OpenAI,length-only,full,hh_all,420,0.6190476190476191,0.3475609756097561,0.8519553072625698,,,,
holdout_model_OpenAI,length-only,full,len_long,139,0.014388489208633094,0.0,0.04819277108433735,-0.9037609769835377,-0.9588537172441982,-0.8046844940361677,
holdout_model_OpenAI,length-only,full,len_mid,104,0.7788461538461539,0.6626506024096386,0.8809523809523809,0.2123904576436222,-0.04146825396825404,0.4585078035782262,
holdout_model_OpenAI,length-only,full,len_short,177,1.0,1.0,1.0,0.6584362139917695,0.3846153846153846,0.8260869565217391,
holdout_model_OpenAI,length-only,full,source=buriy_2014,60,0.85,0.85,0.85,0.2694444444444444,0.00032679738562091387,0.5464912280701755,
holdout_model_OpenAI,length-only,full,source=cyberleninka,60,0.3333333333333333,0.22,0.4492753623188406,-0.3333333333333333,-0.6397593606895933,-0.01309777642400245,
holdout_model_OpenAI,length-only,full,source=gazeta,60,1.0,1.0,1.0,0.4444444444444444,0.18688524590163935,0.7033398821218075,
holdout_model_OpenAI,length-only,full,source=lenta,60,0.9833333333333333,0.9833333333333333,0.9833333333333333,0.42499999999999993,0.16400560224089633,0.6813199105145413,
holdout_model_OpenAI,length-only,full,source=rusltc,73,0.863013698630137,0.7808219178082192,0.9315068493150684,0.29529035569065576,0.007136583223539716,0.6949862258953168,
holdout_model_OpenAI,length-only,full,source=spbgu,59,0.11864406779661017,0.11864406779661017,0.11864406779661017,-0.5821869571341377,-0.7579249698602936,-0.28580037664783425,
holdout_model_OpenAI,length-only,full,source=urfu,48,0.0,0.0,0.0,-0.6989247311827957,-0.8777372262773723,-0.44285714285714284,
holdout_prompt_P1,main,full,весь человеческий тест,420,0.06190476190476191,0.02509907529722589,0.11670480549199085,,,,
holdout_prompt_P1,main,full,HH-formal-register,167,0.08383233532934131,0.024509803921568627,0.25806451612903225,0.036401505289815624,-0.04042895442359249,0.21831360048573165,
holdout_prompt_P1,main,full,HH-polished,180,0.05555555555555555,0.0,0.13333333333333333,-0.011111111111111113,-0.1141156462585034,0.08265765765765765,
holdout_prompt_P1,main,full,HH-translation,73,0.0273972602739726,0.0,0.0684931506849315,-0.0417670048557104,-0.12819693094629156,0.019291705498602055,
holdout_prompt_P1,main,full,genre=news,180,0.05555555555555555,0.0,0.13333333333333333,-0.011111111111111113,-0.1141156462585034,0.08265765765765765,
holdout_prompt_P1,main,full,genre=science,167,0.08383233532934131,0.024509803921568627,0.25806451612903225,0.036401505289815624,-0.04042895442359249,0.21831360048573165,
holdout_prompt_P1,main,full,genre=translation,73,0.0273972602739726,0.0,0.0684931506849315,-0.0417670048557104,-0.12819693094629156,0.019291705498602055,
holdout_prompt_P1,main,full,hh_all,420,0.06190476190476191,0.02509907529722589,0.11670480549199085,,,,
holdout_prompt_P1,main,full,len_long,139,0.06474820143884892,0.021551724137931036,0.25,0.004249980798279526,-0.052751217752119786,0.18020022246941042,
holdout_prompt_P1,main,full,len_mid,104,0.0673076923076923,0.017857142857142856,0.14457831325301204,0.007181110029211291,-0.055605044774719864,0.07641796726303769,
holdout_prompt_P1,main,full,len_short,177,0.05649717514124294,0.0,0.11403508771929824,-0.009346446257934023,-0.12631578947368421,0.06558371714608788,
holdout_prompt_P1,main,full,source=buriy_2014,60,0.03333333333333333,0.03333333333333333,0.03333333333333333,-0.03333333333333333,-0.09755671902268762,0.007893020221787346,
holdout_prompt_P1,main,full,source=cyberleninka,60,0.21666666666666667,0.07894736842105263,0.3176470588235294,0.18055555555555558,0.0415251620870639,0.29220246238030095,
holdout_prompt_P1,main,full,source=gazeta,60,0.0,0.0,0.0,-0.07222222222222222,-0.13054187192118227,-0.03207547169811321,
holdout_prompt_P1,main,full,source=lenta,60,0.13333333333333333,0.13333333333333333,0.13333333333333333,0.08333333333333333,0.02333333333333333,0.11367731367731368,
holdout_prompt_P1,main,full,source=rusltc,73,0.0273972602739726,0.0,0.0684931506849315,-0.0417670048557104,-0.12819693094629156,0.019291705498602055,
holdout_prompt_P1,main,full,source=spbgu,59,0.0,0.0,0.0,-0.07202216066481995,-0.1297709923664122,-0.031630170316301706,
holdout_prompt_P1,main,full,source=urfu,48,0.020833333333333332,0.020833333333333332,0.020833333333333332,-0.046370967741935484,-0.10889639639639641,-0.005744739756367665,
holdout_prompt_P1,main,net,весь человеческий тест,420,0.08571428571428572,0.0532724505327245,0.14249363867684478,,,,
holdout_prompt_P1,main,net,HH-formal-register,167,0.09580838323353294,0.034722222222222224,0.2702702702702703,0.016756999834323452,-0.059775840597758395,0.19315789473684208,
holdout_prompt_P1,main,net,HH-polished,180,0.06666666666666667,0.03333333333333333,0.08333333333333333,-0.03333333333333334,-0.1328828828828829,0.025024295432458696,
holdout_prompt_P1,main,net,HH-translation,73,0.1095890410958904,0.0410958904109589,0.1917808219178082,0.028897398444593575,-0.07010243277848913,0.11357340720221606,
holdout_prompt_P1,main,net,genre=news,180,0.06666666666666667,0.03333333333333333,0.08333333333333333,-0.03333333333333334,-0.1328828828828829,0.025024295432458696,
holdout_prompt_P1,main,net,genre=science,167,0.09580838323353294,0.034722222222222224,0.2702702702702703,0.016756999834323452,-0.059775840597758395,0.19315789473684208,
holdout_prompt_P1,main,net,genre=translation,73,0.1095890410958904,0.0410958904109589,0.1917808219178082,0.028897398444593575,-0.07010243277848913,0.11357340720221606,
holdout_prompt_P1,main,net,hh_all,420,0.08571428571428572,0.0532724505327245,0.14249363867684478,,,,
holdout_prompt_P1,main,net,len_long,139,0.07194244604316546,0.031914893617021274,0.22,-0.020584244348293604,-0.07133773538762533,0.11187607573149741,
holdout_prompt_P1,main,net,len_mid,104,0.07692307692307693,0.025974025974025976,0.16129032258064516,-0.011684518013631934,-0.0661041744633076,0.060109289617486336,
holdout_prompt_P1,main,net,len_short,177,0.1016949152542373,0.06437768240343347,0.1568627450980392,0.027620841180163225,-0.04793183028581573,0.08507202208851034,
holdout_prompt_P1,main,net,source=buriy_2014,60,0.03333333333333333,0.03333333333333333,0.03333333333333333,-0.06111111111111111,-0.1285714285714286,-0.025,
holdout_prompt_P1,main,net,source=cyberleninka,60,0.21666666666666667,0.06521739130434782,0.3434343434343434,0.1527777777777778,-0.0075265138556277755,0.2845536136041569,
holdout_prompt_P1,main,net,source=gazeta,60,0.08333333333333333,0.08333333333333333,0.08333333333333333,-0.002777777777777782,-0.07414698162729659,0.033105022831050226,
holdout_prompt_P1,main,net,source=lenta,60,0.08333333333333333,0.08333333333333333,0.08333333333333333,-0.002777777777777782,-0.07110682110682111,0.033333333333333326,
holdout_prompt_P1,main,net,source=rusltc,73,0.1095890410958904,0.0410958904109589,0.1917808219178082,0.028897398444593575,-0.07010243277848913,0.11357340720221606,
holdout_prompt_P1,main,net,source=spbgu,59,0.01694915254237288,0.01694915254237288,0.01694915254237288,-0.08000375604488474,-0.14511981297486848,-0.0451075850462796,
holdout_prompt_P1,main,net,source=urfu,48,0.041666666666666664,0.041666666666666664,0.041666666666666664,-0.04973118279569893,-0.11888379204892968,-0.013888888888888888,
holdout_prompt_P1,format-only,full,весь человеческий тест,420,0.009523809523809525,0.0,0.030303030303030304,,,,
holdout_prompt_P1,format-only,full,HH-formal-register,167,0.017964071856287425,0.0,0.08571428571428572,0.01401150268632695,-0.011857707509881422,0.08181818181818182,
holdout_prompt_P1,format-only,full,HH-polished,180,0.0,0.0,0.0,-0.016666666666666666,-0.050724637681159424,0.0,
holdout_prompt_P1,format-only,full,HH-translation,73,0.0136986301369863,0.0,0.0410958904109589,0.005053096995775925,-0.02805836139169473,0.039473684210526314,
holdout_prompt_P1,format-only,full,genre=news,180,0.0,0.0,0.0,-0.016666666666666666,-0.050724637681159424,0.0,
holdout_prompt_P1,format-only,full,genre=science,167,0.017964071856287425,0.0,0.08571428571428572,0.01401150268632695,-0.011857707509881422,0.08181818181818182,
holdout_prompt_P1,format-only,full,genre=translation,73,0.0136986301369863,0.0,0.0410958904109589,0.005053096995775925,-0.02805836139169473,0.039473684210526314,
holdout_prompt_P1,format-only,full,hh_all,420,0.009523809523809525,0.0,0.030303030303030304,,,,
holdout_prompt_P1,format-only,full,len_long,139,0.02158273381294964,0.0,0.10256410256410256,0.018024014951739678,0.0,0.10004100041000409,
holdout_prompt_P1,format-only,full,len_mid,104,0.009615384615384616,0.0,0.038461538461538464,0.00012171372930866627,-0.017777777777777778,0.020676691729323307,
holdout_prompt_P1,format-only,full,len_short,177,0.0,0.0,0.0,-0.01646090534979424,-0.05194805194805195,0.0,
holdout_prompt_P1,format-only,full,source=buriy_2014,60,0.0,0.0,0.0,-0.011111111111111112,-0.03643724696356275,0.0,
holdout_prompt_P1,format-only,full,source=cyberleninka,60,0.05,0.0,0.14814814814814814,0.04722222222222223,-0.006493506493506494,0.14014711575687186,
holdout_prompt_P1,format-only,full,source=gazeta,60,0.0,0.0,0.0,-0.011111111111111112,-0.034653465346534656,0.0,
holdout_prompt_P1,format-only,full,source=lenta,60,0.0,0.0,0.0,-0.011111111111111112,-0.0335195530726257,0.0,
holdout_prompt_P1,format-only,full,source=rusltc,73,0.0136986301369863,0.0,0.0410958904109589,0.005053096995775925,-0.02805836139169473,0.039473684210526314,
holdout_prompt_P1,format-only,full,source=spbgu,59,0.0,0.0,0.0,-0.0110803324099723,-0.03501945525291829,0.0,
holdout_prompt_P1,format-only,full,source=urfu,48,0.0,0.0,0.0,-0.010752688172043012,-0.03571428571428571,0.0,
holdout_prompt_P1,length-only,full,весь человеческий тест,420,0.6071428571428571,0.32382892057026474,0.8461538461538461,,,,
holdout_prompt_P1,length-only,full,HH-formal-register,167,0.12574850299401197,0.058823529411764705,0.32894736842105265,-0.799152682776739,-0.8816973210715713,-0.5803177405119152,
holdout_prompt_P1,length-only,full,HH-polished,180,0.95,0.8666666666666667,1.0,0.6,0.2884057971014493,0.7567460317460317,
holdout_prompt_P1,length-only,full,HH-translation,73,0.863013698630137,0.7808219178082192,0.9315068493150684,0.30969957759267297,0.01504172156346073,0.7288616998033646,
holdout_prompt_P1,length-only,full,genre=news,180,0.95,0.8666666666666667,1.0,0.6,0.2884057971014493,0.7567460317460317,
holdout_prompt_P1,length-only,full,genre=science,167,0.12574850299401197,0.058823529411764705,0.32894736842105265,-0.799152682776739,-0.8816973210715713,-0.5803177405119152,
holdout_prompt_P1,length-only,full,genre=translation,73,0.863013698630137,0.7808219178082192,0.9315068493150684,0.30969957759267297,0.01504172156346073,0.7288616998033646,
holdout_prompt_P1,length-only,full,hh_all,420,0.6071428571428571,0.32382892057026474,0.8461538461538461,,,,
holdout_prompt_P1,length-only,full,len_long,139,0.007194244604316547,0.0,0.046511627906976744,-0.8967203461430144,-0.953125,-0.7745664739884393,
holdout_prompt_P1,length-only,full,len_mid,104,0.7403846153846154,0.5735294117647058,0.856,0.17709347614410909,-0.058080808080808066,0.39492753623188404,
holdout_prompt_P1,length-only,full,len_short,177,1.0,1.0,1.0,0.6790123456790124,0.39160839160839156,0.8512396694214877,
holdout_prompt_P1,length-only,full,source=buriy_2014,60,0.8666666666666667,0.8666666666666667,0.8666666666666667,0.3027777777777778,0.026241134751773032,0.5869047619047619,
holdout_prompt_P1,length-only,full,source=cyberleninka,60,0.2833333333333333,0.16,0.4,-0.37777777777777777,-0.6963562753036436,-0.043066322136089574,
holdout_prompt_P1,length-only,full,source=gazeta,60,1.0,1.0,1.0,0.45833333333333337,0.19199999999999995,0.7255639097744361,
holdout_prompt_P1,length-only,full,source=lenta,60,0.9833333333333333,0.9833333333333333,0.9833333333333333,0.4388888888888889,0.1718033998521803,0.7024344569288389,
holdout_prompt_P1,length-only,full,source=rusltc,73,0.863013698630137,0.7808219178082192,0.9315068493150684,0.30969957759267297,0.01504172156346073,0.7288616998033646,
holdout_prompt_P1,length-only,full,source=spbgu,59,0.06779661016949153,0.06779661016949153,0.06779661016949153,-0.6274942485562702,-0.804779567115827,-0.3261427837699024,
holdout_prompt_P1,length-only,full,source=urfu,48,0.0,0.0,0.0,-0.6854838709677419,-0.875,-0.41284403669724773,
holdout_prompt_P2,main,full,весь человеческий тест,420,0.06666666666666667,0.02689075630252101,0.12418300653594772,,,,
holdout_prompt_P2,main,full,HH-formal-register,167,0.08383233532934131,0.024509803921568627,0.25806451612903225,0.028496366949894672,-0.05361996540647392,0.21066872825666796,
holdout_prompt_P2,main,full,HH-polished,180,0.06111111111111111,0.0,0.15,-0.009722222222222222,-0.11875,0.09444444444444444,
holdout_prompt_P2,main,full,HH-translation,73,0.0410958904109589,0.0,0.0958904109589041,-0.030950219099127554,-0.12346938775510202,0.03711001642036125,
holdout_prompt_P2,main,full,genre=news,180,0.06111111111111111,0.0,0.15,-0.009722222222222222,-0.11875,0.09444444444444444,
holdout_prompt_P2,main,full,genre=science,167,0.08383233532934131,0.024509803921568627,0.25806451612903225,0.028496366949894672,-0.05361996540647392,0.21066872825666796,
holdout_prompt_P2,main,full,genre=translation,73,0.0410958904109589,0.0,0.0958904109589041,-0.030950219099127554,-0.12346938775510202,0.03711001642036125,
holdout_prompt_P2,main,full,hh_all,420,0.06666666666666667,0.02689075630252101,0.12418300653594772,,,,
holdout_prompt_P2,main,full,len_long,139,0.07194244604316546,0.025,0.27450980392156865,0.007885506541386103,-0.05605616375716169,0.19965895610913403,
holdout_prompt_P2,main,full,len_mid,104,0.0673076923076923,0.017857142857142856,0.14457831325301204,0.0008519961051606656,-0.06666666666666667,0.07159624413145539,
holdout_prompt_P2,main,full,len_short,177,0.062146892655367235,0.0,0.12719298245614036,-0.00781195508125828,-0.131486568986569,0.07411957411957412,
holdout_prompt_P2,main,full,source=buriy_2014,60,0.03333333333333333,0.03333333333333333,0.03333333333333333,-0.03888888888888888,-0.10467571644042234,0.005709023941068141,
holdout_prompt_P2,main,full,source=cyberleninka,60,0.21666666666666667,0.07894736842105263,0.3176470588235294,0.17500000000000002,0.03370570107858244,0.28663008638018145,
holdout_prompt_P2,main,full,source=gazeta,60,0.0,0.0,0.0,-0.07777777777777778,-0.14,-0.03508771929824561,
holdout_prompt_P2,main,full,source=lenta,60,0.15,0.15,0.15,0.09722222222222221,0.03499999999999999,0.1280564263322884,
holdout_prompt_P2,main,full,source=rusltc,73,0.0410958904109589,0.0,0.0958904109589041,-0.030950219099127554,-0.12346938775510202,0.03711001642036125,
holdout_prompt_P2,main,full,source=spbgu,59,0.0,0.0,0.0,-0.07756232686980609,-0.13793103448275862,-0.034031413612565446,
holdout_prompt_P2,main,full,source=urfu,48,0.020833333333333332,0.020833333333333332,0.020833333333333332,-0.051747311827957,-0.11623831775700934,-0.008092286501377412,
holdout_prompt_P2,main,net,весь человеческий тест,420,0.10714285714285714,0.07017543859649122,0.17681159420289855,,,,
holdout_prompt_P2,main,net,HH-formal-register,167,0.1437125748502994,0.06818181818181818,0.37349397590361444,0.06070862228112943,-0.029576034526529585,0.29193037974683544,
holdout_prompt_P2,main,net,HH-polished,180,0.07222222222222222,0.03333333333333333,0.1,-0.061111111111111116,-0.17867585630743524,0.007278481012658225,
holdout_prompt_P2,main,net,HH-translation,73,0.1095890410958904,0.0410958904109589,0.1917808219178082,0.002960799020962454,-0.1141693880147589,0.08985410028509139,
holdout_prompt_P2,main,net,genre=news,180,0.07222222222222222,0.03333333333333333,0.1,-0.061111111111111116,-0.17867585630743524,0.007278481012658225,
holdout_prompt_P2,main,net,genre=science,167,0.1437125748502994,0.06818181818181818,0.37349397590361444,0.06070862228112943,-0.029576034526529585,0.29193037974683544,
holdout_prompt_P2,main,net,genre=translation,73,0.1095890410958904,0.0410958904109589,0.1917808219178082,0.002960799020962454,-0.1141693880147589,0.08985410028509139,
holdout_prompt_P2,main,net,hh_all,420,0.10714285714285714,0.07017543859649122,0.17681159420289855,,,,
holdout_prompt_P2,main,net,len_long,139,0.10071942446043165,0.0546448087431694,0.2727272727272727,-0.00960086023707725,-0.07408521303258145,0.14487966021708354,
holdout_prompt_P2,main,net,len_mid,104,0.11538461538461539,0.05,0.2375,0.010954235637779947,-0.04926628489620616,0.1104447776111944,
holdout_prompt_P2,main,net,len_short,177,0.10734463276836158,0.0660377358490566,0.16,0.00034874799469902795,-0.09883534565658725,0.06155544235014433,
holdout_prompt_P2,main,net,source=buriy_2014,60,0.03333333333333333,0.03333333333333333,0.03333333333333333,-0.08611111111111111,-0.16810551558752998,-0.04666666666666667,
holdout_prompt_P2,main,net,source=cyberleninka,60,0.31666666666666665,0.15384615384615385,0.44,0.24444444444444444,0.08274268104776579,0.3789176266029124,
holdout_prompt_P2,main,net,source=gazeta,60,0.08333333333333333,0.08333333333333333,0.08333333333333333,-0.027777777777777776,-0.11384976525821595,0.015151515151515152,
holdout_prompt_P2,main,net,source=lenta,60,0.1,0.1,0.1,-0.008333333333333331,-0.0890547263681592,0.03281653746770026,
holdout_prompt_P2,main,net,source=rusltc,73,0.1095890410958904,0.0410958904109589,0.1917808219178082,0.002960799020962454,-0.1141693880147589,0.08985410028509139,
holdout_prompt_P2,main,net,source=spbgu,59,0.03389830508474576,0.03389830508474576,0.03389830508474576,-0.08521526832245646,-0.16429989311345244,-0.04457251986495243,
holdout_prompt_P2,main,net,source=urfu,48,0.0625,0.0625,0.0625,-0.05040322580645161,-0.13561320754716982,-0.008928571428571425,
holdout_prompt_P2,format-only,full,весь человеческий тест,420,0.011904761904761904,0.002173913043478261,0.030100334448160536,,,,
holdout_prompt_P2,format-only,full,HH-formal-register,167,0.029940119760479042,0.008,0.08823529411764706,0.029940119760479042,0.008064516129032258,0.08974358974358974,
holdout_prompt_P2,format-only,full,HH-polished,180,0.0,0.0,0.0,-0.020833333333333332,-0.046511627906976744,-0.00510204081632653,
holdout_prompt_P2,format-only,full,HH-translation,73,0.0,0.0,0.0,-0.01440922190201729,-0.041379310344827586,-0.0025974025974025974,
holdout_prompt_P2,format-only,full,genre=news,180,0.0,0.0,0.0,-0.020833333333333332,-0.046511627906976744,-0.00510204081632653,
holdout_prompt_P2,format-only,full,genre=science,167,0.029940119760479042,0.008,0.08823529411764706,0.029940119760479042,0.008064516129032258,0.08974358974358974,
holdout_prompt_P2,format-only,full,genre=translation,73,0.0,0.0,0.0,-0.01440922190201729,-0.041379310344827586,-0.0025974025974025974,
holdout_prompt_P2,format-only,full,hh_all,420,0.011904761904761904,0.002173913043478261,0.030100334448160536,,,,
holdout_prompt_P2,format-only,full,len_long,139,0.02158273381294964,0.0,0.075,0.014465296090529713,-0.009161490683229814,0.06791406791406791,
holdout_prompt_P2,format-only,full,len_mid,104,0.019230769230769232,0.0,0.05333333333333334,0.009737098344693282,-0.012589928057553957,0.03883538835388354,
holdout_prompt_P2,format-only,full,len_short,177,0.0,0.0,0.0,-0.0205761316872428,-0.04938271604938271,-0.004629629629629629,
holdout_prompt_P2,format-only,full,source=buriy_2014,60,0.0,0.0,0.0,-0.013888888888888888,-0.03535353535353535,-0.002680965147453083,
holdout_prompt_P2,format-only,full,source=cyberleninka,60,0.05,0.0,0.14814814814814814,0.044444444444444446,-0.008403361344537815,0.13793103448275862,
holdout_prompt_P2,format-only,full,source=gazeta,60,0.0,0.0,0.0,-0.013888888888888888,-0.03418803418803419,-0.002688172043010753,
holdout_prompt_P2,format-only,full,source=lenta,60,0.0,0.0,0.0,-0.013888888888888888,-0.03257328990228013,-0.0027100271002710027,
holdout_prompt_P2,format-only,full,source=rusltc,73,0.0,0.0,0.0,-0.01440922190201729,-0.041379310344827586,-0.0025974025974025974,
holdout_prompt_P2,format-only,full,source=spbgu,59,0.01694915254237288,0.01694915254237288,0.01694915254237288,0.005868820132400582,-0.015439511425238455,0.01694915254237288,
holdout_prompt_P2,format-only,full,source=urfu,48,0.020833333333333332,0.020833333333333332,0.020833333333333332,0.01008064516129032,-0.01103917662682603,0.020833333333333332,
holdout_prompt_P2,length-only,full,весь человеческий тест,420,0.7261904761904762,0.5176056338028169,0.9049881235154394,,,,
holdout_prompt_P2,length-only,full,HH-formal-register,167,0.3592814371257485,0.2986577181208054,0.5454545454545454,-0.6090980095145677,-0.6776093825309271,-0.4223095051060487,
holdout_prompt_P2,length-only,full,HH-polished,180,0.9666666666666667,0.9166666666666666,1.0,0.4208333333333334,0.16167302798982186,0.5453125,
holdout_prompt_P2,length-only,full,HH-translation,73,0.9726027397260274,0.9315068493150684,1.0,0.2982511547116182,0.08542768959435632,0.61181592039801,
holdout_prompt_P2,length-only,full,genre=news,180,0.9666666666666667,0.9166666666666666,1.0,0.4208333333333334,0.16167302798982186,0.5453125,
holdout_prompt_P2,length-only,full,genre=science,167,0.3592814371257485,0.2986577181208054,0.5454545454545454,-0.6090980095145677,-0.6776093825309271,-0.4223095051060487,
holdout_prompt_P2,length-only,full,genre=translation,73,0.9726027397260274,0.9315068493150684,1.0,0.2982511547116182,0.08542768959435632,0.61181592039801,
holdout_prompt_P2,length-only,full,hh_all,420,0.7261904761904762,0.5176056338028169,0.9049881235154394,,,,
holdout_prompt_P2,length-only,full,len_long,139,0.2589928057553957,0.21649484536082475,0.38636363636363635,-0.6983025679100847,-0.7470160871821484,-0.5671672924488944,
holdout_prompt_P2,length-only,full,len_mid,104,0.8846153846153846,0.8117647058823529,0.9477611940298507,0.21056475170399214,0.001388888888888884,0.41624064837905234,
holdout_prompt_P2,length-only,full,len_short,177,1.0,1.0,1.0,0.4732510288065843,0.23178807947019864,0.6095238095238096,
holdout_prompt_P2,length-only,full,source=buriy_2014,60,0.9166666666666666,0.9166666666666666,0.9166666666666666,0.2222222222222222,0.00981735159817343,0.42829457364341084,
holdout_prompt_P2,length-only,full,source=cyberleninka,60,0.5,0.37777777777777777,0.609375,-0.26388888888888884,-0.5210555099808586,-0.005637744902039166,
holdout_prompt_P2,length-only,full,source=gazeta,60,1.0,1.0,1.0,0.3194444444444444,0.1166666666666667,0.5167785234899329,
holdout_prompt_P2,length-only,full,source=lenta,60,0.9833333333333333,0.9833333333333333,0.9833333333333333,0.29999999999999993,0.09319248826291071,0.4954440599769319,
holdout_prompt_P2,length-only,full,source=rusltc,73,0.9726027397260274,0.9315068493150684,1.0,0.2982511547116182,0.08542768959435632,0.61181592039801,
holdout_prompt_P2,length-only,full,source=spbgu,59,0.3050847457627119,0.3050847457627119,0.3050847457627119,-0.48992910465280054,-0.6187070757986264,-0.26329132261335647,
holdout_prompt_P2,length-only,full,source=urfu,48,0.25,0.25,0.25,-0.5376344086021505,-0.677007299270073,-0.3385167464114832,
holdout_prompt_P3,main,full,весь человеческий тест,420,0.06428571428571428,0.022364217252396165,0.1220472440944882,,,,
holdout_prompt_P3,main,full,HH-formal-register,167,0.08982035928143713,0.027522935779816515,0.24691358024691357,0.04238952924191144,-0.04920169436298468,0.20793650793650792,
holdout_prompt_P3,main,full,HH-polished,180,0.05555555555555555,0.0,0.16666666666666666,-0.015277777777777779,-0.1223021582733813,0.11212121212121212,
holdout_prompt_P3,main,full,HH-translation,73,0.0273972602739726,0.0,0.0684931506849315,-0.044648849236113855,-0.13483813483813484,0.021125060357315303,
holdout_prompt_P3,main,full,genre=news,180,0.05555555555555555,0.0,0.16666666666666666,-0.015277777777777779,-0.1223021582733813,0.11212121212121212,
holdout_prompt_P3,main,full,genre=science,167,0.08982035928143713,0.027522935779816515,0.24691358024691357,0.04238952924191144,-0.04920169436298468,0.20793650793650792,
holdout_prompt_P3,main,full,genre=translation,73,0.0273972602739726,0.0,0.0684931506849315,-0.044648849236113855,-0.13483813483813484,0.021125060357315303,
holdout_prompt_P3,main,full,hh_all,420,0.06428571428571428,0.022364217252396165,0.1220472440944882,,,,
holdout_prompt_P3,main,full,len_long,139,0.07194244604316546,0.02197802197802198,0.23404255319148937,0.01144422540259607,-0.058892309160760735,0.16212121212121214,
holdout_prompt_P3,main,full,len_mid,104,0.057692307692307696,0.007874015748031496,0.14084507042253522,-0.008763388510223943,-0.07737189244038559,0.07183098591549296,
holdout_prompt_P3,main,full,len_short,177,0.062146892655367235,0.0,0.1390728476821192,-0.0036967287438097254,-0.1216065865598576,0.0846100812011644,
holdout_prompt_P3,main,full,source=buriy_2014,60,0.0,0.0,0.0,-0.075,-0.1377952755905512,-0.027160493827160494,
holdout_prompt_P3,main,full,source=cyberleninka,60,0.2,0.061224489795918366,0.3064516129032258,0.15833333333333335,0.007164404223227755,0.27586206896551724,
holdout_prompt_P3,main,full,source=gazeta,60,0.0,0.0,0.0,-0.075,-0.1377952755905512,-0.026168224299065422,
holdout_prompt_P3,main,full,source=lenta,60,0.16666666666666666,0.16666666666666666,0.16666666666666666,0.11944444444444444,0.0587121212121212,0.15166666666666667,
holdout_prompt_P3,main,full,source=rusltc,73,0.0273972602739726,0.0,0.0684931506849315,-0.044648849236113855,-0.13483813483813484,0.021125060357315303,
holdout_prompt_P3,main,full,source=spbgu,59,0.0,0.0,0.0,-0.07479224376731301,-0.134375,-0.026119402985074626,
holdout_prompt_P3,main,full,source=urfu,48,0.0625,0.0625,0.0625,-0.0020161290322580627,-0.06780303030303031,0.045454545454545456,
holdout_prompt_P3,main,net,весь человеческий тест,420,0.08571428571428572,0.05353319057815846,0.14482758620689656,,,,
holdout_prompt_P3,main,net,HH-formal-register,167,0.10179640718562874,0.0392156862745098,0.2835820895522388,0.02669759295637973,-0.05091597144577278,0.21217804451112776,
holdout_prompt_P3,main,net,HH-polished,180,0.06111111111111111,0.03333333333333333,0.08333333333333333,-0.04305555555555556,-0.14311424100156495,0.01497497824194953,
holdout_prompt_P3,main,net,HH-translation,73,0.1095890410958904,0.0410958904109589,0.1917808219178082,0.028897398444593575,-0.07182438192668372,0.10831556503198295,
holdout_prompt_P3,main,net,genre=news,180,0.06111111111111111,0.03333333333333333,0.08333333333333333,-0.04305555555555556,-0.14311424100156495,0.01497497824194953,
holdout_prompt_P3,main,net,genre=science,167,0.10179640718562874,0.0392156862745098,0.2835820895522388,0.02669759295637973,-0.05091597144577278,0.21217804451112776,
holdout_prompt_P3,main,net,genre=translation,73,0.1095890410958904,0.0410958904109589,0.1917808219178082,0.028897398444593575,-0.07182438192668372,0.10831556503198295,
holdout_prompt_P3,main,net,hh_all,420,0.08571428571428572,0.05353319057815846,0.14482758620689656,,,,
holdout_prompt_P3,main,net,len_long,139,0.07194244604316546,0.031914893617021274,0.22,-0.020584244348293604,-0.07689097548252477,0.11097204839382561,
holdout_prompt_P3,main,net,len_mid,104,0.08653846153846154,0.03431372549019608,0.18181818181818182,0.0010954235637779947,-0.05413631544748812,0.07995236204843191,
holdout_prompt_P3,main,net,len_short,177,0.096045197740113,0.06172839506172839,0.1568627450980392,0.01785589732859036,-0.05979689366786141,0.07879924953095686,
holdout_prompt_P3,main,net,source=buriy_2014,60,0.03333333333333333,0.03333333333333333,0.03333333333333333,-0.06111111111111111,-0.1303030303030303,-0.025490196078431372,
holdout_prompt_P3,main,net,source=cyberleninka,60,0.23333333333333334,0.08333333333333333,0.3561643835616438,0.17222222222222222,0.018709677419354843,0.302821828358209,
holdout_prompt_P3,main,net,source=gazeta,60,0.08333333333333333,0.08333333333333333,0.08333333333333333,-0.002777777777777782,-0.07613510520487264,0.033479960899315736,
holdout_prompt_P3,main,net,source=lenta,60,0.06666666666666667,0.06666666666666667,0.06666666666666667,-0.022222222222222227,-0.09242424242424242,0.014763552479815457,
holdout_prompt_P3,main,net,source=rusltc,73,0.1095890410958904,0.0410958904109589,0.1917808219178082,0.028897398444593575,-0.07182438192668372,0.10831556503198295,
holdout_prompt_P3,main,net,source=spbgu,59,0.01694915254237288,0.01694915254237288,0.01694915254237288,-0.08000375604488474,-0.14722995193523905,-0.044779242519355514,
holdout_prompt_P3,main,net,source=urfu,48,0.041666666666666664,0.041666666666666664,0.041666666666666664,-0.04973118279569893,-0.1199874686716792,-0.01419925512104283,
holdout_prompt_P3,format-only,full,весь человеческий тест,420,0.014285714285714285,0.0030627871362940277,0.03734439834024896,,,,
holdout_prompt_P3,format-only,full,HH-formal-register,167,0.029940119760479042,0.006097560975609756,0.10638297872340426,0.02598755059051857,-0.0038910505836575876,0.10130253133448022,
holdout_prompt_P3,format-only,full,HH-polished,180,0.0,0.0,0.0,-0.025,-0.06015037593984962,-0.00625,
holdout_prompt_P3,format-only,full,HH-translation,73,0.0136986301369863,0.0,0.0410958904109589,-0.00071059176503099,-0.037383177570093455,0.034079100189498134,
holdout_prompt_P3,format-only,full,genre=news,180,0.0,0.0,0.0,-0.025,-0.06015037593984962,-0.00625,
holdout_prompt_P3,format-only,full,genre=science,167,0.029940119760479042,0.006097560975609756,0.10638297872340426,0.02598755059051857,-0.0038910505836575876,0.10130253133448022,
holdout_prompt_P3,format-only,full,genre=translation,73,0.0136986301369863,0.0,0.0410958904109589,-0.00071059176503099,-0.037383177570093455,0.034079100189498134,
holdout_prompt_P3,format-only,full,hh_all,420,0.014285714285714285,0.0030627871362940277,0.03734439834024896,,,,
holdout_prompt_P3,format-only,full,len_long,139,0.02158273381294964,0.0,0.10256410256410256,0.010906577229319748,-0.01824817518248175,0.09715920299861906,
holdout_prompt_P3,format-only,full,len_mid,104,0.028846153846153848,0.0,0.07446808510638298,0.019352482960077896,-0.009994288977727014,0.06262218963831867,
holdout_prompt_P3,format-only,full,len_short,177,0.0,0.0,0.0,-0.024691358024691357,-0.06285714285714286,-0.005813953488372093,
holdout_prompt_P3,format-only,full,source=buriy_2014,60,0.0,0.0,0.0,-0.016666666666666666,-0.044444444444444446,-0.003527336860670194,
holdout_prompt_P3,format-only,full,source=cyberleninka,60,0.06666666666666667,0.0,0.17391304347826086,0.06111111111111111,-0.005681818181818182,0.16563202878992353,
holdout_prompt_P3,format-only,full,source=gazeta,60,0.0,0.0,0.0,-0.016666666666666666,-0.043243243243243246,-0.0037174721189591076,
holdout_prompt_P3,format-only,full,source=lenta,60,0.0,0.0,0.0,-0.016666666666666666,-0.041884816753926704,-0.0038095238095238095,
holdout_prompt_P3,format-only,full,source=rusltc,73,0.0136986301369863,0.0,0.0410958904109589,-0.00071059176503099,-0.037383177570093455,0.034079100189498134,
holdout_prompt_P3,format-only,full,source=spbgu,59,0.01694915254237288,0.01694915254237288,0.01694915254237288,0.0030987370299075077,-0.024717514124293783,0.014798614907964278,
holdout_prompt_P3,format-only,full,source=urfu,48,0.0,0.0,0.0,-0.016129032258064516,-0.0427807486631016,-0.003236245954692557,
holdout_prompt_P3,length-only,full,весь человеческий тест,420,0.6095238095238096,0.3346938775510204,0.8451327433628318,,,,
holdout_prompt_P3,length-only,full,HH-formal-register,167,0.1437125748502994,0.06989247311827956,0.3626373626373626,-0.7732834725805307,-0.8617763453143487,-0.5408871137271389,
holdout_prompt_P3,length-only,full,HH-polished,180,0.9388888888888889,0.85,1.0,0.5763888888888888,0.2625874125874126,0.7388888888888889,
holdout_prompt_P3,length-only,full,HH-translation,73,0.863013698630137,0.7808219178082192,0.9315068493150684,0.30681773321226957,0.016611913469286588,0.712682379349046,
holdout_prompt_P3,length-only,full,genre=news,180,0.9388888888888889,0.85,1.0,0.5763888888888888,0.2625874125874126,0.7388888888888889,
holdout_prompt_P3,length-only,full,genre=science,167,0.1437125748502994,0.06989247311827956,0.3626373626373626,-0.7732834725805307,-0.8617763453143487,-0.5408871137271389,
holdout_prompt_P3,length-only,full,genre=translation,73,0.863013698630137,0.7808219178082192,0.9315068493150684,0.30681773321226957,0.016611913469286588,0.712682379349046,
holdout_prompt_P3,length-only,full,hh_all,420,0.6095238095238096,0.3346938775510204,0.8451327433628318,,,,
holdout_prompt_P3,length-only,full,len_long,139,0.007194244604316547,0.0,0.046511627906976744,-0.9002790650042244,-0.952054794520548,-0.7950292397660819,
holdout_prompt_P3,length-only,full,len_mid,104,0.75,0.6233766233766234,0.8529411764705882,0.18670886075949367,-0.06188025810667319,0.4290453767123288,
holdout_prompt_P3,length-only,full,len_short,177,1.0,1.0,1.0,0.6748971193415638,0.39869281045751637,0.8413361169102296,
holdout_prompt_P3,length-only,full,source=buriy_2014,60,0.85,0.85,0.85,0.28055555555555556,0.008854166666666607,0.5583333333333333,
holdout_prompt_P3,length-only,full,source=cyberleninka,60,0.31666666666666665,0.20634920634920634,0.43137254901960786,-0.3416666666666667,-0.6480509745127436,-0.015151515151515138,
holdout_prompt_P3,length-only,full,source=gazeta,60,1.0,1.0,1.0,0.4555555555555556,0.1967654986522911,0.71513353115727,
holdout_prompt_P3,length-only,full,source=lenta,60,0.9666666666666667,0.9666666666666667,0.9666666666666667,0.41666666666666663,0.1518518518518519,0.6757575757575758,
holdout_prompt_P3,length-only,full,source=rusltc,73,0.863013698630137,0.7808219178082192,0.9315068493150684,0.30681773321226957,0.016611913469286588,0.712682379349046,
holdout_prompt_P3,length-only,full,source=spbgu,59,0.0847457627118644,0.0847457627118644,0.0847457627118644,-0.6105450960138974,-0.7841431261770245,-0.3152542372881356,
holdout_prompt_P3,length-only,full,source=urfu,48,0.0,0.0,0.0,-0.6881720430107527,-0.8716094032549728,-0.4260089686098655,
holdout_source,main,full,весь человеческий тест,493,0.04462474645030426,0.014577259475218658,0.0856269113149847,,,,
holdout_source,main,full,HH-formal-register,167,0.05389221556886228,0.004901960784313725,0.19718309859154928,0.014014914955365346,-0.05216773276474769,0.1605476796316491,
holdout_source,main,full,HH-polished,180,0.05555555555555555,0.016666666666666666,0.13333333333333333,0.017216897408590698,-0.05809968847352025,0.10681818181818181,
holdout_source,main,full,HH-translation,73,0.0410958904109589,0.0,0.0958904109589041,-0.004142204827136335,-0.06854193341869398,0.05753412275151406,
holdout_source,main,full,genre=news,180,0.05555555555555555,0.016666666666666666,0.13333333333333333,0.017216897408590698,-0.05809968847352025,0.10681818181818181,
holdout_source,main,full,genre=science,167,0.05389221556886228,0.004901960784313725,0.19718309859154928,0.014014914955365346,-0.05216773276474769,0.1605476796316491,
holdout_source,main,full,genre=seo,73,0.0,0.0,0.0,-0.05238095238095238,-0.10443037974683544,-0.017605633802816902,
holdout_source,main,full,genre=translation,73,0.0410958904109589,0.0,0.0958904109589041,-0.004142204827136335,-0.06854193341869398,0.05753412275151406,
holdout_source,main,full,hh_all,420,0.05238095238095238,0.017191977077363897,0.10218978102189781,0.05238095238095238,0.017543859649122806,0.10443037974683544,
holdout_source,main,full,len_long,164,0.036585365853658534,0.004329004329004329,0.1509433962264151,-0.012046852991326268,-0.06113628441965842,0.09207396193771626,
holdout_source,main,full,len_mid,127,0.03937007874015748,0.0,0.1,-0.007078008691536512,-0.05867697594501718,0.056109967770745166,
holdout_source,main,full,len_short,202,0.054455445544554455,0.007936507936507936,0.10509554140127389,0.01665475825933109,-0.06775446775446775,0.07802187290756624,
holdout_source,main,full,source=alaev,21,0.0,0.0,0.0,-0.046610169491525424,-0.09226190476190477,-0.014970059880239521,
holdout_source,main,full,source=buriy_2014,60,0.016666666666666666,0.016666666666666666,0.016666666666666666,-0.03183217859892225,-0.07812887236679059,0.0024486571879936813,
holdout_source,main,full,source=cyberleninka,60,0.15,0.022727272727272728,0.265625,0.11997690531177829,-0.01372227878358638,0.23795180722891565,
holdout_source,main,full,source=drmax,23,0.0,0.0,0.0,-0.04680851063829787,-0.09343434343434344,-0.015841584158415842,
holdout_source,main,full,source=gazeta,60,0.016666666666666666,0.016666666666666666,0.016666666666666666,-0.03183217859892225,-0.07584434654919237,0.0027777777777777783,
holdout_source,main,full,source=lenta,60,0.13333333333333333,0.13333333333333333,0.13333333333333333,0.10100076982294072,0.05907590759075908,0.12219127205199629,
holdout_source,main,full,source=optimizatorsha_ru,5,0.0,0.0,0.0,-0.045081967213114756,-0.0892018779342723,-0.014893617021276596,малая выборка
holdout_source,main,full,source=rusltc,73,0.0410958904109589,0.0,0.0958904109589041,-0.004142204827136335,-0.06854193341869398,0.05753412275151406,
holdout_source,main,full,source=shakin,18,0.0,0.0,0.0,-0.04631578947368421,-0.09113924050632911,-0.015384615384615385,малая выборка
holdout_source,main,full,source=spbgu,59,0.0,0.0,0.0,-0.05069124423963134,-0.09574468085106383,-0.016791044776119403,
holdout_source,main,full,source=author_archive,6,0.0,0.0,0.0,-0.045174537987679675,-0.08974358974358974,-0.014634146341463415,малая выборка
holdout_source,main,full,source=urfu,48,0.0,0.0,0.0,-0.04943820224719101,-0.093841642228739,-0.016771488469601678,
holdout_source,main,net,весь человеческий тест,493,0.07505070993914807,0.036775106082036775,0.1261904761904762,,,,
holdout_source,main,net,HH-formal-register,167,0.08982035928143713,0.028985507246376812,0.2602739726027397,0.02233569670475001,-0.05906598394886879,0.19997207093981287,
holdout_source,main,net,HH-polished,180,0.09444444444444444,0.03333333333333333,0.2,0.030546680866169684,-0.0638609715242881,0.14906166219839143,
holdout_source,main,net,HH-translation,73,0.0684931506849315,0.0136986301369863,0.136986301369863,-0.007697325505544694,-0.09188034188034189,0.06951741320478796,
holdout_source,main,net,genre=news,180,0.09444444444444444,0.03333333333333333,0.2,0.030546680866169684,-0.0638609715242881,0.14906166219839143,
holdout_source,main,net,genre=science,167,0.08982035928143713,0.028985507246376812,0.2602739726027397,0.02233569670475001,-0.05906598394886879,0.19997207093981287,
holdout_source,main,net,genre=seo,73,0.0,0.0,0.0,-0.0880952380952381,-0.15384615384615385,-0.04371584699453552,
holdout_source,main,net,genre=translation,73,0.0684931506849315,0.0136986301369863,0.136986301369863,-0.007697325505544694,-0.09188034188034189,0.06951741320478796,
holdout_source,main,net,hh_all,420,0.0880952380952381,0.0437375745526839,0.1509433962264151,0.0880952380952381,0.043689320388349516,0.15348837209302327,
holdout_source,main,net,len_long,164,0.06097560975609756,0.02142857142857143,0.18627450980392157,-0.021091259544814292,-0.08243034055727555,0.09585529537141046,
holdout_source,main,net,len_mid,127,0.07874015748031496,0.031496062992125984,0.14285714285714285,0.004969665677036272,-0.06623931623931623,0.0769330734243015,
holdout_source,main,net,len_short,202,0.08415841584158416,0.015037593984962405,0.1592356687898089,0.015429893504814399,-0.09247351114358787,0.10178044120201493,
holdout_source,main,net,source=alaev,21,0.0,0.0,0.0,-0.07838983050847458,-0.1365079365079365,-0.03716814159292035,
holdout_source,main,net,source=buriy_2014,60,0.05,0.05,0.05,-0.028521939953810624,-0.08818181818181818,0.01601073345259392,
holdout_source,main,net,source=cyberleninka,60,0.21666666666666667,0.08695652173913043,0.3188405797101449,0.16123941493456506,0.02205128205128204,0.27224325874928285,
holdout_source,main,net,source=drmax,23,0.0,0.0,0.0,-0.07872340425531915,-0.13544018058690746,-0.0380952380952381,
holdout_source,main,net,source=gazeta,60,0.03333333333333333,0.03333333333333333,0.03333333333333333,-0.04749807544264819,-0.10225988700564972,-0.00284237726098191,
holdout_source,main,net,source=lenta,60,0.2,0.2,0.2,0.1422632794457275,0.09137380191693292,0.16862745098039217,
holdout_source,main,net,source=optimizatorsha_ru,5,0.0,0.0,0.0,-0.07581967213114754,-0.1320754716981132,-0.03691813804173355,малая выборка
holdout_source,main,net,source=rusltc,73,0.0684931506849315,0.0136986301369863,0.136986301369863,-0.007697325505544694,-0.09188034188034189,0.06951741320478796,
holdout_source,main,net,source=shakin,18,0.0,0.0,0.0,-0.07789473684210527,-0.1348314606741573,-0.03795620437956204,малая выборка
holdout_source,main,net,source=spbgu,59,0.0,0.0,0.0,-0.08525345622119816,-0.13908872901678657,-0.04380952380952381,
holdout_source,main,net,source=author_archive,6,0.0,0.0,0.0,-0.07597535934291581,-0.13267326732673268,-0.03614457831325301,малая выборка
holdout_source,main,net,source=urfu,48,0.041666666666666664,0.041666666666666664,0.041666666666666664,-0.03698501872659176,-0.09392655367231639,0.0053030303030303025,
holdout_source,format-only,full,весь человеческий тест,493,0.006085192697768763,0.0,0.020771513353115726,,,,
holdout_source,format-only,full,HH-formal-register,167,0.017964071856287425,0.0,0.08571428571428572,0.017964071856287425,0.0,0.08450704225352113,
holdout_source,format-only,full,HH-polished,180,0.0,0.0,0.0,-0.009584664536741214,-0.030303030303030304,0.0,
holdout_source,format-only,full,HH-translation,73,0.0,0.0,0.0,-0.007142857142857143,-0.024752475247524754,0.0,
holdout_source,format-only,full,genre=news,180,0.0,0.0,0.0,-0.009584664536741214,-0.030303030303030304,0.0,
holdout_source,format-only,full,genre=science,167,0.017964071856287425,0.0,0.08571428571428572,0.017964071856287425,0.0,0.08450704225352113,
holdout_source,format-only,full,genre=seo,73,0.0,0.0,0.0,-0.007142857142857143,-0.024793388429752067,0.0,
holdout_source,format-only,full,genre=translation,73,0.0,0.0,0.0,-0.007142857142857143,-0.024752475247524754,0.0,
holdout_source,format-only,full,hh_all,420,0.007142857142857143,0.0,0.026041666666666668,0.007142857142857143,0.0,0.024752475247524754,
holdout_source,format-only,full,len_long,164,0.012195121951219513,0.0,0.05454545454545454,0.009155608273407962,0.0,0.048615725359911405,
holdout_source,format-only,full,len_mid,127,0.007874015748031496,0.0,0.03,0.002409534873714556,-0.008595988538681949,0.017825311942959002,
holdout_source,format-only,full,len_short,202,0.0,0.0,0.0,-0.010309278350515464,-0.03398058252427184,0.0,
holdout_source,format-only,full,source=alaev,21,0.0,0.0,0.0,-0.006355932203389831,-0.021176470588235293,0.0,
holdout_source,format-only,full,source=buriy_2014,60,0.0,0.0,0.0,-0.006928406466512702,-0.022222222222222223,0.0,
holdout_source,format-only,full,source=cyberleninka,60,0.05,0.0,0.14814814814814814,0.05,0.0,0.14634146341463414,
holdout_source,format-only,full,source=drmax,23,0.0,0.0,0.0,-0.006382978723404255,-0.02120141342756184,0.0,
holdout_source,format-only,full,source=gazeta,60,0.0,0.0,0.0,-0.006928406466512702,-0.022388059701492536,0.0,
holdout_source,format-only,full,source=lenta,60,0.0,0.0,0.0,-0.006928406466512702,-0.022727272727272728,0.0,
holdout_source,format-only,full,source=optimizatorsha_ru,5,0.0,0.0,0.0,-0.006147540983606557,-0.02040816326530612,0.0,малая выборка
holdout_source,format-only,full,source=rusltc,73,0.0,0.0,0.0,-0.007142857142857143,-0.024752475247524754,0.0,
holdout_source,format-only,full,source=shakin,18,0.0,0.0,0.0,-0.00631578947368421,-0.020316027088036117,0.0,малая выборка
holdout_source,format-only,full,source=spbgu,59,0.0,0.0,0.0,-0.0069124423963133645,-0.022292993630573247,0.0,
holdout_source,format-only,full,source=author_archive,6,0.0,0.0,0.0,-0.006160164271047228,-0.02032520325203252,0.0,малая выборка
holdout_source,format-only,full,source=urfu,48,0.0,0.0,0.0,-0.006741573033707865,-0.022151898734177215,0.0,
holdout_source,length-only,full,весь человеческий тест,493,0.6612576064908722,0.44532803180914515,0.8486140724946695,,,,
holdout_source,length-only,full,HH-formal-register,167,0.281437125748503,0.19291338582677164,0.5357142857142857,-0.5743910951103928,-0.718190257754478,-0.28000979911807944,
holdout_source,length-only,full,HH-polished,180,0.9611111111111111,0.9,1.0,0.4722932197373092,0.22409909909909909,0.6167664670658682,
holdout_source,length-only,full,HH-translation,73,0.9178082191780822,0.8493150684931506,0.9726027397260274,0.3011415525114155,0.0713465403387884,0.5579584775086506,
holdout_source,length-only,full,genre=news,180,0.9611111111111111,0.9,1.0,0.4722932197373092,0.22409909909909909,0.6167664670658682,
holdout_source,length-only,full,genre=science,167,0.281437125748503,0.19291338582677164,0.5357142857142857,-0.5743910951103928,-0.718190257754478,-0.28000979911807944,
holdout_source,length-only,full,genre=seo,73,0.5342465753424658,0.1746031746031746,0.8431372549019608,-0.14908675799086757,-0.5842293906810037,0.27720852949321517,
holdout_source,length-only,full,genre=translation,73,0.9178082191780822,0.8493150684931506,0.9726027397260274,0.3011415525114155,0.0713465403387884,0.5579584775086506,
holdout_source,length-only,full,hh_all,420,0.6833333333333333,0.44191919191919193,0.888663967611336,0.14908675799086757,-0.2773864464415836,0.584140435835351,
holdout_source,length-only,full,len_long,164,0.12804878048780488,0.08843537414965986,0.23333333333333334,-0.7990028912447179,-0.8505879463326272,-0.6863416776460255,
holdout_source,length-only,full,len_mid,127,0.8110236220472441,0.72,0.8842975206611571,0.2017340045609053,-0.017966101694915304,0.4083918100547919,
holdout_source,length-only,full,len_short,202,1.0,1.0,1.0,0.5738831615120275,0.34375,0.712742980561555,
holdout_source,length-only,full,source=alaev,21,0.7142857142857143,0.7142857142857143,0.7142857142857143,0.05538740920096852,-0.13921747042766153,0.27757685352622063,
holdout_source,length-only,full,source=buriy_2014,60,0.9,0.9,0.9,0.271824480369515,0.061764705882352944,0.4882352941176471,
holdout_source,length-only,full,source=cyberleninka,60,0.48333333333333334,0.34615384615384615,0.6046511627906976,-0.20257890685142416,-0.46196130167106414,0.060087867522811755,
holdout_source,length-only,full,source=drmax,23,0.08695652173913043,0.08695652173913043,0.08695652173913043,-0.6024051803885291,-0.7853839037927846,-0.39121395643134776,
holdout_source,length-only,full,source=gazeta,60,1.0,1.0,1.0,0.3856812933025404,0.17784256559766765,0.5782122905027933,
holdout_source,length-only,full,source=lenta,60,0.9833333333333333,0.9833333333333333,0.9833333333333333,0.36670515781370283,0.1553763440860214,0.5741323648103309,
holdout_source,length-only,full,source=optimizatorsha_ru,5,0.6,0.6,0.6,-0.06188524590163935,-0.2506024096385543,0.15086848635235728,малая выборка
holdout_source,length-only,full,source=rusltc,73,0.9178082191780822,0.8493150684931506,0.9726027397260274,0.3011415525114155,0.0713465403387884,0.5579584775086506,
holdout_source,length-only,full,source=shakin,18,0.9444444444444444,0.9444444444444444,0.9444444444444444,0.2939181286549707,0.09829059829059827,0.5057827344072696,малая выборка
holdout_source,length-only,full,source=spbgu,59,0.22033898305084745,0.22033898305084745,0.22033898305084745,-0.5008591736311803,-0.656044780786791,-0.28986509858180565,
holdout_source,length-only,full,source=author_archive,6,0.3333333333333333,0.3333333333333333,0.3333333333333333,-0.3319644079397673,-0.5238095238095237,-0.12313725490196081,малая выборка
holdout_source,length-only,full,source=urfu,48,0.10416666666666667,0.10416666666666667,0.10416666666666667,-0.6171816479400749,-0.769184256816183,-0.41474089635854344,
holdout_time,main,full,весь человеческий тест,491,0.05091649694501019,0.01729106628242075,0.0936936936936937,,,,
holdout_time,main,full,HH-formal-register,167,0.0718562874251497,0.015463917525773196,0.22580645161290322,0.03173283063502624,-0.03792383094970272,0.1974019607843137,
holdout_time,main,full,HH-polished,180,0.06111111111111111,0.0,0.15,0.0160950339406931,-0.07048458149779736,0.11692111959287532,
holdout_time,main,full,HH-translation,73,0.0273972602739726,0.0,0.0684931506849315,-0.027626663171003478,-0.09041353383458647,0.030781499202551833,
holdout_time,main,full,genre=news,180,0.06111111111111111,0.0,0.15,0.0160950339406931,-0.07048458149779736,0.11692111959287532,
holdout_time,main,full,genre=science,167,0.0718562874251497,0.015463917525773196,0.22580645161290322,0.03173283063502624,-0.03792383094970272,0.1974019607843137,
holdout_time,main,full,genre=seo,71,0.0,0.0,0.0,-0.05952380952380952,-0.11315789473684211,-0.02100840336134454,
holdout_time,main,full,genre=translation,73,0.0273972602739726,0.0,0.0684931506849315,-0.027626663171003478,-0.09041353383458647,0.030781499202551833,
holdout_time,main,full,hh_all,420,0.05952380952380952,0.020618556701030927,0.11267605633802817,0.05952380952380952,0.020910209102091022,0.11290322580645161,
holdout_time,main,full,len_long,167,0.05389221556886228,0.016853932584269662,0.17105263157894737,0.004509499519479564,-0.04673390970220942,0.11631154556511555,
holdout_time,main,full,len_mid,126,0.03968253968253968,0.0,0.08928571428571429,-0.015111980865405522,-0.06970726658464663,0.03277653003930377,
holdout_time,main,full,len_short,198,0.05555555555555555,0.0,0.11693548387096774,0.007773985589685242,-0.08160425866553747,0.07976442490365304,
holdout_time,main,full,source=buriy_2014,60,0.03333333333333333,0.03333333333333333,0.03333333333333333,-0.020030935808197987,-0.06666666666666668,0.01729055258467023,
holdout_time,main,full,source=cyberleninka,60,0.18333333333333332,0.0425531914893617,0.2923076923076923,0.1508507347254447,0.00967741935483871,0.2645437425098442,
holdout_time,main,full,source=devaka_ru,2,0.0,0.0,0.0,-0.05112474437627812,-0.0945945945945946,-0.0175,малая выборка
holdout_time,main,full,source=drmax,19,0.0,0.0,0.0,-0.05296610169491525,-0.09750566893424037,-0.01855287569573284,малая выборка
holdout_time,main,full,source=drmax_su,7,0.0,0.0,0.0,-0.05165289256198347,-0.0954356846473029,-0.018072289156626505,малая выборка
holdout_time,main,full,source=gazeta,60,0.0,0.0,0.0,-0.058004640371229696,-0.1040339702760085,-0.02107728337236534,
holdout_time,main,full,source=labrika,1,0.0,0.0,0.0,-0.05102040816326531,-0.09498207885304659,-0.017191977077363897,малая выборка
holdout_time,main,full,source=lenta,60,0.15,0.15,0.15,0.11287703016241299,0.07203389830508473,0.13648648648648648,
holdout_time,main,full,source=madcats_ru,9,0.0,0.0,0.0,-0.05186721991701245,-0.09598603839441536,-0.01812688821752266,малая выборка
holdout_time,main,full,source=rusltc,73,0.0273972602739726,0.0,0.0684931506849315,-0.027626663171003478,-0.09041353383458647,0.030781499202551833,
holdout_time,main,full,source=seoprofy_ua,1,0.0,0.0,0.0,-0.05102040816326531,-0.09513742071881606,-0.0175054704595186,малая выборка
holdout_time,main,full,source=seopulses,12,0.0,0.0,0.0,-0.05219206680584551,-0.09727626459143969,-0.018115942028985508,малая выборка
holdout_time,main,full,source=seopulses_ru,5,0.0,0.0,0.0,-0.051440329218107,-0.09495548961424333,-0.017817371937639197,малая выборка
holdout_time,main,full,source=sosnovskij_ru,6,0.0,0.0,0.0,-0.05154639175257732,-0.0954356846473029,-0.017964071856287425,малая выборка
holdout_time,main,full,source=spbgu,59,0.0,0.0,0.0,-0.05787037037037037,-0.10187110187110188,-0.020604395604395604,
holdout_time,main,full,source=texterra_ru,9,0.0,0.0,0.0,-0.05186721991701245,-0.09598603839441536,-0.01764705882352941,малая выборка
holdout_time,main,full,source=urfu,48,0.020833333333333332,0.020833333333333332,0.020833333333333332,-0.03334273890142965,-0.08079268292682927,0.003775764036958066,
holdout_time,main,net,весь человеческий тест,491,0.08757637474541752,0.05851063829787234,0.1361111111111111,,,,
holdout_time,main,net,HH-formal-register,167,0.11976047904191617,0.052132701421800945,0.3125,0.04877282472092852,-0.027835932493057033,0.24760765550239233,
holdout_time,main,net,HH-polished,180,0.06111111111111111,0.03333333333333333,0.08333333333333333,-0.04178277956413005,-0.11788617886178862,0.007142857142857131,
holdout_time,main,net,HH-translation,73,0.0821917808219178,0.0273972602739726,0.1506849315068493,-0.006324965589565454,-0.08949579831932773,0.06725738396624473,
holdout_time,main,net,genre=news,180,0.06111111111111111,0.03333333333333333,0.08333333333333333,-0.04178277956413005,-0.11788617886178862,0.007142857142857131,
holdout_time,main,net,genre=science,167,0.11976047904191617,0.052132701421800945,0.3125,0.04877282472092852,-0.027835932493057033,0.24760765550239233,
holdout_time,main,net,genre=seo,71,0.08450704225352113,0.01904761904761905,0.171875,-0.0035881958417169763,-0.09271738247949989,0.0977005109975561,
holdout_time,main,net,genre=translation,73,0.0821917808219178,0.0273972602739726,0.1506849315068493,-0.006324965589565454,-0.08949579831932773,0.06725738396624473,
holdout_time,main,net,hh_all,420,0.0880952380952381,0.05673758865248227,0.14659685863874344,0.0035881958417169763,-0.0977149979227254,0.09266558466651209,
holdout_time,main,net,len_long,167,0.0658682634730539,0.03278688524590164,0.14545454545454545,-0.03289716862571153,-0.08897132258524755,0.038025095471904,
holdout_time,main,net,len_mid,126,0.11904761904761904,0.058823529411764705,0.21839080459770116,0.04233529028049575,-0.014369501466275664,0.1286549707602339,
holdout_time,main,net,len_short,198,0.08585858585858586,0.052941176470588235,0.12650602409638553,-0.0028786155066018587,-0.07185185185185185,0.04396421517369583,
holdout_time,main,net,source=buriy_2014,60,0.03333333333333333,0.03333333333333333,0.03333333333333333,-0.06179427687548337,-0.11372549019607844,-0.029306487695749443,
holdout_time,main,net,source=cyberleninka,60,0.26666666666666666,0.1282051282051282,0.37755102040816324,0.2040216550657386,0.06643236756386078,0.3156528189910979,
holdout_time,main,net,source=devaka_ru,2,0.0,0.0,0.0,-0.08793456032719836,-0.13709677419354838,-0.05860349127182045,малая выборка
holdout_time,main,net,source=drmax,19,0.0,0.0,0.0,-0.09110169491525423,-0.1423728813559322,-0.060810810810810814,малая выборка
holdout_time,main,net,source=drmax_su,7,0.0,0.0,0.0,-0.08884297520661157,-0.14022140221402213,-0.05982905982905983,малая выборка
holdout_time,main,net,source=gazeta,60,0.06666666666666667,0.06666666666666667,0.06666666666666667,-0.02382057231245166,-0.08076923076923077,0.008484848484848484,
holdout_time,main,net,source=labrika,1,0.0,0.0,0.0,-0.08775510204081632,-0.1375,-0.0583232077764277,малая выборка
holdout_time,main,net,source=lenta,60,0.08333333333333333,0.08333333333333333,0.08333333333333333,-0.004833720030935809,-0.06069958847736627,0.02712724434035909,
holdout_time,main,net,source=madcats_ru,9,0.2222222222222222,0.2222222222222222,0.2222222222222222,0.1371599815583218,0.08986928104575162,0.16522098306484923,малая выборка
holdout_time,main,net,source=rusltc,73,0.0821917808219178,0.0273972602739726,0.1506849315068493,-0.006324965589565454,-0.08949579831932773,0.06725738396624473,
holdout_time,main,net,source=seoprofy_ua,1,0.0,0.0,0.0,-0.08775510204081632,-0.1373134328358209,-0.059006211180124224,малая выборка
holdout_time,main,net,source=seopulses,12,0.0,0.0,0.0,-0.08977035490605428,-0.14244186046511628,-0.06035889070146819,малая выборка
holdout_time,main,net,source=seopulses_ru,5,0.2,0.2,0.2,0.11358024691358026,0.06631016042780749,0.142643391521197,малая выборка
holdout_time,main,net,source=sosnovskij_ru,6,0.16666666666666666,0.16666666666666666,0.16666666666666666,0.08006872852233676,0.030516431924882625,0.10866202629543696,малая выборка
holdout_time,main,net,source=spbgu,59,0.01694915254237288,0.01694915254237288,0.01694915254237288,-0.08027306967984935,-0.1330508474576271,-0.050255148532895935,
holdout_time,main,net,source=texterra_ru,9,0.2222222222222222,0.2222222222222222,0.2222222222222222,0.1371599815583218,0.0886015325670498,0.16614745586708202,малая выборка
holdout_time,main,net,source=urfu,48,0.0625,0.0625,0.0625,-0.02779345372460497,-0.08365384615384616,0.004287941787941785,
holdout_time,format-only,full,весь человеческий тест,491,0.018329938900203666,0.006382978723404255,0.038135593220338986,,,,
holdout_time,format-only,full,HH-formal-register,167,0.041916167664670656,0.015873015873015872,0.10909090909090909,0.03574332815849782,0.006005398110661267,0.10465116279069768,
holdout_time,format-only,full,HH-polished,180,0.0,0.0,0.0,-0.028938906752411574,-0.05179282868525897,-0.011811023622047244,
holdout_time,format-only,full,HH-translation,73,0.0136986301369863,0.0,0.0410958904109589,-0.005440125843874943,-0.03636363636363636,0.02918108786079446,
holdout_time,format-only,full,genre=news,180,0.0,0.0,0.0,-0.028938906752411574,-0.05179282868525897,-0.011811023622047244,
holdout_time,format-only,full,genre=science,167,0.041916167664670656,0.015873015873015872,0.10909090909090909,0.03574332815849782,0.006005398110661267,0.10465116279069768,
holdout_time,format-only,full,genre=seo,71,0.014084507042253521,0.0,0.05357142857142857,-0.004963112005365528,-0.036542443064182195,0.04223319053827528,
holdout_time,format-only,full,genre=translation,73,0.0136986301369863,0.0,0.0410958904109589,-0.005440125843874943,-0.03636363636363636,0.02918108786079446,
holdout_time,format-only,full,hh_all,420,0.01904761904761905,0.005649717514124294,0.041935483870967745,0.004963112005365528,-0.04227712602043575,0.0364741641337386,
holdout_time,format-only,full,len_long,167,0.029940119760479042,0.011235955056179775,0.07017543859649122,0.017594440748133364,-0.00726537124622486,0.06192845297322909,
holdout_time,format-only,full,len_mid,126,0.023809523809523808,0.0,0.058823529411764705,0.007371167645140248,-0.016597510373443983,0.03781403781403782,
holdout_time,format-only,full,len_short,198,0.005050505050505051,0.0,0.024,-0.022253249215706553,-0.04929577464788732,0.0016088486676721966,
holdout_time,format-only,full,source=buriy_2014,60,0.0,0.0,0.0,-0.02088167053364269,-0.04152249134948097,-0.007334963325183374,
holdout_time,format-only,full,source=cyberleninka,60,0.06666666666666667,0.0,0.17391304347826086,0.05506573859242073,-0.012106793550092518,0.16247379454926625,
holdout_time,format-only,full,source=devaka_ru,2,0.0,0.0,0.0,-0.018404907975460124,-0.0364741641337386,-0.006622516556291391,малая выборка
holdout_time,format-only,full,source=drmax,19,0.0,0.0,0.0,-0.019067796610169493,-0.03861003861003861,-0.0066518847006651885,малая выборка
holdout_time,format-only,full,source=drmax_su,7,0.0,0.0,0.0,-0.01859504132231405,-0.037267080745341616,-0.006072874493927126,малая выборка
holdout_time,format-only,full,source=gazeta,60,0.0,0.0,0.0,-0.02088167053364269,-0.041666666666666664,-0.007407407407407408,
holdout_time,format-only,full,source=labrika,1,0.0,0.0,0.0,-0.018367346938775512,-0.036585365853658534,-0.006172839506172839,малая выборка
holdout_time,format-only,full,source=lenta,60,0.0,0.0,0.0,-0.02088167053364269,-0.04057971014492753,-0.007246376811594203,
holdout_time,format-only,full,source=madcats_ru,9,0.0,0.0,0.0,-0.01867219917012448,-0.03723404255319149,-0.006329113924050633,малая выборка
holdout_time,format-only,full,source=rusltc,73,0.0136986301369863,0.0,0.0410958904109589,-0.005440125843874943,-0.03636363636363636,0.02918108786079446,
holdout_time,format-only,full,source=seoprofy_ua,1,0.0,0.0,0.0,-0.018367346938775512,-0.036414565826330535,-0.006493506493506494,малая выборка
holdout_time,format-only,full,source=seopulses,12,0.0,0.0,0.0,-0.018789144050104383,-0.03836317135549872,-0.006134969325153374,малая выборка
holdout_time,format-only,full,source=seopulses_ru,5,0.2,0.2,0.2,0.18353909465020576,0.16735905044510385,0.1952153110047847,малая выборка
holdout_time,format-only,full,source=sosnovskij_ru,6,0.0,0.0,0.0,-0.018556701030927835,-0.03759398496240601,-0.006289308176100629,малая выборка
holdout_time,format-only,full,source=spbgu,59,0.03389830508474576,0.03389830508474576,0.03389830508474576,0.01769460138104206,-0.0029680543622588457,0.029443962100335962,
holdout_time,format-only,full,source=texterra_ru,9,0.0,0.0,0.0,-0.01867219917012448,-0.0364963503649635,-0.006172839506172839,малая выборка
holdout_time,format-only,full,source=urfu,48,0.020833333333333332,0.020833333333333332,0.020833333333333332,0.0027746425884123405,-0.01869235836627141,0.015523598820058996,
holdout_time,length-only,full,весь человеческий тест,491,0.5906313645621182,0.36432160804020103,0.7881548974943052,,,,
holdout_time,length-only,full,HH-formal-register,167,0.20958083832335328,0.10457516339869281,0.5081967213114754,-0.5774561987136838,-0.7304554079696395,-0.23109243697478993,
holdout_time,length-only,full,HH-polished,180,0.9166666666666666,0.8333333333333334,1.0,0.5147374062165059,0.27060439560439564,0.6717171717171717,
holdout_time,length-only,full,HH-translation,73,0.821917808219178,0.726027397260274,0.9041095890410958,0.2716785737694173,0.02508960573476704,0.5665561583283102,
holdout_time,length-only,full,genre=news,180,0.9166666666666666,0.8333333333333334,1.0,0.5147374062165059,0.27060439560439564,0.6717171717171717,
holdout_time,length-only,full,genre=science,167,0.20958083832335328,0.10457516339869281,0.5081967213114754,-0.5774561987136838,-0.7304554079696395,-0.23109243697478993,
holdout_time,length-only,full,genre=seo,71,0.4225352112676056,0.20689655172413793,0.6612903225806451,-0.19651240778001344,-0.5154612257077847,0.16329270811815744,
holdout_time,length-only,full,genre=translation,73,0.821917808219178,0.726027397260274,0.9041095890410958,0.2716785737694173,0.02508960573476704,0.5665561583283102,
holdout_time,length-only,full,hh_all,420,0.6190476190476191,0.3600867678958785,0.8422712933753943,0.19651240778001344,-0.1644444444444445,0.5142690951394191,
holdout_time,length-only,full,len_long,167,0.03592814371257485,0.011627906976744186,0.10294117647058823,-0.8406150661639684,-0.8943113623964688,-0.7422055778833272,
holdout_time,length-only,full,len_mid,126,0.6904761904761905,0.5869565217391305,0.773109243697479,0.13431180691454658,-0.11432466288409115,0.3694524324805076,
holdout_time,length-only,full,len_short,198,0.9949494949494949,0.9879518072289156,1.0,0.6775433516047851,0.4703389830508474,0.8121943947525343,
holdout_time,length-only,full,source=buriy_2014,60,0.8333333333333334,0.8333333333333334,0.8333333333333334,0.2764887857695283,0.05218855218855223,0.4988385598141696,
holdout_time,length-only,full,source=cyberleninka,60,0.45,0.28888888888888886,0.5869565217391305,-0.16020881670533643,-0.4354574308534757,0.1286651847147242,
holdout_time,length-only,full,source=devaka_ru,2,0.5,0.5,0.5,-0.09100204498977504,-0.2906976744186046,0.1330275229357798,малая выборка
holdout_time,length-only,full,source=drmax,19,0.05263157894736842,0.05263157894736842,0.05263157894736842,-0.559656556645852,-0.7555875991348233,-0.3357405140758874,малая выборка
holdout_time,length-only,full,source=drmax_su,7,0.14285714285714285,0.14285714285714285,0.14285714285714285,-0.45425029515938603,-0.6548082267926627,-0.23002421307506055,малая выборка
holdout_time,length-only,full,source=gazeta,60,1.0,1.0,1.0,0.4663573085846868,0.2551724137931034,0.6689814814814814,
holdout_time,length-only,full,source=labrika,1,1.0,1.0,1.0,0.4102040816326531,0.21111111111111114,0.6259124087591241,малая выборка
holdout_time,length-only,full,source=lenta,60,0.9166666666666666,0.9166666666666666,0.9166666666666666,0.3714230471771075,0.1522324865280985,0.584136546184739,
holdout_time,length-only,full,source=madcats_ru,9,0.6666666666666666,0.6666666666666666,0.6666666666666666,0.0774550484094052,-0.1271186440677966,0.30666666666666664,малая выборка
holdout_time,length-only,full,source=rusltc,73,0.821917808219178,0.726027397260274,0.9041095890410958,0.2716785737694173,0.02508960573476704,0.5665561583283102,
holdout_time,length-only,full,source=seoprofy_ua,1,0.0,0.0,0.0,-0.5918367346938775,-0.7881188118811882,-0.37209302325581395,малая выборка
holdout_time,length-only,full,source=seopulses,12,0.75,0.75,0.75,0.16336116910229648,-0.04113924050632911,0.3888059701492537,малая выборка
holdout_time,length-only,full,source=seopulses_ru,5,0.8,0.8,0.8,0.21152263374485603,0.010784313725490269,0.4315789473684211,малая выборка
holdout_time,length-only,full,source=sosnovskij_ru,6,0.5,0.5,0.5,-0.09175257731958764,-0.2910863509749304,0.13225806451612904,малая выборка
holdout_time,length-only,full,source=spbgu,59,0.13559322033898305,0.13559322033898305,0.13559322033898305,-0.5171845574387948,-0.6799623352165726,-0.28993869455463395,
holdout_time,length-only,full,source=texterra_ru,9,0.4444444444444444,0.4444444444444444,0.4444444444444444,-0.148916551406178,-0.35147392290249435,0.07676294561540459,малая выборка
holdout_time,length-only,full,source=urfu,48,0.0,0.0,0.0,-0.654627539503386,-0.8153526970954357,-0.4444444444444444,
holdout_topic,main,full,весь человеческий тест,420,0.06190476190476191,0.022922636103151862,0.11594202898550725,,,,
holdout_topic,main,full,HH-formal-register,167,0.08383233532934131,0.024509803921568627,0.25806451612903225,0.036401505289815624,-0.04422332780541735,0.2222222222222222,
holdout_topic,main,full,HH-polished,180,0.06111111111111111,0.0,0.15,-0.001388888888888891,-0.10507146150299677,0.10338983050847457,
holdout_topic,main,full,HH-translation,73,0.0136986301369863,0.0,0.0410958904109589,-0.058347479373100156,-0.14285714285714285,-0.0030946065428824054,
holdout_topic,main,full,genre=news,180,0.06111111111111111,0.0,0.15,-0.001388888888888891,-0.10507146150299677,0.10338983050847457,
holdout_topic,main,full,genre=science,167,0.08383233532934131,0.024509803921568627,0.25806451612903225,0.036401505289815624,-0.04422332780541735,0.2222222222222222,
holdout_topic,main,full,genre=translation,73,0.0136986301369863,0.0,0.0410958904109589,-0.058347479373100156,-0.14285714285714285,-0.0030946065428824054,
holdout_topic,main,full,hh_all,420,0.06190476190476191,0.022922636103151862,0.11594202898550725,,,,
holdout_topic,main,full,len_long,139,0.06474820143884892,0.021551724137931036,0.25,0.004249980798279526,-0.0562043795620438,0.17989556135770235,
holdout_topic,main,full,len_mid,104,0.057692307692307696,0.01020408163265306,0.1267605633802817,-0.005598831548198638,-0.07212734918046854,0.05761181535517818,
holdout_topic,main,full,len_short,177,0.062146892655367235,0.0,0.12719298245614036,0.00041849759363884326,-0.11680911680911682,0.08056446262715614,
holdout_topic,main,full,source=buriy_2014,60,0.03333333333333333,0.03333333333333333,0.03333333333333333,-0.03333333333333333,-0.09591836734693879,0.009999999999999998,
holdout_topic,main,full,source=cyberleninka,60,0.21666666666666667,0.07894736842105263,0.3176470588235294,0.18055555555555558,0.04086538461538462,0.2928318868531019,
holdout_topic,main,full,source=gazeta,60,0.0,0.0,0.0,-0.07222222222222222,-0.12962962962962962,-0.030120481927710843,
holdout_topic,main,full,source=lenta,60,0.15,0.15,0.15,0.10277777777777777,0.045734597156398105,0.13275862068965516,
holdout_topic,main,full,source=rusltc,73,0.0136986301369863,0.0,0.0410958904109589,-0.058347479373100156,-0.14285714285714285,-0.0030946065428824054,
holdout_topic,main,full,source=spbgu,59,0.0,0.0,0.0,-0.07202216066481995,-0.12982456140350876,-0.02932551319648094,
holdout_topic,main,full,source=urfu,48,0.020833333333333332,0.020833333333333332,0.020833333333333332,-0.046370967741935484,-0.10805555555555556,-0.003891941391941392,
holdout_topic,main,net,весь человеческий тест,420,0.08571428571428572,0.05289256198347107,0.14377682403433475,,,,
holdout_topic,main,net,HH-formal-register,167,0.10179640718562874,0.0392156862745098,0.2835820895522388,0.02669759295637973,-0.04761216152705976,0.21256355584713793,
holdout_topic,main,net,HH-polished,180,0.06666666666666667,0.03333333333333333,0.08333333333333333,-0.03333333333333334,-0.1324420677361854,0.025322283609576425,
holdout_topic,main,net,HH-translation,73,0.0958904109589041,0.0410958904109589,0.1643835616438356,0.012316923927203821,-0.08579395152641739,0.09172583683524126,
holdout_topic,main,net,genre=news,180,0.06666666666666667,0.03333333333333333,0.08333333333333333,-0.03333333333333334,-0.1324420677361854,0.025322283609576425,
holdout_topic,main,net,genre=science,167,0.10179640718562874,0.0392156862745098,0.2835820895522388,0.02669759295637973,-0.04761216152705976,0.21256355584713793,
holdout_topic,main,net,genre=translation,73,0.0958904109589041,0.0410958904109589,0.1643835616438356,0.012316923927203821,-0.08579395152641739,0.09172583683524126,
holdout_topic,main,net,hh_all,420,0.08571428571428572,0.05289256198347107,0.14377682403433475,,,,
holdout_topic,main,net,len_long,139,0.07194244604316546,0.031914893617021274,0.22,-0.020584244348293604,-0.07279693486590039,0.11095780154076118,
holdout_topic,main,net,len_mid,104,0.08653846153846154,0.03431372549019608,0.18181818181818182,0.0010954235637779947,-0.05431353723769031,0.08407130534790108,
holdout_topic,main,net,len_short,177,0.096045197740113,0.057692307692307696,0.14285714285714285,0.01785589732859036,-0.06383319967923015,0.07099549203724484,
holdout_topic,main,net,source=buriy_2014,60,0.03333333333333333,0.03333333333333333,0.03333333333333333,-0.06111111111111111,-0.1272506082725061,-0.025490196078431372,
holdout_topic,main,net,source=cyberleninka,60,0.23333333333333334,0.08333333333333333,0.3561643835616438,0.17222222222222222,0.018595041322314043,0.30343434343434345,
holdout_topic,main,net,source=gazeta,60,0.08333333333333333,0.08333333333333333,0.08333333333333333,-0.002777777777777782,-0.07338308457711444,0.03316032295271049,
holdout_topic,main,net,source=lenta,60,0.08333333333333333,0.08333333333333333,0.08333333333333333,-0.002777777777777782,-0.06972789115646259,0.03316032295271049,
holdout_topic,main,net,source=rusltc,73,0.0958904109589041,0.0410958904109589,0.1643835616438356,0.012316923927203821,-0.08579395152641739,0.09172583683524126,
holdout_topic,main,net,source=spbgu,59,0.01694915254237288,0.01694915254237288,0.01694915254237288,-0.08000375604488474,-0.1450226784435426,-0.04505084745762712,
holdout_topic,main,net,source=urfu,48,0.041666666666666664,0.041666666666666664,0.041666666666666664,-0.04973118279569893,-0.11701596806387227,-0.01358195211786372,
holdout_topic,format-only,full,весь человеческий тест,420,0.007142857142857143,0.0,0.02181818181818182,,,,
holdout_topic,format-only,full,HH-formal-register,167,0.011976047904191617,0.0,0.05555555555555555,0.008023478734231143,-0.0136986301369863,0.05053042992741485,
holdout_topic,format-only,full,HH-polished,180,0.0,0.0,0.0,-0.0125,-0.036458333333333336,0.0,
holdout_topic,format-only,full,HH-translation,73,0.0136986301369863,0.0,0.0410958904109589,0.007934941376179384,-0.017241379310344827,0.04076823376929421,
holdout_topic,format-only,full,genre=news,180,0.0,0.0,0.0,-0.0125,-0.036458333333333336,0.0,
holdout_topic,format-only,full,genre=science,167,0.011976047904191617,0.0,0.05555555555555555,0.008023478734231143,-0.0136986301369863,0.05053042992741485,
holdout_topic,format-only,full,genre=translation,73,0.0136986301369863,0.0,0.0410958904109589,0.007934941376179384,-0.017241379310344827,0.04076823376929421,
holdout_topic,format-only,full,hh_all,420,0.007142857142857143,0.0,0.02181818181818182,,,,
holdout_topic,format-only,full,len_long,139,0.02158273381294964,0.0,0.10256410256410256,0.02158273381294964,0.0,0.10638297872340426,
holdout_topic,format-only,full,len_mid,104,0.0,0.0,0.0,-0.00949367088607595,-0.030612244897959183,0.0,
holdout_topic,format-only,full,len_short,177,0.0,0.0,0.0,-0.012345679012345678,-0.03816793893129771,0.0,
holdout_topic,format-only,full,source=buriy_2014,60,0.0,0.0,0.0,-0.008333333333333333,-0.026737967914438502,0.0,
holdout_topic,format-only,full,source=cyberleninka,60,0.03333333333333333,0.0,0.0975609756097561,0.030555555555555555,-0.006507592190889371,0.09090909090909091,
holdout_topic,format-only,full,source=gazeta,60,0.0,0.0,0.0,-0.008333333333333333,-0.026490066225165563,0.0,
holdout_topic,format-only,full,source=lenta,60,0.0,0.0,0.0,-0.008333333333333333,-0.02459016393442623,0.0,
holdout_topic,format-only,full,source=rusltc,73,0.0136986301369863,0.0,0.0410958904109589,0.007934941376179384,-0.017241379310344827,0.04076823376929421,
holdout_topic,format-only,full,source=spbgu,59,0.0,0.0,0.0,-0.008310249307479225,-0.026217228464419477,0.0,
holdout_topic,format-only,full,source=urfu,48,0.0,0.0,0.0,-0.008064516129032258,-0.02631578947368421,0.0,
holdout_topic,length-only,full,весь человеческий тест,420,0.6428571428571429,0.38215102974828374,0.863013698630137,,,,
holdout_topic,length-only,full,HH-formal-register,167,0.20958083832335328,0.11072664359861592,0.43548387096774194,-0.7192729166173581,-0.8271895101434934,-0.48396477234961777,
holdout_topic,length-only,full,HH-polished,180,0.95,0.8666666666666667,1.0,0.5375,0.23951612903225816,0.6948640483383686,
holdout_topic,length-only,full,HH-translation,73,0.8767123287671232,0.7945205479452054,0.9452054794520548,0.28305238640401087,0.010699839067461192,0.6641975308641974,
holdout_topic,length-only,full,genre=news,180,0.95,0.8666666666666667,1.0,0.5375,0.23951612903225816,0.6948640483383686,
holdout_topic,length-only,full,genre=science,167,0.20958083832335328,0.11072664359861592,0.43548387096774194,-0.7192729166173581,-0.8271895101434934,-0.48396477234961777,
holdout_topic,length-only,full,genre=translation,73,0.8767123287671232,0.7945205479452054,0.9452054794520548,0.28305238640401087,0.010699839067461192,0.6641975308641974,
holdout_topic,length-only,full,hh_all,420,0.6428571428571429,0.38215102974828374,0.863013698630137,,,,
holdout_topic,length-only,full,len_long,139,0.04316546762589928,0.020833333333333332,0.10256410256410256,-0.8963363117335313,-0.9446470781609555,-0.8045171339563862,
holdout_topic,length-only,full,len_mid,104,0.8365384615384616,0.7454545454545455,0.9142857142857143,0.2574245374878287,-0.01935510782964167,0.5324561403508772,
holdout_topic,length-only,full,len_short,177,1.0,1.0,1.0,0.617283950617284,0.3486842105263158,0.7845117845117845,
holdout_topic,length-only,full,source=buriy_2014,60,0.8666666666666667,0.8666666666666667,0.8666666666666667,0.2611111111111112,0.004687500000000067,0.5247863247863248,
holdout_topic,length-only,full,source=cyberleninka,60,0.38333333333333336,0.2542372881355932,0.5,-0.30277777777777776,-0.6035732279192343,0.014634146341463428,
holdout_topic,length-only,full,source=gazeta,60,1.0,1.0,1.0,0.41666666666666663,0.17312072892938501,0.6659436008676789,
holdout_topic,length-only,full,source=lenta,60,0.9833333333333333,0.9833333333333333,0.9833333333333333,0.39722222222222214,0.14907918968692446,0.6464539007092198,
holdout_topic,length-only,full,source=rusltc,73,0.8767123287671232,0.7945205479452054,0.9452054794520548,0.28305238640401087,0.010699839067461192,0.6641975308641974,
holdout_topic,length-only,full,source=spbgu,59,0.1864406779661017,0.1864406779661017,0.1864406779661017,-0.5310108455796048,-0.6989251756924348,-0.24504620250037062,
holdout_topic,length-only,full,source=urfu,48,0.020833333333333332,0.020833333333333332,0.020833333333333332,-0.7022849462365591,-0.866529304029304,-0.4648809523809524,
