split,model,estimand,group,n,fpr,fpr_ci_low,fpr_ci_high,delta,delta_ci_low,delta_ci_high,note
holdout_author,main,full,весь человеческий тест,495,0.028282828282828285,0.008645533141210375,0.06629834254143646,,,,
holdout_author,main,full,HH-formal-register,167,0.05389221556886228,0.004901960784313725,0.19718309859154928,0.03864831312983789,-0.015479876160990712,0.18113805155089557,
holdout_author,main,full,HH-polished,152,0.006578947368421052,0.0,0.016666666666666666,-0.03132192726714746,-0.08843537414965986,-0.0020408163265306124,
holdout_author,main,full,HH-translation,73,0.0410958904109589,0.0,0.0958904109589041,0.01502953970005843,-0.043209876543209874,0.06988616764401519,
holdout_author,main,full,genre=news,152,0.006578947368421052,0.0,0.016666666666666666,-0.03132192726714746,-0.08843537414965986,-0.0020408163265306124,
holdout_author,main,full,genre=prose,76,0.0,0.0,0.0,-0.03341288782816229,-0.08056872037914692,-0.011058451816745656,
holdout_author,main,full,genre=science,167,0.05389221556886228,0.004901960784313725,0.19718309859154928,0.03864831312983789,-0.015479876160990712,0.18113805155089557,
holdout_author,main,full,genre=seo,27,0.037037037037037035,0.0,0.17647058823529413,0.009259259259259259,-0.05647840531561462,0.2928571428571428,
holdout_author,main,full,genre=translation,73,0.0410958904109589,0.0,0.0958904109589041,0.01502953970005843,-0.043209876543209874,0.06988616764401519,
holdout_author,main,full,hh_all,392,0.03316326530612245,0.009478672985781991,0.08163265306122448,0.023454527442044782,-0.05081300813008129,0.07582770926822374,
holdout_author,main,full,len_long,172,0.03488372093023256,0.004201680672268907,0.1346153846153846,0.010115919072647417,-0.026881720430107527,0.10201268265784397,
holdout_author,main,full,len_mid,134,0.04477611940298507,0.006060606060606061,0.112,0.022615454583040474,-0.013513513513513514,0.0811643405004401,
holdout_author,main,full,len_short,189,0.010582010582010581,0.0,0.0297029702970297,-0.028633675692499222,-0.09778935511123628,0.00652822041739488,
holdout_author,main,full,source=buriy_2014,60,0.016666666666666666,0.016666666666666666,0.016666666666666666,-0.013218390804597701,-0.05686274509803922,0.007894736842105263,
holdout_author,main,full,source=cyberleninka,60,0.15,0.022727272727272728,0.265625,0.13850574712643676,0.0106359158083296,0.2557077625570776,
holdout_author,main,full,source=gazeta,60,0.0,0.0,0.0,-0.03218390804597701,-0.07692307692307693,-0.011111111111111112,
holdout_author,main,full,source=labrika,4,0.0,0.0,0.0,-0.028513238289205704,-0.06770833333333333,-0.009569377990430622,малая выборка
holdout_author,main,full,source=lenta,32,0.0,0.0,0.0,-0.03023758099352052,-0.07371794871794872,-0.010178117048346057,
holdout_author,main,full,source=madcats,3,0.3333333333333333,0.3333333333333333,0.3333333333333333,0.30691056910569103,0.2695035460992908,0.32569974554707376,малая выборка
holdout_author,main,full,source=madcats_ru,8,0.0,0.0,0.0,-0.028747433264887063,-0.0676056338028169,-0.009887005649717515,малая выборка
holdout_author,main,full,source=rusltc,73,0.0410958904109589,0.0,0.0958904109589041,0.01502953970005843,-0.043209876543209874,0.06988616764401519,
holdout_author,main,full,source=seopulses,12,0.0,0.0,0.0,-0.028985507246376812,-0.06967213114754098,-0.009933774834437087,малая выборка
holdout_author,main,full,source=spbgu,59,0.0,0.0,0.0,-0.03211009174311927,-0.07493540051679587,-0.0112,
holdout_author,main,full,source=taiga_arzamas,4,0.0,0.0,0.0,-0.028513238289205704,-0.06904231625835189,-0.009596928982725527,малая выборка
holdout_author,main,full,source=taiga_magazines,60,0.0,0.0,0.0,-0.03218390804597701,-0.07661290322580645,-0.010869565217391304,
holdout_author,main,full,source=taiga_proza,12,0.0,0.0,0.0,-0.028985507246376812,-0.06984126984126984,-0.01015228426395939,малая выборка
holdout_author,main,full,source=urfu,48,0.0,0.0,0.0,-0.03131991051454139,-0.07462686567164178,-0.010438413361169102,
holdout_author,main,net,весь человеческий тест,495,0.052525252525252523,0.029411764705882353,0.09623430962343096,,,,
holdout_author,main,net,HH-formal-register,167,0.0718562874251497,0.02054794520547945,0.22784810126582278,0.029173360595881402,-0.034850709740577586,0.18318308885887488,
holdout_author,main,net,HH-polished,152,0.02631578947368421,0.0,0.05,-0.03782415221727789,-0.10677749360613811,0.003642384105960267,
holdout_author,main,net,HH-translation,73,0.0684931506849315,0.0136986301369863,0.136986301369863,0.018730117509576052,-0.05586814435919295,0.08763923748677632,
holdout_author,main,net,genre=news,152,0.02631578947368421,0.0,0.05,-0.03782415221727789,-0.10677749360613811,0.003642384105960267,
holdout_author,main,net,genre=prose,76,0.02631578947368421,0.0,0.08333333333333333,-0.030963446803165436,-0.08893844781445139,0.03672248803827751,
holdout_author,main,net,genre=science,167,0.0718562874251497,0.02054794520547945,0.22784810126582278,0.029173360595881402,-0.034850709740577586,0.18318308885887488,
holdout_author,main,net,genre=seo,27,0.1111111111111111,0.0,0.4117647058823529,0.06196581196581196,-0.06134969325153374,0.6023235031277926,
holdout_author,main,net,genre=translation,73,0.0684931506849315,0.0136986301369863,0.136986301369863,0.018730117509576052,-0.05586814435919295,0.08763923748677632,
holdout_author,main,net,hh_all,392,0.05357142857142857,0.02631578947368421,0.10459183673469388,0.00502773925104022,-0.14931703810208485,0.06933501418216198,
holdout_author,main,net,len_long,172,0.046511627906976744,0.013157894736842105,0.15384615384615385,-0.009215926272589818,-0.05579605579605579,0.0948821161587119,
holdout_author,main,net,len_mid,134,0.06716417910447761,0.023809523809523808,0.14018691588785046,0.02007276636209534,-0.028232217036771118,0.08353018733175852,
holdout_author,main,net,len_short,189,0.047619047619047616,0.02,0.08415841584158416,-0.007936507936507936,-0.07657917721425295,0.03800519095291065,
holdout_author,main,net,source=buriy_2014,60,0.016666666666666666,0.016666666666666666,0.016666666666666666,-0.04080459770114943,-0.09034440344403444,-0.014355231143552312,
holdout_author,main,net,source=cyberleninka,60,0.18333333333333332,0.06,0.29411764705882354,0.14885057471264368,0.021465201465201464,0.2627486690949846,
holdout_author,main,net,source=gazeta,60,0.05,0.05,0.05,-0.002873563218390801,-0.05382513661202186,0.02254901960784314,
holdout_author,main,net,source=labrika,4,0.0,0.0,0.0,-0.05295315682281059,-0.09917355371900827,-0.029469548133595286,малая выборка
holdout_author,main,net,source=lenta,32,0.0,0.0,0.0,-0.056155507559395246,-0.10436893203883495,-0.03143712574850299,
holdout_author,main,net,source=madcats,3,0.6666666666666666,0.6666666666666666,0.6666666666666666,0.6178861788617885,0.5766666666666667,0.6408602150537634,малая выборка
holdout_author,main,net,source=madcats_ru,8,0.125,0.125,0.125,0.0736652977412731,0.02930622009569378,0.09733201581027667,малая выборка
holdout_author,main,net,source=rusltc,73,0.0684931506849315,0.0136986301369863,0.136986301369863,0.018730117509576052,-0.05586814435919295,0.08763923748677632,
holdout_author,main,net,source=seopulses,12,0.0,0.0,0.0,-0.053830227743271224,-0.10094637223974763,-0.02922077922077922,малая выборка
holdout_author,main,net,source=spbgu,59,0.01694915254237288,0.01694915254237288,0.01694915254237288,-0.04039029699891153,-0.08950246036085292,-0.014300847457627119,
holdout_author,main,net,source=taiga_arzamas,4,0.0,0.0,0.0,-0.05295315682281059,-0.09953703703703703,-0.028950542822677925,малая выборка
holdout_author,main,net,source=taiga_magazines,60,0.016666666666666666,0.016666666666666666,0.016666666666666666,-0.04080459770114943,-0.09080996884735203,-0.014637681159420293,
holdout_author,main,net,source=taiga_proza,12,0.08333333333333333,0.08333333333333333,0.08333333333333333,0.031573498964803305,-0.01428571428571429,0.05493576741041244,малая выборка
holdout_author,main,net,source=urfu,48,0.0,0.0,0.0,-0.058165548098434,-0.10588235294117647,-0.03282828282828283,
holdout_author,format-only,full,весь человеческий тест,495,0.014141414141414142,0.004319654427645789,0.030805687203791468,,,,
holdout_author,format-only,full,HH-formal-register,167,0.03592814371257485,0.012448132780082987,0.10714285714285714,0.03287936322476997,0.006109805597094639,0.10909090909090909,
holdout_author,format-only,full,HH-polished,152,0.0,0.0,0.0,-0.02040816326530612,-0.04405286343612335,-0.00641025641025641,
holdout_author,format-only,full,HH-translation,73,0.0136986301369863,0.0,0.0410958904109589,-0.0005193793416866845,-0.0297029702970297,0.0335752298016449,
holdout_author,format-only,full,genre=news,152,0.0,0.0,0.0,-0.02040816326530612,-0.04405286343612335,-0.00641025641025641,
holdout_author,format-only,full,genre=prose,76,0.0,0.0,0.0,-0.016706443914081145,-0.037463976945244955,-0.005226480836236934,
holdout_author,format-only,full,genre=science,167,0.03592814371257485,0.012448132780082987,0.10714285714285714,0.03287936322476997,0.006109805597094639,0.10909090909090909,
holdout_author,format-only,full,genre=seo,27,0.0,0.0,0.0,-0.014957264957264958,-0.034055727554179564,-0.004662004662004662,
holdout_author,format-only,full,genre=translation,73,0.0136986301369863,0.0,0.0410958904109589,-0.0005193793416866845,-0.0297029702970297,0.0335752298016449,
holdout_author,format-only,full,hh_all,392,0.017857142857142856,0.005319148936170213,0.04093567251461988,0.017857142857142856,0.005633802816901409,0.040983606557377046,
holdout_author,format-only,full,len_long,172,0.023255813953488372,0.0048543689320388345,0.07142857142857142,0.013967888256893945,-0.008562958803663,0.06365461847389559,
holdout_author,format-only,full,len_mid,134,0.022388059701492536,0.0,0.058823529411764705,0.011307727291520237,-0.011941112322791714,0.04337735094037615,
holdout_author,format-only,full,len_short,189,0.0,0.0,0.0,-0.02287581699346405,-0.05263157894736842,-0.007334963325183374,
holdout_author,format-only,full,source=buriy_2014,60,0.0,0.0,0.0,-0.016091954022988506,-0.03625377643504532,-0.004893964110929853,
holdout_author,format-only,full,source=cyberleninka,60,0.06666666666666667,0.0,0.17391304347826086,0.059770114942528735,-0.0064516129032258064,0.16762910410823298,
holdout_author,format-only,full,source=gazeta,60,0.0,0.0,0.0,-0.016091954022988506,-0.035545023696682464,-0.005154639175257732,
holdout_author,format-only,full,source=labrika,4,0.0,0.0,0.0,-0.014256619144602852,-0.03194103194103194,-0.004366812227074236,малая выборка
holdout_author,format-only,full,source=lenta,32,0.0,0.0,0.0,-0.01511879049676026,-0.03345070422535211,-0.004662004662004662,
holdout_author,format-only,full,source=madcats,3,0.0,0.0,0.0,-0.014227642276422764,-0.031914893617021274,-0.004424778761061947,малая выборка
holdout_author,format-only,full,source=madcats_ru,8,0.0,0.0,0.0,-0.014373716632443531,-0.03202846975088968,-0.00423728813559322,малая выборка
holdout_author,format-only,full,source=rusltc,73,0.0136986301369863,0.0,0.0410958904109589,-0.0005193793416866845,-0.0297029702970297,0.0335752298016449,
holdout_author,format-only,full,source=seopulses,12,0.0,0.0,0.0,-0.014492753623188406,-0.032432432432432434,-0.0043859649122807015,малая выборка
holdout_author,format-only,full,source=spbgu,59,0.01694915254237288,0.01694915254237288,0.01694915254237288,0.0031876846524646237,-0.01694915254237288,0.014171374764595103,
holdout_author,format-only,full,source=taiga_arzamas,4,0.0,0.0,0.0,-0.014256619144602852,-0.03225806451612903,-0.004132231404958678,малая выборка
holdout_author,format-only,full,source=taiga_magazines,60,0.0,0.0,0.0,-0.016091954022988506,-0.03559870550161812,-0.004889975550122249,
holdout_author,format-only,full,source=taiga_proza,12,0.0,0.0,0.0,-0.014492753623188406,-0.032397408207343416,-0.004373177842565598,малая выборка
holdout_author,format-only,full,source=urfu,48,0.020833333333333332,0.020833333333333332,0.020833333333333332,0.007410514541387024,-0.01177536231884058,0.018016431924882628,
holdout_author,length-only,full,весь человеческий тест,495,0.6626262626262627,0.5,0.8338192419825073,,,,
holdout_author,length-only,full,HH-formal-register,167,0.33532934131736525,0.27586206896551724,0.5166666666666667,-0.49393895136556154,-0.6375222609368951,-0.2580408625804087,
holdout_author,length-only,full,HH-polished,152,0.9605263157894737,0.9166666666666666,1.0,0.42991407089151445,0.24197215117931237,0.5410256410256411,
holdout_author,length-only,full,HH-translation,73,0.9452054794520548,0.8904109589041096,0.9863013698630136,0.33146140362267096,0.12725344644750802,0.5373155148843567,
holdout_author,length-only,full,genre=news,152,0.9605263157894737,0.9166666666666666,1.0,0.42991407089151445,0.24197215117931237,0.5410256410256411,
holdout_author,length-only,full,genre=prose,76,0.5526315789473685,0.4666666666666667,0.9166666666666666,-0.12994598668508972,-0.3485943775100402,0.3326477187733733,
holdout_author,length-only,full,genre=science,167,0.33532934131736525,0.27586206896551724,0.5166666666666667,-0.49393895136556154,-0.6375222609368951,-0.2580408625804087,
holdout_author,length-only,full,genre=seo,27,0.5555555555555556,0.5,0.6363636363636364,-0.11324786324786318,-0.30980392156862746,0.08349056603773586,
holdout_author,length-only,full,genre=translation,73,0.9452054794520548,0.8904109589041096,0.9863013698630136,0.33146140362267096,0.12725344644750802,0.5373155148843567,
holdout_author,length-only,full,hh_all,392,0.6913265306122449,0.48828125,0.8842794759825328,0.13792847235981776,-0.18392112248767545,0.3551478083588176,
holdout_author,length-only,full,len_long,172,0.20348837209302326,0.14349775784753363,0.30434782608695654,-0.7036323709410325,-0.7738030164996458,-0.5816437084042718,
holdout_author,length-only,full,len_mid,134,0.8059701492537313,0.7075471698113207,0.8802816901408451,0.19655186670525493,-0.01542157098246455,0.37427132489986914,
holdout_author,length-only,full,len_short,189,0.9788359788359788,0.9256756756756757,1.0,0.5115157173980703,0.3266835443037974,0.6165637860082305,
holdout_author,length-only,full,source=buriy_2014,60,0.9166666666666666,0.9166666666666666,0.9166666666666666,0.2890804597701149,0.10113268608414239,0.44146005509641867,
holdout_author,length-only,full,source=cyberleninka,60,0.4666666666666667,0.33962264150943394,0.5869565217391305,-0.22298850574712648,-0.4716312056737588,-0.0007729793312048483,
holdout_author,length-only,full,source=gazeta,60,1.0,1.0,1.0,0.38390804597701145,0.2086330935251799,0.5304990757855823,
holdout_author,length-only,full,source=labrika,4,0.5,0.5,0.5,-0.16395112016293278,-0.33673469387755106,-0.0029850746268657025,малая выборка
holdout_author,length-only,full,source=lenta,32,0.96875,0.96875,0.96875,0.32728131749460043,0.1465277777777778,0.48408742331288346,
holdout_author,length-only,full,source=madcats,3,0.6666666666666666,0.6666666666666666,0.6666666666666666,0.004065040650406471,-0.16927083333333337,0.16964877402253142,малая выборка
holdout_author,length-only,full,source=madcats_ru,8,0.625,0.625,0.625,-0.038244353182751545,-0.209307992202729,0.125,малая выборка
holdout_author,length-only,full,source=rusltc,73,0.9452054794520548,0.8904109589041096,0.9863013698630136,0.33146140362267096,0.12725344644750802,0.5373155148843567,
holdout_author,length-only,full,source=seopulses,12,0.5,0.5,0.5,-0.16666666666666663,-0.34501845018450183,-0.002049180327868827,малая выборка
holdout_author,length-only,full,source=spbgu,59,0.288135593220339,0.288135593220339,0.288135593220339,-0.425167159073239,-0.5779080204868261,-0.25417874184011,
holdout_author,length-only,full,source=taiga_arzamas,4,0.75,0.75,0.75,0.08808553971486766,-0.08451202263083446,0.25306748466257667,малая выборка
holdout_author,length-only,full,source=taiga_magazines,60,0.4666666666666667,0.4666666666666667,0.4666666666666667,-0.22298850574712648,-0.4017543859649123,-0.039054157131960365,
holdout_author,length-only,full,source=taiga_proza,12,0.9166666666666666,0.9166666666666666,0.9166666666666666,0.260351966873706,0.08581164807930608,0.4278329197684036,малая выборка
holdout_author,length-only,full,source=urfu,48,0.22916666666666666,0.22916666666666666,0.22916666666666666,-0.4800055928411634,-0.6368464052287582,-0.3185511756569849,
holdout_genre_analytics,main,full,весь человеческий тест,392,0.025510204081632654,0.006802721088435374,0.05755395683453238,,,,
holdout_genre_analytics,main,full,HH-formal-register,167,0.041916167664670656,0.004901960784313725,0.14473684210526316,0.02858283433133732,-0.012318485886767826,0.13299793601651186,
holdout_genre_analytics,main,full,HH-polished,152,0.013157894736842105,0.0,0.03333333333333333,-0.02017543859649123,-0.07329842931937172,0.013715762704798434,
holdout_genre_analytics,main,full,HH-translation,73,0.0136986301369863,0.0,0.0410958904109589,-0.014514536007214328,-0.06640625,0.024235503108742545,
holdout_genre_analytics,main,full,genre=news,152,0.013157894736842105,0.0,0.03333333333333333,-0.02017543859649123,-0.07329842931937172,0.013715762704798434,
holdout_genre_analytics,main,full,genre=science,167,0.041916167664670656,0.004901960784313725,0.14473684210526316,0.02858283433133732,-0.012318485886767826,0.13299793601651186,
holdout_genre_analytics,main,full,genre=translation,73,0.0136986301369863,0.0,0.0410958904109589,-0.014514536007214328,-0.06640625,0.024235503108742545,
holdout_genre_analytics,main,full,hh_all,392,0.025510204081632654,0.006802721088435374,0.05755395683453238,,,,
holdout_genre_analytics,main,full,len_long,136,0.029411764705882353,0.0,0.1388888888888889,0.0059742647058823525,-0.03271728271728272,0.1140588036498817,
holdout_genre_analytics,main,full,len_mid,95,0.042105263157894736,0.0,0.09574468085106383,0.021903242955874532,-0.01818181818181818,0.0693181818181818,
holdout_genre_analytics,main,full,len_short,161,0.012422360248447204,0.0,0.03571428571428571,-0.022209674383587428,-0.07857142857142857,0.013124999999999998,
holdout_genre_analytics,main,full,source=buriy_2014,60,0.03333333333333333,0.03333333333333333,0.03333333333333333,0.009236947791164657,-0.03092369477911646,0.0285140562248996,
holdout_genre_analytics,main,full,source=cyberleninka,60,0.11666666666666667,0.022727272727272728,0.18518518518518517,0.10763052208835341,0.012690109464303014,0.17757009345794392,
holdout_genre_analytics,main,full,source=gazeta,60,0.0,0.0,0.0,-0.030120481927710843,-0.06637168141592921,-0.008595988538681949,
holdout_genre_analytics,main,full,source=lenta,32,0.0,0.0,0.0,-0.027777777777777776,-0.06498194945848375,-0.007662835249042145,
holdout_genre_analytics,main,full,source=rusltc,73,0.0136986301369863,0.0,0.0410958904109589,-0.014514536007214328,-0.06640625,0.024235503108742545,
holdout_genre_analytics,main,full,source=spbgu,59,0.0,0.0,0.0,-0.03003003003003003,-0.06622516556291391,-0.00881057268722467,
holdout_genre_analytics,main,full,source=urfu,48,0.0,0.0,0.0,-0.029069767441860465,-0.06635071090047394,-0.008130081300813009,
holdout_genre_analytics,main,net,весь человеческий тест,392,0.07908163265306123,0.04834605597964377,0.13602015113350127,,,,
holdout_genre_analytics,main,net,HH-formal-register,167,0.09580838323353294,0.0392156862745098,0.2571428571428571,0.029141716566866274,-0.04338200859977011,0.19444444444444445,
holdout_genre_analytics,main,net,HH-polished,152,0.05263157894736842,0.03125,0.08333333333333333,-0.04320175438596492,-0.1362224731789949,0.013701707097933516,
holdout_genre_analytics,main,net,HH-translation,73,0.0958904109589041,0.0410958904109589,0.1643835616438356,0.02065530124103576,-0.07218251786695987,0.09985298669142681,
holdout_genre_analytics,main,net,genre=news,152,0.05263157894736842,0.03125,0.08333333333333333,-0.04320175438596492,-0.1362224731789949,0.013701707097933516,
holdout_genre_analytics,main,net,genre=science,167,0.09580838323353294,0.0392156862745098,0.2571428571428571,0.029141716566866274,-0.04338200859977011,0.19444444444444445,
holdout_genre_analytics,main,net,genre=translation,73,0.0958904109589041,0.0410958904109589,0.1643835616438356,0.02065530124103576,-0.07218251786695987,0.09985298669142681,
holdout_genre_analytics,main,net,hh_all,392,0.07908163265306123,0.04834605597964377,0.13602015113350127,,,,
holdout_genre_analytics,main,net,len_long,136,0.0661764705882353,0.03125,0.1956521739130435,-0.019761029411764705,-0.07217313195880597,0.09557443990729501,
holdout_genre_analytics,main,net,len_mid,95,0.08421052631578947,0.02830188679245283,0.17647058823529413,0.006769448874712036,-0.05253837072018891,0.08229226728169645,
holdout_genre_analytics,main,net,len_short,161,0.08695652173913043,0.047619047619047616,0.15294117647058825,0.013363448146056833,-0.061137692716640074,0.07506393861892585,
holdout_genre_analytics,main,net,source=buriy_2014,60,0.03333333333333333,0.03333333333333333,0.03333333333333333,-0.05401606425702812,-0.11884057971014494,-0.01839080459770115,
holdout_genre_analytics,main,net,source=cyberleninka,60,0.21666666666666667,0.08333333333333333,0.31645569620253167,0.16244979919678715,0.024626985400288785,0.2681159420289855,
holdout_genre_analytics,main,net,source=gazeta,60,0.08333333333333333,0.08333333333333333,0.08333333333333333,0.005020080321285134,-0.06449275362318842,0.03901734104046242,
holdout_genre_analytics,main,net,source=lenta,32,0.03125,0.03125,0.03125,-0.05208333333333333,-0.11307989690721648,-0.019255050505050504,
holdout_genre_analytics,main,net,source=rusltc,73,0.0958904109589041,0.0410958904109589,0.1643835616438356,0.02065530124103576,-0.07218251786695987,0.09985298669142681,
holdout_genre_analytics,main,net,source=spbgu,59,0.01694915254237288,0.01694915254237288,0.01694915254237288,-0.07314093754771721,-0.1350976310833581,-0.038472534204615064,
holdout_genre_analytics,main,net,source=urfu,48,0.041666666666666664,0.041666666666666664,0.041666666666666664,-0.04263565891472868,-0.10833333333333334,-0.007978723404255324,
holdout_genre_analytics,format-only,full,весь человеческий тест,392,0.02040816326530612,0.00625,0.043478260869565216,,,,
holdout_genre_analytics,format-only,full,HH-formal-register,167,0.041916167664670656,0.015873015873015872,0.10909090909090909,0.03747172322022621,0.00568181818181818,0.10332606324972736,
holdout_genre_analytics,format-only,full,HH-polished,152,0.0,0.0,0.0,-0.03333333333333333,-0.06358381502890173,-0.0125,
holdout_genre_analytics,format-only,full,HH-translation,73,0.0136986301369863,0.0,0.0410958904109589,-0.008244943530725298,-0.047337278106508875,0.027848911651728554,
holdout_genre_analytics,format-only,full,genre=news,152,0.0,0.0,0.0,-0.03333333333333333,-0.06358381502890173,-0.0125,
holdout_genre_analytics,format-only,full,genre=science,167,0.041916167664670656,0.015873015873015872,0.10909090909090909,0.03747172322022621,0.00568181818181818,0.10332606324972736,
holdout_genre_analytics,format-only,full,genre=translation,73,0.0136986301369863,0.0,0.0410958904109589,-0.008244943530725298,-0.047337278106508875,0.027848911651728554,
holdout_genre_analytics,format-only,full,hh_all,392,0.02040816326530612,0.00625,0.043478260869565216,,,,
holdout_genre_analytics,format-only,full,len_long,136,0.03676470588235294,0.014705882352941176,0.11627906976744186,0.025045955882352942,-0.004496124031007753,0.10186179735051915,
holdout_genre_analytics,format-only,full,len_mid,95,0.031578947368421054,0.0,0.08333333333333333,0.014743930533404219,-0.014579126237501848,0.05939840823970037,
holdout_genre_analytics,format-only,full,len_short,161,0.0,0.0,0.0,-0.03463203463203463,-0.0718562874251497,-0.012195121951219513,
holdout_genre_analytics,format-only,full,source=buriy_2014,60,0.0,0.0,0.0,-0.024096385542168676,-0.05179282868525897,-0.0078125,
holdout_genre_analytics,format-only,full,source=cyberleninka,60,0.06666666666666667,0.0,0.17391304347826086,0.05461847389558233,-0.012244897959183673,0.1592686920138257,
holdout_genre_analytics,format-only,full,source=gazeta,60,0.0,0.0,0.0,-0.024096385542168676,-0.0498220640569395,-0.007853403141361256,
holdout_genre_analytics,format-only,full,source=lenta,32,0.0,0.0,0.0,-0.022222222222222223,-0.04591836734693878,-0.007194244604316547,
holdout_genre_analytics,format-only,full,source=rusltc,73,0.0136986301369863,0.0,0.0410958904109589,-0.008244943530725298,-0.047337278106508875,0.027848911651728554,
holdout_genre_analytics,format-only,full,source=spbgu,59,0.03389830508474576,0.03389830508474576,0.03389830508474576,0.015880287066727745,-0.010711360342763529,0.02967889580204534,
holdout_genre_analytics,format-only,full,source=urfu,48,0.020833333333333332,0.020833333333333332,0.020833333333333332,0.00048449612403100514,-0.02653508771929825,0.016494938539407086,
holdout_genre_analytics,length-only,full,весь человеческий тест,392,0.6045918367346939,0.34977578475336324,0.8421052631578947,,,,
holdout_genre_analytics,length-only,full,HH-formal-register,167,0.17964071856287425,0.09652509652509653,0.41818181818181815,-0.7403592814371258,-0.8380751403700494,-0.4909133271202236,
holdout_genre_analytics,length-only,full,HH-polished,152,0.9407894736842105,0.8666666666666667,1.0,0.5491228070175438,0.2382882882882883,0.7135135135135136,
holdout_genre_analytics,length-only,full,HH-translation,73,0.8767123287671232,0.7945205479452054,0.9452054794520548,0.33439257955082224,0.03847337642351489,0.6947250280583614,
holdout_genre_analytics,length-only,full,genre=news,152,0.9407894736842105,0.8666666666666667,1.0,0.5491228070175438,0.2382882882882883,0.7135135135135136,
holdout_genre_analytics,length-only,full,genre=science,167,0.17964071856287425,0.09652509652509653,0.41818181818181815,-0.7403592814371258,-0.8380751403700494,-0.4909133271202236,
holdout_genre_analytics,length-only,full,genre=translation,73,0.8767123287671232,0.7945205479452054,0.9452054794520548,0.33439257955082224,0.03847337642351489,0.6947250280583614,
holdout_genre_analytics,length-only,full,hh_all,392,0.6045918367346939,0.34977578475336324,0.8421052631578947,,,,
holdout_genre_analytics,length-only,full,len_long,136,0.029411764705882353,0.011235955056179775,0.07692307692307693,-0.8807444852941176,-0.9388626487814093,-0.7800501707198104,
holdout_genre_analytics,length-only,full,len_mid,95,0.7578947368421053,0.6285714285714286,0.8592592592592593,0.2023391812865497,-0.04954791103720646,0.42155663262905274,
holdout_genre_analytics,length-only,full,len_short,161,1.0,1.0,1.0,0.670995670995671,0.39226519337016574,0.8291666666666666,
holdout_genre_analytics,length-only,full,source=buriy_2014,60,0.8666666666666667,0.8666666666666667,0.8666666666666667,0.30943775100401605,0.030367734282325087,0.5557126030624264,
holdout_genre_analytics,length-only,full,source=cyberleninka,60,0.36666666666666664,0.23529411764705882,0.48214285714285715,-0.28092369477911644,-0.6151068686449471,0.03371096988118266,
holdout_genre_analytics,length-only,full,source=gazeta,60,1.0,1.0,1.0,0.4668674698795181,0.20481927710843373,0.6928406466512702,
holdout_genre_analytics,length-only,full,source=lenta,32,0.96875,0.96875,0.96875,0.3965277777777778,0.1396360759493671,0.6512012534818942,
holdout_genre_analytics,length-only,full,source=rusltc,73,0.8767123287671232,0.7945205479452054,0.9452054794520548,0.33439257955082224,0.03847337642351489,0.6947250280583614,
holdout_genre_analytics,length-only,full,source=spbgu,59,0.11864406779661017,0.11864406779661017,0.11864406779661017,-0.5720466228940805,-0.7501174848836116,-0.29138543072846357,
holdout_genre_analytics,length-only,full,source=urfu,48,0.020833333333333332,0.020833333333333332,0.020833333333333332,-0.6652131782945736,-0.8488735070575462,-0.4173109965635739,
holdout_genre_commercial,main,full,весь человеческий тест,392,0.05612244897959184,0.026030368763557483,0.11406844106463879,,,,
holdout_genre_commercial,main,full,HH-formal-register,167,0.09580838323353294,0.03225806451612903,0.29310344827586204,0.06914171656686627,0.00013061650992685428,0.2659442724458204,
holdout_genre_commercial,main,full,HH-polished,152,0.019736842105263157,0.0,0.03333333333333333,-0.059429824561403506,-0.15163458347162298,-0.010979318734793186,
holdout_genre_commercial,main,full,HH-translation,73,0.0410958904109589,0.0,0.0958904109589041,-0.018465238115686865,-0.1144134963768116,0.04429678848283499,
holdout_genre_commercial,main,full,genre=news,152,0.019736842105263157,0.0,0.03333333333333333,-0.059429824561403506,-0.15163458347162298,-0.010979318734793186,
holdout_genre_commercial,main,full,genre=science,167,0.09580838323353294,0.03225806451612903,0.29310344827586204,0.06914171656686627,0.00013061650992685428,0.2659442724458204,
holdout_genre_commercial,main,full,genre=translation,73,0.0410958904109589,0.0,0.0958904109589041,-0.018465238115686865,-0.1144134963768116,0.04429678848283499,
holdout_genre_commercial,main,full,hh_all,392,0.05612244897959184,0.026030368763557483,0.11406844106463879,,,,
holdout_genre_commercial,main,full,len_long,136,0.0661764705882353,0.021875,0.2564102564102564,0.015395220588235295,-0.03717171717171717,0.1975448231303505,
holdout_genre_commercial,main,full,len_mid,95,0.09473684210526316,0.03571428571428571,0.1935483870967742,0.05096579833421939,-0.0005858721124874441,0.12365787079162875,
holdout_genre_commercial,main,full,len_short,161,0.024844720496894408,0.0070921985815602835,0.05813953488372093,-0.05307735742518351,-0.16141552511415524,0.0014273166447079481,
holdout_genre_commercial,main,full,source=buriy_2014,60,0.03333333333333333,0.03333333333333333,0.03333333333333333,-0.026907630522088354,-0.1016359918200409,0.0075722092115534725,
holdout_genre_commercial,main,full,source=cyberleninka,60,0.25,0.11627906976744186,0.3559322033898305,0.22891566265060243,0.0954861111111111,0.33972344437460716,
holdout_genre_commercial,main,full,source=gazeta,60,0.016666666666666666,0.016666666666666666,0.016666666666666666,-0.046586345381526104,-0.1180483592400691,-0.011661945231350331,
holdout_genre_commercial,main,full,source=lenta,32,0.0,0.0,0.0,-0.06111111111111111,-0.1263537906137184,-0.028735632183908046,
holdout_genre_commercial,main,full,source=rusltc,73,0.0410958904109589,0.0,0.0958904109589041,-0.018465238115686865,-0.1144134963768116,0.04429678848283499,
holdout_genre_commercial,main,full,source=spbgu,59,0.0,0.0,0.0,-0.06606606606606606,-0.13270142180094788,-0.03273809523809524,
holdout_genre_commercial,main,full,source=urfu,48,0.020833333333333332,0.020833333333333332,0.020833333333333332,-0.040213178294573645,-0.1135540184453228,-0.006834650856389988,
holdout_genre_commercial,main,net,весь человеческий тест,392,0.08673469387755102,0.0530421216848674,0.1494661921708185,,,,
holdout_genre_commercial,main,net,HH-formal-register,167,0.10778443113772455,0.04375,0.2962962962962963,0.03667332002661344,-0.042264477095937766,0.22752271640363464,
holdout_genre_commercial,main,net,HH-polished,152,0.05921052631578947,0.03333333333333333,0.08333333333333333,-0.0449561403508772,-0.1472902097902098,0.013565891472868213,
holdout_genre_commercial,main,net,HH-translation,73,0.0958904109589041,0.0410958904109589,0.1643835616438356,0.011250912526302226,-0.09135047653299766,0.09231884057971015,
holdout_genre_commercial,main,net,genre=news,152,0.05921052631578947,0.03333333333333333,0.08333333333333333,-0.0449561403508772,-0.1472902097902098,0.013565891472868213,
holdout_genre_commercial,main,net,genre=science,167,0.10778443113772455,0.04375,0.2962962962962963,0.03667332002661344,-0.042264477095937766,0.22752271640363464,
holdout_genre_commercial,main,net,genre=translation,73,0.0958904109589041,0.0410958904109589,0.1643835616438356,0.011250912526302226,-0.09135047653299766,0.09231884057971015,
holdout_genre_commercial,main,net,hh_all,392,0.08673469387755102,0.0530421216848674,0.1494661921708185,,,,
holdout_genre_commercial,main,net,len_long,136,0.0661764705882353,0.03125,0.1956521739130435,-0.031479779411764705,-0.08849028400597908,0.08153310104529618,
holdout_genre_commercial,main,net,len_mid,95,0.10526315789473684,0.03669724770642202,0.22413793103448276,0.02445507708665602,-0.04301242236024845,0.11802721088435372,
holdout_genre_commercial,main,net,len_short,161,0.09316770186335403,0.05521472392638037,0.15476190476190477,0.010916619612271777,-0.07120811287477953,0.07188923939712581,
holdout_genre_commercial,main,net,source=buriy_2014,60,0.03333333333333333,0.03333333333333333,0.03333333333333333,-0.06305220883534138,-0.13725490196078433,-0.02519083969465649,
holdout_genre_commercial,main,net,source=cyberleninka,60,0.25,0.10638297872340426,0.36619718309859156,0.1927710843373494,0.04561907803683594,0.31557476567432374,
holdout_genre_commercial,main,net,source=gazeta,60,0.08333333333333333,0.08333333333333333,0.08333333333333333,-0.004016064257028121,-0.08072916666666667,0.03286014721345951,
holdout_genre_commercial,main,net,source=lenta,32,0.0625,0.0625,0.0625,-0.026388888888888892,-0.09637850467289719,0.009868421052631582,
holdout_genre_commercial,main,net,source=rusltc,73,0.0958904109589041,0.0410958904109589,0.1643835616438356,0.011250912526302226,-0.09135047653299766,0.09231884057971015,
holdout_genre_commercial,main,net,source=spbgu,59,0.01694915254237288,0.01694915254237288,0.01694915254237288,-0.08214994655672622,-0.15311887466851146,-0.04483574448279874,
holdout_genre_commercial,main,net,source=urfu,48,0.041666666666666664,0.041666666666666664,0.041666666666666664,-0.05135658914728682,-0.12577519379844962,-0.013755020080321284,
holdout_genre_commercial,format-only,full,весь человеческий тест,392,0.007653061224489796,0.0,0.023054755043227664,,,,
holdout_genre_commercial,format-only,full,HH-formal-register,167,0.011976047904191617,0.0,0.05555555555555555,0.007531603459747173,-0.014492753623188406,0.05,
holdout_genre_commercial,format-only,full,HH-polished,152,0.0,0.0,0.0,-0.0125,-0.036458333333333336,0.0,
holdout_genre_commercial,format-only,full,HH-translation,73,0.0136986301369863,0.0,0.0410958904109589,0.007429037660497273,-0.018404907975460124,0.04052640541000754,
holdout_genre_commercial,format-only,full,genre=news,152,0.0,0.0,0.0,-0.0125,-0.036458333333333336,0.0,
holdout_genre_commercial,format-only,full,genre=science,167,0.011976047904191617,0.0,0.05555555555555555,0.007531603459747173,-0.014492753623188406,0.05,
holdout_genre_commercial,format-only,full,genre=translation,73,0.0136986301369863,0.0,0.0410958904109589,0.007429037660497273,-0.018404907975460124,0.04052640541000754,
holdout_genre_commercial,format-only,full,hh_all,392,0.007653061224489796,0.0,0.023054755043227664,,,,
holdout_genre_commercial,format-only,full,len_long,136,0.022058823529411766,0.0,0.11428571428571428,0.022058823529411766,0.0,0.1111111111111111,
holdout_genre_commercial,format-only,full,len_mid,95,0.0,0.0,0.0,-0.010101010101010102,-0.03111111111111111,0.0,
holdout_genre_commercial,format-only,full,len_short,161,0.0,0.0,0.0,-0.012987012987012988,-0.04081632653061224,0.0,
holdout_genre_commercial,format-only,full,source=buriy_2014,60,0.0,0.0,0.0,-0.009036144578313253,-0.027559055118110236,0.0,
holdout_genre_commercial,format-only,full,source=cyberleninka,60,0.03333333333333333,0.0,0.0975609756097561,0.03032128514056225,-0.007042253521126761,0.09090909090909091,
holdout_genre_commercial,format-only,full,source=gazeta,60,0.0,0.0,0.0,-0.009036144578313253,-0.02734375,0.0,
holdout_genre_commercial,format-only,full,source=lenta,32,0.0,0.0,0.0,-0.008333333333333333,-0.02459016393442623,0.0,
holdout_genre_commercial,format-only,full,source=rusltc,73,0.0136986301369863,0.0,0.0410958904109589,0.007429037660497273,-0.018404907975460124,0.04052640541000754,
holdout_genre_commercial,format-only,full,source=spbgu,59,0.0,0.0,0.0,-0.009009009009009009,-0.027777777777777776,0.0,
holdout_genre_commercial,format-only,full,source=urfu,48,0.0,0.0,0.0,-0.00872093023255814,-0.02702702702702703,0.0,
holdout_genre_commercial,length-only,full,весь человеческий тест,392,0.6198979591836735,0.3753351206434316,0.8459214501510574,,,,
holdout_genre_commercial,length-only,full,HH-formal-register,167,0.2155688622754491,0.11138014527845036,0.4339622641509434,-0.7044311377245509,-0.8180704099821747,-0.47797888386123677,
holdout_genre_commercial,length-only,full,HH-polished,152,0.9407894736842105,0.8666666666666667,1.0,0.5241228070175439,0.229217938200711,0.6861882466903455,
holdout_genre_commercial,length-only,full,HH-translation,73,0.8767123287671232,0.7945205479452054,0.9452054794520548,0.3155838021213552,0.03339793281653747,0.6655832430480317,
holdout_genre_commercial,length-only,full,genre=news,152,0.9407894736842105,0.8666666666666667,1.0,0.5241228070175439,0.229217938200711,0.6861882466903455,
holdout_genre_commercial,length-only,full,genre=science,167,0.2155688622754491,0.11138014527845036,0.4339622641509434,-0.7044311377245509,-0.8180704099821747,-0.47797888386123677,
holdout_genre_commercial,length-only,full,genre=translation,73,0.8767123287671232,0.7945205479452054,0.9452054794520548,0.3155838021213552,0.03339793281653747,0.6655832430480317,
holdout_genre_commercial,length-only,full,hh_all,392,0.6198979591836735,0.3753351206434316,0.8459214501510574,,,,
holdout_genre_commercial,length-only,full,len_long,136,0.04411764705882353,0.011494252873563218,0.0851063829787234,-0.8816636029411765,-0.9412748171368861,-0.7961651251973832,
holdout_genre_commercial,length-only,full,len_mid,95,0.8,0.7022900763358778,0.8823529411764706,0.23771043771043776,-0.03980582524271836,0.4862458425720621,
holdout_genre_commercial,length-only,full,len_short,161,1.0,1.0,1.0,0.645021645021645,0.3846153846153846,0.8026315789473684,
holdout_genre_commercial,length-only,full,source=buriy_2014,60,0.8666666666666667,0.8666666666666667,0.8666666666666667,0.29136546184738954,0.025306893295561905,0.5278236914600551,
holdout_genre_commercial,length-only,full,source=cyberleninka,60,0.38333333333333336,0.25,0.5,-0.2793172690763052,-0.5949388232346432,0.022849038764576113,
holdout_genre_commercial,length-only,full,source=gazeta,60,1.0,1.0,1.0,0.4487951807228916,0.202247191011236,0.6705336426914152,
holdout_genre_commercial,length-only,full,source=lenta,32,0.96875,0.96875,0.96875,0.3798611111111111,0.13449585635359118,0.6269032416502947,
holdout_genre_commercial,length-only,full,source=rusltc,73,0.8767123287671232,0.7945205479452054,0.9452054794520548,0.3155838021213552,0.03339793281653747,0.6655832430480317,
holdout_genre_commercial,length-only,full,source=spbgu,59,0.2033898305084746,0.2033898305084746,0.2033898305084746,-0.4903038631852191,-0.6669805398618958,-0.2125393730313484,
holdout_genre_commercial,length-only,full,source=urfu,48,0.020833333333333332,0.020833333333333332,0.020833333333333332,-0.6826550387596899,-0.8512978142076503,-0.45916666666666667,
holdout_genre_news,main,full,весь человеческий тест,392,0.04081632653061224,0.015296367112810707,0.08900523560209424,,,,
holdout_genre_news,main,full,HH-formal-register,167,0.0658682634730539,0.014925373134328358,0.2112676056338028,0.04364604125083167,-0.015940656565656568,0.18937927474512842,
holdout_genre_news,main,full,HH-polished,152,0.013157894736842105,0.0,0.03333333333333333,-0.04517543859649123,-0.12195289904971768,-0.0011098779134295217,
holdout_genre_news,main,full,HH-translation,73,0.0410958904109589,0.0,0.0958904109589041,0.0003435393137802209,-0.07894736842105263,0.061376647583544136,
holdout_genre_news,main,full,genre=news,152,0.013157894736842105,0.0,0.03333333333333333,-0.04517543859649123,-0.12195289904971768,-0.0011098779134295217,
holdout_genre_news,main,full,genre=science,167,0.0658682634730539,0.014925373134328358,0.2112676056338028,0.04364604125083167,-0.015940656565656568,0.18937927474512842,
holdout_genre_news,main,full,genre=translation,73,0.0410958904109589,0.0,0.0958904109589041,0.0003435393137802209,-0.07894736842105263,0.061376647583544136,
holdout_genre_news,main,full,hh_all,392,0.04081632653061224,0.015296367112810707,0.08900523560209424,,,,
holdout_genre_news,main,full,len_long,136,0.058823529411764705,0.015625,0.23255813953488372,0.027573529411764705,-0.021590909090909095,0.19711792702273928,
holdout_genre_news,main,full,len_mid,95,0.06315789473684211,0.011764705882352941,0.1388888888888889,0.029487861066808438,-0.019230769230769232,0.0877370417193426,
holdout_genre_news,main,full,len_short,161,0.012422360248447204,0.0,0.03571428571428571,-0.04818370035761341,-0.13690476190476192,-0.0032190032190032233,
holdout_genre_news,main,full,source=buriy_2014,60,0.03333333333333333,0.03333333333333333,0.03333333333333333,-0.008835341365461845,-0.07049180327868854,0.01924882629107981,
holdout_genre_news,main,full,source=cyberleninka,60,0.16666666666666666,0.04,0.27941176470588236,0.14859437751004015,0.018701095461658844,0.2655744930943285,
holdout_genre_news,main,full,source=gazeta,60,0.0,0.0,0.0,-0.04819277108433735,-0.10526315789473684,-0.019955654101995565,
holdout_genre_news,main,full,source=lenta,32,0.0,0.0,0.0,-0.044444444444444446,-0.09848484848484848,-0.017241379310344827,
holdout_genre_news,main,full,source=rusltc,73,0.0410958904109589,0.0,0.0958904109589041,0.0003435393137802209,-0.07894736842105263,0.061376647583544136,
holdout_genre_news,main,full,source=spbgu,59,0.0,0.0,0.0,-0.04804804804804805,-0.10457516339869281,-0.019337016574585635,
holdout_genre_news,main,full,source=urfu,48,0.020833333333333332,0.020833333333333332,0.020833333333333332,-0.022771317829457367,-0.0824530516431925,0.005907960199004974,
holdout_genre_news,main,net,весь человеческий тест,392,0.07653061224489796,0.04672897196261682,0.13309352517985612,,,,
holdout_genre_news,main,net,HH-formal-register,167,0.11377245508982035,0.05365853658536585,0.2916666666666667,0.06488356620093147,-0.004175988068605523,0.24571011317999272,
holdout_genre_news,main,net,HH-polished,152,0.039473684210526314,0.0,0.05,-0.06052631578947369,-0.1507246376811594,-0.011341016238868518,
holdout_genre_news,main,net,HH-translation,73,0.0684931506849315,0.0136986301369863,0.136986301369863,-0.009876755271181356,-0.10286028602860287,0.06328274355272913,
holdout_genre_news,main,net,genre=news,152,0.039473684210526314,0.0,0.05,-0.06052631578947369,-0.1507246376811594,-0.011341016238868518,
holdout_genre_news,main,net,genre=science,167,0.11377245508982035,0.05365853658536585,0.2916666666666667,0.06488356620093147,-0.004175988068605523,0.24571011317999272,
holdout_genre_news,main,net,genre=translation,73,0.0684931506849315,0.0136986301369863,0.136986301369863,-0.009876755271181356,-0.10286028602860287,0.06328274355272913,
holdout_genre_news,main,net,hh_all,392,0.07653061224489796,0.04672897196261682,0.13309352517985612,,,,
holdout_genre_news,main,net,len_long,136,0.0661764705882353,0.02962962962962963,0.1702127659574468,-0.015854779411764705,-0.08040550998297477,0.07567609695269269,
holdout_genre_news,main,net,len_mid,95,0.11578947368421053,0.047619047619047616,0.23404255319148937,0.05181640971114655,-0.014421759386133187,0.16227889757301522,
holdout_genre_news,main,net,len_short,161,0.062111801242236024,0.029411764705882353,0.11764705882352941,-0.024468285337850552,-0.10396611474778591,0.03066037735849056,
holdout_genre_news,main,net,source=buriy_2014,60,0.05,0.05,0.05,-0.03132530120481927,-0.09728682170542637,0.002898550724637683,
holdout_genre_news,main,net,source=cyberleninka,60,0.25,0.13333333333333333,0.34375,0.20481927710843373,0.08451417004048584,0.30539072995969546,
holdout_genre_news,main,net,source=gazeta,60,0.05,0.05,0.05,-0.03132530120481927,-0.09953271028037382,0.002777777777777782,
holdout_genre_news,main,net,source=lenta,32,0.0,0.0,0.0,-0.08333333333333333,-0.14338235294117646,-0.052884615384615384,
holdout_genre_news,main,net,source=rusltc,73,0.0684931506849315,0.0136986301369863,0.136986301369863,-0.009876755271181356,-0.10286028602860287,0.06328274355272913,
holdout_genre_news,main,net,source=spbgu,59,0.01694915254237288,0.01694915254237288,0.01694915254237288,-0.0701379345447142,-0.1307018541690365,-0.03825254597142755,
holdout_genre_news,main,net,source=urfu,48,0.0625,0.0625,0.0625,-0.015988372093023256,-0.08253816793893129,0.016628440366972475,
holdout_genre_news,format-only,full,весь человеческий тест,392,0.01020408163265306,0.0,0.03214285714285714,,,,
holdout_genre_news,format-only,full,HH-formal-register,167,0.017964071856287425,0.0,0.08571428571428572,0.01351962741184298,-0.013157894736842105,0.08163265306122448,
holdout_genre_news,format-only,full,HH-polished,152,0.0,0.0,0.0,-0.016666666666666666,-0.050724637681159424,0.0,
holdout_genre_news,format-only,full,HH-translation,73,0.0136986301369863,0.0,0.0410958904109589,0.004294241422252758,-0.029940119760479042,0.03896103896103896,
holdout_genre_news,format-only,full,genre=news,152,0.0,0.0,0.0,-0.016666666666666666,-0.050724637681159424,0.0,
holdout_genre_news,format-only,full,genre=science,167,0.017964071856287425,0.0,0.08571428571428572,0.01351962741184298,-0.013157894736842105,0.08163265306122448,
holdout_genre_news,format-only,full,genre=translation,73,0.0136986301369863,0.0,0.0410958904109589,0.004294241422252758,-0.029940119760479042,0.03896103896103896,
holdout_genre_news,format-only,full,hh_all,392,0.01020408163265306,0.0,0.03214285714285714,,,,
holdout_genre_news,format-only,full,len_long,136,0.022058823529411766,0.0,0.11428571428571428,0.018152573529411766,0.0,0.10519265621306438,
holdout_genre_news,format-only,full,len_mid,95,0.010526315789473684,0.0,0.04285714285714286,0.0004253056884635821,-0.019010705057216686,0.023341926411999062,
holdout_genre_news,format-only,full,len_short,161,0.0,0.0,0.0,-0.017316017316017316,-0.056074766355140186,0.0,
holdout_genre_news,format-only,full,source=buriy_2014,60,0.0,0.0,0.0,-0.012048192771084338,-0.038834951456310676,0.0,
holdout_genre_news,format-only,full,source=cyberleninka,60,0.05,0.0,0.14814814814814814,0.046987951807228916,-0.007017543859649123,0.13977994731132806,
holdout_genre_news,format-only,full,source=gazeta,60,0.0,0.0,0.0,-0.012048192771084338,-0.036290322580645164,0.0,
holdout_genre_news,format-only,full,source=lenta,32,0.0,0.0,0.0,-0.011111111111111112,-0.0335195530726257,0.0,
holdout_genre_news,format-only,full,source=rusltc,73,0.0136986301369863,0.0,0.0410958904109589,0.004294241422252758,-0.029940119760479042,0.03896103896103896,
holdout_genre_news,format-only,full,source=spbgu,59,0.0,0.0,0.0,-0.012012012012012012,-0.037914691943127965,0.0,
holdout_genre_news,format-only,full,source=urfu,48,0.0,0.0,0.0,-0.011627906976744186,-0.03783783783783784,0.0,
holdout_genre_news,length-only,full,весь человеческий тест,392,0.6275510204081632,0.3887884267631103,0.8515151515151516,,,,
holdout_genre_news,length-only,full,HH-formal-register,167,0.2275449101796407,0.12992125984251968,0.45121951219512196,-0.6968995342648037,-0.8072930441682096,-0.4649321266968326,
holdout_genre_news,length-only,full,HH-polished,152,0.9407894736842105,0.8666666666666667,1.0,0.5116228070175439,0.21746031746031746,0.6734104046242775,
holdout_genre_news,length-only,full,HH-translation,73,0.8904109589041096,0.8082191780821918,0.958904109589041,0.3230128397818526,0.048879314766374304,0.6664343786295006,
holdout_genre_news,length-only,full,genre=news,152,0.9407894736842105,0.8666666666666667,1.0,0.5116228070175439,0.21746031746031746,0.6734104046242775,
holdout_genre_news,length-only,full,genre=science,167,0.2275449101796407,0.12992125984251968,0.45121951219512196,-0.6968995342648037,-0.8072930441682096,-0.4649321266968326,
holdout_genre_news,length-only,full,genre=translation,73,0.8904109589041096,0.8082191780821918,0.958904109589041,0.3230128397818526,0.048879314766374304,0.6664343786295006,
holdout_genre_news,length-only,full,hh_all,392,0.6275510204081632,0.3887884267631103,0.8515151515151516,,,,
holdout_genre_news,length-only,full,len_long,136,0.0661764705882353,0.03759398496240601,0.13636363636363635,-0.8596047794117647,-0.9169278996865204,-0.7615819209039548,
holdout_genre_news,length-only,full,len_mid,95,0.8,0.7017543859649122,0.8831168831168831,0.2276094276094277,-0.046542185338865893,0.4729535170711641,
holdout_genre_news,length-only,full,len_short,161,1.0,1.0,1.0,0.6320346320346321,0.37,0.7853881278538812,
holdout_genre_news,length-only,full,source=buriy_2014,60,0.8666666666666667,0.8666666666666667,0.8666666666666667,0.2823293172690763,0.016993464052287632,0.5154960981047938,
holdout_genre_news,length-only,full,source=cyberleninka,60,0.4,0.25925925925925924,0.5172413793103449,-0.2686746987951807,-0.5878623188405796,0.027819548872180466,
holdout_genre_news,length-only,full,source=gazeta,60,1.0,1.0,1.0,0.43975903614457834,0.19543973941368076,0.65625,
holdout_genre_news,length-only,full,source=lenta,32,0.96875,0.96875,0.96875,0.3715277777777778,0.1314796587926509,0.6147354014598541,
holdout_genre_news,length-only,full,source=rusltc,73,0.8904109589041096,0.8082191780821918,0.958904109589041,0.3230128397818526,0.048879314766374304,0.6664343786295006,
holdout_genre_news,length-only,full,source=spbgu,59,0.2033898305084746,0.2033898305084746,0.2033898305084746,-0.49931287219422815,-0.672935257830748,-0.2264347308950342,
holdout_genre_news,length-only,full,source=urfu,48,0.041666666666666664,0.041666666666666664,0.041666666666666664,-0.6676356589147288,-0.83545197740113,-0.44526920031670625,
holdout_genre_prose,main,full,весь человеческий тест,572,0.09265734265734266,0.05653710247349823,0.13507109004739337,,,,
holdout_genre_prose,main,full,HH-formal-register,167,0.08383233532934131,0.023474178403755867,0.2537313432835821,-0.012463960966954984,-0.0843261786658013,0.16602116002267145,
holdout_genre_prose,main,full,HH-polished,152,0.06578947368421052,0.03333333333333333,0.1,-0.036591478696741855,-0.10323641398407753,0.023963133640552997,
holdout_genre_prose,main,full,HH-translation,73,0.0821917808219178,0.0273972602739726,0.1506849315068493,-0.011996595931589207,-0.09148895292987512,0.06528359345260754,
holdout_genre_prose,main,full,genre=news,152,0.06578947368421052,0.03333333333333333,0.1,-0.036591478696741855,-0.10323641398407753,0.023963133640552997,
holdout_genre_prose,main,full,genre=prose,180,0.12777777777777777,0.06666666666666667,0.16666666666666666,0.05124716553287981,-0.03132328308207705,0.11128048780487806,
holdout_genre_prose,main,full,genre=science,167,0.08383233532934131,0.023474178403755867,0.2537313432835821,-0.012463960966954984,-0.0843261786658013,0.16602116002267145,
holdout_genre_prose,main,full,genre=translation,73,0.0821917808219178,0.0273972602739726,0.1506849315068493,-0.011996595931589207,-0.09148895292987512,0.06528359345260754,
holdout_genre_prose,main,full,hh_all,392,0.07653061224489796,0.0412621359223301,0.13333333333333333,-0.05124716553287981,-0.11139476961394769,0.031034482758620696,
holdout_genre_prose,main,full,len_long,197,0.07106598984771574,0.02512562814070352,0.16304347826086957,-0.032934010152284254,-0.0963524130190797,0.06565247456287662,
holdout_genre_prose,main,full,len_mid,175,0.10285714285714286,0.05128205128205128,0.15204678362573099,0.014695933789132781,-0.03639139486467731,0.06195808211312087,
holdout_genre_prose,main,full,len_short,200,0.105,0.061224489795918366,0.16296296296296298,0.018978494623655903,-0.04064248704663212,0.07563598216627328,
holdout_genre_prose,main,full,source=buriy_2014,60,0.03333333333333333,0.03333333333333333,0.03333333333333333,-0.06627604166666667,-0.11205673758865248,-0.027272727272727275,
holdout_genre_prose,main,full,source=cyberleninka,60,0.2,0.05660377358490566,0.3375,0.11992187500000001,-0.031217948717948724,0.2591549295774648,
holdout_genre_prose,main,full,source=gazeta,60,0.1,0.1,0.1,0.008203125000000006,-0.04123006833712983,0.04707520891364903,
holdout_genre_prose,main,full,source=lenta,32,0.0625,0.0625,0.0625,-0.03194444444444444,-0.07904411764705882,0.006634078212290506,
holdout_genre_prose,main,full,source=rusltc,73,0.0821917808219178,0.0273972602739726,0.1506849315068493,-0.011996595931589207,-0.09148895292987512,0.06528359345260754,
holdout_genre_prose,main,full,source=spbgu,59,0.0,0.0,0.0,-0.10331384015594541,-0.1447811447811448,-0.06925207756232687,
holdout_genre_prose,main,full,source=taiga_arzamas,60,0.16666666666666666,0.16666666666666666,0.16666666666666666,0.08268229166666666,0.038666666666666655,0.11687413554633472,
holdout_genre_prose,main,full,source=taiga_magazines,60,0.06666666666666667,0.06666666666666667,0.06666666666666667,-0.029036458333333334,-0.07619047619047618,0.010911270983213428,
holdout_genre_prose,main,full,source=taiga_proza,60,0.15,0.15,0.15,0.0640625,0.015853658536585352,0.0994949494949495,
holdout_genre_prose,main,full,source=urfu,48,0.041666666666666664,0.041666666666666664,0.041666666666666664,-0.05566157760814249,-0.09895833333333334,-0.016752577319587632,
holdout_genre_prose,main,net,весь человеческий тест,572,0.1853146853146853,0.12228260869565218,0.25267993874425726,,,,
holdout_genre_prose,main,net,HH-formal-register,167,0.09580838323353294,0.0392156862745098,0.26136363636363635,-0.12641383898868927,-0.2166236003445306,0.050812699377183634,
holdout_genre_prose,main,net,HH-polished,152,0.17763157894736842,0.11666666666666667,0.28125,-0.010463659147869675,-0.11671590349581487,0.12215909090909091,
holdout_genre_prose,main,net,HH-translation,73,0.1917808219178082,0.1095890410958904,0.2876712328767123,0.007412084442858319,-0.11003514544230913,0.12831808105496503,
holdout_genre_prose,main,net,genre=news,152,0.17763157894736842,0.11666666666666667,0.28125,-0.010463659147869675,-0.11671590349581487,0.12215909090909091,
holdout_genre_prose,main,net,genre=prose,180,0.2722222222222222,0.16666666666666666,0.36666666666666664,0.12681405895691608,-0.004858708189158012,0.23971245114461198,
holdout_genre_prose,main,net,genre=science,167,0.09580838323353294,0.0392156862745098,0.26136363636363635,-0.12641383898868927,-0.2166236003445306,0.050812699377183634,
holdout_genre_prose,main,net,genre=translation,73,0.1917808219178082,0.1095890410958904,0.2876712328767123,0.007412084442858319,-0.11003514544230913,0.12831808105496503,
holdout_genre_prose,main,net,hh_all,392,0.14540816326530612,0.09074733096085409,0.21606648199445982,-0.12681405895691608,-0.23975409836065575,0.004688832054560971,
holdout_genre_prose,main,net,len_long,197,0.116751269035533,0.05732484076433121,0.24719101123595505,-0.10458206429780033,-0.1731926001588923,0.02562111801242234,
holdout_genre_prose,main,net,len_mid,175,0.17714285714285713,0.08181818181818182,0.2459016393442623,-0.011774019431450178,-0.1141304347826087,0.06545590840943166,
holdout_genre_prose,main,net,len_short,200,0.26,0.2,0.33774834437086093,0.11483870967741935,0.04823491655969189,0.1898405230188473,
holdout_genre_prose,main,net,source=buriy_2014,60,0.11666666666666667,0.11666666666666667,0.11666666666666667,-0.07669270833333333,-0.14705014749262538,-0.003396524486571878,
holdout_genre_prose,main,net,source=cyberleninka,60,0.21666666666666667,0.08333333333333333,0.32,0.035026041666666674,-0.12003968253968253,0.16233341509279697,
holdout_genre_prose,main,net,source=gazeta,60,0.18333333333333332,0.18333333333333332,0.18333333333333332,-0.0022135416666666796,-0.07559523809523813,0.06897163120567375,
holdout_genre_prose,main,net,source=lenta,32,0.28125,0.28125,0.28125,0.10162037037037036,0.031655186385737444,0.1684294871794872,
holdout_genre_prose,main,net,source=rusltc,73,0.1917808219178082,0.1095890410958904,0.2876712328767123,0.007412084442858319,-0.11003514544230913,0.12831808105496503,
holdout_genre_prose,main,net,source=spbgu,59,0.01694915254237288,0.01694915254237288,0.01694915254237288,-0.1877292100307265,-0.24816712652739453,-0.12768925144765206,
holdout_genre_prose,main,net,source=taiga_arzamas,60,0.2833333333333333,0.2833333333333333,0.2833333333333333,0.10950520833333333,0.03793456032719836,0.17440087145969496,
holdout_genre_prose,main,net,source=taiga_magazines,60,0.16666666666666666,0.16666666666666666,0.16666666666666666,-0.020833333333333343,-0.09294871794871798,0.051587301587301584,
holdout_genre_prose,main,net,source=taiga_proza,60,0.36666666666666664,0.36666666666666664,0.36666666666666664,0.20260416666666664,0.14105691056910566,0.25555555555555554,
holdout_genre_prose,main,net,source=urfu,48,0.041666666666666664,0.041666666666666664,0.041666666666666664,-0.15680661577608143,-0.21965737514518005,-0.08864494806421153,
holdout_genre_prose,format-only,full,весь человеческий тест,572,0.006993006993006993,0.0015698587127158557,0.01507537688442211,,,,
holdout_genre_prose,format-only,full,HH-formal-register,167,0.017964071856287425,0.0,0.0392156862745098,0.01549493605381829,-0.0030959752321981426,0.03680981595092025,
holdout_genre_prose,format-only,full,HH-polished,152,0.0,0.0,0.0,-0.009523809523809525,-0.020905923344947737,-0.0021231422505307855,
holdout_genre_prose,format-only,full,HH-translation,73,0.0136986301369863,0.0,0.0410958904109589,0.007686606088890108,-0.011848341232227487,0.039473684210526314,
holdout_genre_prose,format-only,full,genre=news,152,0.0,0.0,0.0,-0.009523809523809525,-0.020905923344947737,-0.0021231422505307855,
holdout_genre_prose,format-only,full,genre=prose,180,0.0,0.0,0.0,-0.01020408163265306,-0.021897810218978103,-0.002386634844868735,
holdout_genre_prose,format-only,full,genre=science,167,0.017964071856287425,0.0,0.0392156862745098,0.01549493605381829,-0.0030959752321981426,0.03680981595092025,
holdout_genre_prose,format-only,full,genre=translation,73,0.0136986301369863,0.0,0.0410958904109589,0.007686606088890108,-0.011848341232227487,0.039473684210526314,
holdout_genre_prose,format-only,full,hh_all,392,0.01020408163265306,0.00234192037470726,0.021875,0.01020408163265306,0.002369668246445498,0.021897810218978103,
holdout_genre_prose,format-only,full,len_long,197,0.015228426395939087,0.0,0.04424778761061947,0.01256175972927242,-0.004149377593360995,0.041666666666666664,
holdout_genre_prose,format-only,full,len_mid,175,0.005714285714285714,0.0,0.021739130434782608,-0.0018423893486865777,-0.017507059298104075,0.015625,
holdout_genre_prose,format-only,full,len_short,200,0.0,0.0,0.0,-0.010752688172043012,-0.0234375,-0.0024271844660194173,
holdout_genre_prose,format-only,full,source=buriy_2014,60,0.0,0.0,0.0,-0.0078125,-0.01749271137026239,-0.001763668430335097,
holdout_genre_prose,format-only,full,source=cyberleninka,60,0.016666666666666666,0.0,0.06382978723404255,0.010807291666666666,-0.011019283746556474,0.05885169226236511,
holdout_genre_prose,format-only,full,source=gazeta,60,0.0,0.0,0.0,-0.0078125,-0.01715686274509804,-0.0016474464579901153,
holdout_genre_prose,format-only,full,source=lenta,32,0.0,0.0,0.0,-0.007407407407407408,-0.01647058823529412,-0.0016207455429497568,
holdout_genre_prose,format-only,full,source=rusltc,73,0.0136986301369863,0.0,0.0410958904109589,0.007686606088890108,-0.011848341232227487,0.039473684210526314,
holdout_genre_prose,format-only,full,source=spbgu,59,0.01694915254237288,0.01694915254237288,0.01694915254237288,0.011101199325998613,0.0018303620456126216,0.01694915254237288,
holdout_genre_prose,format-only,full,source=taiga_arzamas,60,0.0,0.0,0.0,-0.0078125,-0.017241379310344827,-0.001658374792703151,
holdout_genre_prose,format-only,full,source=taiga_magazines,60,0.0,0.0,0.0,-0.0078125,-0.017006802721088437,-0.0016666666666666668,
holdout_genre_prose,format-only,full,source=taiga_proza,60,0.0,0.0,0.0,-0.0078125,-0.017587939698492462,-0.0015698587127158557,
holdout_genre_prose,format-only,full,source=urfu,48,0.020833333333333332,0.020833333333333332,0.020833333333333332,0.015108142493638677,0.006163406682966584,0.020833333333333332,
holdout_genre_prose,length-only,full,весь человеческий тест,572,0.8391608391608392,0.7582417582417582,0.9153225806451613,,,,
holdout_genre_prose,length-only,full,HH-formal-register,167,0.7125748502994012,0.6,0.7914893617021277,-0.1787831743919569,-0.3269070010449321,-0.04797626955585588,
holdout_genre_prose,length-only,full,HH-polished,152,0.993421052631579,0.9833333333333333,1.0,0.21008771929824566,0.13043478260869557,0.2739999999999999,
holdout_genre_prose,length-only,full,HH-translation,73,0.958904109589041,0.9041095890410958,1.0,0.1372608230158947,0.038238326704963965,0.24914124901709223,
holdout_genre_prose,length-only,full,genre=news,152,0.993421052631579,0.9833333333333333,1.0,0.21008771929824566,0.13043478260869557,0.2739999999999999,
holdout_genre_prose,length-only,full,genre=prose,180,0.7777777777777778,0.6333333333333333,0.9333333333333333,-0.08956916099773238,-0.2599669148056245,0.09499999999999997,
holdout_genre_prose,length-only,full,genre=science,167,0.7125748502994012,0.6,0.7914893617021277,-0.1787831743919569,-0.3269070010449321,-0.04797626955585588,
holdout_genre_prose,length-only,full,genre=translation,73,0.958904109589041,0.9041095890410958,1.0,0.1372608230158947,0.038238326704963965,0.24914124901709223,
holdout_genre_prose,length-only,full,hh_all,392,0.8673469387755102,0.7754569190600522,0.9403973509933775,0.08956916099773238,-0.09540229885057472,0.2599250936329588,
holdout_genre_prose,length-only,full,len_long,197,0.6751269035532995,0.5340314136125655,0.7768595041322314,-0.2502064297800338,-0.3816147082334133,-0.16095746909700404,
holdout_genre_prose,length-only,full,len_mid,175,0.88,0.8031088082901554,0.9447513812154696,0.058841309823677634,0.0007605986496449502,0.13078358949918578,
holdout_genre_prose,length-only,full,len_short,200,0.965,0.903954802259887,0.9958677685950413,0.19349462365591397,0.12110423116615066,0.253578498553373,
holdout_genre_prose,length-only,full,source=buriy_2014,60,0.9833333333333333,0.9833333333333333,0.9833333333333333,0.16106770833333328,0.08256997455470738,0.23939802336028748,
holdout_genre_prose,length-only,full,source=cyberleninka,60,0.65,0.5348837209302325,0.7678571428571429,-0.21132812499999998,-0.36149708650829215,-0.06499999999999995,
holdout_genre_prose,length-only,full,source=gazeta,60,1.0,1.0,1.0,0.1796875,0.09871244635193133,0.25617977528089886,
holdout_genre_prose,length-only,full,source=lenta,32,1.0,1.0,1.0,0.1703703703703704,0.09217877094972071,0.25086505190311414,
holdout_genre_prose,length-only,full,source=rusltc,73,0.958904109589041,0.9041095890410958,1.0,0.1372608230158947,0.038238326704963965,0.24914124901709223,
holdout_genre_prose,length-only,full,source=spbgu,59,0.6779661016949152,0.6779661016949152,0.6779661016949152,-0.17973370337331085,-0.2519813589005314,-0.09499308197855416,
holdout_genre_prose,length-only,full,source=taiga_arzamas,60,0.9333333333333333,0.9333333333333333,0.9333333333333333,0.10520833333333335,0.019871794871794912,0.19075907590759078,
holdout_genre_prose,length-only,full,source=taiga_magazines,60,0.7666666666666667,0.7666666666666667,0.7666666666666667,-0.08098958333333328,-0.16267281105990783,0.008379373848987126,
holdout_genre_prose,length-only,full,source=taiga_proza,60,0.6333333333333333,0.6333333333333333,0.6333333333333333,-0.2299479166666667,-0.2938320209973754,-0.15595238095238095,
holdout_genre_prose,length-only,full,source=urfu,48,0.8333333333333334,0.8333333333333334,0.8333333333333334,-0.006361323155216203,-0.09408602150537626,0.0790671217292378,
holdout_genre_science,main,full,весь человеческий тест,392,0.04081632653061224,0.015296367112810707,0.08900523560209424,,,,
holdout_genre_science,main,full,HH-formal-register,167,0.0658682634730539,0.014925373134328358,0.2112676056338028,0.04364604125083167,-0.015940656565656568,0.18937927474512842,
holdout_genre_science,main,full,HH-polished,152,0.013157894736842105,0.0,0.03333333333333333,-0.04517543859649123,-0.12195289904971768,-0.0011098779134295217,
holdout_genre_science,main,full,HH-translation,73,0.0410958904109589,0.0,0.0958904109589041,0.0003435393137802209,-0.07894736842105263,0.061376647583544136,
holdout_genre_science,main,full,genre=news,152,0.013157894736842105,0.0,0.03333333333333333,-0.04517543859649123,-0.12195289904971768,-0.0011098779134295217,
holdout_genre_science,main,full,genre=science,167,0.0658682634730539,0.014925373134328358,0.2112676056338028,0.04364604125083167,-0.015940656565656568,0.18937927474512842,
holdout_genre_science,main,full,genre=translation,73,0.0410958904109589,0.0,0.0958904109589041,0.0003435393137802209,-0.07894736842105263,0.061376647583544136,
holdout_genre_science,main,full,hh_all,392,0.04081632653061224,0.015296367112810707,0.08900523560209424,,,,
holdout_genre_science,main,full,len_long,136,0.058823529411764705,0.015625,0.23255813953488372,0.027573529411764705,-0.021590909090909095,0.19711792702273928,
holdout_genre_science,main,full,len_mid,95,0.06315789473684211,0.011764705882352941,0.1388888888888889,0.029487861066808438,-0.019230769230769232,0.0877370417193426,
holdout_genre_science,main,full,len_short,161,0.012422360248447204,0.0,0.03571428571428571,-0.04818370035761341,-0.13690476190476192,-0.0032190032190032233,
holdout_genre_science,main,full,source=buriy_2014,60,0.03333333333333333,0.03333333333333333,0.03333333333333333,-0.008835341365461845,-0.07049180327868854,0.01924882629107981,
holdout_genre_science,main,full,source=cyberleninka,60,0.16666666666666666,0.04,0.27941176470588236,0.14859437751004015,0.018701095461658844,0.2655744930943285,
holdout_genre_science,main,full,source=gazeta,60,0.0,0.0,0.0,-0.04819277108433735,-0.10526315789473684,-0.019955654101995565,
holdout_genre_science,main,full,source=lenta,32,0.0,0.0,0.0,-0.044444444444444446,-0.09848484848484848,-0.017241379310344827,
holdout_genre_science,main,full,source=rusltc,73,0.0410958904109589,0.0,0.0958904109589041,0.0003435393137802209,-0.07894736842105263,0.061376647583544136,
holdout_genre_science,main,full,source=spbgu,59,0.0,0.0,0.0,-0.04804804804804805,-0.10457516339869281,-0.019337016574585635,
holdout_genre_science,main,full,source=urfu,48,0.020833333333333332,0.020833333333333332,0.020833333333333332,-0.022771317829457367,-0.0824530516431925,0.005907960199004974,
holdout_genre_science,main,net,весь человеческий тест,392,0.07653061224489796,0.04672897196261682,0.13309352517985612,,,,
holdout_genre_science,main,net,HH-formal-register,167,0.11377245508982035,0.05365853658536585,0.2916666666666667,0.06488356620093147,-0.004175988068605523,0.24571011317999272,
holdout_genre_science,main,net,HH-polished,152,0.039473684210526314,0.0,0.05,-0.06052631578947369,-0.1507246376811594,-0.011341016238868518,
holdout_genre_science,main,net,HH-translation,73,0.0684931506849315,0.0136986301369863,0.136986301369863,-0.009876755271181356,-0.10286028602860287,0.06328274355272913,
holdout_genre_science,main,net,genre=news,152,0.039473684210526314,0.0,0.05,-0.06052631578947369,-0.1507246376811594,-0.011341016238868518,
holdout_genre_science,main,net,genre=science,167,0.11377245508982035,0.05365853658536585,0.2916666666666667,0.06488356620093147,-0.004175988068605523,0.24571011317999272,
holdout_genre_science,main,net,genre=translation,73,0.0684931506849315,0.0136986301369863,0.136986301369863,-0.009876755271181356,-0.10286028602860287,0.06328274355272913,
holdout_genre_science,main,net,hh_all,392,0.07653061224489796,0.04672897196261682,0.13309352517985612,,,,
holdout_genre_science,main,net,len_long,136,0.0661764705882353,0.02962962962962963,0.1702127659574468,-0.015854779411764705,-0.08040550998297477,0.07567609695269269,
holdout_genre_science,main,net,len_mid,95,0.11578947368421053,0.047619047619047616,0.23404255319148937,0.05181640971114655,-0.014421759386133187,0.16227889757301522,
holdout_genre_science,main,net,len_short,161,0.062111801242236024,0.029411764705882353,0.11764705882352941,-0.024468285337850552,-0.10396611474778591,0.03066037735849056,
holdout_genre_science,main,net,source=buriy_2014,60,0.05,0.05,0.05,-0.03132530120481927,-0.09728682170542637,0.002898550724637683,
holdout_genre_science,main,net,source=cyberleninka,60,0.25,0.13333333333333333,0.34375,0.20481927710843373,0.08451417004048584,0.30539072995969546,
holdout_genre_science,main,net,source=gazeta,60,0.05,0.05,0.05,-0.03132530120481927,-0.09953271028037382,0.002777777777777782,
holdout_genre_science,main,net,source=lenta,32,0.0,0.0,0.0,-0.08333333333333333,-0.14338235294117646,-0.052884615384615384,
holdout_genre_science,main,net,source=rusltc,73,0.0684931506849315,0.0136986301369863,0.136986301369863,-0.009876755271181356,-0.10286028602860287,0.06328274355272913,
holdout_genre_science,main,net,source=spbgu,59,0.01694915254237288,0.01694915254237288,0.01694915254237288,-0.0701379345447142,-0.1307018541690365,-0.03825254597142755,
holdout_genre_science,main,net,source=urfu,48,0.0625,0.0625,0.0625,-0.015988372093023256,-0.08253816793893129,0.016628440366972475,
holdout_genre_science,format-only,full,весь человеческий тест,392,0.01020408163265306,0.0,0.03214285714285714,,,,
holdout_genre_science,format-only,full,HH-formal-register,167,0.017964071856287425,0.0,0.08571428571428572,0.01351962741184298,-0.013157894736842105,0.08163265306122448,
holdout_genre_science,format-only,full,HH-polished,152,0.0,0.0,0.0,-0.016666666666666666,-0.050724637681159424,0.0,
holdout_genre_science,format-only,full,HH-translation,73,0.0136986301369863,0.0,0.0410958904109589,0.004294241422252758,-0.029940119760479042,0.03896103896103896,
holdout_genre_science,format-only,full,genre=news,152,0.0,0.0,0.0,-0.016666666666666666,-0.050724637681159424,0.0,
holdout_genre_science,format-only,full,genre=science,167,0.017964071856287425,0.0,0.08571428571428572,0.01351962741184298,-0.013157894736842105,0.08163265306122448,
holdout_genre_science,format-only,full,genre=translation,73,0.0136986301369863,0.0,0.0410958904109589,0.004294241422252758,-0.029940119760479042,0.03896103896103896,
holdout_genre_science,format-only,full,hh_all,392,0.01020408163265306,0.0,0.03214285714285714,,,,
holdout_genre_science,format-only,full,len_long,136,0.022058823529411766,0.0,0.11428571428571428,0.018152573529411766,0.0,0.10519265621306438,
holdout_genre_science,format-only,full,len_mid,95,0.010526315789473684,0.0,0.04285714285714286,0.0004253056884635821,-0.019010705057216686,0.023341926411999062,
holdout_genre_science,format-only,full,len_short,161,0.0,0.0,0.0,-0.017316017316017316,-0.056074766355140186,0.0,
holdout_genre_science,format-only,full,source=buriy_2014,60,0.0,0.0,0.0,-0.012048192771084338,-0.038834951456310676,0.0,
holdout_genre_science,format-only,full,source=cyberleninka,60,0.05,0.0,0.14814814814814814,0.046987951807228916,-0.007017543859649123,0.13977994731132806,
holdout_genre_science,format-only,full,source=gazeta,60,0.0,0.0,0.0,-0.012048192771084338,-0.036290322580645164,0.0,
holdout_genre_science,format-only,full,source=lenta,32,0.0,0.0,0.0,-0.011111111111111112,-0.0335195530726257,0.0,
holdout_genre_science,format-only,full,source=rusltc,73,0.0136986301369863,0.0,0.0410958904109589,0.004294241422252758,-0.029940119760479042,0.03896103896103896,
holdout_genre_science,format-only,full,source=spbgu,59,0.0,0.0,0.0,-0.012012012012012012,-0.037914691943127965,0.0,
holdout_genre_science,format-only,full,source=urfu,48,0.0,0.0,0.0,-0.011627906976744186,-0.03783783783783784,0.0,
holdout_genre_science,length-only,full,весь человеческий тест,392,0.6275510204081632,0.3887884267631103,0.8515151515151516,,,,
holdout_genre_science,length-only,full,HH-formal-register,167,0.2275449101796407,0.12992125984251968,0.45121951219512196,-0.6968995342648037,-0.8072930441682096,-0.4649321266968326,
holdout_genre_science,length-only,full,HH-polished,152,0.9407894736842105,0.8666666666666667,1.0,0.5116228070175439,0.21746031746031746,0.6734104046242775,
holdout_genre_science,length-only,full,HH-translation,73,0.8904109589041096,0.8082191780821918,0.958904109589041,0.3230128397818526,0.048879314766374304,0.6664343786295006,
holdout_genre_science,length-only,full,genre=news,152,0.9407894736842105,0.8666666666666667,1.0,0.5116228070175439,0.21746031746031746,0.6734104046242775,
holdout_genre_science,length-only,full,genre=science,167,0.2275449101796407,0.12992125984251968,0.45121951219512196,-0.6968995342648037,-0.8072930441682096,-0.4649321266968326,
holdout_genre_science,length-only,full,genre=translation,73,0.8904109589041096,0.8082191780821918,0.958904109589041,0.3230128397818526,0.048879314766374304,0.6664343786295006,
holdout_genre_science,length-only,full,hh_all,392,0.6275510204081632,0.3887884267631103,0.8515151515151516,,,,
holdout_genre_science,length-only,full,len_long,136,0.0661764705882353,0.03759398496240601,0.13636363636363635,-0.8596047794117647,-0.9169278996865204,-0.7615819209039548,
holdout_genre_science,length-only,full,len_mid,95,0.8,0.7017543859649122,0.8831168831168831,0.2276094276094277,-0.046542185338865893,0.4729535170711641,
holdout_genre_science,length-only,full,len_short,161,1.0,1.0,1.0,0.6320346320346321,0.37,0.7853881278538812,
holdout_genre_science,length-only,full,source=buriy_2014,60,0.8666666666666667,0.8666666666666667,0.8666666666666667,0.2823293172690763,0.016993464052287632,0.5154960981047938,
holdout_genre_science,length-only,full,source=cyberleninka,60,0.4,0.25925925925925924,0.5172413793103449,-0.2686746987951807,-0.5878623188405796,0.027819548872180466,
holdout_genre_science,length-only,full,source=gazeta,60,1.0,1.0,1.0,0.43975903614457834,0.19543973941368076,0.65625,
holdout_genre_science,length-only,full,source=lenta,32,0.96875,0.96875,0.96875,0.3715277777777778,0.1314796587926509,0.6147354014598541,
holdout_genre_science,length-only,full,source=rusltc,73,0.8904109589041096,0.8082191780821918,0.958904109589041,0.3230128397818526,0.048879314766374304,0.6664343786295006,
holdout_genre_science,length-only,full,source=spbgu,59,0.2033898305084746,0.2033898305084746,0.2033898305084746,-0.49931287219422815,-0.672935257830748,-0.2264347308950342,
holdout_genre_science,length-only,full,source=urfu,48,0.041666666666666664,0.041666666666666664,0.041666666666666664,-0.6676356589147288,-0.83545197740113,-0.44526920031670625,
holdout_genre_seo,main,full,весь человеческий тест,623,0.3097913322632424,0.22259136212624583,0.40226628895184136,,,,
holdout_genre_seo,main,full,HH-formal-register,167,0.5209580838323353,0.46443514644351463,0.6721311475409836,0.28850194348145813,0.1681853939950177,0.448087431693989,
holdout_genre_seo,main,full,HH-polished,152,0.06578947368421052,0.03333333333333333,0.1,-0.3227455581629233,-0.3912220026350461,-0.23915135608048993,
holdout_genre_seo,main,full,HH-translation,73,0.1232876712328767,0.0547945205479452,0.2054794520547945,-0.21125778331257783,-0.35135916714864085,-0.0856445993031359,
holdout_genre_seo,main,full,genre=news,152,0.06578947368421052,0.03333333333333333,0.1,-0.3227455581629233,-0.3912220026350461,-0.23915135608048993,
holdout_genre_seo,main,full,genre=science,167,0.5209580838323353,0.46443514644351463,0.6721311475409836,0.28850194348145813,0.1681853939950177,0.448087431693989,
holdout_genre_seo,main,full,genre=seo,231,0.37662337662337664,0.2692307692307692,0.47752808988764045,0.10621521335807049,-0.05913631969062194,0.27212610809265086,
holdout_genre_seo,main,full,genre=translation,73,0.1232876712328767,0.0547945205479452,0.2054794520547945,-0.21125778331257783,-0.35135916714864085,-0.0856445993031359,
holdout_genre_seo,main,full,hh_all,392,0.27040816326530615,0.1524547803617571,0.40594059405940597,-0.10621521335807049,-0.27212610809265086,0.05913631969062194,
holdout_genre_seo,main,full,len_long,206,0.47572815533980584,0.4117647058823529,0.5314009661835749,0.24791040953644852,0.13503331465221996,0.32646782632026117,
holdout_genre_seo,main,full,len_mid,188,0.3670212765957447,0.2663316582914573,0.4953271028037383,0.08196380533137687,-0.005528775209050707,0.196288786192587,
holdout_genre_seo,main,full,len_short,229,0.11353711790393013,0.06844106463878327,0.18877551020408162,-0.31032075011637444,-0.3789344009855251,-0.22878004259202922,
holdout_genre_seo,main,full,source=alaev,21,0.0,0.0,0.0,-0.32059800664451826,-0.4143968871595331,-0.23308270676691728,
holdout_genre_seo,main,full,source=buriy_2014,60,0.1,0.1,0.1,-0.2321492007104796,-0.3192229038854806,-0.14067164179104477,
holdout_genre_seo,main,full,source=convertmonster,1,0.0,0.0,0.0,-0.3102893890675241,-0.40640809443507586,-0.22129783693843594,малая выборка
holdout_genre_seo,main,full,source=cyberleninka,60,0.6,0.45652173913043476,0.7619047619047619,0.3211367673179396,0.1353933551385781,0.51284466070214,
holdout_genre_seo,main,full,source=devaka_ru,33,0.3939393939393939,0.3939393939393939,0.3939393939393939,0.08885464817668204,-0.010624921413303179,0.18341307814992025,
holdout_genre_seo,main,full,source=drmax,22,0.4090909090909091,0.4090909090909091,0.4090909090909091,0.10293450310089247,0.0041322314049587194,0.19420089217043535,
holdout_genre_seo,main,full,source=drmax_su,8,0.625,0.625,0.625,0.3193089430894309,0.22338709677419355,0.40820090805902387,малая выборка
holdout_genre_seo,main,full,source=gazeta,60,0.03333333333333333,0.03333333333333333,0.03333333333333333,-0.3059206631142688,-0.3861788617886179,-0.2207383279044517,
holdout_genre_seo,main,full,source=labrika,4,0.5,0.5,0.5,0.191437802907916,0.0958904109589041,0.27896613190730835,малая выборка
holdout_genre_seo,main,full,source=lenta,32,0.0625,0.0625,0.0625,-0.26068104906937395,-0.35536743515850144,-0.16935011709601874,
holdout_genre_seo,main,full,source=madcats,30,0.3333333333333333,0.3333333333333333,0.3333333333333333,0.024732996065205126,-0.07543859649122808,0.11594202898550723,
holdout_genre_seo,main,full,source=madcats_ru,11,0.45454545454545453,0.45454545454545453,0.45454545454545453,0.14735591206179438,0.05308560053085598,0.23827561327561325,малая выборка
holdout_genre_seo,main,full,source=optimizatorsha_ru,5,0.2,0.2,0.2,-0.1106796116504854,-0.20793650793650792,-0.020462850182703995,малая выборка
holdout_genre_seo,main,full,source=rusltc,73,0.1232876712328767,0.0547945205479452,0.2054794520547945,-0.21125778331257783,-0.35135916714864085,-0.0856445993031359,
holdout_genre_seo,main,full,source=seoprofy_ua,3,0.3333333333333333,0.3333333333333333,0.3333333333333333,0.02365591397849459,-0.07232704402515727,0.11165845648604267,малая выборка
holdout_genre_seo,main,full,source=seopulses,12,0.4166666666666667,0.4166666666666667,0.4166666666666667,0.10897435897435898,0.009631490787269714,0.20102984447246744,малая выборка
holdout_genre_seo,main,full,source=seopulses_ru,5,0.8,0.8,0.8,0.49417475728155347,0.3995370370370371,0.58125,малая выборка
holdout_genre_seo,main,full,source=shakin,18,0.05555555555555555,0.05555555555555555,0.05555555555555555,-0.26179981634527094,-0.35795795795795793,-0.1700854700854701,малая выборка
holdout_genre_seo,main,full,source=shakin_ru,3,0.3333333333333333,0.3333333333333333,0.3333333333333333,0.02365591397849459,-0.07203579418344519,0.10891681627767802,малая выборка
holdout_genre_seo,main,full,source=sosnovskij,19,0.5789473684210527,0.5789473684210527,0.5789473684210527,0.2776228651097944,0.18107880714218944,0.3676418502514699,малая выборка
holdout_genre_seo,main,full,source=sosnovskij_ru,17,0.5882352941176471,0.5882352941176471,0.5882352941176471,0.2862550960978451,0.19114968391728276,0.37550237486298865,малая выборка
holdout_genre_seo,main,full,source=spbgu,59,0.4576271186440678,0.4576271186440678,0.4576271186440678,0.16330087750931604,0.06162711864406778,0.2521476665892733,
holdout_genre_seo,main,full,source=author_archive,6,0.16666666666666666,0.16666666666666666,0.16666666666666666,-0.1445164775796867,-0.24209245742092458,-0.05538057742782154,малая выборка
holdout_genre_seo,main,full,source=texterra_ru,13,0.6153846153846154,0.6153846153846154,0.6153846153846154,0.31210592686002525,0.21598521598521603,0.4012022709562507,малая выборка
holdout_genre_seo,main,full,source=urfu,48,0.5,0.5,0.5,0.20608695652173914,0.10668380462724936,0.29227053140096615,
holdout_genre_seo,main,net,весь человеческий тест,623,0.3451043338683788,0.2698412698412698,0.43,,,,
holdout_genre_seo,main,net,HH-formal-register,167,0.5688622754491018,0.49295774647887325,0.78125,0.30570438071225975,0.18685401735194268,0.5189472167523174,
holdout_genre_seo,main,net,HH-polished,152,0.1513157894736842,0.11666666666666667,0.21875,-0.25632752262822667,-0.33160919540229883,-0.15247584541062803,
holdout_genre_seo,main,net,HH-translation,73,0.2054794520547945,0.1232876712328767,0.3013698630136986,-0.15815691158156914,-0.30217930217930217,-0.032104863221884494,
holdout_genre_seo,main,net,genre=news,152,0.1513157894736842,0.11666666666666667,0.21875,-0.25632752262822667,-0.33160919540229883,-0.15247584541062803,
holdout_genre_seo,main,net,genre=science,167,0.5688622754491018,0.49295774647887325,0.78125,0.30570438071225975,0.18685401735194268,0.5189472167523174,
holdout_genre_seo,main,net,genre=seo,231,0.354978354978355,0.25,0.4584837545126354,0.015692640692640702,-0.1448492829967808,0.16854020296643246,
holdout_genre_seo,main,net,genre=translation,73,0.2054794520547945,0.1232876712328767,0.3013698630136986,-0.15815691158156914,-0.30217930217930217,-0.032104863221884494,
holdout_genre_seo,main,net,hh_all,392,0.3392857142857143,0.23617339312406577,0.4663951120162933,-0.015692640692640702,-0.16854020296643246,0.1448492829967808,
holdout_genre_seo,main,net,len_long,206,0.49514563106796117,0.4421768707482993,0.5620915032679739,0.2241624176387046,0.12326661965974217,0.30966137816717976,
holdout_genre_seo,main,net,len_mid,188,0.3723404255319149,0.26609442060085836,0.5054945054945055,0.03900709219858156,-0.042693374313320265,0.14641362694957522,
holdout_genre_seo,main,net,len_short,229,0.18777292576419213,0.13218390804597702,0.25333333333333335,-0.24877529758606165,-0.32167832167832167,-0.17575073663093224,
holdout_genre_seo,main,net,source=alaev,21,0.0,0.0,0.0,-0.35714285714285715,-0.4405144694533762,-0.2812939521800281,
holdout_genre_seo,main,net,source=buriy_2014,60,0.11666666666666667,0.11666666666666667,0.11666666666666667,-0.25278271166370636,-0.33160919540229883,-0.1773764258555133,
holdout_genre_seo,main,net,source=convertmonster,1,0.0,0.0,0.0,-0.34565916398713825,-0.4331450094161959,-0.26721763085399447,малая выборка
holdout_genre_seo,main,net,source=cyberleninka,60,0.7166666666666667,0.5740740740740741,0.8620689655172413,0.4111604499703967,0.23296703296703292,0.5835241815977368,
holdout_genre_seo,main,net,source=devaka_ru,33,0.3939393939393939,0.3939393939393939,0.3939393939393939,0.05156651258346173,-0.03913147220233837,0.13361398718094586,
holdout_genre_seo,main,net,source=drmax,22,0.3181818181818182,0.3181818181818182,0.3181818181818182,-0.027908032067765876,-0.12089381207028266,0.0523866112101406,
holdout_genre_seo,main,net,source=drmax_su,8,0.5,0.5,0.5,0.15691056910569107,0.06725146198830412,0.23425499231950847,малая выборка
holdout_genre_seo,main,net,source=gazeta,60,0.15,0.15,0.15,-0.21589698046181174,-0.2939716312056737,-0.1351123595505618,
holdout_genre_seo,main,net,source=labrika,4,0.5,0.5,0.5,0.15589660743134087,0.06837606837606836,0.23333333333333334,малая выборка
holdout_genre_seo,main,net,source=lenta,32,0.21875,0.21875,0.21875,-0.13319585448392557,-0.22387295081967212,-0.052334337349397575,
holdout_genre_seo,main,net,source=madcats,30,0.3,0.3,0.3,-0.047386172006745386,-0.14097222222222222,0.03277074542897329,
holdout_genre_seo,main,net,source=madcats_ru,11,0.5454545454545454,0.5454545454545454,0.5454545454545454,0.2039512774806892,0.11688311688311687,0.2810622213607288,малая выборка
holdout_genre_seo,main,net,source=optimizatorsha_ru,5,0.2,0.2,0.2,-0.14627831715210354,-0.237609841827768,-0.0692307692307692,малая выборка
holdout_genre_seo,main,net,source=rusltc,73,0.2054794520547945,0.1232876712328767,0.3013698630136986,-0.15815691158156914,-0.30217930217930217,-0.032104863221884494,
holdout_genre_seo,main,net,source=seoprofy_ua,3,0.6666666666666666,0.6666666666666666,0.6666666666666666,0.3231182795698924,0.23435225618631728,0.39999999999999997,малая выборка
holdout_genre_seo,main,net,source=seopulses,12,0.3333333333333333,0.3333333333333333,0.3333333333333333,-0.012002182214948198,-0.10334788937409028,0.06770833333333331,малая выборка
holdout_genre_seo,main,net,source=seopulses_ru,5,0.8,0.8,0.8,0.4585760517799353,0.3727788279773157,0.5359375000000001,малая выборка
holdout_genre_seo,main,net,source=shakin,18,0.05555555555555555,0.05555555555555555,0.05555555555555555,-0.2981634527089072,-0.38481141692150866,-0.22012937595129375,малая выборка
holdout_genre_seo,main,net,source=shakin_ru,3,0.0,0.0,0.0,-0.3467741935483871,-0.4342105263157895,-0.2702205882352941,малая выборка
holdout_genre_seo,main,net,source=sosnovskij,19,0.47368421052631576,0.47368421052631576,0.47368421052631576,0.13262460787730912,0.04369835479788575,0.21177944862155385,малая выборка
holdout_genre_seo,main,net,source=sosnovskij_ru,17,0.5882352941176471,0.5882352941176471,0.5882352941176471,0.2499514657348088,0.16217013121037893,0.32721236642805274,малая выборка
holdout_genre_seo,main,net,source=spbgu,59,0.4406779661016949,0.4406779661016949,0.4406779661016949,0.10557158312297149,0.01004733547106429,0.1862250398930435,
holdout_genre_seo,main,net,source=author_archive,6,0.16666666666666666,0.16666666666666666,0.16666666666666666,-0.1801728795245813,-0.2704815509693559,-0.10272684532204987,малая выборка
holdout_genre_seo,main,net,source=texterra_ru,13,0.6923076923076923,0.6923076923076923,0.6923076923076923,0.3546027742749054,0.2655035685963521,0.4323076923076923,малая выборка
holdout_genre_seo,main,net,source=urfu,48,0.5416666666666666,0.5416666666666666,0.5416666666666666,0.21297101449275357,0.12361441013460012,0.28669379144062684,
holdout_genre_seo,format-only,full,весь человеческий тест,623,0.008025682182985553,0.0013054830287206266,0.020146520146520148,,,,
holdout_genre_seo,format-only,full,HH-formal-register,167,0.017964071856287425,0.0,0.08571428571428572,0.013578106944006723,-0.007446956835535435,0.07974004162254919,
holdout_genre_seo,format-only,full,HH-polished,152,0.0,0.0,0.0,-0.010615711252653927,-0.025936599423631124,-0.0017605633802816902,
holdout_genre_seo,format-only,full,HH-translation,73,0.0,0.0,0.0,-0.00909090909090909,-0.023255813953488372,-0.0014388489208633094,
holdout_genre_seo,format-only,full,genre=news,152,0.0,0.0,0.0,-0.010615711252653927,-0.025936599423631124,-0.0017605633802816902,
holdout_genre_seo,format-only,full,genre=science,167,0.017964071856287425,0.0,0.08571428571428572,0.013578106944006723,-0.007446956835535435,0.07974004162254919,
holdout_genre_seo,format-only,full,genre=seo,231,0.008658008658008658,0.0,0.025510204081632654,0.0010049474335188623,-0.019632454261429524,0.02072538860103627,
holdout_genre_seo,format-only,full,genre=translation,73,0.0,0.0,0.0,-0.00909090909090909,-0.023255813953488372,-0.0014388489208633094,
holdout_genre_seo,format-only,full,hh_all,392,0.007653061224489796,0.0,0.027131782945736434,-0.0010049474335188623,-0.02072538860103627,0.019632454261429524,
holdout_genre_seo,format-only,full,len_long,206,0.014563106796116505,0.0,0.046511627906976744,0.009766943726572141,-0.0035231521426517115,0.04091097308488613,
holdout_genre_seo,format-only,full,len_mid,188,0.005319148936170213,0.0,0.01935483870967742,-0.003876253362680362,-0.016548463356973995,0.006643317139306293,
holdout_genre_seo,format-only,full,len_short,229,0.004366812227074236,0.0,0.017699115044247787,-0.0057854720368851545,-0.025,0.010272434332584708,
holdout_genre_seo,format-only,full,source=alaev,21,0.0,0.0,0.0,-0.008305647840531562,-0.020703933747412008,-0.0013531799729364006,
holdout_genre_seo,format-only,full,source=buriy_2014,60,0.0,0.0,0.0,-0.008880994671403197,-0.022058823529411766,-0.0014771048744460858,
holdout_genre_seo,format-only,full,source=convertmonster,1,0.0,0.0,0.0,-0.008038585209003215,-0.020224719101123594,-0.001288659793814433,малая выборка
holdout_genre_seo,format-only,full,source=cyberleninka,60,0.05,0.0,0.14814814814814814,0.046447602131438726,-0.005780346820809248,0.14035087719298245,
holdout_genre_seo,format-only,full,source=devaka_ru,33,0.0,0.0,0.0,-0.00847457627118644,-0.02072538860103627,-0.0014064697609001407,
holdout_genre_seo,format-only,full,source=drmax,22,0.0,0.0,0.0,-0.008319467554076539,-0.02071563088512241,-0.0013966480446927375,
holdout_genre_seo,format-only,full,source=drmax_su,8,0.0,0.0,0.0,-0.008130081300813009,-0.020172910662824207,-0.0013003901170351106,малая выборка
holdout_genre_seo,format-only,full,source=gazeta,60,0.0,0.0,0.0,-0.008880994671403197,-0.021671826625386997,-0.0014771048744460858,
holdout_genre_seo,format-only,full,source=labrika,4,0.0,0.0,0.0,-0.008077544426494346,-0.019464720194647202,-0.0013315579227696406,малая выборка
holdout_genre_seo,format-only,full,source=lenta,32,0.0,0.0,0.0,-0.008460236886632826,-0.020710059171597635,-0.0013440860215053765,
holdout_genre_seo,format-only,full,source=madcats,30,0.0,0.0,0.0,-0.008431703204047217,-0.02097902097902098,-0.0013245033112582781,
holdout_genre_seo,format-only,full,source=madcats_ru,11,0.0,0.0,0.0,-0.008169934640522876,-0.020179372197309416,-0.0012987012987012987,малая выборка
holdout_genre_seo,format-only,full,source=optimizatorsha_ru,5,0.0,0.0,0.0,-0.008090614886731391,-0.019955654101995565,-0.0013623978201634877,малая выборка
holdout_genre_seo,format-only,full,source=rusltc,73,0.0,0.0,0.0,-0.00909090909090909,-0.023255813953488372,-0.0014388489208633094,
holdout_genre_seo,format-only,full,source=seoprofy_ua,3,0.0,0.0,0.0,-0.008064516129032258,-0.019736842105263157,-0.0012836970474967907,малая выборка
holdout_genre_seo,format-only,full,source=seopulses,12,0.0,0.0,0.0,-0.008183306055646482,-0.020253164556962026,-0.0013477088948787063,малая выборка
holdout_genre_seo,format-only,full,source=seopulses_ru,5,0.2,0.2,0.2,0.1935275080906149,0.18222222222222223,0.2,малая выборка
holdout_genre_seo,format-only,full,source=shakin,18,0.0,0.0,0.0,-0.008264462809917356,-0.020072992700729927,-0.0013175230566534915,малая выборка
holdout_genre_seo,format-only,full,source=shakin_ru,3,0.0,0.0,0.0,-0.008064516129032258,-0.019642857142857142,-0.0012919896640826874,малая выборка
holdout_genre_seo,format-only,full,source=sosnovskij,19,0.0,0.0,0.0,-0.008278145695364239,-0.020440251572327043,-0.0013550135501355014,малая выборка
holdout_genre_seo,format-only,full,source=sosnovskij_ru,17,0.0,0.0,0.0,-0.00825082508250825,-0.02095238095238095,-0.0013531799729364006,малая выборка
holdout_genre_seo,format-only,full,source=spbgu,59,0.0,0.0,0.0,-0.008865248226950355,-0.02185792349726776,-0.0015082956259426848,
holdout_genre_seo,format-only,full,source=author_archive,6,0.16666666666666666,0.16666666666666666,0.16666666666666666,0.16018368449486764,0.14884929472902747,0.16666666666666666,малая выборка
holdout_genre_seo,format-only,full,source=texterra_ru,13,0.0,0.0,0.0,-0.00819672131147541,-0.02027027027027027,-0.0013245033112582781,малая выборка
holdout_genre_seo,format-only,full,source=urfu,48,0.0,0.0,0.0,-0.008695652173913044,-0.02112676056338028,-0.0013717421124828531,
holdout_genre_seo,length-only,full,весь человеческий тест,623,0.6757624398073836,0.5037220843672456,0.8291746641074856,,,,
holdout_genre_seo,length-only,full,HH-formal-register,167,0.281437125748503,0.15673981191222572,0.7049180327868853,-0.5387383128479882,-0.6901515151515152,-0.09022931206380858,
holdout_genre_seo,length-only,full,HH-polished,152,0.9078947368421053,0.8333333333333334,0.9833333333333333,0.307045479941893,0.08904795569694834,0.49343449080828716,
holdout_genre_seo,length-only,full,HH-translation,73,0.7945205479452054,0.6986301369863014,0.8904109589041096,0.1345205479452054,-0.07504873294346981,0.34625784122863945,
holdout_genre_seo,length-only,full,genre=news,152,0.9078947368421053,0.8333333333333334,0.9833333333333333,0.307045479941893,0.08904795569694834,0.49343449080828716,
holdout_genre_seo,length-only,full,genre=science,167,0.281437125748503,0.15673981191222572,0.7049180327868853,-0.5387383128479882,-0.6901515151515152,-0.09022931206380858,
holdout_genre_seo,length-only,full,genre=seo,231,0.7705627705627706,0.6235955056179775,0.8868778280542986,0.15066481137909704,-0.13038890095906142,0.423419636084481,
holdout_genre_seo,length-only,full,genre=translation,73,0.7945205479452054,0.6986301369863014,0.8904109589041096,0.1345205479452054,-0.07504873294346981,0.34625784122863945,
holdout_genre_seo,length-only,full,hh_all,392,0.6198979591836735,0.37735849056603776,0.8540145985401459,-0.15066481137909704,-0.423419636084481,0.13038890095906142,
holdout_genre_seo,length-only,full,len_long,206,0.20388349514563106,0.09022556390977443,0.43703703703703706,-0.704989406533026,-0.8148656898656899,-0.4859072909387375,
holdout_genre_seo,length-only,full,len_mid,188,0.8085106382978723,0.7336956521739131,0.8802816901408451,0.19011983370017116,-0.01334397612313254,0.3832982437438371,
holdout_genre_seo,length-only,full,len_short,229,0.9912663755458515,0.9769585253456221,1.0,0.4988805887438211,0.2994711466983837,0.6520662028252161,
holdout_genre_seo,length-only,full,source=alaev,21,0.8571428571428571,0.8571428571428571,0.8571428571428571,0.18770764119601324,0.022888713496448276,0.3536826495304003,
holdout_genre_seo,length-only,full,source=buriy_2014,60,0.8333333333333334,0.8333333333333334,0.8333333333333334,0.1743635287152161,0.0023474178403756207,0.34737827715355807,
holdout_genre_seo,length-only,full,source=convertmonster,1,1.0,1.0,1.0,0.3247588424437299,0.1657940663176265,0.4991119005328597,малая выборка
holdout_genre_seo,length-only,full,source=cyberleninka,60,0.65,0.5416666666666666,0.7954545454545454,-0.028507992895204226,-0.24112271540469965,0.20064550833781603,
holdout_genre_seo,length-only,full,source=devaka_ru,33,0.9696969696969697,0.9696969696969697,0.9696969696969697,0.3103749357986646,0.14312870401431288,0.48230201171377646,
holdout_genre_seo,length-only,full,source=drmax,22,0.5,0.5,0.5,-0.18219633943427616,-0.3441780821917808,-0.012871287128712883,
holdout_genre_seo,length-only,full,source=drmax_su,8,0.5,0.5,0.5,-0.17804878048780493,-0.33870967741935487,-0.010765550239234423,малая выборка
holdout_genre_seo,length-only,full,source=gazeta,60,0.9833333333333333,0.9833333333333333,0.9833333333333333,0.3403493191237418,0.17359882005899696,0.5065022421524663,
holdout_genre_seo,length-only,full,source=labrika,4,1.0,1.0,1.0,0.3263327948303716,0.16632443531827512,0.493601462522852,малая выборка
holdout_genre_seo,length-only,full,source=lenta,32,0.90625,0.90625,0.90625,0.24296742808798644,0.07668740573152333,0.41408289817232374,
holdout_genre_seo,length-only,full,source=madcats,30,0.8,0.8,0.8,0.13052276559865095,-0.034738617200674504,0.30220264317180623,
holdout_genre_seo,length-only,full,source=madcats_ru,11,0.7272727272727273,0.7272727272727273,0.7272727272727273,0.052436125965537705,-0.10960670535138617,0.21824745651460453,малая выборка
holdout_genre_seo,length-only,full,source=optimizatorsha_ru,5,0.8,0.8,0.8,0.12524271844660195,-0.03539823008849552,0.2914040114613181,малая выборка
holdout_genre_seo,length-only,full,source=rusltc,73,0.7945205479452054,0.6986301369863014,0.8904109589041096,0.1345205479452054,-0.07504873294346981,0.34625784122863945,
holdout_genre_seo,length-only,full,source=seoprofy_ua,3,1.0,1.0,1.0,0.3258064516129032,0.16699410609037324,0.4933554817275747,малая выборка
holdout_genre_seo,length-only,full,source=seopulses,12,1.0,1.0,1.0,0.33060556464811786,0.16826923076923073,0.4990291262135922,малая выборка
holdout_genre_seo,length-only,full,source=seopulses_ru,5,1.0,1.0,1.0,0.3268608414239482,0.1663685152057245,0.4925373134328358,малая выборка
holdout_genre_seo,length-only,full,source=shakin,18,0.8888888888888888,0.8888888888888888,0.8888888888888888,0.21946740128558306,0.0524880708929788,0.3852525252525252,малая выборка
holdout_genre_seo,length-only,full,source=shakin_ru,3,1.0,1.0,1.0,0.3258064516129032,0.16549295774647887,0.4930417495029821,малая выборка
holdout_genre_seo,length-only,full,source=sosnovskij,19,0.15789473684210525,0.15789473684210525,0.15789473684210525,-0.5341582432903451,-0.6957135105805752,-0.3688658265381764,малая выборка
holdout_genre_seo,length-only,full,source=sosnovskij_ru,17,0.8235294117647058,0.8235294117647058,0.8235294117647058,0.15191225004853426,-0.010814022578728544,0.3206139598696621,малая выборка
holdout_genre_seo,length-only,full,source=spbgu,59,0.11864406779661017,0.11864406779661017,0.11864406779661017,-0.6153984853948792,-0.7334269381205496,-0.45635593220338977,
holdout_genre_seo,length-only,full,source=author_archive,6,0.8333333333333334,0.8333333333333334,0.8333333333333334,0.15910318746623453,-0.003030303030302939,0.33114355231143555,малая выборка
holdout_genre_seo,length-only,full,source=texterra_ru,13,0.8461538461538461,0.8461538461538461,0.8461538461538461,0.17402269861286257,0.010121457489878583,0.3443617314585057,малая выборка
holdout_genre_seo,length-only,full,source=urfu,48,0.020833333333333332,0.020833333333333332,0.020833333333333332,-0.7096014492753623,-0.8327231520223152,-0.560595238095238,
holdout_genre_translation,main,full,весь человеческий тест,392,0.04081632653061224,0.015296367112810707,0.08900523560209424,,,,
holdout_genre_translation,main,full,HH-formal-register,167,0.0658682634730539,0.014925373134328358,0.2112676056338028,0.04364604125083167,-0.015940656565656568,0.18937927474512842,
holdout_genre_translation,main,full,HH-polished,152,0.013157894736842105,0.0,0.03333333333333333,-0.04517543859649123,-0.12195289904971768,-0.0011098779134295217,
holdout_genre_translation,main,full,HH-translation,73,0.0410958904109589,0.0,0.0958904109589041,0.0003435393137802209,-0.07894736842105263,0.061376647583544136,
holdout_genre_translation,main,full,genre=news,152,0.013157894736842105,0.0,0.03333333333333333,-0.04517543859649123,-0.12195289904971768,-0.0011098779134295217,
holdout_genre_translation,main,full,genre=science,167,0.0658682634730539,0.014925373134328358,0.2112676056338028,0.04364604125083167,-0.015940656565656568,0.18937927474512842,
holdout_genre_translation,main,full,genre=translation,73,0.0410958904109589,0.0,0.0958904109589041,0.0003435393137802209,-0.07894736842105263,0.061376647583544136,
holdout_genre_translation,main,full,hh_all,392,0.04081632653061224,0.015296367112810707,0.08900523560209424,,,,
holdout_genre_translation,main,full,len_long,136,0.058823529411764705,0.015625,0.23255813953488372,0.027573529411764705,-0.021590909090909095,0.19711792702273928,
holdout_genre_translation,main,full,len_mid,95,0.06315789473684211,0.011764705882352941,0.1388888888888889,0.029487861066808438,-0.019230769230769232,0.0877370417193426,
holdout_genre_translation,main,full,len_short,161,0.012422360248447204,0.0,0.03571428571428571,-0.04818370035761341,-0.13690476190476192,-0.0032190032190032233,
holdout_genre_translation,main,full,source=buriy_2014,60,0.03333333333333333,0.03333333333333333,0.03333333333333333,-0.008835341365461845,-0.07049180327868854,0.01924882629107981,
holdout_genre_translation,main,full,source=cyberleninka,60,0.16666666666666666,0.04,0.27941176470588236,0.14859437751004015,0.018701095461658844,0.2655744930943285,
holdout_genre_translation,main,full,source=gazeta,60,0.0,0.0,0.0,-0.04819277108433735,-0.10526315789473684,-0.019955654101995565,
holdout_genre_translation,main,full,source=lenta,32,0.0,0.0,0.0,-0.044444444444444446,-0.09848484848484848,-0.017241379310344827,
holdout_genre_translation,main,full,source=rusltc,73,0.0410958904109589,0.0,0.0958904109589041,0.0003435393137802209,-0.07894736842105263,0.061376647583544136,
holdout_genre_translation,main,full,source=spbgu,59,0.0,0.0,0.0,-0.04804804804804805,-0.10457516339869281,-0.019337016574585635,
holdout_genre_translation,main,full,source=urfu,48,0.020833333333333332,0.020833333333333332,0.020833333333333332,-0.022771317829457367,-0.0824530516431925,0.005907960199004974,
holdout_genre_translation,main,net,весь человеческий тест,392,0.07653061224489796,0.04672897196261682,0.13309352517985612,,,,
holdout_genre_translation,main,net,HH-formal-register,167,0.11377245508982035,0.05365853658536585,0.2916666666666667,0.06488356620093147,-0.004175988068605523,0.24571011317999272,
holdout_genre_translation,main,net,HH-polished,152,0.039473684210526314,0.0,0.05,-0.06052631578947369,-0.1507246376811594,-0.011341016238868518,
holdout_genre_translation,main,net,HH-translation,73,0.0684931506849315,0.0136986301369863,0.136986301369863,-0.009876755271181356,-0.10286028602860287,0.06328274355272913,
holdout_genre_translation,main,net,genre=news,152,0.039473684210526314,0.0,0.05,-0.06052631578947369,-0.1507246376811594,-0.011341016238868518,
holdout_genre_translation,main,net,genre=science,167,0.11377245508982035,0.05365853658536585,0.2916666666666667,0.06488356620093147,-0.004175988068605523,0.24571011317999272,
holdout_genre_translation,main,net,genre=translation,73,0.0684931506849315,0.0136986301369863,0.136986301369863,-0.009876755271181356,-0.10286028602860287,0.06328274355272913,
holdout_genre_translation,main,net,hh_all,392,0.07653061224489796,0.04672897196261682,0.13309352517985612,,,,
holdout_genre_translation,main,net,len_long,136,0.0661764705882353,0.02962962962962963,0.1702127659574468,-0.015854779411764705,-0.08040550998297477,0.07567609695269269,
holdout_genre_translation,main,net,len_mid,95,0.11578947368421053,0.047619047619047616,0.23404255319148937,0.05181640971114655,-0.014421759386133187,0.16227889757301522,
holdout_genre_translation,main,net,len_short,161,0.062111801242236024,0.029411764705882353,0.11764705882352941,-0.024468285337850552,-0.10396611474778591,0.03066037735849056,
holdout_genre_translation,main,net,source=buriy_2014,60,0.05,0.05,0.05,-0.03132530120481927,-0.09728682170542637,0.002898550724637683,
holdout_genre_translation,main,net,source=cyberleninka,60,0.25,0.13333333333333333,0.34375,0.20481927710843373,0.08451417004048584,0.30539072995969546,
holdout_genre_translation,main,net,source=gazeta,60,0.05,0.05,0.05,-0.03132530120481927,-0.09953271028037382,0.002777777777777782,
holdout_genre_translation,main,net,source=lenta,32,0.0,0.0,0.0,-0.08333333333333333,-0.14338235294117646,-0.052884615384615384,
holdout_genre_translation,main,net,source=rusltc,73,0.0684931506849315,0.0136986301369863,0.136986301369863,-0.009876755271181356,-0.10286028602860287,0.06328274355272913,
holdout_genre_translation,main,net,source=spbgu,59,0.01694915254237288,0.01694915254237288,0.01694915254237288,-0.0701379345447142,-0.1307018541690365,-0.03825254597142755,
holdout_genre_translation,main,net,source=urfu,48,0.0625,0.0625,0.0625,-0.015988372093023256,-0.08253816793893129,0.016628440366972475,
holdout_genre_translation,format-only,full,весь человеческий тест,392,0.01020408163265306,0.0,0.03214285714285714,,,,
holdout_genre_translation,format-only,full,HH-formal-register,167,0.017964071856287425,0.0,0.08571428571428572,0.01351962741184298,-0.013157894736842105,0.08163265306122448,
holdout_genre_translation,format-only,full,HH-polished,152,0.0,0.0,0.0,-0.016666666666666666,-0.050724637681159424,0.0,
holdout_genre_translation,format-only,full,HH-translation,73,0.0136986301369863,0.0,0.0410958904109589,0.004294241422252758,-0.029940119760479042,0.03896103896103896,
holdout_genre_translation,format-only,full,genre=news,152,0.0,0.0,0.0,-0.016666666666666666,-0.050724637681159424,0.0,
holdout_genre_translation,format-only,full,genre=science,167,0.017964071856287425,0.0,0.08571428571428572,0.01351962741184298,-0.013157894736842105,0.08163265306122448,
holdout_genre_translation,format-only,full,genre=translation,73,0.0136986301369863,0.0,0.0410958904109589,0.004294241422252758,-0.029940119760479042,0.03896103896103896,
holdout_genre_translation,format-only,full,hh_all,392,0.01020408163265306,0.0,0.03214285714285714,,,,
holdout_genre_translation,format-only,full,len_long,136,0.022058823529411766,0.0,0.11428571428571428,0.018152573529411766,0.0,0.10519265621306438,
holdout_genre_translation,format-only,full,len_mid,95,0.010526315789473684,0.0,0.04285714285714286,0.0004253056884635821,-0.019010705057216686,0.023341926411999062,
holdout_genre_translation,format-only,full,len_short,161,0.0,0.0,0.0,-0.017316017316017316,-0.056074766355140186,0.0,
holdout_genre_translation,format-only,full,source=buriy_2014,60,0.0,0.0,0.0,-0.012048192771084338,-0.038834951456310676,0.0,
holdout_genre_translation,format-only,full,source=cyberleninka,60,0.05,0.0,0.14814814814814814,0.046987951807228916,-0.007017543859649123,0.13977994731132806,
holdout_genre_translation,format-only,full,source=gazeta,60,0.0,0.0,0.0,-0.012048192771084338,-0.036290322580645164,0.0,
holdout_genre_translation,format-only,full,source=lenta,32,0.0,0.0,0.0,-0.011111111111111112,-0.0335195530726257,0.0,
holdout_genre_translation,format-only,full,source=rusltc,73,0.0136986301369863,0.0,0.0410958904109589,0.004294241422252758,-0.029940119760479042,0.03896103896103896,
holdout_genre_translation,format-only,full,source=spbgu,59,0.0,0.0,0.0,-0.012012012012012012,-0.037914691943127965,0.0,
holdout_genre_translation,format-only,full,source=urfu,48,0.0,0.0,0.0,-0.011627906976744186,-0.03783783783783784,0.0,
holdout_genre_translation,length-only,full,весь человеческий тест,392,0.6275510204081632,0.3887884267631103,0.8515151515151516,,,,
holdout_genre_translation,length-only,full,HH-formal-register,167,0.2275449101796407,0.12992125984251968,0.45121951219512196,-0.6968995342648037,-0.8072930441682096,-0.4649321266968326,
holdout_genre_translation,length-only,full,HH-polished,152,0.9407894736842105,0.8666666666666667,1.0,0.5116228070175439,0.21746031746031746,0.6734104046242775,
holdout_genre_translation,length-only,full,HH-translation,73,0.8904109589041096,0.8082191780821918,0.958904109589041,0.3230128397818526,0.048879314766374304,0.6664343786295006,
holdout_genre_translation,length-only,full,genre=news,152,0.9407894736842105,0.8666666666666667,1.0,0.5116228070175439,0.21746031746031746,0.6734104046242775,
holdout_genre_translation,length-only,full,genre=science,167,0.2275449101796407,0.12992125984251968,0.45121951219512196,-0.6968995342648037,-0.8072930441682096,-0.4649321266968326,
holdout_genre_translation,length-only,full,genre=translation,73,0.8904109589041096,0.8082191780821918,0.958904109589041,0.3230128397818526,0.048879314766374304,0.6664343786295006,
holdout_genre_translation,length-only,full,hh_all,392,0.6275510204081632,0.3887884267631103,0.8515151515151516,,,,
holdout_genre_translation,length-only,full,len_long,136,0.0661764705882353,0.03759398496240601,0.13636363636363635,-0.8596047794117647,-0.9169278996865204,-0.7615819209039548,
holdout_genre_translation,length-only,full,len_mid,95,0.8,0.7017543859649122,0.8831168831168831,0.2276094276094277,-0.046542185338865893,0.4729535170711641,
holdout_genre_translation,length-only,full,len_short,161,1.0,1.0,1.0,0.6320346320346321,0.37,0.7853881278538812,
holdout_genre_translation,length-only,full,source=buriy_2014,60,0.8666666666666667,0.8666666666666667,0.8666666666666667,0.2823293172690763,0.016993464052287632,0.5154960981047938,
holdout_genre_translation,length-only,full,source=cyberleninka,60,0.4,0.25925925925925924,0.5172413793103449,-0.2686746987951807,-0.5878623188405796,0.027819548872180466,
holdout_genre_translation,length-only,full,source=gazeta,60,1.0,1.0,1.0,0.43975903614457834,0.19543973941368076,0.65625,
holdout_genre_translation,length-only,full,source=lenta,32,0.96875,0.96875,0.96875,0.3715277777777778,0.1314796587926509,0.6147354014598541,
holdout_genre_translation,length-only,full,source=rusltc,73,0.8904109589041096,0.8082191780821918,0.958904109589041,0.3230128397818526,0.048879314766374304,0.6664343786295006,
holdout_genre_translation,length-only,full,source=spbgu,59,0.2033898305084746,0.2033898305084746,0.2033898305084746,-0.49931287219422815,-0.672935257830748,-0.2264347308950342,
holdout_genre_translation,length-only,full,source=urfu,48,0.041666666666666664,0.041666666666666664,0.041666666666666664,-0.6676356589147288,-0.83545197740113,-0.44526920031670625,
holdout_model_Anthropic,main,full,весь человеческий тест,392,0.030612244897959183,0.010610079575596816,0.06707317073170732,,,,
holdout_model_Anthropic,main,full,HH-formal-register,167,0.04790419161676647,0.009389671361502348,0.15789473684210525,0.030126413838988692,-0.015474849227914374,0.14201183431952663,
holdout_model_Anthropic,main,full,HH-polished,152,0.013157894736842105,0.0,0.03333333333333333,-0.02850877192982456,-0.08780487804878048,0.007582260371959942,
holdout_model_Anthropic,main,full,HH-translation,73,0.0273972602739726,0.0,0.0684931506849315,-0.003950702108472537,-0.06217616580310881,0.0465570323646467,
holdout_model_Anthropic,main,full,genre=news,152,0.013157894736842105,0.0,0.03333333333333333,-0.02850877192982456,-0.08780487804878048,0.007582260371959942,
holdout_model_Anthropic,main,full,genre=science,167,0.04790419161676647,0.009389671361502348,0.15789473684210525,0.030126413838988692,-0.015474849227914374,0.14201183431952663,
holdout_model_Anthropic,main,full,genre=translation,73,0.0273972602739726,0.0,0.0684931506849315,-0.003950702108472537,-0.06217616580310881,0.0465570323646467,
holdout_model_Anthropic,main,full,hh_all,392,0.030612244897959183,0.010610079575596816,0.06707317073170732,,,,
holdout_model_Anthropic,main,full,len_long,136,0.03676470588235294,0.005405405405405406,0.1702127659574468,0.009420955882352942,-0.033053409472623446,0.137646835922698,
holdout_model_Anthropic,main,full,len_mid,95,0.05263157894736842,0.011627906976744186,0.11458333333333333,0.02906255537834485,-0.01608860861831999,0.08480898507952123,
holdout_model_Anthropic,main,full,len_short,161,0.012422360248447204,0.0,0.03571428571428571,-0.030867683041596084,-0.0961875,0.006493506493506496,
holdout_model_Anthropic,main,full,source=buriy_2014,60,0.03333333333333333,0.03333333333333333,0.03333333333333333,0.0032128514056224897,-0.040952380952380955,0.024675324675324677,
holdout_model_Anthropic,main,full,source=cyberleninka,60,0.13333333333333333,0.04,0.2,0.121285140562249,0.02711340206185567,0.19117532518108887,
holdout_model_Anthropic,main,full,source=gazeta,60,0.0,0.0,0.0,-0.03614457831325301,-0.07650273224043716,-0.013377926421404682,
holdout_model_Anthropic,main,full,source=lenta,32,0.0,0.0,0.0,-0.03333333333333333,-0.072992700729927,-0.011705685618729096,
holdout_model_Anthropic,main,full,source=rusltc,73,0.0273972602739726,0.0,0.0684931506849315,-0.003950702108472537,-0.06217616580310881,0.0465570323646467,
holdout_model_Anthropic,main,full,source=spbgu,59,0.0,0.0,0.0,-0.036036036036036036,-0.07653061224489796,-0.013404825737265416,
holdout_model_Anthropic,main,full,source=urfu,48,0.0,0.0,0.0,-0.03488372093023256,-0.07746478873239436,-0.012690355329949238,
holdout_model_Anthropic,main,net,весь человеческий тест,392,0.07397959183673469,0.043933054393305436,0.12552301255230125,,,,
holdout_model_Anthropic,main,net,HH-formal-register,167,0.10179640718562874,0.040892193308550186,0.265625,0.0484630738522954,-0.01847041847041847,0.21035735917625684,
holdout_model_Anthropic,main,net,HH-polished,152,0.05263157894736842,0.03333333333333333,0.06666666666666667,-0.034868421052631576,-0.11345565749235476,0.01533018867924528,
holdout_model_Anthropic,main,net,HH-translation,73,0.0547945205479452,0.0136986301369863,0.1095890410958904,-0.023575385408167657,-0.10912959773026648,0.041860465116279076,
holdout_model_Anthropic,main,net,genre=news,152,0.05263157894736842,0.03333333333333333,0.06666666666666667,-0.034868421052631576,-0.11345565749235476,0.01533018867924528,
holdout_model_Anthropic,main,net,genre=science,167,0.10179640718562874,0.040892193308550186,0.265625,0.0484630738522954,-0.01847041847041847,0.21035735917625684,
holdout_model_Anthropic,main,net,genre=translation,73,0.0547945205479452,0.0136986301369863,0.1095890410958904,-0.023575385408167657,-0.10912959773026648,0.041860465116279076,
holdout_model_Anthropic,main,net,hh_all,392,0.07397959183673469,0.043933054393305436,0.12552301255230125,,,,
holdout_model_Anthropic,main,net,len_long,136,0.0661764705882353,0.022556390977443608,0.1956521739130435,-0.011948529411764705,-0.06297795771479982,0.10333333333333333,
holdout_model_Anthropic,main,net,len_mid,95,0.09473684210526316,0.04081632653061224,0.18518518518518517,0.027396774765195822,-0.027439227439227443,0.11150568181818182,
holdout_model_Anthropic,main,net,len_short,161,0.06832298136645963,0.035175879396984924,0.10679611650485436,-0.009599096555618289,-0.0864452771675927,0.03880288957688338,
holdout_model_Anthropic,main,net,source=buriy_2014,60,0.03333333333333333,0.03333333333333333,0.03333333333333333,-0.04799196787148594,-0.10476190476190478,-0.014880952380952384,
holdout_model_Anthropic,main,net,source=cyberleninka,60,0.23333333333333334,0.1282051282051282,0.3,0.18815261044176707,0.08115302707636143,0.25956396544631843,
holdout_model_Anthropic,main,net,source=gazeta,60,0.06666666666666667,0.06666666666666667,0.06666666666666667,-0.00863453815261045,-0.06933333333333334,0.024666666666666663,
holdout_model_Anthropic,main,net,source=lenta,32,0.0625,0.0625,0.0625,-0.012499999999999997,-0.06625536480686695,0.019103773584905663,
holdout_model_Anthropic,main,net,source=rusltc,73,0.0547945205479452,0.0136986301369863,0.1095890410958904,-0.023575385408167657,-0.10912959773026648,0.041860465116279076,
holdout_model_Anthropic,main,net,source=spbgu,59,0.0,0.0,0.0,-0.08708708708708708,-0.13865546218487396,-0.05828220858895705,
holdout_model_Anthropic,main,net,source=urfu,48,0.0625,0.0625,0.0625,-0.013081395348837205,-0.07276570048309178,0.01868556701030928,
holdout_model_Anthropic,format-only,full,весь человеческий тест,392,0.015306122448979591,0.0035211267605633804,0.035897435897435895,,,,
holdout_model_Anthropic,format-only,full,HH-formal-register,167,0.029940119760479042,0.008,0.08823529411764706,0.025495675316034597,-0.00319089900110988,0.08431952662721894,
holdout_model_Anthropic,format-only,full,HH-polished,152,0.0,0.0,0.0,-0.025,-0.053763440860215055,-0.0072992700729927005,
holdout_model_Anthropic,format-only,full,HH-translation,73,0.0136986301369863,0.0,0.0410958904109589,-0.0019753510542362684,-0.0357086676105081,0.0333993399339934,
holdout_model_Anthropic,format-only,full,genre=news,152,0.0,0.0,0.0,-0.025,-0.053763440860215055,-0.0072992700729927005,
holdout_model_Anthropic,format-only,full,genre=science,167,0.029940119760479042,0.008,0.08823529411764706,0.025495675316034597,-0.00319089900110988,0.08431952662721894,
holdout_model_Anthropic,format-only,full,genre=translation,73,0.0136986301369863,0.0,0.0410958904109589,-0.0019753510542362684,-0.0357086676105081,0.0333993399339934,
holdout_model_Anthropic,format-only,full,hh_all,392,0.015306122448979591,0.0035211267605633804,0.035897435897435895,,,,
holdout_model_Anthropic,format-only,full,len_long,136,0.029411764705882353,0.006896551724137931,0.11494252873563218,0.021599264705882353,-0.006746031746031745,0.10526315789473684,
holdout_model_Anthropic,format-only,full,len_mid,95,0.021052631578947368,0.0,0.06097560975609756,0.0075846181109339005,-0.019230769230769232,0.04053390108090403,
holdout_model_Anthropic,format-only,full,len_short,161,0.0,0.0,0.0,-0.025974025974025976,-0.06,-0.007462686567164179,
holdout_model_Anthropic,format-only,full,source=buriy_2014,60,0.0,0.0,0.0,-0.018072289156626505,-0.04230769230769231,-0.005050505050505051,
holdout_model_Anthropic,format-only,full,source=cyberleninka,60,0.05,0.0,0.14814814814814814,0.04096385542168675,-0.013392857142857142,0.13372346705680038,
holdout_model_Anthropic,format-only,full,source=gazeta,60,0.0,0.0,0.0,-0.018072289156626505,-0.04142011834319527,-0.004819277108433735,
holdout_model_Anthropic,format-only,full,source=lenta,32,0.0,0.0,0.0,-0.016666666666666666,-0.03745318352059925,-0.004672897196261682,
holdout_model_Anthropic,format-only,full,source=rusltc,73,0.0136986301369863,0.0,0.0410958904109589,-0.0019753510542362684,-0.0357086676105081,0.0333993399339934,
holdout_model_Anthropic,format-only,full,source=spbgu,59,0.01694915254237288,0.01694915254237288,0.01694915254237288,0.0019341375273578664,-0.02305084745762712,0.014331351495252463,
holdout_model_Anthropic,format-only,full,source=urfu,48,0.020833333333333332,0.020833333333333332,0.020833333333333332,0.0062984496124031,-0.01846797671033479,0.01845238095238095,
holdout_model_Anthropic,length-only,full,весь человеческий тест,392,0.6198979591836735,0.3780160857908847,0.8424908424908425,,,,
holdout_model_Anthropic,length-only,full,HH-formal-register,167,0.2155688622754491,0.12101910828025478,0.4155844155844156,-0.7044311377245509,-0.8104435710275126,-0.49419191919191924,
holdout_model_Anthropic,length-only,full,HH-polished,152,0.9407894736842105,0.8666666666666667,1.0,0.5241228070175439,0.235921625544267,0.6810810810810811,
holdout_model_Anthropic,length-only,full,HH-translation,73,0.8767123287671232,0.7945205479452054,0.9452054794520548,0.3155838021213552,0.03804909560723513,0.6655832430480317,
holdout_model_Anthropic,length-only,full,genre=news,152,0.9407894736842105,0.8666666666666667,1.0,0.5241228070175439,0.235921625544267,0.6810810810810811,
holdout_model_Anthropic,length-only,full,genre=science,167,0.2155688622754491,0.12101910828025478,0.4155844155844156,-0.7044311377245509,-0.8104435710275126,-0.49419191919191924,
holdout_model_Anthropic,length-only,full,genre=translation,73,0.8767123287671232,0.7945205479452054,0.9452054794520548,0.3155838021213552,0.03804909560723513,0.6655832430480317,
holdout_model_Anthropic,length-only,full,hh_all,392,0.6198979591836735,0.3780160857908847,0.8424908424908425,,,,
holdout_model_Anthropic,length-only,full,len_long,136,0.058823529411764705,0.021739130434782608,0.09302325581395349,-0.8591452205882353,-0.9285562857748569,-0.7700697300196675,
holdout_model_Anthropic,length-only,full,len_mid,95,0.7789473684210526,0.6730769230769231,0.8673469387755102,0.20992379939748362,-0.05080971659919031,0.4393939393939394,
holdout_model_Anthropic,length-only,full,len_short,161,1.0,1.0,1.0,0.645021645021645,0.3931623931623932,0.796969696969697,
holdout_model_Anthropic,length-only,full,source=buriy_2014,60,0.8666666666666667,0.8666666666666667,0.8666666666666667,0.29136546184738954,0.02758620689655178,0.5247863247863248,
holdout_model_Anthropic,length-only,full,source=cyberleninka,60,0.36666666666666664,0.23404255319148937,0.4782608695652174,-0.29899598393574295,-0.6104335225214346,-8.525149190108383e-05,
holdout_model_Anthropic,length-only,full,source=gazeta,60,1.0,1.0,1.0,0.4487951807228916,0.20574162679425834,0.6660682226211849,
holdout_model_Anthropic,length-only,full,source=lenta,32,0.96875,0.96875,0.96875,0.3798611111111111,0.13758116883116878,0.6220346715328466,
holdout_model_Anthropic,length-only,full,source=rusltc,73,0.8767123287671232,0.7945205479452054,0.9452054794520548,0.3155838021213552,0.03804909560723513,0.6655832430480317,
holdout_model_Anthropic,length-only,full,source=spbgu,59,0.2033898305084746,0.2033898305084746,0.2033898305084746,-0.4903038631852191,-0.6650312221231044,-0.21625302663438256,
holdout_model_Anthropic,length-only,full,source=urfu,48,0.041666666666666664,0.041666666666666664,0.041666666666666664,-0.6589147286821706,-0.8282520325203252,-0.43584198385236445,
holdout_model_DeepSeek,main,full,весь человеческий тест,392,0.03571428571428571,0.01078582434514638,0.0830188679245283,,,,
holdout_model_DeepSeek,main,full,HH-formal-register,167,0.059880239520958084,0.009389671361502348,0.2112676056338028,0.0421024617431803,-0.014352720450281426,0.1938780804150454,
holdout_model_DeepSeek,main,full,HH-polished,152,0.013157894736842105,0.0,0.03333333333333333,-0.0368421052631579,-0.11510791366906475,0.006363636363636365,
holdout_model_DeepSeek,main,full,HH-translation,73,0.0273972602739726,0.0,0.0684931506849315,-0.01022029458496157,-0.0870203243084599,0.043308712208102035,
holdout_model_DeepSeek,main,full,genre=news,152,0.013157894736842105,0.0,0.03333333333333333,-0.0368421052631579,-0.11510791366906475,0.006363636363636365,
holdout_model_DeepSeek,main,full,genre=science,167,0.059880239520958084,0.009389671361502348,0.2112676056338028,0.0421024617431803,-0.014352720450281426,0.1938780804150454,
holdout_model_DeepSeek,main,full,genre=translation,73,0.0273972602739726,0.0,0.0684931506849315,-0.01022029458496157,-0.0870203243084599,0.043308712208102035,
holdout_model_DeepSeek,main,full,hh_all,392,0.03571428571428571,0.01078582434514638,0.0830188679245283,,,,
holdout_model_DeepSeek,main,full,len_long,136,0.04411764705882353,0.005434782608695652,0.20833333333333334,0.012867647058823532,-0.03391715318320823,0.16616716616716615,
holdout_model_DeepSeek,main,full,len_mid,95,0.06315789473684211,0.011764705882352941,0.1388888888888889,0.03622186780081517,-0.011334076551467856,0.09559322033898304,
holdout_model_DeepSeek,main,full,len_short,161,0.012422360248447204,0.0,0.03571428571428571,-0.03952569169960475,-0.1281875,0.005240373661426292,
holdout_model_DeepSeek,main,full,source=buriy_2014,60,0.03333333333333333,0.03333333333333333,0.03333333333333333,-0.0028112449799196776,-0.06344086021505377,0.024503311258278145,
holdout_model_DeepSeek,main,full,source=cyberleninka,60,0.16666666666666666,0.04,0.27941176470588236,0.1546184738955823,0.027683176024131555,0.2719084712755599,
holdout_model_DeepSeek,main,full,source=gazeta,60,0.0,0.0,0.0,-0.04216867469879518,-0.09859154929577464,-0.013888888888888888,
holdout_model_DeepSeek,main,full,source=lenta,32,0.0,0.0,0.0,-0.03888888888888889,-0.09313725490196079,-0.012012012012012012,
holdout_model_DeepSeek,main,full,source=rusltc,73,0.0273972602739726,0.0,0.0684931506849315,-0.01022029458496157,-0.0870203243084599,0.043308712208102035,
holdout_model_DeepSeek,main,full,source=spbgu,59,0.0,0.0,0.0,-0.042042042042042045,-0.0979381443298969,-0.013745704467353952,
holdout_model_DeepSeek,main,full,source=urfu,48,0.0,0.0,0.0,-0.040697674418604654,-0.0989399293286219,-0.01276595744680851,
holdout_model_DeepSeek,main,net,весь человеческий тест,392,0.08928571428571429,0.059734513274336286,0.14427860696517414,,,,
holdout_model_DeepSeek,main,net,HH-formal-register,167,0.1317365269461078,0.07,0.3064516129032258,0.07395874916833002,0.0038959336192848637,0.24904336734693877,
holdout_model_DeepSeek,main,net,HH-polished,152,0.05263157894736842,0.03125,0.06666666666666667,-0.059868421052631585,-0.14138755980861245,-0.011493142746764537,
holdout_model_DeepSeek,main,net,HH-translation,73,0.0684931506849315,0.0136986301369863,0.136986301369863,-0.025550736462403925,-0.12069602141604356,0.04734848484848485,
holdout_model_DeepSeek,main,net,genre=news,152,0.05263157894736842,0.03125,0.06666666666666667,-0.059868421052631585,-0.14138755980861245,-0.011493142746764537,
holdout_model_DeepSeek,main,net,genre=science,167,0.1317365269461078,0.07,0.3064516129032258,0.07395874916833002,0.0038959336192848637,0.24904336734693877,
holdout_model_DeepSeek,main,net,genre=translation,73,0.0684931506849315,0.0136986301369863,0.136986301369863,-0.025550736462403925,-0.12069602141604356,0.04734848484848485,
holdout_model_DeepSeek,main,net,hh_all,392,0.08928571428571429,0.059734513274336286,0.14427860696517414,,,,
holdout_model_DeepSeek,main,net,len_long,136,0.08823529411764706,0.049773755656108594,0.1956521739130435,-0.0016084558823529355,-0.060917828617842146,0.09001421852783552,
holdout_model_DeepSeek,main,net,len_mid,95,0.11578947368421053,0.047619047619047616,0.23404255319148937,0.03498139287612971,-0.029106858054226484,0.14222222222222222,
holdout_model_DeepSeek,main,net,len_short,161,0.07453416149068323,0.04375,0.12173913043478261,-0.025032938076416336,-0.10518053375196233,0.027820296953926224,
holdout_model_DeepSeek,main,net,source=buriy_2014,60,0.05,0.05,0.05,-0.0463855421686747,-0.1088235294117647,-0.01267806267806268,
holdout_model_DeepSeek,main,net,source=cyberleninka,60,0.26666666666666666,0.14285714285714285,0.35135135135135137,0.20943775100401607,0.08461924126789594,0.3009391913403375,
holdout_model_DeepSeek,main,net,source=gazeta,60,0.06666666666666667,0.06666666666666667,0.06666666666666667,-0.026706827309236944,-0.09295774647887324,0.007650273224043713,
holdout_model_DeepSeek,main,net,source=lenta,32,0.03125,0.03125,0.03125,-0.06319444444444444,-0.12300531914893617,-0.03156407035175879,
holdout_model_DeepSeek,main,net,source=rusltc,73,0.0684931506849315,0.0136986301369863,0.136986301369863,-0.025550736462403925,-0.12069602141604356,0.04734848484848485,
holdout_model_DeepSeek,main,net,source=spbgu,59,0.03389830508474576,0.03389830508474576,0.03389830508474576,-0.06520079401435333,-0.12443502824858757,-0.032500085257306556,
holdout_model_DeepSeek,main,net,source=urfu,48,0.08333333333333333,0.08333333333333333,0.08333333333333333,-0.006782945736434107,-0.07230869001297018,0.025268817204301068,
holdout_model_DeepSeek,format-only,full,весь человеческий тест,392,0.02040816326530612,0.00625,0.043478260869565216,,,,
holdout_model_DeepSeek,format-only,full,HH-formal-register,167,0.041916167664670656,0.015873015873015872,0.10909090909090909,0.03747172322022621,0.00568181818181818,0.10332606324972736,
holdout_model_DeepSeek,format-only,full,HH-polished,152,0.0,0.0,0.0,-0.03333333333333333,-0.06358381502890173,-0.0125,
holdout_model_DeepSeek,format-only,full,HH-translation,73,0.0136986301369863,0.0,0.0410958904109589,-0.008244943530725298,-0.047337278106508875,0.027848911651728554,
holdout_model_DeepSeek,format-only,full,genre=news,152,0.0,0.0,0.0,-0.03333333333333333,-0.06358381502890173,-0.0125,
holdout_model_DeepSeek,format-only,full,genre=science,167,0.041916167664670656,0.015873015873015872,0.10909090909090909,0.03747172322022621,0.00568181818181818,0.10332606324972736,
holdout_model_DeepSeek,format-only,full,genre=translation,73,0.0136986301369863,0.0,0.0410958904109589,-0.008244943530725298,-0.047337278106508875,0.027848911651728554,
holdout_model_DeepSeek,format-only,full,hh_all,392,0.02040816326530612,0.00625,0.043478260869565216,,,,
holdout_model_DeepSeek,format-only,full,len_long,136,0.03676470588235294,0.014705882352941176,0.11627906976744186,0.025045955882352942,-0.004496124031007753,0.10186179735051915,
holdout_model_DeepSeek,format-only,full,len_mid,95,0.031578947368421054,0.0,0.08333333333333333,0.014743930533404219,-0.014579126237501848,0.05939840823970037,
holdout_model_DeepSeek,format-only,full,len_short,161,0.0,0.0,0.0,-0.03463203463203463,-0.0718562874251497,-0.012195121951219513,
holdout_model_DeepSeek,format-only,full,source=buriy_2014,60,0.0,0.0,0.0,-0.024096385542168676,-0.05179282868525897,-0.0078125,
holdout_model_DeepSeek,format-only,full,source=cyberleninka,60,0.06666666666666667,0.0,0.17391304347826086,0.05461847389558233,-0.012244897959183673,0.1592686920138257,
holdout_model_DeepSeek,format-only,full,source=gazeta,60,0.0,0.0,0.0,-0.024096385542168676,-0.0498220640569395,-0.007853403141361256,
holdout_model_DeepSeek,format-only,full,source=lenta,32,0.0,0.0,0.0,-0.022222222222222223,-0.04591836734693878,-0.007194244604316547,
holdout_model_DeepSeek,format-only,full,source=rusltc,73,0.0136986301369863,0.0,0.0410958904109589,-0.008244943530725298,-0.047337278106508875,0.027848911651728554,
holdout_model_DeepSeek,format-only,full,source=spbgu,59,0.03389830508474576,0.03389830508474576,0.03389830508474576,0.015880287066727745,-0.010711360342763529,0.02967889580204534,
holdout_model_DeepSeek,format-only,full,source=urfu,48,0.020833333333333332,0.020833333333333332,0.020833333333333332,0.00048449612403100514,-0.02653508771929825,0.016494938539407086,
holdout_model_DeepSeek,length-only,full,весь человеческий тест,392,0.6020408163265306,0.34448160535117056,0.845724907063197,,,,
holdout_model_DeepSeek,length-only,full,HH-formal-register,167,0.17365269461077845,0.0842911877394636,0.4339622641509434,-0.7463473053892216,-0.8491262613832143,-0.47797888386123677,
holdout_model_DeepSeek,length-only,full,HH-polished,152,0.9407894736842105,0.8666666666666667,1.0,0.5532894736842104,0.229217938200711,0.7233076499724821,
holdout_model_DeepSeek,length-only,full,HH-translation,73,0.8767123287671232,0.7945205479452054,0.9452054794520548,0.3375273757890668,0.03339793281653747,0.7017543859649124,
holdout_model_DeepSeek,length-only,full,genre=news,152,0.9407894736842105,0.8666666666666667,1.0,0.5532894736842104,0.229217938200711,0.7233076499724821,
holdout_model_DeepSeek,length-only,full,genre=science,167,0.17365269461077845,0.0842911877394636,0.4339622641509434,-0.7463473053892216,-0.8491262613832143,-0.47797888386123677,
holdout_model_DeepSeek,length-only,full,genre=translation,73,0.8767123287671232,0.7945205479452054,0.9452054794520548,0.3375273757890668,0.03339793281653747,0.7017543859649124,
holdout_model_DeepSeek,length-only,full,hh_all,392,0.6020408163265306,0.34448160535117056,0.845724907063197,,,,
holdout_model_DeepSeek,length-only,full,len_long,136,0.014705882352941176,0.0,0.075,-0.8993566176470589,-0.9532722805450078,-0.7975529086231868,
holdout_model_DeepSeek,length-only,full,len_mid,95,0.7684210526315789,0.6419753086419753,0.873015873015873,0.21959950381003002,-0.03980582524271836,0.4526943644590703,
holdout_model_DeepSeek,length-only,full,len_short,161,1.0,1.0,1.0,0.6753246753246753,0.3846153846153846,0.8405172413793103,
holdout_model_DeepSeek,length-only,full,source=buriy_2014,60,0.8666666666666667,0.8666666666666667,0.8666666666666667,0.31244979919678717,0.025306893295561905,0.5650425367362722,
holdout_model_DeepSeek,length-only,full,source=cyberleninka,60,0.38333333333333336,0.25,0.5,-0.2582329317269076,-0.5943810359964881,0.05895691609977316,
holdout_model_DeepSeek,length-only,full,source=gazeta,60,1.0,1.0,1.0,0.4698795180722891,0.202247191011236,0.7020057306590257,
holdout_model_DeepSeek,length-only,full,source=lenta,32,0.96875,0.96875,0.96875,0.3993055555555556,0.13449585635359118,0.6602393617021276,
holdout_model_DeepSeek,length-only,full,source=rusltc,73,0.8767123287671232,0.7945205479452054,0.9452054794520548,0.3375273757890668,0.03339793281653747,0.7017543859649124,
holdout_model_DeepSeek,length-only,full,source=spbgu,59,0.1016949152542373,0.1016949152542373,0.1016949152542373,-0.5889957754364534,-0.768361581920904,-0.30511871200027174,
holdout_model_DeepSeek,length-only,full,source=urfu,48,0.0,0.0,0.0,-0.686046511627907,-0.872093023255814,-0.4351005484460695,
holdout_model_NVIDIA,main,full,весь человеческий тест,392,0.03571428571428571,0.011337868480725623,0.08651399491094147,,,,
holdout_model_NVIDIA,main,full,HH-formal-register,167,0.059880239520958084,0.009389671361502348,0.2112676056338028,0.0421024617431803,-0.016772087329116506,0.19260901699926092,
holdout_model_NVIDIA,main,full,HH-polished,152,0.006578947368421052,0.0,0.016666666666666666,-0.047587719298245616,-0.12565245759025664,-0.008086253369272238,
holdout_model_NVIDIA,main,full,HH-translation,73,0.0410958904109589,0.0,0.0958904109589041,0.006613131790269247,-0.0736842105263158,0.06701754385964913,
holdout_model_NVIDIA,main,full,genre=news,152,0.006578947368421052,0.0,0.016666666666666666,-0.047587719298245616,-0.12565245759025664,-0.008086253369272238,
holdout_model_NVIDIA,main,full,genre=science,167,0.059880239520958084,0.009389671361502348,0.2112676056338028,0.0421024617431803,-0.016772087329116506,0.19260901699926092,
holdout_model_NVIDIA,main,full,genre=translation,73,0.0410958904109589,0.0,0.0958904109589041,0.006613131790269247,-0.0736842105263158,0.06701754385964913,
holdout_model_NVIDIA,main,full,hh_all,392,0.03571428571428571,0.011337868480725623,0.08651399491094147,,,,
holdout_model_NVIDIA,main,full,len_long,136,0.051470588235294115,0.008888888888888889,0.23255813953488372,0.024126838235294115,-0.026090040564803938,0.20035650623885917,
holdout_model_NVIDIA,main,full,len_mid,95,0.05263157894736842,0.0,0.1375,0.022328548644338114,-0.026406926406926406,0.0911054497120071,
holdout_model_NVIDIA,main,full,len_short,161,0.012422360248447204,0.0,0.03571428571428571,-0.03952569169960475,-0.13458103595557971,0.007901589296938134,
holdout_model_NVIDIA,main,full,source=buriy_2014,60,0.016666666666666666,0.016666666666666666,0.016666666666666666,-0.02248995983935743,-0.08548387096774195,0.0054307116104868915,
holdout_model_NVIDIA,main,full,source=cyberleninka,60,0.16666666666666666,0.04,0.27941176470588236,0.1546184738955823,0.024422050978067576,0.27106227106227104,
holdout_model_NVIDIA,main,full,source=gazeta,60,0.0,0.0,0.0,-0.04216867469879518,-0.10326086956521739,-0.014227642276422764,
holdout_model_NVIDIA,main,full,source=lenta,32,0.0,0.0,0.0,-0.03888888888888889,-0.0958904109589041,-0.0125,
holdout_model_NVIDIA,main,full,source=rusltc,73,0.0410958904109589,0.0,0.0958904109589041,0.006613131790269247,-0.0736842105263158,0.06701754385964913,
holdout_model_NVIDIA,main,full,source=spbgu,59,0.0,0.0,0.0,-0.042042042042042045,-0.10112359550561797,-0.014005602240896359,
holdout_model_NVIDIA,main,full,source=urfu,48,0.0,0.0,0.0,-0.040697674418604654,-0.10273972602739725,-0.013262599469496022,
holdout_model_NVIDIA,main,net,весь человеческий тест,392,0.05102040816326531,0.022792022792022793,0.10135135135135136,,,,
holdout_model_NVIDIA,main,net,HH-formal-register,167,0.0658682634730539,0.013888888888888888,0.22727272727272727,0.025868263473053897,-0.03505793952562014,0.1904677533664068,
holdout_model_NVIDIA,main,net,HH-polished,152,0.03289473684210526,0.0,0.05,-0.02960526315789474,-0.11779019466474405,0.01610169491525424,
holdout_model_NVIDIA,main,net,HH-translation,73,0.0547945205479452,0.0136986301369863,0.1095890410958904,0.004637780736032979,-0.07856341189674523,0.07030022691569209,
holdout_model_NVIDIA,main,net,genre=news,152,0.03289473684210526,0.0,0.05,-0.02960526315789474,-0.11779019466474405,0.01610169491525424,
holdout_model_NVIDIA,main,net,genre=science,167,0.0658682634730539,0.013888888888888888,0.22727272727272727,0.025868263473053897,-0.03505793952562014,0.1904677533664068,
holdout_model_NVIDIA,main,net,genre=translation,73,0.0547945205479452,0.0136986301369863,0.1095890410958904,0.004637780736032979,-0.07856341189674523,0.07030022691569209,
holdout_model_NVIDIA,main,net,hh_all,392,0.05102040816326531,0.022792022792022793,0.10135135135135136,,,,
holdout_model_NVIDIA,main,net,len_long,136,0.051470588235294115,0.008888888888888889,0.23255813953488372,0.0006893382352941152,-0.04879086158707012,0.1767896929187252,
holdout_model_NVIDIA,main,net,len_mid,95,0.07368421052631578,0.021739130434782608,0.15584415584415584,0.02991316675527201,-0.026724033450490847,0.10090497737556561,
holdout_model_NVIDIA,main,net,len_short,161,0.037267080745341616,0.008771929824561403,0.06666666666666667,-0.023338979860718992,-0.12398921832884097,0.027841659734794733,
holdout_model_NVIDIA,main,net,source=buriy_2014,60,0.03333333333333333,0.03333333333333333,0.03333333333333333,-0.020883534136546186,-0.08205128205128207,0.010897435897435897,
holdout_model_NVIDIA,main,net,source=cyberleninka,60,0.18333333333333332,0.06,0.29411764705882354,0.15622489959839356,0.028599434930519516,0.2725039088675453,
holdout_model_NVIDIA,main,net,source=gazeta,60,0.05,0.05,0.05,-0.0012048192771084293,-0.06538461538461539,0.029411764705882356,
holdout_model_NVIDIA,main,net,source=lenta,32,0.0,0.0,0.0,-0.05555555555555555,-0.11194029850746269,-0.026239067055393587,
holdout_model_NVIDIA,main,net,source=rusltc,73,0.0547945205479452,0.0136986301369863,0.1095890410958904,0.004637780736032979,-0.07856341189674523,0.07030022691569209,
holdout_model_NVIDIA,main,net,source=spbgu,59,0.0,0.0,0.0,-0.06006006006006006,-0.11742424242424243,-0.02922077922077922,
holdout_model_NVIDIA,main,net,source=urfu,48,0.0,0.0,0.0,-0.05813953488372093,-0.11560693641618497,-0.027777777777777776,
holdout_model_NVIDIA,format-only,full,весь человеческий тест,392,0.017857142857142856,0.005319148936170213,0.04093567251461988,,,,
holdout_model_NVIDIA,format-only,full,HH-formal-register,167,0.03592814371257485,0.012448132780082987,0.10714285714285714,0.031483699268130404,0.0012648116096391944,0.10256410256410256,
holdout_model_NVIDIA,format-only,full,HH-polished,152,0.0,0.0,0.0,-0.029166666666666667,-0.061452513966480445,-0.010714285714285714,
holdout_model_NVIDIA,format-only,full,HH-translation,73,0.0136986301369863,0.0,0.0410958904109589,-0.005110147292480785,-0.04430379746835443,0.0310356613877179,
holdout_model_NVIDIA,format-only,full,genre=news,152,0.0,0.0,0.0,-0.029166666666666667,-0.061452513966480445,-0.010714285714285714,
holdout_model_NVIDIA,format-only,full,genre=science,167,0.03592814371257485,0.012448132780082987,0.10714285714285714,0.031483699268130404,0.0012648116096391944,0.10256410256410256,
holdout_model_NVIDIA,format-only,full,genre=translation,73,0.0136986301369863,0.0,0.0410958904109589,-0.005110147292480785,-0.04430379746835443,0.0310356613877179,
holdout_model_NVIDIA,format-only,full,hh_all,392,0.017857142857142856,0.005319148936170213,0.04093567251461988,,,,
holdout_model_NVIDIA,format-only,full,len_long,136,0.029411764705882353,0.006896551724137931,0.11494252873563218,0.017693014705882353,-0.014437689969604862,0.10186179735051915,
holdout_model_NVIDIA,format-only,full,len_mid,95,0.031578947368421054,0.0,0.08333333333333333,0.018110933900407584,-0.014388489208633094,0.06388280601072265,
holdout_model_NVIDIA,format-only,full,len_short,161,0.0,0.0,0.0,-0.030303030303030304,-0.06951871657754011,-0.0106951871657754,
holdout_model_NVIDIA,format-only,full,source=buriy_2014,60,0.0,0.0,0.0,-0.02108433734939759,-0.0481283422459893,-0.006802721088435374,
holdout_model_NVIDIA,format-only,full,source=cyberleninka,60,0.06666666666666667,0.0,0.17391304347826086,0.05763052208835341,-0.009836065573770493,0.1623316208891226,
holdout_model_NVIDIA,format-only,full,source=gazeta,60,0.0,0.0,0.0,-0.02108433734939759,-0.047619047619047616,-0.007042253521126761,
holdout_model_NVIDIA,format-only,full,source=lenta,32,0.0,0.0,0.0,-0.019444444444444445,-0.043010752688172046,-0.0063025210084033615,
holdout_model_NVIDIA,format-only,full,source=rusltc,73,0.0136986301369863,0.0,0.0410958904109589,-0.005110147292480785,-0.04430379746835443,0.0310356613877179,
holdout_model_NVIDIA,format-only,full,source=spbgu,59,0.01694915254237288,0.01694915254237288,0.01694915254237288,-0.0010688654756451366,-0.02766051288513641,0.012729743259672459,
holdout_model_NVIDIA,format-only,full,source=urfu,48,0.020833333333333332,0.020833333333333332,0.020833333333333332,0.0033914728682170533,-0.023611111111111114,0.017223225030084235,
holdout_model_NVIDIA,length-only,full,весь человеческий тест,392,0.673469387755102,0.4444444444444444,0.8931297709923665,,,,
holdout_model_NVIDIA,length-only,full,HH-formal-register,167,0.31736526946107785,0.20149253731343283,0.676056338028169,-0.6204125083167,-0.745796783625731,-0.2607142857142857,
holdout_model_NVIDIA,length-only,full,HH-polished,152,0.9407894736842105,0.8833333333333333,1.0,0.43662280701754386,0.1041963015647226,0.6107274793975561,
holdout_model_NVIDIA,length-only,full,HH-translation,73,0.9315068493150684,0.863013698630137,0.9863013698630136,0.3170867866191437,0.04192539109506621,0.623063063063063,
holdout_model_NVIDIA,length-only,full,genre=news,152,0.9407894736842105,0.8833333333333333,1.0,0.43662280701754386,0.1041963015647226,0.6107274793975561,
holdout_model_NVIDIA,length-only,full,genre=science,167,0.31736526946107785,0.20149253731343283,0.676056338028169,-0.6204125083167,-0.745796783625731,-0.2607142857142857,
holdout_model_NVIDIA,length-only,full,genre=translation,73,0.9315068493150684,0.863013698630137,0.9863013698630136,0.3170867866191437,0.04192539109506621,0.623063063063063,
holdout_model_NVIDIA,length-only,full,hh_all,392,0.673469387755102,0.4444444444444444,0.8931297709923665,,,,
holdout_model_NVIDIA,length-only,full,len_long,136,0.17647058823529413,0.11325301204819277,0.4444444444444444,-0.7610294117647058,-0.8350727117194183,-0.4941325356649792,
holdout_model_NVIDIA,length-only,full,len_mid,95,0.8631578947368421,0.7536231884057971,0.9518072289156626,0.25036328194222934,0.005013854070457846,0.4679155041849342,
holdout_model_NVIDIA,length-only,full,len_short,161,0.9813664596273292,0.9595959595959596,1.0,0.5224920007528703,0.210481630132757,0.7088569941250836,
holdout_model_NVIDIA,length-only,full,source=buriy_2014,60,0.8833333333333333,0.8833333333333333,0.8833333333333333,0.2477911646586345,-0.016294919454770795,0.47561983471074376,
holdout_model_NVIDIA,length-only,full,source=cyberleninka,60,0.6166666666666667,0.425531914893617,0.7432432432432432,-0.0670682730923694,-0.403332268710742,0.2356135516291133,
holdout_model_NVIDIA,length-only,full,source=gazeta,60,1.0,1.0,1.0,0.3855421686746988,0.14070351758793975,0.5977961432506886,
holdout_model_NVIDIA,length-only,full,source=lenta,32,0.9375,0.9375,0.9375,0.2875,0.04583333333333328,0.5201923076923076,
holdout_model_NVIDIA,length-only,full,source=rusltc,73,0.9315068493150684,0.863013698630137,0.9863013698630136,0.3170867866191437,0.04192539109506621,0.623063063063063,
holdout_model_NVIDIA,length-only,full,source=spbgu,59,0.1864406779661017,0.1864406779661017,0.1864406779661017,-0.573319081793658,-0.7255311530198139,-0.32598168228234553,
holdout_model_NVIDIA,length-only,full,source=urfu,48,0.10416666666666667,0.10416666666666667,0.10416666666666667,-0.6487403100775194,-0.8093671679197996,-0.4249338624338624,
holdout_model_OpenAI,main,full,весь человеческий тест,392,0.025510204081632654,0.007594936708860759,0.05660377358490566,,,,
holdout_model_OpenAI,main,full,HH-formal-register,167,0.041916167664670656,0.007905138339920948,0.14285714285714285,0.02858283433133732,-0.011021800024357568,0.13360071301247772,
holdout_model_OpenAI,main,full,HH-polished,152,0.013157894736842105,0.0,0.03333333333333333,-0.02017543859649123,-0.07355889724310777,0.012412831241283125,
holdout_model_OpenAI,main,full,HH-translation,73,0.0136986301369863,0.0,0.0410958904109589,-0.014514536007214328,-0.0657439446366782,0.023344947735191638,
holdout_model_OpenAI,main,full,genre=news,152,0.013157894736842105,0.0,0.03333333333333333,-0.02017543859649123,-0.07355889724310777,0.012412831241283125,
holdout_model_OpenAI,main,full,genre=science,167,0.041916167664670656,0.007905138339920948,0.14285714285714285,0.02858283433133732,-0.011021800024357568,0.13360071301247772,
holdout_model_OpenAI,main,full,genre=translation,73,0.0136986301369863,0.0,0.0410958904109589,-0.014514536007214328,-0.0657439446366782,0.023344947735191638,
holdout_model_OpenAI,main,full,hh_all,392,0.025510204081632654,0.007594936708860759,0.05660377358490566,,,,
holdout_model_OpenAI,main,full,len_long,136,0.03676470588235294,0.005405405405405406,0.1702127659574468,0.017233455882352942,-0.018000174758978242,0.14419568822553896,
holdout_model_OpenAI,main,full,len_mid,95,0.031578947368421054,0.0,0.0625,0.008009923799397484,-0.026412184306921153,0.03169014084507042,
holdout_model_OpenAI,main,full,len_short,161,0.012422360248447204,0.0,0.03571428571428571,-0.022209674383587428,-0.07824595786379226,0.012000657570277823,
holdout_model_OpenAI,main,full,source=buriy_2014,60,0.03333333333333333,0.03333333333333333,0.03333333333333333,0.009236947791164657,-0.03041168658698539,0.027586206896551724,
holdout_model_OpenAI,main,full,source=cyberleninka,60,0.11666666666666667,0.02631578947368421,0.189873417721519,0.10763052208835341,0.022938322938322937,0.18555555555555556,
holdout_model_OpenAI,main,full,source=gazeta,60,0.0,0.0,0.0,-0.030120481927710843,-0.06521739130434782,-0.009779951100244499,
holdout_model_OpenAI,main,full,source=lenta,32,0.0,0.0,0.0,-0.027777777777777776,-0.0625,-0.008771929824561403,
holdout_model_OpenAI,main,full,source=rusltc,73,0.0136986301369863,0.0,0.0410958904109589,-0.014514536007214328,-0.0657439446366782,0.023344947735191638,
holdout_model_OpenAI,main,full,source=spbgu,59,0.0,0.0,0.0,-0.03003003003003003,-0.06528189910979229,-0.009900990099009901,
holdout_model_OpenAI,main,full,source=urfu,48,0.0,0.0,0.0,-0.029069767441860465,-0.06716417910447761,-0.009523809523809525,
holdout_model_OpenAI,main,net,весь человеческий тест,392,0.07142857142857142,0.04329004329004329,0.12195121951219512,,,,
holdout_model_OpenAI,main,net,HH-formal-register,167,0.08383233532934131,0.03715170278637771,0.22784810126582278,0.02161011310711909,-0.04505494505494506,0.16585365853658535,
holdout_model_OpenAI,main,net,HH-polished,152,0.046052631578947366,0.0,0.08333333333333333,-0.04144736842105263,-0.13131313131313133,0.015120274914089349,
holdout_model_OpenAI,main,net,HH-translation,73,0.0958904109589041,0.0410958904109589,0.1643835616438356,0.03005968995576931,-0.05479304397815463,0.10665362035225048,
holdout_model_OpenAI,main,net,genre=news,152,0.046052631578947366,0.0,0.08333333333333333,-0.04144736842105263,-0.13131313131313133,0.015120274914089349,
holdout_model_OpenAI,main,net,genre=science,167,0.08383233532934131,0.03715170278637771,0.22784810126582278,0.02161011310711909,-0.04505494505494506,0.16585365853658535,
holdout_model_OpenAI,main,net,genre=translation,73,0.0958904109589041,0.0410958904109589,0.1643835616438356,0.03005968995576931,-0.05479304397815463,0.10665362035225048,
holdout_model_OpenAI,main,net,hh_all,392,0.07142857142857142,0.04329004329004329,0.12195121951219512,,,,
holdout_model_OpenAI,main,net,len_long,136,0.051470588235294115,0.024390243902439025,0.16216216216216217,-0.030560661764705885,-0.08782696177062374,0.06931818181818183,
holdout_model_OpenAI,main,net,len_mid,95,0.08421052631578947,0.03305785123966942,0.1694915254237288,0.016870458975722133,-0.0460600728917934,0.09719972228650775,
holdout_model_OpenAI,main,net,len_short,161,0.08074534161490683,0.03550295857988166,0.15151515151515152,0.015810276679841903,-0.06022326674500586,0.08114035087719298,
holdout_model_OpenAI,main,net,source=buriy_2014,60,0.03333333333333333,0.03333333333333333,0.03333333333333333,-0.04497991967871486,-0.10471380471380473,-0.012433257055682684,
holdout_model_OpenAI,main,net,source=cyberleninka,60,0.2,0.10416666666666667,0.2608695652173913,0.15180722891566267,0.050935734463276844,0.21867321867321865,
holdout_model_OpenAI,main,net,source=gazeta,60,0.08333333333333333,0.08333333333333333,0.08333333333333333,0.014056224899598388,-0.04824561403508772,0.043836026331538,
holdout_model_OpenAI,main,net,source=lenta,32,0.0,0.0,0.0,-0.07777777777777778,-0.13043478260869565,-0.04793028322440087,
holdout_model_OpenAI,main,net,source=rusltc,73,0.0958904109589041,0.0410958904109589,0.1643835616438356,0.03005968995576931,-0.05479304397815463,0.10665362035225048,
holdout_model_OpenAI,main,net,source=spbgu,59,0.01694915254237288,0.01694915254237288,0.01694915254237288,-0.06413192853870821,-0.11885331659342958,-0.03213060205885411,
holdout_model_OpenAI,main,net,source=urfu,48,0.020833333333333332,0.020833333333333332,0.020833333333333332,-0.05765503875968993,-0.11692176870748298,-0.026268115942028988,
holdout_model_OpenAI,format-only,full,весь человеческий тест,392,0.015306122448979591,0.0033783783783783786,0.03865979381443299,,,,
holdout_model_OpenAI,format-only,full,HH-formal-register,167,0.029940119760479042,0.006097560975609756,0.10638297872340426,0.025495675316034597,-0.005136612021857924,0.10126315789473683,
holdout_model_OpenAI,format-only,full,HH-polished,152,0.0,0.0,0.0,-0.025,-0.06015037593984962,-0.00625,
holdout_model_OpenAI,format-only,full,HH-translation,73,0.0136986301369863,0.0,0.0410958904109589,-0.0019753510542362684,-0.041237113402061855,0.03289473684210526,
holdout_model_OpenAI,format-only,full,genre=news,152,0.0,0.0,0.0,-0.025,-0.06015037593984962,-0.00625,
holdout_model_OpenAI,format-only,full,genre=science,167,0.029940119760479042,0.006097560975609756,0.10638297872340426,0.025495675316034597,-0.005136612021857924,0.10126315789473683,
holdout_model_OpenAI,format-only,full,genre=translation,73,0.0136986301369863,0.0,0.0410958904109589,-0.0019753510542362684,-0.041237113402061855,0.03289473684210526,
holdout_model_OpenAI,format-only,full,hh_all,392,0.015306122448979591,0.0033783783783783786,0.03865979381443299,,,,
holdout_model_OpenAI,format-only,full,len_long,136,0.022058823529411766,0.0,0.11428571428571428,0.010340073529411766,-0.019308001235712077,0.10041797283176593,
holdout_model_OpenAI,format-only,full,len_mid,95,0.031578947368421054,0.0,0.08333333333333333,0.02147793726741095,-0.010582872028655162,0.06802507836990596,
holdout_model_OpenAI,format-only,full,len_short,161,0.0,0.0,0.0,-0.025974025974025976,-0.06666666666666667,-0.006134969325153374,
holdout_model_OpenAI,format-only,full,source=buriy_2014,60,0.0,0.0,0.0,-0.018072289156626505,-0.047058823529411764,-0.003952569169960474,
holdout_model_OpenAI,format-only,full,source=cyberleninka,60,0.06666666666666667,0.0,0.17391304347826086,0.0606425702811245,-0.006355932203389831,0.16516015796401928,
holdout_model_OpenAI,format-only,full,source=gazeta,60,0.0,0.0,0.0,-0.018072289156626505,-0.04516129032258064,-0.004081632653061225,
holdout_model_OpenAI,format-only,full,source=lenta,32,0.0,0.0,0.0,-0.016666666666666666,-0.041884816753926704,-0.0038095238095238095,
holdout_model_OpenAI,format-only,full,source=rusltc,73,0.0136986301369863,0.0,0.0410958904109589,-0.0019753510542362684,-0.041237113402061855,0.03289473684210526,
holdout_model_OpenAI,format-only,full,source=spbgu,59,0.01694915254237288,0.01694915254237288,0.01694915254237288,0.0019341375273578664,-0.02611304841456492,0.014562517697504145,
holdout_model_OpenAI,format-only,full,source=urfu,48,0.0,0.0,0.0,-0.01744186046511628,-0.044444444444444446,-0.0036101083032490976,
holdout_model_OpenAI,length-only,full,весь человеческий тест,392,0.6045918367346939,0.3537117903930131,0.8388429752066116,,,,
holdout_model_OpenAI,length-only,full,HH-formal-register,167,0.17964071856287425,0.0962962962962963,0.38028169014084506,-0.7403592814371258,-0.8362561197607499,-0.5299777942264989,
holdout_model_OpenAI,length-only,full,HH-polished,152,0.9407894736842105,0.8666666666666667,1.0,0.5491228070175438,0.24925127283617843,0.7083054626532888,
holdout_model_OpenAI,length-only,full,HH-translation,73,0.8767123287671232,0.7945205479452054,0.9452054794520548,0.33439257955082224,0.045651817884048485,0.6997712772360659,
holdout_model_OpenAI,length-only,full,genre=news,152,0.9407894736842105,0.8666666666666667,1.0,0.5491228070175438,0.24925127283617843,0.7083054626532888,
holdout_model_OpenAI,length-only,full,genre=science,167,0.17964071856287425,0.0962962962962963,0.38028169014084506,-0.7403592814371258,-0.8362561197607499,-0.5299777942264989,
holdout_model_OpenAI,length-only,full,genre=translation,73,0.8767123287671232,0.7945205479452054,0.9452054794520548,0.33439257955082224,0.045651817884048485,0.6997712772360659,
holdout_model_OpenAI,length-only,full,hh_all,392,0.6045918367346939,0.3537117903930131,0.8388429752066116,,,,
holdout_model_OpenAI,length-only,full,len_long,136,0.029411764705882353,0.0,0.056818181818181816,-0.8807444852941176,-0.9412592002250246,-0.7868928439006304,
holdout_model_OpenAI,length-only,full,len_mid,95,0.7578947368421053,0.6344086021505376,0.8586956521739131,0.2023391812865497,-0.05558076225045372,0.42961395314894546,
holdout_model_OpenAI,length-only,full,len_short,161,1.0,1.0,1.0,0.670995670995671,0.4035087719298246,0.8273381294964028,
holdout_model_OpenAI,length-only,full,source=buriy_2014,60,0.8666666666666667,0.8666666666666667,0.8666666666666667,0.30943775100401605,0.032641770401106496,0.550140056022409,
holdout_model_OpenAI,length-only,full,source=cyberleninka,60,0.3333333333333333,0.22,0.4492753623188406,-0.320281124497992,-0.6374576469213693,-0.009122653862941976,
holdout_model_OpenAI,length-only,full,source=gazeta,60,1.0,1.0,1.0,0.4668674698795181,0.21245421245421248,0.6894977168949772,
holdout_model_OpenAI,length-only,full,source=lenta,32,0.96875,0.96875,0.96875,0.3965277777777778,0.14208333333333334,0.6475579470198676,
holdout_model_OpenAI,length-only,full,source=rusltc,73,0.8767123287671232,0.7945205479452054,0.9452054794520548,0.33439257955082224,0.045651817884048485,0.6997712772360659,
holdout_model_OpenAI,length-only,full,source=spbgu,59,0.15254237288135594,0.15254237288135594,0.15254237288135594,-0.5321423118033287,-0.7132110517761783,-0.25107208494996935,
holdout_model_OpenAI,length-only,full,source=urfu,48,0.020833333333333332,0.020833333333333332,0.020833333333333332,-0.6652131782945736,-0.8462552742616033,-0.4254032258064516,
holdout_prompt_P1,main,full,весь человеческий тест,392,0.03316326530612245,0.012594458438287154,0.07142857142857142,,,,
holdout_prompt_P1,main,full,HH-formal-register,167,0.05389221556886228,0.013333333333333334,0.17567567567567569,0.0361144377910845,-0.01136363636363636,0.1619718309859155,
holdout_prompt_P1,main,full,HH-polished,152,0.013157894736842105,0.0,0.03333333333333333,-0.032675438596491226,-0.0958904109589041,0.004431599229287091,
holdout_prompt_P1,main,full,HH-translation,73,0.0273972602739726,0.0,0.0684931506849315,-0.0070854983467170535,-0.06913111458566004,0.04273005282179594,
holdout_prompt_P1,main,full,genre=news,152,0.013157894736842105,0.0,0.03333333333333333,-0.032675438596491226,-0.0958904109589041,0.004431599229287091,
holdout_prompt_P1,main,full,genre=science,167,0.05389221556886228,0.013333333333333334,0.17567567567567569,0.0361144377910845,-0.01136363636363636,0.1619718309859155,
holdout_prompt_P1,main,full,genre=translation,73,0.0273972602739726,0.0,0.0684931506849315,-0.0070854983467170535,-0.06913111458566004,0.04273005282179594,
holdout_prompt_P1,main,full,hh_all,392,0.03316326530612245,0.012594458438287154,0.07142857142857142,,,,
holdout_prompt_P1,main,full,len_long,136,0.03676470588235294,0.005405405405405406,0.1702127659574468,0.005514705882352942,-0.04080345883624572,0.13260179799048122,
holdout_prompt_P1,main,full,len_mid,95,0.06315789473684211,0.01694915254237288,0.1323529411764706,0.039588871167818535,-0.0059829059829059825,0.10279860984086336,
holdout_prompt_P1,main,full,len_short,161,0.012422360248447204,0.0,0.03571428571428571,-0.035196687370600416,-0.10567632850241546,0.0037130588532457674,
holdout_prompt_P1,main,full,source=buriy_2014,60,0.03333333333333333,0.03333333333333333,0.03333333333333333,0.00020080321285140257,-0.04796747967479675,0.022732626619552415,
holdout_prompt_P1,main,full,source=cyberleninka,60,0.15,0.058823529411764705,0.21428571428571427,0.13795180722891565,0.045401752718825884,0.20660618243059706,
holdout_prompt_P1,main,full,source=gazeta,60,0.0,0.0,0.0,-0.0391566265060241,-0.08298755186721991,-0.015748031496062992,
holdout_prompt_P1,main,full,source=lenta,32,0.0,0.0,0.0,-0.03611111111111111,-0.07804878048780488,-0.013565891472868217,
holdout_prompt_P1,main,full,source=rusltc,73,0.0273972602739726,0.0,0.0684931506849315,-0.0070854983467170535,-0.06913111458566004,0.04273005282179594,
holdout_prompt_P1,main,full,source=spbgu,59,0.0,0.0,0.0,-0.03903903903903904,-0.08241758241758242,-0.015317286652078774,
holdout_prompt_P1,main,full,source=urfu,48,0.0,0.0,0.0,-0.0377906976744186,-0.08333333333333333,-0.014388489208633094,
holdout_prompt_P1,main,net,весь человеческий тест,392,0.08163265306122448,0.05060240963855422,0.13821138211382114,,,,
holdout_prompt_P1,main,net,HH-formal-register,167,0.09580838323353294,0.0392156862745098,0.2571428571428571,0.02469727212242183,-0.04804905239687848,0.18847117794486215,
holdout_prompt_P1,main,net,HH-polished,152,0.05921052631578947,0.03333333333333333,0.08333333333333333,-0.03662280701754387,-0.1268939393939394,0.018173887758069204,
holdout_prompt_P1,main,net,HH-translation,73,0.0958904109589041,0.0410958904109589,0.1643835616438356,0.017520505002791245,-0.07611408199643493,0.09692307692307693,
holdout_prompt_P1,main,net,genre=news,152,0.05921052631578947,0.03333333333333333,0.08333333333333333,-0.03662280701754387,-0.1268939393939394,0.018173887758069204,
holdout_prompt_P1,main,net,genre=science,167,0.09580838323353294,0.0392156862745098,0.2571428571428571,0.02469727212242183,-0.04804905239687848,0.18847117794486215,
holdout_prompt_P1,main,net,genre=translation,73,0.0958904109589041,0.0410958904109589,0.1643835616438356,0.017520505002791245,-0.07611408199643493,0.09692307692307693,
holdout_prompt_P1,main,net,hh_all,392,0.08163265306122448,0.05060240963855422,0.13821138211382114,,,,
holdout_prompt_P1,main,net,len_long,136,0.0661764705882353,0.03125,0.1956521739130435,-0.023667279411764705,-0.07554405138529383,0.09212707182320441,
holdout_prompt_P1,main,net,len_mid,95,0.08421052631578947,0.02830188679245283,0.17647058823529413,0.003402445507708657,-0.054605824022973024,0.07860082304526747,
holdout_prompt_P1,main,net,len_short,161,0.09316770186335403,0.05521472392638037,0.15476190476190477,0.019574628270280434,-0.05352559420713256,0.07860190351165079,
holdout_prompt_P1,main,net,source=buriy_2014,60,0.03333333333333333,0.03333333333333333,0.03333333333333333,-0.0570281124497992,-0.12081686429512517,-0.02222222222222222,
holdout_prompt_P1,main,net,source=cyberleninka,60,0.21666666666666667,0.08333333333333333,0.31645569620253167,0.15943775100401608,0.020928270042194094,0.26500318369945874,
holdout_prompt_P1,main,net,source=gazeta,60,0.08333333333333333,0.08333333333333333,0.08333333333333333,0.0020080321285140534,-0.06782945736434108,0.03633594429939077,
holdout_prompt_P1,main,net,source=lenta,32,0.0625,0.0625,0.0625,-0.02083333333333333,-0.08182989690721648,0.011994949494949496,
holdout_prompt_P1,main,net,source=rusltc,73,0.0958904109589041,0.0410958904109589,0.1643835616438356,0.017520505002791245,-0.07611408199643493,0.09692307692307693,
holdout_prompt_P1,main,net,source=spbgu,59,0.01694915254237288,0.01694915254237288,0.01694915254237288,-0.07614394055072021,-0.13689700130378096,-0.04198270749445954,
holdout_prompt_P1,main,net,source=urfu,48,0.041666666666666664,0.041666666666666664,0.041666666666666664,-0.04554263565891473,-0.11127450980392159,-0.011119257086999026,
holdout_prompt_P1,format-only,full,весь человеческий тест,392,0.01020408163265306,0.0,0.03214285714285714,,,,
holdout_prompt_P1,format-only,full,HH-formal-register,167,0.017964071856287425,0.0,0.08571428571428572,0.01351962741184298,-0.013157894736842105,0.08163265306122448,
holdout_prompt_P1,format-only,full,HH-polished,152,0.0,0.0,0.0,-0.016666666666666666,-0.050724637681159424,0.0,
holdout_prompt_P1,format-only,full,HH-translation,73,0.0136986301369863,0.0,0.0410958904109589,0.004294241422252758,-0.029940119760479042,0.03896103896103896,
holdout_prompt_P1,format-only,full,genre=news,152,0.0,0.0,0.0,-0.016666666666666666,-0.050724637681159424,0.0,
holdout_prompt_P1,format-only,full,genre=science,167,0.017964071856287425,0.0,0.08571428571428572,0.01351962741184298,-0.013157894736842105,0.08163265306122448,
holdout_prompt_P1,format-only,full,genre=translation,73,0.0136986301369863,0.0,0.0410958904109589,0.004294241422252758,-0.029940119760479042,0.03896103896103896,
holdout_prompt_P1,format-only,full,hh_all,392,0.01020408163265306,0.0,0.03214285714285714,,,,
holdout_prompt_P1,format-only,full,len_long,136,0.022058823529411766,0.0,0.11428571428571428,0.018152573529411766,0.0,0.10519265621306438,
holdout_prompt_P1,format-only,full,len_mid,95,0.010526315789473684,0.0,0.04285714285714286,0.0004253056884635821,-0.019010705057216686,0.023341926411999062,
holdout_prompt_P1,format-only,full,len_short,161,0.0,0.0,0.0,-0.017316017316017316,-0.056074766355140186,0.0,
holdout_prompt_P1,format-only,full,source=buriy_2014,60,0.0,0.0,0.0,-0.012048192771084338,-0.038834951456310676,0.0,
holdout_prompt_P1,format-only,full,source=cyberleninka,60,0.05,0.0,0.14814814814814814,0.046987951807228916,-0.007017543859649123,0.13977994731132806,
holdout_prompt_P1,format-only,full,source=gazeta,60,0.0,0.0,0.0,-0.012048192771084338,-0.036290322580645164,0.0,
holdout_prompt_P1,format-only,full,source=lenta,32,0.0,0.0,0.0,-0.011111111111111112,-0.0335195530726257,0.0,
holdout_prompt_P1,format-only,full,source=rusltc,73,0.0136986301369863,0.0,0.0410958904109589,0.004294241422252758,-0.029940119760479042,0.03896103896103896,
holdout_prompt_P1,format-only,full,source=spbgu,59,0.0,0.0,0.0,-0.012012012012012012,-0.037914691943127965,0.0,
holdout_prompt_P1,format-only,full,source=urfu,48,0.0,0.0,0.0,-0.011627906976744186,-0.03783783783783784,0.0,
holdout_prompt_P1,length-only,full,весь человеческий тест,392,0.5816326530612245,0.31647940074906367,0.8304597701149425,,,,
holdout_prompt_P1,length-only,full,HH-formal-register,167,0.1317365269461078,0.05976095617529881,0.3472222222222222,-0.7838190286094477,-0.8740603711533944,-0.5513678263455248,
holdout_prompt_P1,length-only,full,HH-polished,152,0.9407894736842105,0.8666666666666667,1.0,0.5866228070175439,0.27537190082644636,0.7492986284289277,
holdout_prompt_P1,length-only,full,HH-translation,73,0.863013698630137,0.7808219178082192,0.9315068493150684,0.34577231931979213,0.03893141006770684,0.7266178554558338,
holdout_prompt_P1,length-only,full,genre=news,152,0.9407894736842105,0.8666666666666667,1.0,0.5866228070175439,0.27537190082644636,0.7492986284289277,
holdout_prompt_P1,length-only,full,genre=science,167,0.1317365269461078,0.05976095617529881,0.3472222222222222,-0.7838190286094477,-0.8740603711533944,-0.5513678263455248,
holdout_prompt_P1,length-only,full,genre=translation,73,0.863013698630137,0.7808219178082192,0.9315068493150684,0.34577231931979213,0.03893141006770684,0.7266178554558338,
holdout_prompt_P1,length-only,full,hh_all,392,0.5816326530612245,0.31647940074906367,0.8304597701149425,,,,
holdout_prompt_P1,length-only,full,len_long,136,0.0,0.0,0.0,-0.890625,-0.9523809523809523,-0.7704918032786885,
holdout_prompt_P1,length-only,full,len_mid,95,0.7052631578947368,0.5192307692307693,0.8297872340425532,0.16317561580719475,-0.07333333333333336,0.37357289912034436,
holdout_prompt_P1,length-only,full,len_short,161,1.0,1.0,1.0,0.7099567099567099,0.4277456647398844,0.8717948717948718,
holdout_prompt_P1,length-only,full,source=buriy_2014,60,0.8666666666666667,0.8666666666666667,0.8666666666666667,0.3365461847389558,0.04806201550387601,0.5892944038929441,
holdout_prompt_P1,length-only,full,source=cyberleninka,60,0.3,0.16666666666666666,0.41379310344827586,-0.3325301204819277,-0.673380511703865,-0.006226405843996641,
holdout_prompt_P1,length-only,full,source=gazeta,60,1.0,1.0,1.0,0.49397590361445787,0.22259136212624586,0.7280453257790368,
holdout_prompt_P1,length-only,full,source=lenta,32,0.96875,0.96875,0.96875,0.4215277777777777,0.1541432584269663,0.684375,
holdout_prompt_P1,length-only,full,source=rusltc,73,0.863013698630137,0.7808219178082192,0.9315068493150684,0.34577231931979213,0.03893141006770684,0.7266178554558338,
holdout_prompt_P1,length-only,full,source=spbgu,59,0.06779661016949153,0.06779661016949153,0.06779661016949153,-0.6048760625031812,-0.7888809142604759,-0.3168187744458931,
holdout_prompt_P1,length-only,full,source=urfu,48,0.0,0.0,0.0,-0.6627906976744186,-0.8590163934426229,-0.3977272727272727,
holdout_prompt_P2,main,full,весь человеческий тест,392,0.03316326530612245,0.012594458438287154,0.07142857142857142,,,,
holdout_prompt_P2,main,full,HH-formal-register,167,0.05389221556886228,0.013333333333333334,0.17567567567567569,0.0361144377910845,-0.01136363636363636,0.1619718309859155,
holdout_prompt_P2,main,full,HH-polished,152,0.013157894736842105,0.0,0.03333333333333333,-0.032675438596491226,-0.0958904109589041,0.004431599229287091,
holdout_prompt_P2,main,full,HH-translation,73,0.0273972602739726,0.0,0.0684931506849315,-0.0070854983467170535,-0.06913111458566004,0.04273005282179594,
holdout_prompt_P2,main,full,genre=news,152,0.013157894736842105,0.0,0.03333333333333333,-0.032675438596491226,-0.0958904109589041,0.004431599229287091,
holdout_prompt_P2,main,full,genre=science,167,0.05389221556886228,0.013333333333333334,0.17567567567567569,0.0361144377910845,-0.01136363636363636,0.1619718309859155,
holdout_prompt_P2,main,full,genre=translation,73,0.0273972602739726,0.0,0.0684931506849315,-0.0070854983467170535,-0.06913111458566004,0.04273005282179594,
holdout_prompt_P2,main,full,hh_all,392,0.03316326530612245,0.012594458438287154,0.07142857142857142,,,,
holdout_prompt_P2,main,full,len_long,136,0.03676470588235294,0.005405405405405406,0.1702127659574468,0.005514705882352942,-0.04080345883624572,0.13260179799048122,
holdout_prompt_P2,main,full,len_mid,95,0.06315789473684211,0.01694915254237288,0.1323529411764706,0.039588871167818535,-0.0059829059829059825,0.10279860984086336,
holdout_prompt_P2,main,full,len_short,161,0.012422360248447204,0.0,0.03571428571428571,-0.035196687370600416,-0.10567632850241546,0.0037130588532457674,
holdout_prompt_P2,main,full,source=buriy_2014,60,0.03333333333333333,0.03333333333333333,0.03333333333333333,0.00020080321285140257,-0.04796747967479675,0.022732626619552415,
holdout_prompt_P2,main,full,source=cyberleninka,60,0.15,0.058823529411764705,0.21428571428571427,0.13795180722891565,0.045401752718825884,0.20660618243059706,
holdout_prompt_P2,main,full,source=gazeta,60,0.0,0.0,0.0,-0.0391566265060241,-0.08298755186721991,-0.015748031496062992,
holdout_prompt_P2,main,full,source=lenta,32,0.0,0.0,0.0,-0.03611111111111111,-0.07804878048780488,-0.013565891472868217,
holdout_prompt_P2,main,full,source=rusltc,73,0.0273972602739726,0.0,0.0684931506849315,-0.0070854983467170535,-0.06913111458566004,0.04273005282179594,
holdout_prompt_P2,main,full,source=spbgu,59,0.0,0.0,0.0,-0.03903903903903904,-0.08241758241758242,-0.015317286652078774,
holdout_prompt_P2,main,full,source=urfu,48,0.0,0.0,0.0,-0.0377906976744186,-0.08333333333333333,-0.014388489208633094,
holdout_prompt_P2,main,net,весь человеческий тест,392,0.08928571428571429,0.05420560747663551,0.15434083601286175,,,,
holdout_prompt_P2,main,net,HH-formal-register,167,0.1317365269461078,0.05853658536585366,0.34615384615384615,0.07395874916833002,-0.007383087764253685,0.2884907892513098,
holdout_prompt_P2,main,net,HH-polished,152,0.05263157894736842,0.03333333333333333,0.06666666666666667,-0.059868421052631585,-0.16013472137170853,-0.0008474576271186446,
holdout_prompt_P2,main,net,HH-translation,73,0.0684931506849315,0.0136986301369863,0.136986301369863,-0.025550736462403925,-0.1341090018371096,0.05183276059564719,
holdout_prompt_P2,main,net,genre=news,152,0.05263157894736842,0.03333333333333333,0.06666666666666667,-0.059868421052631585,-0.16013472137170853,-0.0008474576271186446,
holdout_prompt_P2,main,net,genre=science,167,0.1317365269461078,0.05853658536585366,0.34615384615384615,0.07395874916833002,-0.007383087764253685,0.2884907892513098,
holdout_prompt_P2,main,net,genre=translation,73,0.0684931506849315,0.0136986301369863,0.136986301369863,-0.025550736462403925,-0.1341090018371096,0.05183276059564719,
holdout_prompt_P2,main,net,hh_all,392,0.08928571428571429,0.05420560747663551,0.15434083601286175,,,,
holdout_prompt_P2,main,net,len_long,136,0.08823529411764706,0.043795620437956206,0.2558139534883721,-0.0016084558823529355,-0.06069448497227897,0.14583333333333334,
holdout_prompt_P2,main,net,len_mid,95,0.11578947368421053,0.045454545454545456,0.23809523809523808,0.03498139287612971,-0.026060606060606062,0.1282051282051282,
holdout_prompt_P2,main,net,len_short,161,0.07453416149068323,0.04225352112676056,0.12048192771084337,-0.025032938076416336,-0.1207373271889401,0.030508474576271184,
holdout_prompt_P2,main,net,source=buriy_2014,60,0.03333333333333333,0.03333333333333333,0.03333333333333333,-0.06606425702811244,-0.13989501312335959,-0.027141828653707706,
holdout_prompt_P2,main,net,source=cyberleninka,60,0.3,0.15384615384615385,0.4027777777777778,0.24879518072289156,0.10285714285714284,0.35811518324607333,
holdout_prompt_P2,main,net,source=gazeta,60,0.06666666666666667,0.06666666666666667,0.06666666666666667,-0.026706827309236944,-0.1072463768115942,0.013333333333333329,
holdout_prompt_P2,main,net,source=lenta,32,0.0625,0.0625,0.0625,-0.02916666666666666,-0.10194444444444445,0.008078231292517009,
holdout_prompt_P2,main,net,source=rusltc,73,0.0684931506849315,0.0136986301369863,0.136986301369863,-0.025550736462403925,-0.1341090018371096,0.05183276059564719,
holdout_prompt_P2,main,net,source=spbgu,59,0.01694915254237288,0.01694915254237288,0.01694915254237288,-0.08515294955972923,-0.15823332920945193,-0.04796583972965185,
holdout_prompt_P2,main,net,source=urfu,48,0.0625,0.0625,0.0625,-0.030523255813953487,-0.11317567567567569,0.008567415730337077,
holdout_prompt_P2,format-only,full,весь человеческий тест,392,0.012755102040816327,0.002398081534772182,0.0313588850174216,,,,
holdout_prompt_P2,format-only,full,HH-formal-register,167,0.029940119760479042,0.008,0.08823529411764706,0.029940119760479042,0.008064516129032258,0.08974358974358974,
holdout_prompt_P2,format-only,full,HH-polished,152,0.0,0.0,0.0,-0.020833333333333332,-0.046511627906976744,-0.00510204081632653,
holdout_prompt_P2,format-only,full,HH-translation,73,0.0,0.0,0.0,-0.01567398119122257,-0.04411764705882353,-0.0029069767441860465,
holdout_prompt_P2,format-only,full,genre=news,152,0.0,0.0,0.0,-0.020833333333333332,-0.046511627906976744,-0.00510204081632653,
holdout_prompt_P2,format-only,full,genre=science,167,0.029940119760479042,0.008,0.08823529411764706,0.029940119760479042,0.008064516129032258,0.08974358974358974,
holdout_prompt_P2,format-only,full,genre=translation,73,0.0,0.0,0.0,-0.01567398119122257,-0.04411764705882353,-0.0029069767441860465,
holdout_prompt_P2,format-only,full,hh_all,392,0.012755102040816327,0.002398081534772182,0.0313588850174216,,,,
holdout_prompt_P2,format-only,full,len_long,136,0.022058823529411766,0.0,0.08108108108108109,0.014246323529411766,-0.009768009768009768,0.07107090938459054,
holdout_prompt_P2,format-only,full,len_mid,95,0.021052631578947368,0.0,0.06097560975609756,0.010951621477937266,-0.013333333333333334,0.04333955540471746,
holdout_prompt_P2,format-only,full,len_short,161,0.0,0.0,0.0,-0.021645021645021644,-0.05263157894736842,-0.005,
holdout_prompt_P2,format-only,full,source=buriy_2014,60,0.0,0.0,0.0,-0.015060240963855422,-0.0371900826446281,-0.0030211480362537764,
holdout_prompt_P2,format-only,full,source=cyberleninka,60,0.05,0.0,0.14814814814814814,0.043975903614457836,-0.008928571428571428,0.13759398496240602,
holdout_prompt_P2,format-only,full,source=gazeta,60,0.0,0.0,0.0,-0.015060240963855422,-0.036036036036036036,-0.003048780487804878,
holdout_prompt_P2,format-only,full,source=lenta,32,0.0,0.0,0.0,-0.013888888888888888,-0.03257328990228013,-0.0027100271002710027,
holdout_prompt_P2,format-only,full,source=rusltc,73,0.0,0.0,0.0,-0.01567398119122257,-0.04411764705882353,-0.0029069767441860465,
holdout_prompt_P2,format-only,full,source=spbgu,59,0.01694915254237288,0.01694915254237288,0.01694915254237288,0.004937140530360869,-0.017031429981898962,0.01694915254237288,
holdout_prompt_P2,format-only,full,source=urfu,48,0.020833333333333332,0.020833333333333332,0.020833333333333332,0.009205426356589146,-0.012389258028792916,0.020833333333333332,
holdout_prompt_P2,length-only,full,весь человеческий тест,392,0.7295918367346939,0.5492957746478874,0.9008498583569405,,,,
holdout_prompt_P2,length-only,full,HH-formal-register,167,0.41317365269461076,0.35785953177257523,0.5769230769230769,-0.5512707917498336,-0.6174601622837032,-0.3856589147286821,
holdout_prompt_P2,length-only,full,HH-polished,152,0.9605263157894737,0.9166666666666666,1.0,0.3771929824561403,0.1399108138238574,0.49244712990936557,
holdout_prompt_P2,length-only,full,HH-translation,73,0.9726027397260274,0.9315068493150684,1.0,0.2986215485034569,0.09264032073310424,0.5566778900112234,
holdout_prompt_P2,length-only,full,genre=news,152,0.9605263157894737,0.9166666666666666,1.0,0.3771929824561403,0.1399108138238574,0.49244712990936557,
holdout_prompt_P2,length-only,full,genre=science,167,0.41317365269461076,0.35785953177257523,0.5769230769230769,-0.5512707917498336,-0.6174601622837032,-0.3856589147286821,
holdout_prompt_P2,length-only,full,genre=translation,73,0.9726027397260274,0.9315068493150684,1.0,0.2986215485034569,0.09264032073310424,0.5566778900112234,
holdout_prompt_P2,length-only,full,hh_all,392,0.7295918367346939,0.5492957746478874,0.9008498583569405,,,,
holdout_prompt_P2,length-only,full,len_long,136,0.3014705882352941,0.25,0.38461538461538464,-0.6555606617647058,-0.7144748242996053,-0.5689795918367347,
holdout_prompt_P2,length-only,full,len_mid,95,0.8842105263157894,0.8163265306122449,0.9512195121951219,0.2040758461811093,0.00462962962962965,0.3853222968128788,
holdout_prompt_P2,length-only,full,len_short,161,1.0,1.0,1.0,0.4588744588744589,0.2416666666666667,0.5757575757575757,
holdout_prompt_P2,length-only,full,source=buriy_2014,60,0.9166666666666666,0.9166666666666666,0.9166666666666666,0.22088353413654616,0.01758409785932713,0.39492753623188404,
holdout_prompt_P2,length-only,full,source=cyberleninka,60,0.5333333333333333,0.42105263157894735,0.64,-0.23172690763052206,-0.47691879866518355,0.004378922784994965,
holdout_prompt_P2,length-only,full,source=gazeta,60,1.0,1.0,1.0,0.3192771084337349,0.12765957446808507,0.4818840579710145,
holdout_prompt_P2,length-only,full,source=lenta,32,0.96875,0.96875,0.96875,0.26041666666666663,0.07372237569060769,0.43850088967971534,
holdout_prompt_P2,length-only,full,source=rusltc,73,0.9726027397260274,0.9315068493150684,1.0,0.2986215485034569,0.09264032073310424,0.5566778900112234,
holdout_prompt_P2,length-only,full,source=spbgu,59,0.3728813559322034,0.3728813559322034,0.3728813559322034,-0.4199114368605894,-0.5457789311491363,-0.22298885055747208,
holdout_prompt_P2,length-only,full,source=urfu,48,0.3125,0.3125,0.3125,-0.47529069767441856,-0.6085526315789473,-0.29655349794238683,
holdout_prompt_P3,main,full,весь человеческий тест,392,0.04081632653061224,0.01079913606911447,0.09246575342465753,,,,
holdout_prompt_P3,main,full,HH-formal-register,167,0.08383233532934131,0.018575851393188854,0.21768707482993196,0.07494344644045242,0.004091653027823237,0.21166666666666667,
holdout_prompt_P3,main,full,HH-polished,152,0.0,0.0,0.0,-0.06666666666666667,-0.13402061855670103,-0.020833333333333332,
holdout_prompt_P3,main,full,HH-translation,73,0.0273972602739726,0.0,0.0684931506849315,-0.016489887061450596,-0.09647545405502608,0.03981481481481482,
holdout_prompt_P3,main,full,genre=news,152,0.0,0.0,0.0,-0.06666666666666667,-0.13402061855670103,-0.020833333333333332,
holdout_prompt_P3,main,full,genre=science,167,0.08383233532934131,0.018575851393188854,0.21768707482993196,0.07494344644045242,0.004091653027823237,0.21166666666666667,
holdout_prompt_P3,main,full,genre=translation,73,0.0273972602739726,0.0,0.0684931506849315,-0.016489887061450596,-0.09647545405502608,0.03981481481481482,
holdout_prompt_P3,main,full,hh_all,392,0.04081632653061224,0.01079913606911447,0.09246575342465753,,,,
holdout_prompt_P3,main,full,len_long,136,0.08088235294117647,0.023076923076923078,0.23076923076923078,0.061351102941176475,0.0073168472723904796,0.2075001831099392,
holdout_prompt_P3,main,full,len_mid,95,0.05263157894736842,0.0,0.13559322033898305,0.015594541910331383,-0.029556650246305417,0.0747800586510264,
holdout_prompt_P3,main,full,len_short,161,0.0,0.0,0.0,-0.06926406926406926,-0.155,-0.020833333333333332,
holdout_prompt_P3,main,full,source=buriy_2014,60,0.0,0.0,0.0,-0.04819277108433735,-0.10526315789473684,-0.013289036544850499,
holdout_prompt_P3,main,full,source=cyberleninka,60,0.16666666666666666,0.021739130434782608,0.28125,0.14859437751004015,0.0015072187847056974,0.2664293537787514,
holdout_prompt_P3,main,full,source=gazeta,60,0.0,0.0,0.0,-0.04819277108433735,-0.10504201680672269,-0.013745704467353952,
holdout_prompt_P3,main,full,source=lenta,32,0.0,0.0,0.0,-0.044444444444444446,-0.10135135135135136,-0.011876484560570071,
holdout_prompt_P3,main,full,source=rusltc,73,0.0273972602739726,0.0,0.0684931506849315,-0.016489887061450596,-0.09647545405502608,0.03981481481481482,
holdout_prompt_P3,main,full,source=spbgu,59,0.0,0.0,0.0,-0.04804804804804805,-0.10471204188481675,-0.013020833333333334,
holdout_prompt_P3,main,full,source=urfu,48,0.08333333333333333,0.08333333333333333,0.08333333333333333,0.04844961240310077,-0.015503875968992248,0.07664437012263099,
holdout_prompt_P3,main,net,весь человеческий тест,392,0.07397959183673469,0.04607046070460705,0.12315270935960591,,,,
holdout_prompt_P3,main,net,HH-formal-register,167,0.08982035928143713,0.03902439024390244,0.23333333333333334,0.027598137059214906,-0.036821705426356585,0.17489695932809707,
holdout_prompt_P3,main,net,HH-polished,152,0.05263157894736842,0.03125,0.08333333333333333,-0.034868421052631576,-0.11657914478619655,0.018244575936883625,
holdout_prompt_P3,main,net,HH-translation,73,0.0821917808219178,0.0273972602739726,0.1506849315068493,0.010091467342293978,-0.07354697452229299,0.08135498543669953,
holdout_prompt_P3,main,net,genre=news,152,0.05263157894736842,0.03125,0.08333333333333333,-0.034868421052631576,-0.11657914478619655,0.018244575936883625,
holdout_prompt_P3,main,net,genre=science,167,0.08982035928143713,0.03902439024390244,0.23333333333333334,0.027598137059214906,-0.036821705426356585,0.17489695932809707,
holdout_prompt_P3,main,net,genre=translation,73,0.0821917808219178,0.0273972602739726,0.1506849315068493,0.010091467342293978,-0.07354697452229299,0.08135498543669953,
holdout_prompt_P3,main,net,hh_all,392,0.07397959183673469,0.04607046070460705,0.12315270935960591,,,,
holdout_prompt_P3,main,net,len_long,136,0.0661764705882353,0.03125,0.1956521739130435,-0.011948529411764705,-0.05967321809140422,0.10481449191126611,
holdout_prompt_P3,main,net,len_mid,95,0.07368421052631578,0.02564102564102564,0.15217391304347827,-0.00038986354775828735,-0.05861639802082386,0.07352159468438538,
holdout_prompt_P3,main,net,len_short,161,0.08074534161490683,0.04195804195804196,0.13636363636363635,0.011481272350837568,-0.058319039451114926,0.06701030927835053,
holdout_prompt_P3,main,net,source=buriy_2014,60,0.03333333333333333,0.03333333333333333,0.03333333333333333,-0.04799196787148594,-0.10251572327044026,-0.01614583333333333,
holdout_prompt_P3,main,net,source=cyberleninka,60,0.2,0.08333333333333333,0.28125,0.14879518072289158,0.028139054333292814,0.2354404926479829,
holdout_prompt_P3,main,net,source=gazeta,60,0.08333333333333333,0.08333333333333333,0.08333333333333333,0.011044176706827308,-0.04864636209813876,0.041591046581972164,
holdout_prompt_P3,main,net,source=lenta,32,0.03125,0.03125,0.03125,-0.04652777777777778,-0.09828367875647667,-0.016369047619047616,
holdout_prompt_P3,main,net,source=rusltc,73,0.0821917808219178,0.0273972602739726,0.1506849315068493,0.010091467342293978,-0.07354697452229299,0.08135498543669953,
holdout_prompt_P3,main,net,source=spbgu,59,0.01694915254237288,0.01694915254237288,0.01694915254237288,-0.06713493154171121,-0.11910526922633462,-0.03553703530293098,
holdout_prompt_P3,main,net,source=urfu,48,0.041666666666666664,0.041666666666666664,0.041666666666666664,-0.03682170542635659,-0.09608843537414966,-0.005453752181500876,
holdout_prompt_P3,format-only,full,весь человеческий тест,392,0.015306122448979591,0.0033783783783783786,0.03865979381443299,,,,
holdout_prompt_P3,format-only,full,HH-formal-register,167,0.029940119760479042,0.006097560975609756,0.10638297872340426,0.025495675316034597,-0.005136612021857924,0.10126315789473683,
holdout_prompt_P3,format-only,full,HH-polished,152,0.0,0.0,0.0,-0.025,-0.06015037593984962,-0.00625,
holdout_prompt_P3,format-only,full,HH-translation,73,0.0136986301369863,0.0,0.0410958904109589,-0.0019753510542362684,-0.041237113402061855,0.03289473684210526,
holdout_prompt_P3,format-only,full,genre=news,152,0.0,0.0,0.0,-0.025,-0.06015037593984962,-0.00625,
holdout_prompt_P3,format-only,full,genre=science,167,0.029940119760479042,0.006097560975609756,0.10638297872340426,0.025495675316034597,-0.005136612021857924,0.10126315789473683,
holdout_prompt_P3,format-only,full,genre=translation,73,0.0136986301369863,0.0,0.0410958904109589,-0.0019753510542362684,-0.041237113402061855,0.03289473684210526,
holdout_prompt_P3,format-only,full,hh_all,392,0.015306122448979591,0.0033783783783783786,0.03865979381443299,,,,
holdout_prompt_P3,format-only,full,len_long,136,0.022058823529411766,0.0,0.11428571428571428,0.010340073529411766,-0.019308001235712077,0.10041797283176593,
holdout_prompt_P3,format-only,full,len_mid,95,0.031578947368421054,0.0,0.08333333333333333,0.02147793726741095,-0.010582872028655162,0.06802507836990596,
holdout_prompt_P3,format-only,full,len_short,161,0.0,0.0,0.0,-0.025974025974025976,-0.06666666666666667,-0.006134969325153374,
holdout_prompt_P3,format-only,full,source=buriy_2014,60,0.0,0.0,0.0,-0.018072289156626505,-0.047058823529411764,-0.003952569169960474,
holdout_prompt_P3,format-only,full,source=cyberleninka,60,0.06666666666666667,0.0,0.17391304347826086,0.0606425702811245,-0.006355932203389831,0.16516015796401928,
holdout_prompt_P3,format-only,full,source=gazeta,60,0.0,0.0,0.0,-0.018072289156626505,-0.04516129032258064,-0.004081632653061225,
holdout_prompt_P3,format-only,full,source=lenta,32,0.0,0.0,0.0,-0.016666666666666666,-0.041884816753926704,-0.0038095238095238095,
holdout_prompt_P3,format-only,full,source=rusltc,73,0.0136986301369863,0.0,0.0410958904109589,-0.0019753510542362684,-0.041237113402061855,0.03289473684210526,
holdout_prompt_P3,format-only,full,source=spbgu,59,0.01694915254237288,0.01694915254237288,0.01694915254237288,0.0019341375273578664,-0.02611304841456492,0.014562517697504145,
holdout_prompt_P3,format-only,full,source=urfu,48,0.0,0.0,0.0,-0.01744186046511628,-0.044444444444444446,-0.0036101083032490976,
holdout_prompt_P3,length-only,full,весь человеческий тест,392,0.5892857142857143,0.3281853281853282,0.8354430379746836,,,,
holdout_prompt_P3,length-only,full,HH-formal-register,167,0.15568862275449102,0.07526881720430108,0.39473684210526316,-0.7554224883566201,-0.8541329497092849,-0.4992117708880715,
holdout_prompt_P3,length-only,full,HH-polished,152,0.9342105263157895,0.85,1.0,0.5633771929824561,0.2421875,0.7335423197492164,
holdout_prompt_P3,length-only,full,HH-translation,73,0.863013698630137,0.7808219178082192,0.9315068493150684,0.33636793060505865,0.031262939958592195,0.7068538398018166,
holdout_prompt_P3,length-only,full,genre=news,152,0.9342105263157895,0.85,1.0,0.5633771929824561,0.2421875,0.7335423197492164,
holdout_prompt_P3,length-only,full,genre=science,167,0.15568862275449102,0.07526881720430108,0.39473684210526316,-0.7554224883566201,-0.8541329497092849,-0.4992117708880715,
holdout_prompt_P3,length-only,full,genre=translation,73,0.863013698630137,0.7808219178082192,0.9315068493150684,0.33636793060505865,0.031262939958592195,0.7068538398018166,
holdout_prompt_P3,length-only,full,hh_all,392,0.5892857142857143,0.3281853281853282,0.8354430379746836,,,,
holdout_prompt_P3,length-only,full,len_long,136,0.0,0.0,0.0,-0.90234375,-0.96,-0.803680981595092,
holdout_prompt_P3,length-only,full,len_mid,95,0.7368421052631579,0.5977011494252874,0.8548387096774194,0.1947545631756158,-0.052621928859552636,0.42393015600400746,
holdout_prompt_P3,length-only,full,len_short,161,1.0,1.0,1.0,0.696969696969697,0.41721854304635764,0.8567335243553009,
holdout_prompt_P3,length-only,full,source=buriy_2014,60,0.85,0.85,0.85,0.30783132530120483,0.016666666666666607,0.5591503267973856,
holdout_prompt_P3,length-only,full,source=cyberleninka,60,0.35,0.23076923076923078,0.45901639344262296,-0.2825301204819277,-0.6125942684766215,0.03500117453605822,
holdout_prompt_P3,length-only,full,source=gazeta,60,1.0,1.0,1.0,0.4849397590361446,0.21726190476190477,0.71513353115727,
holdout_prompt_P3,length-only,full,source=lenta,32,0.96875,0.96875,0.96875,0.4131944444444444,0.149129746835443,0.6705681818181819,
holdout_prompt_P3,length-only,full,source=rusltc,73,0.863013698630137,0.7808219178082192,0.9315068493150684,0.33636793060505865,0.031262939958592195,0.7068538398018166,
holdout_prompt_P3,length-only,full,source=spbgu,59,0.0847457627118644,0.0847457627118644,0.0847457627118644,-0.5939329159668143,-0.7753051278733774,-0.30682050234837654,
holdout_prompt_P3,length-only,full,source=urfu,48,0.0,0.0,0.0,-0.6715116279069767,-0.8630952380952381,-0.4186851211072664,
holdout_source,main,full,весь человеческий тест,464,0.036637931034482756,0.014814814814814815,0.07670454545454546,,,,
holdout_source,main,full,HH-formal-register,167,0.0718562874251497,0.015463917525773196,0.22580645161290322,0.05502127059013286,-0.0033555836189788912,0.21379310344827587,
holdout_source,main,full,HH-polished,152,0.013157894736842105,0.0,0.016666666666666666,-0.034919028340080975,-0.09408251900108577,-0.0020396736522156466,
holdout_source,main,full,HH-translation,73,0.0410958904109589,0.0,0.0958904109589041,0.00529026381249343,-0.05747052380645577,0.06170714604449544,
holdout_source,main,full,genre=news,152,0.013157894736842105,0.0,0.016666666666666666,-0.034919028340080975,-0.09408251900108577,-0.0020396736522156466,
holdout_source,main,full,genre=science,167,0.0718562874251497,0.015463917525773196,0.22580645161290322,0.05502127059013286,-0.0033555836189788912,0.21379310344827587,
holdout_source,main,full,genre=seo,72,0.0,0.0,0.0,-0.04336734693877551,-0.09863945578231292,-0.017857142857142856,
holdout_source,main,full,genre=translation,73,0.0410958904109589,0.0,0.0958904109589041,0.00529026381249343,-0.05747052380645577,0.06170714604449544,
holdout_source,main,full,hh_all,392,0.04336734693877551,0.01729106628242075,0.09574468085106383,0.04336734693877551,0.017811704834605598,0.09863945578231292,
holdout_source,main,full,len_long,161,0.055900621118012424,0.016891891891891893,0.18181818181818182,0.02949798085398602,-0.006485911749069644,0.1514266880120539,
holdout_source,main,full,len_mid,118,0.0423728813559322,0.0,0.10752688172043011,0.007690800431076714,-0.028700094098669172,0.05650824155517777,
holdout_source,main,full,len_short,185,0.016216216216216217,0.0,0.03333333333333333,-0.033962995253317835,-0.1103366524419156,0.00519437688090036,
holdout_source,main,full,source=alaev,21,0.0,0.0,0.0,-0.03837471783295711,-0.08294930875576037,-0.014925373134328358,
holdout_source,main,full,source=buriy_2014,60,0.016666666666666666,0.016666666666666666,0.016666666666666666,-0.022937293729372938,-0.07045454545454546,0.002439024390243903,
holdout_source,main,full,source=cyberleninka,60,0.18333333333333332,0.0425531914893617,0.2923076923076923,0.16848184818481848,0.02649151614668856,0.27668918918918917,
holdout_source,main,full,source=drmax,22,0.0,0.0,0.0,-0.038461538461538464,-0.08243727598566308,-0.01568627450980392,
holdout_source,main,full,source=gazeta,60,0.016666666666666666,0.016666666666666666,0.016666666666666666,-0.022937293729372938,-0.06693461950696677,0.0025622943112364824,
holdout_source,main,full,source=lenta,32,0.0,0.0,0.0,-0.03935185185185185,-0.08653846153846154,-0.01593625498007968,
holdout_source,main,full,source=optimizatorsha_ru,5,0.0,0.0,0.0,-0.037037037037037035,-0.0804953560371517,-0.01483679525222552,малая выборка
holdout_source,main,full,source=rusltc,73,0.0410958904109589,0.0,0.0958904109589041,0.00529026381249343,-0.05747052380645577,0.06170714604449544,
holdout_source,main,full,source=shakin,18,0.0,0.0,0.0,-0.03811659192825112,-0.08123249299719888,-0.015015015015015015,малая выборка
holdout_source,main,full,source=spbgu,59,0.0,0.0,0.0,-0.04197530864197531,-0.08296943231441048,-0.017369727047146403,
holdout_source,main,full,source=author_archive,6,0.0,0.0,0.0,-0.03711790393013101,-0.08042895442359249,-0.014749262536873156,малая выборка
holdout_source,main,full,source=urfu,48,0.020833333333333332,0.020833333333333332,0.020833333333333332,-0.01762820512820513,-0.06396198830409357,0.006615323854660347,
holdout_source,main,net,весь человеческий тест,464,0.04741379310344827,0.02364066193853428,0.08793969849246232,,,,
holdout_source,main,net,HH-formal-register,167,0.08383233532934131,0.025,0.24324324324324326,0.056896308393314374,-0.005013973368403743,0.22021276595744682,
holdout_source,main,net,HH-polished,152,0.02631578947368421,0.0,0.03333333333333333,-0.031376518218623486,-0.09642857142857143,0.00609597924773022,
holdout_source,main,net,HH-translation,73,0.0547945205479452,0.0136986301369863,0.1095890410958904,0.008758714921346736,-0.057729941291585124,0.06982496194824962,
holdout_source,main,net,genre=news,152,0.02631578947368421,0.0,0.03333333333333333,-0.031376518218623486,-0.09642857142857143,0.00609597924773022,
holdout_source,main,net,genre=science,167,0.08383233532934131,0.025,0.24324324324324326,0.056896308393314374,-0.005013973368403743,0.22021276595744682,
holdout_source,main,net,genre=seo,72,0.0,0.0,0.0,-0.05612244897959184,-0.1125,-0.02865329512893983,
holdout_source,main,net,genre=translation,73,0.0547945205479452,0.0136986301369863,0.1095890410958904,0.008758714921346736,-0.057729941291585124,0.06982496194824962,
holdout_source,main,net,hh_all,392,0.05612244897959184,0.028277634961439587,0.10824742268041238,0.05612244897959184,0.02857142857142857,0.11229946524064172,
holdout_source,main,net,len_long,161,0.062111801242236024,0.020348837209302327,0.18181818181818182,0.02250784084619642,-0.017954970793398743,0.13909774436090225,
holdout_source,main,net,len_mid,118,0.059322033898305086,0.014814814814814815,0.12380952380952381,0.015969432742235723,-0.02409007593610893,0.0643161877163326,
holdout_source,main,net,len_short,185,0.02702702702702703,0.006802721088435374,0.05063291139240506,-0.03390487261455003,-0.11092111263109894,0.009523809523809528,
holdout_source,main,net,source=alaev,21,0.0,0.0,0.0,-0.04966139954853273,-0.0958904109589041,-0.024539877300613498,
holdout_source,main,net,source=buriy_2014,60,0.03333333333333333,0.03333333333333333,0.03333333333333333,-0.016171617161716174,-0.06372549019607843,0.011172668513388734,
holdout_source,main,net,source=cyberleninka,60,0.2,0.06521739130434782,0.3037974683544304,0.17524752475247526,0.033796553640911615,0.28163999280704904,
holdout_source,main,net,source=drmax,22,0.0,0.0,0.0,-0.049773755656108594,-0.09511568123393316,-0.02510460251046025,
holdout_source,main,net,source=gazeta,60,0.03333333333333333,0.03333333333333333,0.03333333333333333,-0.016171617161716174,-0.06222980659840729,0.010986964618249533,
holdout_source,main,net,source=lenta,32,0.0,0.0,0.0,-0.05092592592592592,-0.09935897435897435,-0.025684931506849314,
holdout_source,main,net,source=optimizatorsha_ru,5,0.0,0.0,0.0,-0.04793028322440087,-0.09285714285714286,-0.02376599634369287,малая выборка
holdout_source,main,net,source=rusltc,73,0.0547945205479452,0.0136986301369863,0.1095890410958904,0.008758714921346736,-0.057729941291585124,0.06982496194824962,
holdout_source,main,net,source=shakin,18,0.0,0.0,0.0,-0.04932735426008968,-0.09578544061302682,-0.02442528735632184,малая выборка
holdout_source,main,net,source=spbgu,59,0.0,0.0,0.0,-0.05432098765432099,-0.09621993127147767,-0.02865329512893983,
holdout_source,main,net,source=author_archive,6,0.0,0.0,0.0,-0.048034934497816595,-0.09328358208955224,-0.023809523809523808,малая выборка
holdout_source,main,net,source=urfu,48,0.041666666666666664,0.041666666666666664,0.041666666666666664,-0.006410256410256415,-0.05542071197411003,0.02001312335958005,
holdout_source,format-only,full,весь человеческий тест,464,0.00646551724137931,0.0,0.021671826625386997,,,,
holdout_source,format-only,full,HH-formal-register,167,0.017964071856287425,0.0,0.08571428571428572,0.017964071856287425,0.0,0.08450704225352113,
holdout_source,format-only,full,HH-polished,152,0.0,0.0,0.0,-0.009615384615384616,-0.030395136778115502,0.0,
holdout_source,format-only,full,HH-translation,73,0.0,0.0,0.0,-0.0076726342710997444,-0.026239067055393587,0.0,
holdout_source,format-only,full,genre=news,152,0.0,0.0,0.0,-0.009615384615384616,-0.030395136778115502,0.0,
holdout_source,format-only,full,genre=science,167,0.017964071856287425,0.0,0.08571428571428572,0.017964071856287425,0.0,0.08450704225352113,
holdout_source,format-only,full,genre=seo,72,0.0,0.0,0.0,-0.007653061224489796,-0.025974025974025976,0.0,
holdout_source,format-only,full,genre=translation,73,0.0,0.0,0.0,-0.0076726342710997444,-0.026239067055393587,0.0,
holdout_source,format-only,full,hh_all,392,0.007653061224489796,0.0,0.027131782945736434,0.007653061224489796,0.0,0.025936599423631124,
holdout_source,format-only,full,len_long,161,0.012422360248447204,0.0,0.055944055944055944,0.009122030215443904,0.0,0.05063025210084034,
holdout_source,format-only,full,len_mid,118,0.00847457627118644,0.0,0.03225806451612903,0.0026942294503771924,-0.00904977375565611,0.019634703196347032,
holdout_source,format-only,full,len_short,185,0.0,0.0,0.0,-0.010752688172043012,-0.03546099290780142,0.0,
holdout_source,format-only,full,source=alaev,21,0.0,0.0,0.0,-0.006772009029345372,-0.022058823529411766,0.0,
holdout_source,format-only,full,source=buriy_2014,60,0.0,0.0,0.0,-0.007425742574257425,-0.023376623376623377,0.0,
holdout_source,format-only,full,source=cyberleninka,60,0.05,0.0,0.14814814814814814,0.05,0.0,0.14634146341463414,
holdout_source,format-only,full,source=drmax,22,0.0,0.0,0.0,-0.006787330316742082,-0.022058823529411766,0.0,
holdout_source,format-only,full,source=gazeta,60,0.0,0.0,0.0,-0.007425742574257425,-0.023809523809523808,0.0,
holdout_source,format-only,full,source=lenta,32,0.0,0.0,0.0,-0.006944444444444444,-0.02278481012658228,0.0,
holdout_source,format-only,full,source=optimizatorsha_ru,5,0.0,0.0,0.0,-0.006535947712418301,-0.02132701421800948,0.0,малая выборка
holdout_source,format-only,full,source=rusltc,73,0.0,0.0,0.0,-0.0076726342710997444,-0.026239067055393587,0.0,
holdout_source,format-only,full,source=shakin,18,0.0,0.0,0.0,-0.006726457399103139,-0.021212121212121213,0.0,малая выборка
holdout_source,format-only,full,source=spbgu,59,0.0,0.0,0.0,-0.007407407407407408,-0.023323615160349854,0.0,
holdout_source,format-only,full,source=author_archive,6,0.0,0.0,0.0,-0.006550218340611353,-0.021148036253776436,0.0,малая выборка
holdout_source,format-only,full,source=urfu,48,0.0,0.0,0.0,-0.007211538461538462,-0.023923444976076555,0.0,
holdout_source,length-only,full,весь человеческий тест,464,0.646551724137931,0.4425385934819897,0.8391812865497076,,,,
holdout_source,length-only,full,HH-formal-register,167,0.281437125748503,0.19291338582677164,0.5357142857142857,-0.5704147261033489,-0.7143083546844872,-0.2789460132177496,
holdout_source,length-only,full,HH-polished,152,0.9605263157894737,0.9166666666666666,1.0,0.46693657219973006,0.22270955165692008,0.6098014888337469,
holdout_source,length-only,full,HH-translation,73,0.9178082191780822,0.8493150684931506,0.9726027397260274,0.32190029078933535,0.08883283337878367,0.5719585642013972,
holdout_source,length-only,full,genre=news,152,0.9605263157894737,0.9166666666666666,1.0,0.46693657219973006,0.22270955165692008,0.6098014888337469,
holdout_source,length-only,full,genre=science,167,0.281437125748503,0.19291338582677164,0.5357142857142857,-0.5704147261033489,-0.7143083546844872,-0.2789460132177496,
holdout_source,length-only,full,genre=seo,72,0.5555555555555556,0.21311475409836064,0.8431372549019608,-0.10770975056689336,-0.5321637426900585,0.2983044352907367,
holdout_source,length-only,full,genre=translation,73,0.9178082191780822,0.8493150684931506,0.9726027397260274,0.32190029078933535,0.08883283337878367,0.5719585642013972,
holdout_source,length-only,full,hh_all,392,0.6632653061224489,0.43209876543209874,0.8805460750853242,0.10770975056689336,-0.29903219435117523,0.5317693059628543,
holdout_source,length-only,full,len_long,161,0.12422360248447205,0.09065934065934066,0.21739130434782608,-0.799868806756452,-0.8482230320128521,-0.6923076923076923,
holdout_source,length-only,full,len_mid,118,0.8050847457627118,0.7129629629629629,0.8760330578512396,0.2125991966297639,-0.023730791674771434,0.41724825523429704,
holdout_source,length-only,full,len_short,185,1.0,1.0,1.0,0.5878136200716846,0.3597560975609756,0.7247557003257329,
holdout_source,length-only,full,source=alaev,21,0.7142857142857143,0.7142857142857143,0.7142857142857143,0.07094485649790394,-0.13067552602436316,0.2810208272220593,
holdout_source,length-only,full,source=buriy_2014,60,0.9166666666666666,0.9166666666666666,0.9166666666666666,0.3102310231023102,0.0948844884488449,0.503968253968254,
holdout_source,length-only,full,source=cyberleninka,60,0.48333333333333334,0.34615384615384615,0.6046511627906976,-0.1874587458745875,-0.45398331895312055,0.0682150059105765,
holdout_source,length-only,full,source=drmax,22,0.13636363636363635,0.13636363636363635,0.13636363636363635,-0.5355820649938298,-0.7266500622665006,-0.3338913211434458,
holdout_source,length-only,full,source=gazeta,60,1.0,1.0,1.0,0.40594059405940597,0.1962962962962963,0.5818713450292398,
holdout_source,length-only,full,source=lenta,32,0.96875,0.96875,0.96875,0.34606481481481477,0.13706683168316836,0.5539517937219731,
holdout_source,length-only,full,source=optimizatorsha_ru,5,0.6,0.6,0.6,-0.04705882352941182,-0.23884297520661157,0.15342465753424656,малая выборка
holdout_source,length-only,full,source=rusltc,73,0.9178082191780822,0.8493150684931506,0.9726027397260274,0.32190029078933535,0.08883283337878367,0.5719585642013972,
holdout_source,length-only,full,source=shakin,18,0.9444444444444444,0.9444444444444444,0.9444444444444444,0.3099152964623816,0.107095046854083,0.5098039215686274,малая выборка
holdout_source,length-only,full,source=spbgu,59,0.22033898305084745,0.22033898305084745,0.22033898305084745,-0.4883029922577945,-0.645045632333768,-0.28250192604006163,
holdout_source,length-only,full,source=author_archive,6,0.3333333333333333,0.3333333333333333,0.3333333333333333,-0.3173216885007278,-0.5154320987654322,-0.12009373169302873,малая выборка
holdout_source,length-only,full,source=urfu,48,0.10416666666666667,0.10416666666666667,0.10416666666666667,-0.6049679487179488,-0.7623631074606434,-0.4131543494996151,
holdout_time,main,full,весь человеческий тест,458,0.039301310043668124,0.01699029126213592,0.07920792079207921,,,,
holdout_time,main,full,HH-formal-register,167,0.07784431137724551,0.02403846153846154,0.24242424242424243,0.06066218079305307,0.0024281053190682127,0.22954577024586748,
holdout_time,main,full,HH-polished,152,0.013157894736842105,0.0,0.03333333333333333,-0.0391296869625043,-0.09801678108314263,-0.0011441647597254002,
holdout_time,main,full,HH-translation,73,0.0273972602739726,0.0,0.0684931506849315,-0.014161181284468957,-0.0743516843284225,0.0350140056022409,
holdout_time,main,full,genre=news,152,0.013157894736842105,0.0,0.03333333333333333,-0.0391296869625043,-0.09801678108314263,-0.0011441647597254002,
holdout_time,main,full,genre=science,167,0.07784431137724551,0.02403846153846154,0.24242424242424243,0.06066218079305307,0.0024281053190682127,0.22954577024586748,
holdout_time,main,full,genre=seo,66,0.015151515151515152,0.0,0.04918032786885246,-0.028215831787260358,-0.08571428571428572,0.01600985221674877,
holdout_time,main,full,genre=translation,73,0.0273972602739726,0.0,0.0684931506849315,-0.014161181284468957,-0.0743516843284225,0.0350140056022409,
holdout_time,main,full,hh_all,392,0.04336734693877551,0.017208413001912046,0.09405940594059406,0.028215831787260358,-0.016042780748663103,0.08549222797927461,
holdout_time,main,full,len_long,162,0.04938271604938271,0.013245033112582781,0.1590909090909091,0.015598932265598928,-0.02660134058733355,0.11898877408212488,
holdout_time,main,full,len_mid,114,0.07017543859649122,0.022988505747126436,0.13861386138613863,0.04110567115463076,-0.003140096618357485,0.09733272580701693,
holdout_time,main,full,len_short,182,0.01098901098901099,0.0,0.030534351145038167,-0.04698200350374263,-0.11643765903307887,-0.006998939554612938,
holdout_time,main,full,source=buriy_2014,60,0.03333333333333333,0.03333333333333333,0.03333333333333333,-0.006867671691792296,-0.05104166666666667,0.018555008210180624,
holdout_time,main,full,source=cyberleninka,60,0.2,0.07692307692307693,0.3064516129032258,0.1849246231155779,0.06156799055071609,0.2943574287267157,
holdout_time,main,full,source=devaka_ru,2,0.0,0.0,0.0,-0.039473684210526314,-0.07901234567901234,-0.017518248175182483,малая выборка
holdout_time,main,full,source=drmax,18,0.0,0.0,0.0,-0.04090909090909091,-0.08169934640522876,-0.018018018018018018,малая выборка
holdout_time,main,full,source=drmax_su,7,0.0,0.0,0.0,-0.03991130820399113,-0.08093994778067885,-0.017721518987341773,малая выборка
holdout_time,main,full,source=gazeta,60,0.0,0.0,0.0,-0.04522613065326633,-0.08814589665653495,-0.020434227330779056,
holdout_time,main,full,source=labrika,1,0.0,0.0,0.0,-0.03938730853391685,-0.08012820512820513,-0.01744186046511628,малая выборка
holdout_time,main,full,source=lenta,32,0.0,0.0,0.0,-0.04225352112676056,-0.08552631578947369,-0.01904761904761905,
holdout_time,main,full,source=madcats_ru,9,0.1111111111111111,0.1111111111111111,0.1111111111111111,0.07324919574362782,0.033033033033033024,0.09512937595129375,малая выборка
holdout_time,main,full,source=rusltc,73,0.0273972602739726,0.0,0.0684931506849315,-0.014161181284468957,-0.0743516843284225,0.0350140056022409,
holdout_time,main,full,source=seoprofy_ua,1,0.0,0.0,0.0,-0.03938730853391685,-0.07878787878787878,-0.01740506329113924,малая выборка
holdout_time,main,full,source=seopulses,12,0.0,0.0,0.0,-0.04035874439461883,-0.08205128205128205,-0.017948717948717947,малая выборка
holdout_time,main,full,source=seopulses_ru,5,0.0,0.0,0.0,-0.039735099337748346,-0.08,-0.01757188498402556,малая выборка
holdout_time,main,full,source=sosnovskij_ru,6,0.0,0.0,0.0,-0.03982300884955752,-0.08038585209003216,-0.017857142857142856,малая выборка
holdout_time,main,full,source=spbgu,59,0.0,0.0,0.0,-0.045112781954887216,-0.08791208791208792,-0.020618556701030927,
holdout_time,main,full,source=texterra_ru,5,0.0,0.0,0.0,-0.039735099337748346,-0.07860262008733625,-0.017595307917888565,малая выборка
holdout_time,main,full,source=urfu,48,0.020833333333333332,0.020833333333333332,0.020833333333333332,-0.02063008130081301,-0.0667799597180262,0.0035422670509125814,
holdout_time,main,net,весь человеческий тест,458,0.09170305676855896,0.05850091407678245,0.1477832512315271,,,,
holdout_time,main,net,HH-formal-register,167,0.1317365269461078,0.06,0.32954545454545453,0.06300800460933803,-0.021330935251798563,0.2678810480015299,
holdout_time,main,net,HH-polished,152,0.046052631578947366,0.03125,0.05,-0.0683264533883729,-0.14551767676767677,-0.018965517241379307,
holdout_time,main,net,HH-translation,73,0.0547945205479452,0.0136986301369863,0.1095890410958904,-0.043906778153353504,-0.13267326732673268,0.024118955625804933,
holdout_time,main,net,genre=news,152,0.046052631578947366,0.03125,0.05,-0.0683264533883729,-0.14551767676767677,-0.018965517241379307,
holdout_time,main,net,genre=science,167,0.1317365269461078,0.06,0.32954545454545453,0.06300800460933803,-0.021330935251798563,0.2678810480015299,
holdout_time,main,net,genre=seo,66,0.13636363636363635,0.043795620437956206,0.265625,0.0521799628942486,-0.06257413997627521,0.197168175688692,
holdout_time,main,net,genre=translation,73,0.0547945205479452,0.0136986301369863,0.1095890410958904,-0.043906778153353504,-0.13267326732673268,0.024118955625804933,
holdout_time,main,net,hh_all,392,0.08418367346938775,0.05125,0.1443661971830986,-0.0521799628942486,-0.1972,0.062432678763774965,
holdout_time,main,net,len_long,162,0.07407407407407407,0.03418803418803419,0.15492957746478872,-0.027277277277277287,-0.09429685852835756,0.04852488591743606,
holdout_time,main,net,len_mid,114,0.13157894736842105,0.06201550387596899,0.24,0.05309057527539779,-0.008873626373626362,0.14868174935423534,
holdout_time,main,net,len_short,182,0.08241758241758242,0.05555555555555555,0.1357142857142857,-0.015408504538939327,-0.0868195104128608,0.040736934820904284,
holdout_time,main,net,source=buriy_2014,60,0.05,0.05,0.05,-0.04798994974874371,-0.11083916083916083,-0.0094059405940594,
holdout_time,main,net,source=cyberleninka,60,0.2833333333333333,0.14285714285714285,0.39,0.22051926298157454,0.0774365821094793,0.32911455478598833,
holdout_time,main,net,source=devaka_ru,2,0.0,0.0,0.0,-0.09210526315789473,-0.1482758620689655,-0.05901116427432217,малая выборка
holdout_time,main,net,source=drmax,18,0.0,0.0,0.0,-0.09545454545454546,-0.15428571428571428,-0.06118546845124283,малая выборка
holdout_time,main,net,source=drmax_su,7,0.0,0.0,0.0,-0.09312638580931264,-0.15234375,-0.05982905982905983,малая выборка
holdout_time,main,net,source=gazeta,60,0.05,0.05,0.05,-0.04798994974874371,-0.11176470588235295,-0.01072874493927125,
holdout_time,main,net,source=labrika,1,0.0,0.0,0.0,-0.09190371991247265,-0.15057915057915058,-0.05944055944055944,малая выборка
holdout_time,main,net,source=lenta,32,0.03125,0.03125,0.03125,-0.06499413145539906,-0.12664473684210525,-0.02977635228848821,
holdout_time,main,net,source=madcats_ru,9,0.3333333333333333,0.3333333333333333,0.3333333333333333,0.2464736451373422,0.19234972677595627,0.2765432098765432,малая выборка
holdout_time,main,net,source=rusltc,73,0.0547945205479452,0.0136986301369863,0.1095890410958904,-0.043906778153353504,-0.13267326732673268,0.024118955625804933,
holdout_time,main,net,source=seoprofy_ua,1,0.0,0.0,0.0,-0.09190371991247265,-0.14868804664723032,-0.059941520467836254,малая выборка
holdout_time,main,net,source=seopulses,12,0.08333333333333333,0.08333333333333333,0.08333333333333333,-0.008594917787742906,-0.06989247311827958,0.024509803921568624,малая выборка
holdout_time,main,net,source=seopulses_ru,5,0.2,0.2,0.2,0.10949227373068433,0.053896103896103914,0.141747572815534,малая выборка
holdout_time,main,net,source=sosnovskij_ru,6,0.3333333333333333,0.3333333333333333,0.3333333333333333,0.24483775811209438,0.18829516539440203,0.2756410256410256,малая выборка
holdout_time,main,net,source=spbgu,59,0.01694915254237288,0.01694915254237288,0.01694915254237288,-0.08580773968820356,-0.1418743768693918,-0.05171281928861304,
holdout_time,main,net,source=texterra_ru,5,0.4,0.4,0.4,0.31169977924944814,0.2571428571428572,0.3434306569343066,малая выборка
holdout_time,main,net,source=urfu,48,0.08333333333333333,0.08333333333333333,0.08333333333333333,-0.009349593495934963,-0.07491582491582492,0.026152482269503542,
holdout_time,format-only,full,весь человеческий тест,458,0.010917030567685589,0.0018587360594795538,0.027649769585253458,,,,
holdout_time,format-only,full,HH-formal-register,167,0.023952095808383235,0.0,0.08695652173913043,0.020515669691544745,-0.004545454545454545,0.08841664172403473,
holdout_time,format-only,full,HH-polished,152,0.0,0.0,0.0,-0.016339869281045753,-0.038910505836575876,-0.0028328611898017,
holdout_time,format-only,full,HH-translation,73,0.0,0.0,0.0,-0.012987012987012988,-0.03515625,-0.002109704641350211,
holdout_time,format-only,full,genre=news,152,0.0,0.0,0.0,-0.016339869281045753,-0.038910505836575876,-0.0028328611898017,
holdout_time,format-only,full,genre=science,167,0.023952095808383235,0.0,0.08695652173913043,0.020515669691544745,-0.004545454545454545,0.08841664172403473,
holdout_time,format-only,full,genre=seo,66,0.015151515151515152,0.0,0.057971014492753624,0.0049474335188620915,-0.024,0.05393875642823749,
holdout_time,format-only,full,genre=translation,73,0.0,0.0,0.0,-0.012987012987012988,-0.03515625,-0.002109704641350211,
holdout_time,format-only,full,hh_all,392,0.01020408163265306,0.0,0.029411764705882353,-0.0049474335188620915,-0.05396916047972587,0.023985239852398525,
holdout_time,format-only,full,len_long,162,0.018518518518518517,0.0,0.05714285714285714,0.01176176176176176,-0.0055319148936170195,0.048723697826836845,
holdout_time,format-only,full,len_mid,114,0.008771929824561403,0.0,0.03296703296703297,-0.002855977152182783,-0.018115942028985508,0.01517887856897145,
holdout_time,format-only,full,len_short,182,0.005494505494505495,0.0,0.024,-0.008998248128682912,-0.03608247422680412,0.013053971039929793,
holdout_time,format-only,full,source=buriy_2014,60,0.0,0.0,0.0,-0.01256281407035176,-0.03162055335968379,-0.002036659877800407,
holdout_time,format-only,full,source=cyberleninka,60,0.05,0.0,0.14814814814814814,0.0449748743718593,-0.008620689655172414,0.14285714285714285,
holdout_time,format-only,full,source=devaka_ru,2,0.0,0.0,0.0,-0.010964912280701754,-0.027932960893854747,-0.0018484288354898336,малая выборка
holdout_time,format-only,full,source=drmax,18,0.0,0.0,0.0,-0.011363636363636364,-0.028846153846153848,-0.00199203187250996,малая выборка
holdout_time,format-only,full,source=drmax_su,7,0.0,0.0,0.0,-0.011086474501108648,-0.02768166089965398,-0.001851851851851852,малая выборка
holdout_time,format-only,full,source=gazeta,60,0.0,0.0,0.0,-0.01256281407035176,-0.031545741324921134,-0.002173913043478261,
holdout_time,format-only,full,source=labrika,1,0.0,0.0,0.0,-0.010940919037199124,-0.0275,-0.0018181818181818182,малая выборка
holdout_time,format-only,full,source=lenta,32,0.0,0.0,0.0,-0.011737089201877934,-0.029411764705882353,-0.0019230769230769232,
holdout_time,format-only,full,source=madcats_ru,9,0.0,0.0,0.0,-0.011135857461024499,-0.027888446215139442,-0.0018587360594795538,малая выборка
holdout_time,format-only,full,source=rusltc,73,0.0,0.0,0.0,-0.012987012987012988,-0.03515625,-0.002109704641350211,
holdout_time,format-only,full,source=seoprofy_ua,1,0.0,0.0,0.0,-0.010940919037199124,-0.02708803611738149,-0.0018281535648994515,малая выборка
holdout_time,format-only,full,source=seopulses,12,0.0,0.0,0.0,-0.011210762331838564,-0.028481012658227847,-0.001968503937007874,малая выборка
holdout_time,format-only,full,source=seopulses_ru,5,0.2,0.2,0.2,0.19116997792494483,0.17692307692307693,0.2,малая выборка
holdout_time,format-only,full,source=sosnovskij_ru,6,0.0,0.0,0.0,-0.011061946902654867,-0.02843601895734597,-0.0018726591760299626,малая выборка
holdout_time,format-only,full,source=spbgu,59,0.0,0.0,0.0,-0.012531328320802004,-0.029787234042553193,-0.0020161290322580645,
holdout_time,format-only,full,source=texterra_ru,5,0.0,0.0,0.0,-0.011037527593818985,-0.0273972602739726,-0.0017271157167530224,малая выборка
holdout_time,format-only,full,source=urfu,48,0.020833333333333332,0.020833333333333332,0.020833333333333332,0.011077235772357722,-0.00815217391304348,0.020833333333333332,
holdout_time,length-only,full,весь человеческий тест,458,0.5567685589519651,0.324,0.7703583061889251,,,,
holdout_time,length-only,full,HH-formal-register,167,0.1497005988023952,0.06840390879478828,0.38666666666666666,-0.640677408070457,-0.7813011828935396,-0.3446637426900585,
holdout_time,length-only,full,HH-polished,152,0.9407894736842105,0.8666666666666667,1.0,0.5747764017887858,0.33913828689370484,0.7246710526315789,
holdout_time,length-only,full,HH-translation,73,0.863013698630137,0.7808219178082192,0.9315068493150684,0.3643123999288383,0.09812206572769955,0.6609113008788879,
holdout_time,length-only,full,genre=news,152,0.9407894736842105,0.8666666666666667,1.0,0.5747764017887858,0.33913828689370484,0.7246710526315789,
holdout_time,length-only,full,genre=science,167,0.1497005988023952,0.06840390879478828,0.38666666666666666,-0.640677408070457,-0.7813011828935396,-0.3446637426900585,
holdout_time,length-only,full,genre=seo,66,0.36363636363636365,0.1744186046511628,0.575,-0.22564935064935066,-0.5437874251497006,0.11419816138917263,
holdout_time,length-only,full,genre=translation,73,0.863013698630137,0.7808219178082192,0.9315068493150684,0.3643123999288383,0.09812206572769955,0.6609113008788879,
holdout_time,length-only,full,hh_all,392,0.5892857142857143,0.32727272727272727,0.835,0.22564935064935066,-0.11431742508324083,0.5427121668339467,
holdout_time,length-only,full,len_long,162,0.006172839506172839,0.0,0.029411764705882353,-0.8519352686019352,-0.9164677804295943,-0.7354601226993865,
holdout_time,length-only,full,len_mid,114,0.6491228070175439,0.4868421052631579,0.7647058823529411,0.12296001631986941,-0.10985134794658602,0.3175824175824176,
holdout_time,length-only,full,len_short,182,0.989010989010989,0.9545454545454546,1.0,0.7172718585762065,0.5,0.85,
holdout_time,length-only,full,source=buriy_2014,60,0.8666666666666667,0.8666666666666667,0.8666666666666667,0.35661641541038525,0.11162343900096061,0.5731884057971015,
holdout_time,length-only,full,source=cyberleninka,60,0.3333333333333333,0.18421052631578946,0.45454545454545453,-0.2571189279731993,-0.5543766578249336,0.02672750977835725,
holdout_time,length-only,full,source=devaka_ru,2,0.5,0.5,0.5,-0.05701754385964908,-0.2729885057471264,0.16555183946488294,малая выборка
holdout_time,length-only,full,source=drmax,18,0.05555555555555555,0.05555555555555555,0.05555555555555555,-0.5217171717171717,-0.7372372372372372,-0.2905247503717867,малая выборка
holdout_time,length-only,full,source=drmax_su,7,0.14285714285714285,0.14285714285714285,0.14285714285714285,-0.4203357617991765,-0.6422431436758085,-0.1946955997588909,малая выборка
holdout_time,length-only,full,source=gazeta,60,1.0,1.0,1.0,0.5100502512562815,0.2848837209302325,0.7085427135678393,
holdout_time,length-only,full,source=labrika,1,1.0,1.0,1.0,0.4442013129102844,0.23076923076923073,0.6606606606606606,малая выборка
holdout_time,length-only,full,source=lenta,32,0.96875,0.96875,0.96875,0.4429284037558685,0.21484375,0.664915191740413,
holdout_time,length-only,full,source=madcats_ru,9,0.6666666666666666,0.6666666666666666,0.6666666666666666,0.11210096510764656,-0.10861423220973787,0.3368347338935574,малая выборка
holdout_time,length-only,full,source=rusltc,73,0.863013698630137,0.7808219178082192,0.9315068493150684,0.3643123999288383,0.09812206572769955,0.6609113008788879,
holdout_time,length-only,full,source=seoprofy_ua,1,0.0,0.0,0.0,-0.5579868708971554,-0.7718832891246684,-0.33611111111111114,малая выборка
holdout_time,length-only,full,source=seopulses,12,0.5833333333333334,0.5833333333333334,0.5833333333333334,0.027279521674140494,-0.19564240790655885,0.255464480874317,малая выборка
holdout_time,length-only,full,source=seopulses_ru,5,0.6,0.6,0.6,0.0437086092715232,-0.1783641160949868,0.26666666666666666,малая выборка
holdout_time,length-only,full,source=sosnovskij_ru,6,0.5,0.5,0.5,-0.05752212389380529,-0.27142857142857146,0.1672473867595819,малая выборка
holdout_time,length-only,full,source=spbgu,59,0.0847457627118644,0.0847457627118644,0.0847457627118644,-0.5418206533282358,-0.7175575002439897,-0.312690134724033,
holdout_time,length-only,full,source=texterra_ru,5,0.2,0.2,0.2,-0.3607064017660044,-0.5775330396475771,-0.1376865671641791,малая выборка
holdout_time,length-only,full,source=urfu,48,0.0,0.0,0.0,-0.6219512195121951,-0.8012958963282938,-0.4032258064516129,
holdout_topic,main,full,весь человеческий тест,392,0.04081632653061224,0.015810276679841896,0.08771929824561403,,,,
holdout_topic,main,full,HH-formal-register,167,0.07784431137724551,0.024390243902439025,0.234375,0.06451097804391218,0.0076388888888888895,0.2246376811594203,
holdout_topic,main,full,HH-polished,152,0.013157894736842105,0.0,0.03333333333333333,-0.04517543859649123,-0.11650485436893204,-0.0020093407190181385,
holdout_topic,main,full,HH-translation,73,0.0136986301369863,0.0,0.0410958904109589,-0.033323313436681413,-0.10996432212028542,0.009612571571864417,
holdout_topic,main,full,genre=news,152,0.013157894736842105,0.0,0.03333333333333333,-0.04517543859649123,-0.11650485436893204,-0.0020093407190181385,
holdout_topic,main,full,genre=science,167,0.07784431137724551,0.024390243902439025,0.234375,0.06451097804391218,0.0076388888888888895,0.2246376811594203,
holdout_topic,main,full,genre=translation,73,0.0136986301369863,0.0,0.0410958904109589,-0.033323313436681413,-0.10996432212028542,0.009612571571864417,
holdout_topic,main,full,hh_all,392,0.04081632653061224,0.015810276679841896,0.08771929824561403,,,,
holdout_topic,main,full,len_long,136,0.0661764705882353,0.021875,0.2564102564102564,0.038832720588235295,-0.009540422965930134,0.22917920931165964,
holdout_topic,main,full,len_mid,95,0.05263157894736842,0.011363636363636364,0.1111111111111111,0.015594541910331383,-0.030597208979804114,0.06153846153846154,
holdout_topic,main,full,len_short,161,0.012422360248447204,0.0,0.03571428571428571,-0.04818370035761341,-0.1324949472265888,-0.003271028037383182,
holdout_topic,main,full,source=buriy_2014,60,0.03333333333333333,0.03333333333333333,0.03333333333333333,-0.008835341365461845,-0.06666666666666668,0.018840579710144925,
holdout_topic,main,full,source=cyberleninka,60,0.2,0.07894736842105263,0.2830188679245283,0.18795180722891566,0.07142857142857142,0.2738659444820582,
holdout_topic,main,full,source=gazeta,60,0.0,0.0,0.0,-0.04819277108433735,-0.1,-0.020512820512820513,
holdout_topic,main,full,source=lenta,32,0.0,0.0,0.0,-0.044444444444444446,-0.09545454545454546,-0.017191977077363897,
holdout_topic,main,full,source=rusltc,73,0.0136986301369863,0.0,0.0410958904109589,-0.033323313436681413,-0.10996432212028542,0.009612571571864417,
holdout_topic,main,full,source=spbgu,59,0.0,0.0,0.0,-0.04804804804804805,-0.09863945578231292,-0.02023121387283237,
holdout_topic,main,full,source=urfu,48,0.020833333333333332,0.020833333333333332,0.020833333333333332,-0.022771317829457367,-0.07869273301737757,0.0047043010752688165,
holdout_topic,main,net,весь человеческий тест,392,0.06887755102040816,0.042801556420233464,0.11635220125786164,,,,
holdout_topic,main,net,HH-formal-register,167,0.08982035928143713,0.03902439024390244,0.23333333333333334,0.03648702594810379,-0.02411779639502412,0.18382352941176472,
holdout_topic,main,net,HH-polished,152,0.046052631578947366,0.03125,0.06666666666666667,-0.03728070175438596,-0.11315261044176705,0.008689175769612714,
holdout_topic,main,net,HH-translation,73,0.0684931506849315,0.0136986301369863,0.136986301369863,-0.00047236655644780634,-0.08333333333333333,0.06946624803767662,
holdout_topic,main,net,genre=news,152,0.046052631578947366,0.03125,0.06666666666666667,-0.03728070175438596,-0.11315261044176705,0.008689175769612714,
holdout_topic,main,net,genre=science,167,0.08982035928143713,0.03902439024390244,0.23333333333333334,0.03648702594810379,-0.02411779639502412,0.18382352941176472,
holdout_topic,main,net,genre=translation,73,0.0684931506849315,0.0136986301369863,0.136986301369863,-0.00047236655644780634,-0.08333333333333333,0.06946624803767662,
holdout_topic,main,net,hh_all,392,0.06887755102040816,0.042801556420233464,0.11635220125786164,,,,
holdout_topic,main,net,len_long,136,0.0661764705882353,0.03125,0.1956521739130435,-0.004136029411764705,-0.04936664931459309,0.1111111111111111,
holdout_topic,main,net,len_mid,95,0.07368421052631578,0.02564102564102564,0.15217391304347827,0.006344143186248444,-0.04823628864923023,0.07640369580668088,
holdout_topic,main,net,len_short,161,0.06832298136645963,0.03529411764705882,0.11650485436893204,-0.0009410878976096326,-0.06882840236686391,0.04799548277809147,
holdout_topic,main,net,source=buriy_2014,60,0.03333333333333333,0.03333333333333333,0.03333333333333333,-0.04196787148594378,-0.09471544715447155,-0.012309820193637619,
holdout_topic,main,net,source=cyberleninka,60,0.2,0.08333333333333333,0.28125,0.15481927710843374,0.03385191587438779,0.24012993503248375,
holdout_topic,main,net,source=gazeta,60,0.06666666666666667,0.06666666666666667,0.06666666666666667,-0.002610441767068275,-0.06009389671361502,0.026666666666666665,
holdout_topic,main,net,source=lenta,32,0.03125,0.03125,0.03125,-0.040972222222222215,-0.09135536398467432,-0.012867647058823532,
holdout_topic,main,net,source=rusltc,73,0.0684931506849315,0.0136986301369863,0.136986301369863,-0.00047236655644780634,-0.08333333333333333,0.06946624803767662,
holdout_topic,main,net,source=spbgu,59,0.01694915254237288,0.01694915254237288,0.01694915254237288,-0.0611289255357052,-0.1142725669146407,-0.03213060205885411,
holdout_topic,main,net,source=urfu,48,0.041666666666666664,0.041666666666666664,0.041666666666666664,-0.031007751937984503,-0.08680555555555555,-0.0011467889908256881,
holdout_topic,format-only,full,весь человеческий тест,392,0.02040816326530612,0.00625,0.043478260869565216,,,,
holdout_topic,format-only,full,HH-formal-register,167,0.041916167664670656,0.015873015873015872,0.10909090909090909,0.03747172322022621,0.00568181818181818,0.10332606324972736,
holdout_topic,format-only,full,HH-polished,152,0.0,0.0,0.0,-0.03333333333333333,-0.06358381502890173,-0.0125,
holdout_topic,format-only,full,HH-translation,73,0.0136986301369863,0.0,0.0410958904109589,-0.008244943530725298,-0.047337278106508875,0.027848911651728554,
holdout_topic,format-only,full,genre=news,152,0.0,0.0,0.0,-0.03333333333333333,-0.06358381502890173,-0.0125,
holdout_topic,format-only,full,genre=science,167,0.041916167664670656,0.015873015873015872,0.10909090909090909,0.03747172322022621,0.00568181818181818,0.10332606324972736,
holdout_topic,format-only,full,genre=translation,73,0.0136986301369863,0.0,0.0410958904109589,-0.008244943530725298,-0.047337278106508875,0.027848911651728554,
holdout_topic,format-only,full,hh_all,392,0.02040816326530612,0.00625,0.043478260869565216,,,,
holdout_topic,format-only,full,len_long,136,0.03676470588235294,0.014705882352941176,0.11627906976744186,0.025045955882352942,-0.004496124031007753,0.10186179735051915,
holdout_topic,format-only,full,len_mid,95,0.031578947368421054,0.0,0.08333333333333333,0.014743930533404219,-0.014579126237501848,0.05939840823970037,
holdout_topic,format-only,full,len_short,161,0.0,0.0,0.0,-0.03463203463203463,-0.0718562874251497,-0.012195121951219513,
holdout_topic,format-only,full,source=buriy_2014,60,0.0,0.0,0.0,-0.024096385542168676,-0.05179282868525897,-0.0078125,
holdout_topic,format-only,full,source=cyberleninka,60,0.06666666666666667,0.0,0.17391304347826086,0.05461847389558233,-0.012244897959183673,0.1592686920138257,
holdout_topic,format-only,full,source=gazeta,60,0.0,0.0,0.0,-0.024096385542168676,-0.0498220640569395,-0.007853403141361256,
holdout_topic,format-only,full,source=lenta,32,0.0,0.0,0.0,-0.022222222222222223,-0.04591836734693878,-0.007194244604316547,
holdout_topic,format-only,full,source=rusltc,73,0.0136986301369863,0.0,0.0410958904109589,-0.008244943530725298,-0.047337278106508875,0.027848911651728554,
holdout_topic,format-only,full,source=spbgu,59,0.03389830508474576,0.03389830508474576,0.03389830508474576,0.015880287066727745,-0.010711360342763529,0.02967889580204534,
holdout_topic,format-only,full,source=urfu,48,0.020833333333333332,0.020833333333333332,0.020833333333333332,0.00048449612403100514,-0.02653508771929825,0.016494938539407086,
holdout_topic,length-only,full,весь человеческий тест,392,0.6301020408163265,0.3908450704225352,0.8537859007832899,,,,
holdout_topic,length-only,full,HH-formal-register,167,0.23353293413173654,0.1326530612244898,0.4673913043478261,-0.6909115103127079,-0.8039073587583416,-0.4494949494949495,
holdout_topic,length-only,full,HH-polished,152,0.9407894736842105,0.8666666666666667,1.0,0.5074561403508772,0.20774526678141136,0.6708229426433916,
holdout_topic,length-only,full,HH-translation,73,0.8904109589041096,0.8082191780821918,0.958904109589041,0.31987804354360805,0.044117647058823595,0.6604717121958501,
holdout_topic,length-only,full,genre=news,152,0.9407894736842105,0.8666666666666667,1.0,0.5074561403508772,0.20774526678141136,0.6708229426433916,
holdout_topic,length-only,full,genre=science,167,0.23353293413173654,0.1326530612244898,0.4673913043478261,-0.6909115103127079,-0.8039073587583416,-0.4494949494949495,
holdout_topic,length-only,full,genre=translation,73,0.8904109589041096,0.8082191780821918,0.958904109589041,0.31987804354360805,0.044117647058823595,0.6604717121958501,
holdout_topic,length-only,full,hh_all,392,0.6301020408163265,0.3908450704225352,0.8537859007832899,,,,
holdout_topic,length-only,full,len_long,136,0.0661764705882353,0.03759398496240601,0.13636363636363635,-0.8635110294117647,-0.9202442635085122,-0.7679743010372144,
holdout_topic,length-only,full,len_mid,95,0.8105263157894737,0.7176470588235294,0.8947368421052632,0.2381357433989013,-0.03825986491290434,0.4860565225528729,
holdout_topic,length-only,full,len_short,161,1.0,1.0,1.0,0.6277056277056277,0.3629032258064516,0.7819314641744548,
holdout_topic,length-only,full,source=buriy_2014,60,0.8666666666666667,0.8666666666666667,0.8666666666666667,0.2793172690763053,0.013586097946287512,0.5128760529482552,
holdout_topic,length-only,full,source=cyberleninka,60,0.4166666666666667,0.2786885245901639,0.5303030303030303,-0.252008032128514,-0.5670289855072463,0.0492361414229594,
holdout_topic,length-only,full,source=gazeta,60,1.0,1.0,1.0,0.4367469879518072,0.19138755980861244,0.6529680365296804,
holdout_topic,length-only,full,source=lenta,32,0.96875,0.96875,0.96875,0.36875,0.12841386554621848,0.6126732409381663,
holdout_topic,length-only,full,source=rusltc,73,0.8904109589041096,0.8082191780821918,0.958904109589041,0.31987804354360805,0.044117647058823595,0.6604717121958501,
holdout_topic,length-only,full,source=spbgu,59,0.2033898305084746,0.2033898305084746,0.2033898305084746,-0.5023158751972311,-0.6743879472693032,-0.22994350282485876,
holdout_topic,length-only,full,source=urfu,48,0.041666666666666664,0.041666666666666664,0.041666666666666664,-0.6705426356589148,-0.8382132132132133,-0.44839955849889623,
