document_id,origin_class,source,genre,in_current_registry,n_sentences,repeat_share,repeated_unique,max_multiplicity,longest_repeated_block,repeat_char_share,adjacent_share,glued_per_1000w,verdict
deepseek_pro_b001_P1_r1,A,deepseek_pro,seo,1,69,0.0,0,1,0,0.0,0.0,1.009082,
deepseek_pro_b001_P1_r2,A,deepseek_pro,seo,1,90,0.0,0,1,0,0.0,0.0,0.822368,
deepseek_pro_b001_P2_r1,A,deepseek_pro,seo,1,33,0.0,0,1,0,0.0,0.0,0.0,
deepseek_pro_b001_P2_r2,A,deepseek_pro,seo,1,45,0.0,0,1,0,0.0,0.0,0.0,
deepseek_pro_b001_P3_r1,A,deepseek_pro,seo,1,106,0.0,0,1,0,0.0,0.0,1.55642,
deepseek_pro_b001_P3_r2,A,deepseek_pro,seo,1,107,0.0,0,1,0,0.0,0.0,0.729395,
deepseek_pro_b002_P1_r1,A,deepseek_pro,seo,1,87,0.0,0,1,0,0.0,0.0,0.692521,
deepseek_pro_b002_P1_r2,A,deepseek_pro,seo,1,112,0.0,0,1,0,0.0,0.0,0.570125,
deepseek_pro_b002_P2_r1,A,deepseek_pro,seo,1,77,0.0,0,1,0,0.0,0.0,0.806452,
deepseek_pro_b002_P2_r2,A,deepseek_pro,seo,1,57,0.0,0,1,0,0.0,0.0,0.0,
deepseek_pro_b002_P3_r1,A,deepseek_pro,seo,1,81,0.0,0,1,0,0.0,0.0,0.821018,
deepseek_pro_b002_P3_r2,A,deepseek_pro,seo,1,87,0.0,0,1,0,0.0,0.0,1.762115,
deepseek_pro_b003_P1_r1,A,deepseek_pro,seo,1,44,0.0,0,1,0,0.0,0.0,0.0,
deepseek_pro_b003_P1_r2,A,deepseek_pro,seo,1,66,0.0,0,1,0,0.0,0.0,0.0,
deepseek_pro_b003_P2_r1,A,deepseek_pro,seo,1,83,0.0,0,1,0,0.0,0.0,0.0,
deepseek_pro_b003_P2_r2,A,deepseek_pro,seo,1,65,0.0,0,1,0,0.0,0.0,0.0,
deepseek_pro_b003_P3_r1,A,deepseek_pro,seo,1,74,0.0,0,1,0,0.0,0.0,0.0,
deepseek_pro_b003_P3_r2,A,deepseek_pro,seo,1,72,0.0,0,1,0,0.0,0.0,0.0,
deepseek_pro_b004_P1_r1,A,deepseek_pro,seo,1,58,0.0,0,1,0,0.0,0.0,0.0,
deepseek_pro_b004_P1_r2,A,deepseek_pro,seo,1,74,0.0,0,1,0,0.0,0.0,0.0,
deepseek_pro_b004_P2_r1,A,deepseek_pro,seo,1,49,0.0,0,1,0,0.0,0.0,0.0,
deepseek_pro_b004_P2_r2,A,deepseek_pro,seo,1,74,0.0,0,1,0,0.0,0.0,0.0,
deepseek_pro_b004_P3_r1,A,deepseek_pro,seo,1,88,0.0,0,1,0,0.0,0.0,0.0,
deepseek_pro_b004_P3_r2,A,deepseek_pro,seo,1,74,0.0,0,1,0,0.0,0.0,0.0,
deepseek_pro_b005_P1_r1,A,deepseek_pro,seo,1,133,0.0,0,1,0,0.0,0.0,0.0,
deepseek_pro_b005_P1_r2,A,deepseek_pro,seo,1,109,0.0,0,1,0,0.0,0.0,0.0,
deepseek_pro_b005_P2_r1,A,deepseek_pro,seo,1,87,0.0,0,1,0,0.0,0.0,0.0,
deepseek_pro_b005_P2_r2,A,deepseek_pro,seo,1,50,0.0,0,1,0,0.0,0.0,0.0,
deepseek_pro_b005_P3_r1,A,deepseek_pro,seo,1,138,0.0,0,1,0,0.0,0.0,0.0,
deepseek_pro_b005_P3_r2,A,deepseek_pro,seo,1,125,0.0,0,1,0,0.0,0.0,0.0,
deepseek_pro_b006_P1_r1,A,deepseek_pro,seo,1,95,0.0,0,1,0,0.0,0.0,0.0,
deepseek_pro_b006_P1_r2,A,deepseek_pro,seo,1,32,0.0,0,1,0,0.0,0.0,0.0,
deepseek_pro_b006_P2_r1,A,deepseek_pro,seo,1,65,0.0,0,1,0,0.0,0.0,0.0,
deepseek_pro_b006_P2_r2,A,deepseek_pro,seo,1,48,0.0,0,1,0,0.0,0.0,0.0,
deepseek_pro_b006_P3_r1,A,deepseek_pro,seo,1,80,0.0,0,1,0,0.0,0.0,0.0,
deepseek_pro_b006_P3_r2,A,deepseek_pro,seo,1,90,0.0,0,1,0,0.0,0.0,0.0,
deepseek_pro_b007_P1_r1,A,deepseek_pro,seo,1,59,0.0,0,1,0,0.0,0.0,0.0,
deepseek_pro_b007_P1_r2,A,deepseek_pro,seo,1,79,0.0,0,1,0,0.0,0.0,0.0,
deepseek_pro_b007_P2_r1,A,deepseek_pro,seo,1,53,0.0,0,1,0,0.0,0.0,0.0,
deepseek_pro_b007_P2_r2,A,deepseek_pro,seo,1,42,0.0,0,1,0,0.0,0.0,0.0,
deepseek_pro_b007_P3_r1,A,deepseek_pro,seo,1,107,0.0,0,1,0,0.0,0.0,0.0,
deepseek_pro_b007_P3_r2,A,deepseek_pro,seo,1,116,0.0,0,1,0,0.0,0.0,0.0,
deepseek_pro_b008_P1_r1,A,deepseek_pro,seo,1,91,0.0,0,1,0,0.0,0.0,1.419446,
deepseek_pro_b008_P1_r2,A,deepseek_pro,seo,1,98,0.0,0,1,0,0.0,0.0,0.710732,
deepseek_pro_b008_P2_r1,A,deepseek_pro,seo,1,62,0.0,0,1,0,0.0,0.0,1.234568,
deepseek_pro_b008_P2_r2,A,deepseek_pro,seo,1,48,0.0,0,1,0,0.0,0.0,0.0,
deepseek_pro_b008_P3_r1,A,deepseek_pro,seo,1,98,0.0,0,1,0,0.0,0.0,1.493652,
deepseek_pro_b008_P3_r2,A,deepseek_pro,seo,1,79,0.0,0,1,0,0.0,0.0,0.0,
deepseek_pro_b009_P1_r1,A,deepseek_pro,seo,1,110,0.0,0,1,0,0.0,0.0,0.0,
deepseek_pro_b009_P1_r2,A,deepseek_pro,seo,1,57,0.0,0,1,0,0.0,0.0,0.0,
deepseek_pro_b009_P2_r1,A,deepseek_pro,seo,1,48,0.0,0,1,0,0.0,0.0,1.310616,
deepseek_pro_b009_P2_r2,A,deepseek_pro,seo,1,38,0.0,0,1,0,0.0,0.0,0.0,
deepseek_pro_b009_P3_r1,A,deepseek_pro,seo,1,71,0.0,0,1,0,0.0,0.0,0.0,
deepseek_pro_b009_P3_r2,A,deepseek_pro,seo,1,55,0.0,0,1,0,0.0,0.0,0.0,
deepseek_pro_b010_P1_r1,A,deepseek_pro,seo,1,103,0.0,0,1,0,0.0,0.0,0.0,
deepseek_pro_b010_P1_r2,A,deepseek_pro,seo,1,73,0.0,0,1,0,0.0,0.0,0.0,
deepseek_pro_b010_P2_r1,A,deepseek_pro,seo,1,112,0.0,0,1,0,0.0,0.0,0.0,
deepseek_pro_b010_P2_r2,A,deepseek_pro,seo,1,73,0.0,0,1,0,0.0,0.0,0.0,
deepseek_pro_b010_P3_r1,A,deepseek_pro,seo,1,65,0.0,0,1,0,0.0,0.0,0.0,
deepseek_pro_b010_P3_r2,A,deepseek_pro,seo,1,80,0.0,0,1,0,0.0,0.0,0.0,
deepseek_pro_b011_P1_r1,A,deepseek_pro,seo,1,73,0.0,0,1,0,0.0,0.0,0.909918,
deepseek_pro_b011_P1_r2,A,deepseek_pro,seo,1,61,0.0,0,1,0,0.0,0.0,0.0,
deepseek_pro_b011_P2_r1,A,deepseek_pro,seo,1,42,0.0,0,1,0,0.0,0.0,0.0,
deepseek_pro_b011_P2_r2,A,deepseek_pro,seo,1,42,0.0,0,1,0,0.0,0.0,0.0,
deepseek_pro_b011_P3_r1,A,deepseek_pro,seo,1,103,0.0,0,1,0,0.0,0.0,0.0,
deepseek_pro_b011_P3_r2,A,deepseek_pro,seo,1,148,0.0,0,1,0,0.0,0.0,0.970874,
deepseek_pro_b012_P1_r1,A,deepseek_pro,seo,1,74,0.0,0,1,0,0.0,0.0,0.0,
deepseek_pro_b012_P1_r2,A,deepseek_pro,seo,1,88,0.0,0,1,0,0.0,0.0,0.804505,
deepseek_pro_b012_P2_r1,A,deepseek_pro,seo,1,47,0.0,0,1,0,0.0,0.0,0.0,
deepseek_pro_b012_P2_r2,A,deepseek_pro,seo,1,41,0.0,0,1,0,0.0,0.0,0.0,
deepseek_pro_b012_P3_r1,A,deepseek_pro,seo,1,59,0.0,0,1,0,0.0,0.0,0.909918,
deepseek_pro_b012_P3_r2,A,deepseek_pro,seo,1,92,0.0,0,1,0,0.0,0.0,0.0,
deepseek_pro_b013_P1_r1,A,deepseek_pro,seo,1,106,0.0,0,1,0,0.0,0.0,0.0,
deepseek_pro_b013_P1_r2,A,deepseek_pro,seo,1,89,0.0,0,1,0,0.0,0.0,0.0,
deepseek_pro_b013_P2_r1,A,deepseek_pro,seo,1,48,0.0,0,1,0,0.0,0.0,0.0,
deepseek_pro_b013_P2_r2,A,deepseek_pro,seo,1,42,0.0,0,1,0,0.0,0.0,0.0,
deepseek_pro_b013_P3_r1,A,deepseek_pro,seo,1,78,0.0,0,1,0,0.0,0.0,0.0,
deepseek_pro_b013_P3_r2,A,deepseek_pro,seo,1,91,0.0,0,1,0,0.0,0.0,0.0,
deepseek_pro_b014_P1_r1,A,deepseek_pro,seo,1,113,0.0,0,1,0,0.0,0.0,0.0,
deepseek_pro_b014_P1_r2,A,deepseek_pro,seo,1,65,0.0,0,1,0,0.0,0.0,0.0,
deepseek_pro_b014_P2_r1,A,deepseek_pro,seo,1,54,0.0,0,1,0,0.0,0.0,0.0,
deepseek_pro_b014_P2_r2,A,deepseek_pro,seo,1,40,0.0,0,1,0,0.0,0.0,0.0,
deepseek_pro_b014_P3_r1,A,deepseek_pro,seo,1,79,0.0,0,1,0,0.0,0.0,0.78125,
deepseek_pro_b014_P3_r2,A,deepseek_pro,seo,1,62,0.0,0,1,0,0.0,0.0,0.0,
deepseek_pro_b015_P1_r1,A,deepseek_pro,seo,1,113,0.0,0,1,0,0.0,0.0,0.0,
deepseek_pro_b015_P1_r2,A,deepseek_pro,seo,1,61,0.0,0,1,0,0.0,0.0,3.083248,
deepseek_pro_b015_P2_r1,A,deepseek_pro,seo,1,33,0.0,0,1,0,0.0,0.0,0.0,
deepseek_pro_b015_P2_r2,A,deepseek_pro,seo,1,30,0.0,0,1,0,0.0,0.0,0.0,
deepseek_pro_b015_P3_r1,A,deepseek_pro,seo,1,110,0.0,0,1,0,0.0,0.0,0.548546,
deepseek_pro_b015_P3_r2,A,deepseek_pro,seo,1,87,0.0,0,1,0,0.0,0.0,0.0,
deepseek_pro_b016_P1_r1,A,deepseek_pro,analytics,1,87,0.0,0,1,0,0.0,0.0,0.0,
deepseek_pro_b016_P1_r2,A,deepseek_pro,analytics,1,114,0.0,0,1,0,0.0,0.0,0.0,
deepseek_pro_b016_P2_r1,A,deepseek_pro,analytics,1,87,0.0,0,1,0,0.0,0.0,0.0,
deepseek_pro_b016_P2_r2,A,deepseek_pro,analytics,1,43,0.0,0,1,0,0.0,0.0,0.0,
deepseek_pro_b016_P3_r1,A,deepseek_pro,analytics,1,90,0.0,0,1,0,0.0,0.0,0.0,
deepseek_pro_b016_P3_r2,A,deepseek_pro,analytics,1,101,0.0,0,1,0,0.0,0.0,0.0,
deepseek_pro_b017_P1_r1,A,deepseek_pro,analytics,1,104,0.0,0,1,0,0.0,0.0,1.137656,
deepseek_pro_b017_P1_r2,A,deepseek_pro,analytics,1,105,0.0,0,1,0,0.0,0.0,0.0,
deepseek_pro_b017_P2_r1,A,deepseek_pro,analytics,1,74,0.0,0,1,0,0.0,0.0,0.0,
deepseek_pro_b017_P2_r2,A,deepseek_pro,analytics,1,16,0.0,0,1,0,0.0,0.0,0.0,
deepseek_pro_b017_P3_r1,A,deepseek_pro,analytics,1,97,0.0,0,1,0,0.0,0.0,0.0,
deepseek_pro_b017_P3_r2,A,deepseek_pro,analytics,1,91,0.0,0,1,0,0.0,0.0,0.0,
deepseek_pro_b018_P1_r1,A,deepseek_pro,analytics,1,86,0.0,0,1,0,0.0,0.0,0.0,
deepseek_pro_b018_P1_r2,A,deepseek_pro,analytics,1,118,0.0,0,1,0,0.0,0.0,0.0,
deepseek_pro_b018_P2_r1,A,deepseek_pro,analytics,1,42,0.0,0,1,0,0.0,0.0,0.0,
deepseek_pro_b018_P2_r2,A,deepseek_pro,analytics,1,59,0.0,0,1,0,0.0,0.0,0.0,
deepseek_pro_b018_P3_r1,A,deepseek_pro,analytics,1,97,0.0,0,1,0,0.0,0.0,0.0,
deepseek_pro_b018_P3_r2,A,deepseek_pro,analytics,1,92,0.0,0,1,0,0.0,0.0,0.0,
deepseek_pro_b019_P1_r1,A,deepseek_pro,analytics,1,90,0.0,0,1,0,0.0,0.0,0.76864,
deepseek_pro_b019_P1_r2,A,deepseek_pro,analytics,1,95,0.0,0,1,0,0.0,0.0,0.0,
deepseek_pro_b019_P2_r1,A,deepseek_pro,analytics,1,51,0.0,0,1,0,0.0,0.0,0.0,
deepseek_pro_b019_P2_r2,A,deepseek_pro,analytics,1,43,0.0,0,1,0,0.0,0.0,0.0,
deepseek_pro_b019_P3_r1,A,deepseek_pro,analytics,1,95,0.0,0,1,0,0.0,0.0,0.0,
deepseek_pro_b019_P3_r2,A,deepseek_pro,analytics,1,108,0.0,0,1,0,0.0,0.0,0.0,
deepseek_pro_b020_P1_r1,A,deepseek_pro,analytics,1,87,0.0,0,1,0,0.0,0.0,0.775795,
deepseek_pro_b020_P1_r2,A,deepseek_pro,analytics,1,74,0.0,0,1,0,0.0,0.0,0.0,
deepseek_pro_b020_P2_r1,A,deepseek_pro,analytics,1,42,0.0,0,1,0,0.0,0.0,0.0,
deepseek_pro_b020_P2_r2,A,deepseek_pro,analytics,1,53,0.0,0,1,0,0.0,0.0,0.0,
deepseek_pro_b020_P3_r1,A,deepseek_pro,analytics,1,90,0.0,0,1,0,0.0,0.0,0.0,
deepseek_pro_b020_P3_r2,A,deepseek_pro,analytics,1,99,0.0,0,1,0,0.0,0.0,0.0,
deepseek_pro_b021_P1_r1,A,deepseek_pro,analytics,1,72,0.0,0,1,0,0.0,0.0,1.573564,
deepseek_pro_b021_P1_r2,A,deepseek_pro,analytics,1,82,0.0,0,1,0,0.0,0.0,0.0,
deepseek_pro_b021_P2_r1,A,deepseek_pro,analytics,1,37,0.0,0,1,0,0.0,0.0,0.0,
deepseek_pro_b021_P2_r2,A,deepseek_pro,analytics,1,29,0.0,0,1,0,0.0,0.0,0.0,
deepseek_pro_b021_P3_r1,A,deepseek_pro,analytics,1,82,0.0,0,1,0,0.0,0.0,0.0,
deepseek_pro_b021_P3_r2,A,deepseek_pro,analytics,1,68,0.0,0,1,0,0.0,0.0,0.0,
deepseek_pro_b022_P1_r1,A,deepseek_pro,analytics,1,94,0.0,0,1,0,0.0,0.0,0.0,
deepseek_pro_b022_P1_r2,A,deepseek_pro,analytics,1,47,0.0,0,1,0,0.0,0.0,0.0,
deepseek_pro_b022_P2_r1,A,deepseek_pro,analytics,1,62,0.0,0,1,0,0.0,0.0,0.0,
deepseek_pro_b022_P2_r2,A,deepseek_pro,analytics,1,32,0.0,0,1,0,0.0,0.0,0.0,
deepseek_pro_b022_P3_r1,A,deepseek_pro,analytics,1,81,0.0,0,1,0,0.0,0.0,0.0,
deepseek_pro_b022_P3_r2,A,deepseek_pro,analytics,1,82,0.0,0,1,0,0.0,0.0,0.0,
deepseek_pro_b023_P1_r1,A,deepseek_pro,analytics,1,100,0.0,0,1,0,0.0,0.0,0.0,
deepseek_pro_b023_P1_r2,A,deepseek_pro,analytics,1,93,0.0,0,1,0,0.0,0.0,0.0,
deepseek_pro_b023_P2_r1,A,deepseek_pro,analytics,1,46,0.0,0,1,0,0.0,0.0,0.0,
deepseek_pro_b023_P2_r2,A,deepseek_pro,analytics,1,81,0.0,0,1,0,0.0,0.0,1.651528,
deepseek_pro_b023_P3_r1,A,deepseek_pro,analytics,1,83,0.0,0,1,0,0.0,0.0,0.0,
deepseek_pro_b023_P3_r2,A,deepseek_pro,analytics,1,99,0.0,0,1,0,0.0,0.0,0.0,
deepseek_pro_b024_P1_r1,A,deepseek_pro,analytics,1,65,0.0,0,1,0,0.0,0.0,0.0,
deepseek_pro_b024_P1_r2,A,deepseek_pro,analytics,1,63,0.0,0,1,0,0.0,0.0,0.0,
deepseek_pro_b024_P2_r1,A,deepseek_pro,analytics,1,36,0.0,0,1,0,0.0,0.0,0.0,
deepseek_pro_b024_P2_r2,A,deepseek_pro,analytics,1,43,0.0,0,1,0,0.0,0.0,0.0,
deepseek_pro_b024_P3_r1,A,deepseek_pro,analytics,1,91,0.0,0,1,0,0.0,0.0,0.696379,
deepseek_pro_b024_P3_r2,A,deepseek_pro,analytics,1,87,0.0,0,1,0,0.0,0.0,0.0,
deepseek_pro_b025_P1_r1,A,deepseek_pro,analytics,1,112,0.0,0,1,0,0.0,0.0,1.229256,
deepseek_pro_b025_P1_r2,A,deepseek_pro,analytics,1,105,0.0,0,1,0,0.0,0.0,0.0,
deepseek_pro_b025_P2_r1,A,deepseek_pro,analytics,1,57,0.0,0,1,0,0.0,0.0,0.0,
deepseek_pro_b025_P2_r2,A,deepseek_pro,analytics,1,39,0.0,0,1,0,0.0,0.0,0.0,
deepseek_pro_b025_P3_r1,A,deepseek_pro,analytics,1,133,0.0,0,1,0,0.0,0.0,0.0,
deepseek_pro_b025_P3_r2,A,deepseek_pro,analytics,1,123,0.0,0,1,0,0.0,0.0,0.0,
deepseek_pro_b026_P1_r1,A,deepseek_pro,analytics,1,127,0.0,0,1,0,0.0,0.0,0.0,
deepseek_pro_b026_P1_r2,A,deepseek_pro,analytics,1,33,0.0,0,1,0,0.0,0.0,0.0,
deepseek_pro_b026_P2_r1,A,deepseek_pro,analytics,1,32,0.0,0,1,0,0.0,0.0,0.0,
deepseek_pro_b026_P2_r2,A,deepseek_pro,analytics,1,43,0.0,0,1,0,0.0,0.0,0.0,
deepseek_pro_b026_P3_r1,A,deepseek_pro,analytics,1,132,0.0,0,1,0,0.0,0.0,0.0,
deepseek_pro_b026_P3_r2,A,deepseek_pro,analytics,1,109,0.0,0,1,0,0.0,0.0,0.0,
deepseek_pro_b027_P1_r1,A,deepseek_pro,analytics,1,119,0.0,0,1,0,0.0,0.0,0.0,
deepseek_pro_b027_P1_r2,A,deepseek_pro,analytics,1,66,0.0,0,1,0,0.0,0.0,0.925069,
deepseek_pro_b027_P2_r1,A,deepseek_pro,analytics,1,35,0.0,0,1,0,0.0,0.0,0.0,
deepseek_pro_b027_P2_r2,A,deepseek_pro,analytics,1,79,0.0,0,1,0,0.0,0.0,0.0,
deepseek_pro_b027_P3_r1,A,deepseek_pro,analytics,1,78,0.0,0,1,0,0.0,0.0,0.0,
deepseek_pro_b027_P3_r2,A,deepseek_pro,analytics,1,102,0.0,0,1,0,0.0,0.0,0.647249,
deepseek_pro_b028_P1_r1,A,deepseek_pro,analytics,1,31,0.0,0,1,0,0.0,0.0,0.0,
deepseek_pro_b028_P1_r2,A,deepseek_pro,analytics,1,70,0.0,0,1,0,0.0,0.0,0.0,
deepseek_pro_b028_P2_r1,A,deepseek_pro,analytics,1,38,0.0,0,1,0,0.0,0.0,0.0,
deepseek_pro_b028_P2_r2,A,deepseek_pro,analytics,1,89,0.0,0,1,0,0.0,0.0,0.0,
deepseek_pro_b028_P3_r1,A,deepseek_pro,analytics,1,70,0.0,0,1,0,0.0,0.0,0.0,
deepseek_pro_b028_P3_r2,A,deepseek_pro,analytics,1,96,0.0,0,1,0,0.0,0.0,0.0,
deepseek_pro_b029_P1_r1,A,deepseek_pro,analytics,1,106,0.0,0,1,0,0.0,0.0,0.573723,
deepseek_pro_b029_P1_r2,A,deepseek_pro,analytics,1,119,0.0,0,1,0,0.0,0.0,0.0,
deepseek_pro_b029_P2_r1,A,deepseek_pro,analytics,1,57,0.0,0,1,0,0.0,0.0,0.0,
deepseek_pro_b029_P2_r2,A,deepseek_pro,analytics,1,56,0.0,0,1,0,0.0,0.0,0.0,
deepseek_pro_b029_P3_r1,A,deepseek_pro,analytics,1,129,0.0,0,1,0,0.0,0.0,0.0,
deepseek_pro_b029_P3_r2,A,deepseek_pro,analytics,1,98,0.0,0,1,0,0.0,0.0,0.68306,
deepseek_pro_b030_P1_r1,A,deepseek_pro,analytics,1,103,0.0,0,1,0,0.0,0.0,0.0,
deepseek_pro_b030_P1_r2,A,deepseek_pro,analytics,1,101,0.0,0,1,0,0.0,0.0,0.0,
deepseek_pro_b030_P2_r1,A,deepseek_pro,analytics,1,49,0.0,0,1,0,0.0,0.0,0.0,
deepseek_pro_b030_P2_r2,A,deepseek_pro,analytics,1,112,0.0,0,1,0,0.0,0.0,0.0,
deepseek_pro_b030_P3_r1,A,deepseek_pro,analytics,1,102,0.0,0,1,0,0.0,0.0,0.0,
deepseek_pro_b030_P3_r2,A,deepseek_pro,analytics,1,112,0.0,0,1,0,0.0,0.0,0.0,
deepseek_pro_b031_P1_r1,A,deepseek_pro,commercial,1,50,0.0,0,1,0,0.0,0.0,1.40056,
deepseek_pro_b031_P1_r2,A,deepseek_pro,commercial,1,98,0.0,0,1,0,0.0,0.0,0.0,
deepseek_pro_b031_P2_r1,A,deepseek_pro,commercial,1,51,0.0,0,1,0,0.0,0.0,0.0,
deepseek_pro_b031_P2_r2,A,deepseek_pro,commercial,1,41,0.0,0,1,0,0.0,0.0,0.0,
deepseek_pro_b031_P3_r1,A,deepseek_pro,commercial,1,82,0.0,0,1,0,0.0,0.0,0.753012,
deepseek_pro_b031_P3_r2,A,deepseek_pro,commercial,1,102,0.0,0,1,0,0.0,0.0,0.0,
deepseek_pro_b032_P1_r1,A,deepseek_pro,commercial,1,124,0.0,0,1,0,0.0,0.0,0.0,
deepseek_pro_b032_P1_r2,A,deepseek_pro,commercial,1,109,0.0,0,1,0,0.0,0.0,0.0,
deepseek_pro_b032_P2_r1,A,deepseek_pro,commercial,1,74,0.0,0,1,0,0.0,0.0,0.0,
deepseek_pro_b032_P2_r2,A,deepseek_pro,commercial,1,49,0.0,0,1,0,0.0,0.0,0.0,
deepseek_pro_b032_P3_r1,A,deepseek_pro,commercial,1,105,0.0,0,1,0,0.0,0.0,0.0,
deepseek_pro_b032_P3_r2,A,deepseek_pro,commercial,1,98,0.0,0,1,0,0.0,0.0,0.0,
deepseek_pro_b033_P1_r1,A,deepseek_pro,commercial,1,45,0.0,0,1,0,0.0,0.0,0.0,
deepseek_pro_b033_P1_r2,A,deepseek_pro,commercial,1,113,0.0,0,1,0,0.0,0.0,0.0,
deepseek_pro_b033_P2_r1,A,deepseek_pro,commercial,1,31,0.0,0,1,0,0.0,0.0,0.0,
deepseek_pro_b033_P2_r2,A,deepseek_pro,commercial,1,39,0.0,0,1,0,0.0,0.0,0.0,
deepseek_pro_b033_P3_r1,A,deepseek_pro,commercial,1,85,0.0,0,1,0,0.0,0.0,0.0,
deepseek_pro_b033_P3_r2,A,deepseek_pro,commercial,1,92,0.0,0,1,0,0.0,0.0,0.0,
deepseek_pro_b034_P1_r1,A,deepseek_pro,commercial,1,103,0.0,0,1,0,0.0,0.0,0.0,
deepseek_pro_b034_P1_r2,A,deepseek_pro,commercial,1,89,0.0,0,1,0,0.0,0.0,0.0,
deepseek_pro_b034_P2_r1,A,deepseek_pro,commercial,1,69,0.0,0,1,0,0.0,0.0,0.0,
deepseek_pro_b034_P2_r2,A,deepseek_pro,commercial,1,55,0.0,0,1,0,0.0,0.0,0.0,
deepseek_pro_b034_P3_r1,A,deepseek_pro,commercial,1,97,0.0,0,1,0,0.0,0.0,0.0,
deepseek_pro_b034_P3_r2,A,deepseek_pro,commercial,1,101,0.0,0,1,0,0.0,0.0,1.539646,
deepseek_pro_b035_P1_r1,A,deepseek_pro,commercial,1,42,0.0,0,1,0,0.0,0.0,3.514938,
deepseek_pro_b035_P1_r2,A,deepseek_pro,commercial,1,47,0.0,0,1,0,0.0,0.0,1.27551,
deepseek_pro_b035_P2_r1,A,deepseek_pro,commercial,1,91,0.0,0,1,0,0.0,0.0,0.0,
deepseek_pro_b035_P2_r2,A,deepseek_pro,commercial,1,49,0.0,0,1,0,0.0,0.0,0.0,
deepseek_pro_b035_P3_r1,A,deepseek_pro,commercial,1,88,0.0,0,1,0,0.0,0.0,0.0,
deepseek_pro_b035_P3_r2,A,deepseek_pro,commercial,1,98,0.0,0,1,0,0.0,0.0,0.0,
deepseek_pro_b036_P1_r1,A,deepseek_pro,commercial,1,124,0.0,0,1,0,0.0,0.0,0.0,
deepseek_pro_b036_P1_r2,A,deepseek_pro,commercial,1,68,0.0,0,1,0,0.0,0.0,0.0,
deepseek_pro_b036_P2_r1,A,deepseek_pro,commercial,1,78,0.0,0,1,0,0.0,0.0,0.0,
deepseek_pro_b036_P2_r2,A,deepseek_pro,commercial,1,41,0.0,0,1,0,0.0,0.0,0.0,
deepseek_pro_b036_P3_r1,A,deepseek_pro,commercial,1,98,0.0,0,1,0,0.0,0.0,0.0,
deepseek_pro_b036_P3_r2,A,deepseek_pro,commercial,1,77,0.0,0,1,0,0.0,0.0,0.0,
deepseek_pro_b037_P1_r1,A,deepseek_pro,commercial,1,121,0.0,0,1,0,0.0,0.0,0.0,
deepseek_pro_b037_P1_r2,A,deepseek_pro,commercial,1,49,0.0,0,1,0,0.0,0.0,0.0,
deepseek_pro_b037_P2_r1,A,deepseek_pro,commercial,1,48,0.0,0,1,0,0.0,0.0,0.0,
deepseek_pro_b037_P2_r2,A,deepseek_pro,commercial,1,53,0.0,0,1,0,0.0,0.0,0.0,
deepseek_pro_b037_P3_r1,A,deepseek_pro,commercial,1,127,0.0,0,1,0,0.0,0.0,0.0,
deepseek_pro_b037_P3_r2,A,deepseek_pro,commercial,1,95,0.0,0,1,0,0.0,0.0,0.0,
deepseek_pro_b038_P1_r1,A,deepseek_pro,commercial,1,108,0.0,0,1,0,0.0,0.0,0.591716,
deepseek_pro_b038_P1_r2,A,deepseek_pro,commercial,1,109,0.0,0,1,0,0.0,0.0,0.0,
deepseek_pro_b038_P2_r1,A,deepseek_pro,commercial,1,52,0.0,0,1,0,0.0,0.0,0.0,
deepseek_pro_b038_P2_r2,A,deepseek_pro,commercial,1,43,0.0,0,1,0,0.0,0.0,0.0,
deepseek_pro_b038_P3_r1,A,deepseek_pro,commercial,1,92,0.0,0,1,0,0.0,0.0,0.0,
deepseek_pro_b038_P3_r2,A,deepseek_pro,commercial,1,78,0.0,0,1,0,0.0,0.0,0.0,
deepseek_pro_b039_P1_r1,A,deepseek_pro,commercial,1,64,0.0,0,1,0,0.0,0.0,0.0,
deepseek_pro_b039_P1_r2,A,deepseek_pro,commercial,1,99,0.0,0,1,0,0.0,0.0,0.0,
deepseek_pro_b039_P2_r1,A,deepseek_pro,commercial,1,37,0.0,0,1,0,0.0,0.0,0.0,
deepseek_pro_b039_P2_r2,A,deepseek_pro,commercial,1,69,0.0,0,1,0,0.0,0.0,0.0,
deepseek_pro_b039_P3_r1,A,deepseek_pro,commercial,1,121,0.0,0,1,0,0.0,0.0,0.0,
deepseek_pro_b039_P3_r2,A,deepseek_pro,commercial,1,56,0.0,0,1,0,0.0,0.0,0.0,
deepseek_pro_b040_P1_r1,A,deepseek_pro,commercial,1,87,0.0,0,1,0,0.0,0.0,1.43472,
deepseek_pro_b040_P1_r2,A,deepseek_pro,commercial,1,71,0.0,0,1,0,0.0,0.0,0.0,
deepseek_pro_b040_P2_r1,A,deepseek_pro,commercial,1,90,0.0,0,1,0,0.0,0.0,0.0,
deepseek_pro_b040_P2_r2,A,deepseek_pro,commercial,1,68,0.0,0,1,0,0.0,0.0,0.0,
deepseek_pro_b040_P3_r1,A,deepseek_pro,commercial,1,84,0.0,0,1,0,0.0,0.0,0.0,
deepseek_pro_b040_P3_r2,A,deepseek_pro,commercial,1,86,0.0,0,1,0,0.0,0.0,0.0,
deepseek_pro_b041_P1_r1,A,deepseek_pro,commercial,1,92,0.0,0,1,0,0.0,0.0,0.626566,
deepseek_pro_b041_P1_r2,A,deepseek_pro,commercial,1,114,0.0,0,1,0,0.0,0.0,0.0,
deepseek_pro_b041_P2_r1,A,deepseek_pro,commercial,1,21,0.0,0,1,0,0.0,0.0,0.0,
deepseek_pro_b041_P2_r2,A,deepseek_pro,commercial,1,41,0.0,0,1,0,0.0,0.0,0.0,
deepseek_pro_b041_P3_r1,A,deepseek_pro,commercial,1,103,0.0,0,1,0,0.0,0.0,1.529052,
deepseek_pro_b041_P3_r2,A,deepseek_pro,commercial,1,68,0.0,0,1,0,0.0,0.0,0.0,
deepseek_pro_b042_P1_r1,A,deepseek_pro,commercial,1,103,0.0,0,1,0,0.0,0.0,0.0,
deepseek_pro_b042_P1_r2,A,deepseek_pro,commercial,1,93,0.0,0,1,0,0.0,0.0,0.0,
deepseek_pro_b042_P2_r1,A,deepseek_pro,commercial,1,50,0.0,0,1,0,0.0,0.0,0.0,
deepseek_pro_b042_P2_r2,A,deepseek_pro,commercial,1,43,0.0,0,1,0,0.0,0.0,0.0,
deepseek_pro_b042_P3_r1,A,deepseek_pro,commercial,1,75,0.0,0,1,0,0.0,0.0,0.0,
deepseek_pro_b042_P3_r2,A,deepseek_pro,commercial,1,105,0.0,0,1,0,0.0,0.0,0.0,
deepseek_pro_b043_P1_r1,A,deepseek_pro,commercial,1,112,0.0,0,1,0,0.0,0.0,0.60423,
deepseek_pro_b043_P1_r2,A,deepseek_pro,commercial,1,150,0.0,0,1,0,0.0,0.0,0.0,
deepseek_pro_b043_P2_r1,A,deepseek_pro,commercial,1,79,0.0,0,1,0,0.0,0.0,0.0,
deepseek_pro_b043_P2_r2,A,deepseek_pro,commercial,1,71,0.0,0,1,0,0.0,0.0,0.0,
deepseek_pro_b043_P3_r1,A,deepseek_pro,commercial,1,86,0.0,0,1,0,0.0,0.0,0.0,
deepseek_pro_b043_P3_r2,A,deepseek_pro,commercial,1,88,0.0,0,1,0,0.0,0.0,0.0,
deepseek_pro_b044_P1_r1,A,deepseek_pro,commercial,1,83,0.0,0,1,0,0.0,0.0,0.0,
deepseek_pro_b044_P1_r2,A,deepseek_pro,commercial,1,86,0.0,0,1,0,0.0,0.0,0.705219,
deepseek_pro_b044_P2_r1,A,deepseek_pro,commercial,1,59,0.0,0,1,0,0.0,0.0,0.0,
deepseek_pro_b044_P2_r2,A,deepseek_pro,commercial,1,39,0.0,0,1,0,0.0,0.0,0.0,
deepseek_pro_b044_P3_r1,A,deepseek_pro,commercial,1,80,0.0,0,1,0,0.0,0.0,0.0,
deepseek_pro_b044_P3_r2,A,deepseek_pro,commercial,1,85,0.0,0,1,0,0.0,0.0,0.0,
deepseek_pro_b045_P1_r1,A,deepseek_pro,commercial,1,129,0.0,0,1,0,0.0,0.0,1.06383,
deepseek_pro_b045_P1_r2,A,deepseek_pro,commercial,1,104,0.0,0,1,0,0.0,0.0,2.829655,
deepseek_pro_b045_P2_r1,A,deepseek_pro,commercial,1,48,0.0,0,1,0,0.0,0.0,0.0,
deepseek_pro_b045_P2_r2,A,deepseek_pro,commercial,1,50,0.0,0,1,0,0.0,0.0,0.0,
deepseek_pro_b045_P3_r1,A,deepseek_pro,commercial,1,108,0.0,0,1,0,0.0,0.0,0.0,
deepseek_pro_b045_P3_r2,A,deepseek_pro,commercial,1,80,0.0,0,1,0,0.0,0.0,0.0,
gpt_b001_P1_r1,A,gpt,seo,1,95,0.0,0,1,0,0.0,0.0,0.0,
gpt_b001_P1_r2,A,gpt,seo,1,94,0.0,0,1,0,0.0,0.0,0.759301,
gpt_b001_P2_r1,A,gpt,seo,1,78,0.0,0,1,0,0.0,0.0,0.0,
gpt_b001_P2_r2,A,gpt,seo,1,54,0.0,0,1,0,0.0,0.0,0.0,
gpt_b001_P3_r1,A,gpt,seo,1,95,0.0,0,1,0,0.0,0.0,0.0,
gpt_b001_P3_r2,A,gpt,seo,1,92,0.0,0,1,0,0.0,0.0,0.747943,
gpt_b002_P1_r1,A,gpt,seo,1,85,0.0,0,1,0,0.0,0.0,0.0,
gpt_b002_P1_r2,A,gpt,seo,1,74,0.0,0,1,0,0.0,0.0,1.672241,
gpt_b002_P2_r1,A,gpt,seo,1,48,0.0,0,1,0,0.0,0.0,0.0,
gpt_b002_P2_r2,A,gpt,seo,1,63,0.0,0,1,0,0.0,0.0,2.862595,
gpt_b002_P3_r1,A,gpt,seo,1,88,0.0,0,1,0,0.0,0.0,0.0,
gpt_b002_P3_r2,A,gpt,seo,1,87,0.0,0,1,0,0.0,0.0,0.0,
gpt_b003_P1_r1,A,gpt,seo,1,84,0.0,0,1,0,0.0,0.0,0.0,
gpt_b003_P1_r2,A,gpt,seo,1,75,0.0,0,1,0,0.0,0.0,0.0,
gpt_b003_P2_r1,A,gpt,seo,1,64,0.0,0,1,0,0.0,0.0,0.0,
gpt_b003_P2_r2,A,gpt,seo,1,52,0.0,0,1,0,0.0,0.0,0.0,
gpt_b003_P3_r1,A,gpt,seo,1,94,0.0,0,1,0,0.0,0.0,0.0,
gpt_b003_P3_r2,A,gpt,seo,1,78,0.0,0,1,0,0.0,0.0,0.0,
gpt_b004_P1_r1,A,gpt,seo,1,93,0.0,0,1,0,0.0,0.0,0.0,
gpt_b004_P1_r2,A,gpt,seo,1,88,0.0,0,1,0,0.0,0.0,0.0,
gpt_b004_P2_r1,A,gpt,seo,1,61,0.0,0,1,0,0.0,0.0,0.0,
gpt_b004_P2_r2,A,gpt,seo,1,58,0.0,0,1,0,0.0,0.0,0.0,
gpt_b004_P3_r1,A,gpt,seo,1,99,0.0,0,1,0,0.0,0.0,0.0,
gpt_b004_P3_r2,A,gpt,seo,1,26,0.0,0,1,0,0.0,0.0,0.0,
gpt_b005_P1_r1,A,gpt,seo,1,88,0.0,0,1,0,0.0,0.0,0.0,
gpt_b005_P1_r2,A,gpt,seo,1,83,0.0,0,1,0,0.0,0.0,0.0,
gpt_b005_P2_r1,A,gpt,seo,1,67,0.0,0,1,0,0.0,0.0,0.0,
gpt_b005_P2_r2,A,gpt,seo,1,71,0.0,0,1,0,0.0,0.0,0.0,
gpt_b005_P3_r1,A,gpt,seo,1,113,0.0,0,1,0,0.0,0.0,0.0,
gpt_b005_P3_r2,A,gpt,seo,1,99,0.0,0,1,0,0.0,0.0,0.0,
gpt_b006_P1_r1,A,gpt,seo,1,98,0.0,0,1,0,0.0,0.0,0.0,
gpt_b006_P1_r2,A,gpt,seo,1,94,0.0,0,1,0,0.0,0.0,0.0,
gpt_b006_P2_r1,A,gpt,seo,1,68,0.0,0,1,0,0.0,0.0,0.0,
gpt_b006_P2_r2,A,gpt,seo,1,53,0.0,0,1,0,0.0,0.0,0.0,
gpt_b006_P3_r1,A,gpt,seo,1,104,0.0,0,1,0,0.0,0.0,0.0,
gpt_b006_P3_r2,A,gpt,seo,1,82,0.0,0,1,0,0.0,0.0,0.769231,
gpt_b007_P1_r1,A,gpt,seo,1,97,0.0,0,1,0,0.0,0.0,0.0,
gpt_b007_P1_r2,A,gpt,seo,1,105,0.0,0,1,0,0.0,0.0,0.0,
gpt_b007_P2_r1,A,gpt,seo,1,64,0.0,0,1,0,0.0,0.0,0.0,
gpt_b007_P2_r2,A,gpt,seo,1,67,0.0,0,1,0,0.0,0.0,0.0,
gpt_b007_P3_r1,A,gpt,seo,1,98,0.0,0,1,0,0.0,0.0,0.0,
gpt_b007_P3_r2,A,gpt,seo,1,81,0.0,0,1,0,0.0,0.0,0.0,
gpt_b008_P1_r1,A,gpt,seo,1,85,0.0,0,1,0,0.0,0.0,1.466276,
gpt_b008_P1_r2,A,gpt,seo,1,92,0.0,0,1,0,0.0,0.0,1.37741,
gpt_b008_P2_r1,A,gpt,seo,1,51,0.0,0,1,0,0.0,0.0,0.0,
gpt_b008_P2_r2,A,gpt,seo,1,47,0.0,0,1,0,0.0,0.0,0.0,
gpt_b008_P3_r1,A,gpt,seo,1,93,0.0,0,1,0,0.0,0.0,2.218935,
gpt_b008_P3_r2,A,gpt,seo,1,83,0.0,0,1,0,0.0,0.0,0.0,
gpt_b009_P1_r1,A,gpt,seo,1,99,0.0,0,1,0,0.0,0.0,0.650618,
gpt_b009_P1_r2,A,gpt,seo,1,60,0.0,0,1,0,0.0,0.0,0.976562,
gpt_b009_P2_r1,A,gpt,seo,1,56,0.0,0,1,0,0.0,0.0,0.0,
gpt_b009_P2_r2,A,gpt,seo,1,38,0.0,0,1,0,0.0,0.0,0.0,
gpt_b009_P3_r1,A,gpt,seo,1,107,0.0,0,1,0,0.0,0.0,0.604595,
gpt_b009_P3_r2,A,gpt,seo,1,83,0.0,0,1,0,0.0,0.0,1.477105,
gpt_b010_P1_r1,A,gpt,seo,1,77,0.0,0,1,0,0.0,0.0,0.0,
gpt_b010_P1_r2,A,gpt,seo,1,72,0.0,0,1,0,0.0,0.0,0.0,
gpt_b010_P2_r1,A,gpt,seo,1,41,0.0,0,1,0,0.0,0.0,0.0,
gpt_b010_P2_r2,A,gpt,seo,1,66,0.0,0,1,0,0.0,0.0,0.0,
gpt_b010_P3_r1,A,gpt,seo,1,87,0.0,0,1,0,0.0,0.0,0.0,
gpt_b010_P3_r2,A,gpt,seo,1,93,0.0,0,1,0,0.0,0.0,0.0,
gpt_b011_P1_r1,A,gpt,seo,1,109,0.0,0,1,0,0.0,0.0,0.0,
gpt_b011_P1_r2,A,gpt,seo,1,97,0.0,0,1,0,0.0,0.0,0.0,
gpt_b011_P2_r1,A,gpt,seo,1,63,0.0,0,1,0,0.0,0.0,0.0,
gpt_b011_P2_r2,A,gpt,seo,1,76,0.0,0,1,0,0.0,0.0,0.0,
gpt_b011_P3_r1,A,gpt,seo,1,75,0.0,0,1,0,0.0,0.0,0.0,
gpt_b011_P3_r2,A,gpt,seo,1,101,0.0,0,1,0,0.0,0.0,0.0,
gpt_b012_P1_r1,A,gpt,seo,1,128,0.0,0,1,0,0.0,0.0,0.0,
gpt_b012_P1_r2,A,gpt,seo,1,113,0.0,0,1,0,0.0,0.0,0.0,
gpt_b012_P2_r1,A,gpt,seo,1,79,0.0,0,1,0,0.0,0.0,0.0,
gpt_b012_P2_r2,A,gpt,seo,1,66,0.0,0,1,0,0.0,0.0,0.0,
gpt_b012_P3_r1,A,gpt,seo,1,95,0.0,0,1,0,0.0,0.0,0.0,
gpt_b012_P3_r2,A,gpt,seo,1,86,0.0,0,1,0,0.0,0.0,0.0,
gpt_b013_P1_r1,A,gpt,seo,1,71,0.0,0,1,0,0.0,0.0,1.611604,
gpt_b013_P1_r2,A,gpt,seo,1,89,0.0,0,1,0,0.0,0.0,1.246883,
gpt_b013_P2_r1,A,gpt,seo,1,67,0.0,0,1,0,0.0,0.0,0.0,
gpt_b013_P2_r2,A,gpt,seo,1,48,0.0,0,1,0,0.0,0.0,1.187648,
gpt_b013_P3_r1,A,gpt,seo,1,93,0.0,0,1,0,0.0,0.0,0.0,
gpt_b013_P3_r2,A,gpt,seo,1,74,0.0,0,1,0,0.0,0.0,1.430615,
gpt_b014_P1_r1,A,gpt,seo,1,97,0.0,0,1,0,0.0,0.0,0.0,
gpt_b014_P1_r2,A,gpt,seo,1,98,0.0,0,1,0,0.0,0.0,0.0,
gpt_b014_P2_r1,A,gpt,seo,1,75,0.0,0,1,0,0.0,0.0,0.0,
gpt_b014_P2_r2,A,gpt,seo,1,57,0.0,0,1,0,0.0,0.0,0.0,
gpt_b014_P3_r1,A,gpt,seo,1,99,0.0,0,1,0,0.0,0.0,0.0,
gpt_b014_P3_r2,A,gpt,seo,1,95,0.0,0,1,0,0.0,0.0,0.0,
gpt_b015_P1_r1,A,gpt,seo,1,95,0.0,0,1,0,0.0,0.0,0.0,
gpt_b015_P1_r2,A,gpt,seo,1,103,0.0,0,1,0,0.0,0.0,0.0,
gpt_b015_P2_r1,A,gpt,seo,1,64,0.0,0,1,0,0.0,0.0,0.0,
gpt_b015_P2_r2,A,gpt,seo,1,80,0.0,0,1,0,0.0,0.0,0.0,
gpt_b015_P3_r1,A,gpt,seo,1,111,0.0,0,1,0,0.0,0.0,0.0,
gpt_b015_P3_r2,A,gpt,seo,1,87,0.0,0,1,0,0.0,0.0,0.0,
gpt_b016_P1_r1,A,gpt,analytics,1,105,0.0,0,1,0,0.0,0.0,0.0,
gpt_b016_P1_r2,A,gpt,analytics,1,94,0.0,0,1,0,0.0,0.0,0.0,
gpt_b016_P2_r1,A,gpt,analytics,1,59,0.0,0,1,0,0.0,0.0,0.0,
gpt_b016_P2_r2,A,gpt,analytics,1,66,0.0,0,1,0,0.0,0.0,0.0,
gpt_b016_P3_r1,A,gpt,analytics,1,87,0.0,0,1,0,0.0,0.0,0.0,
gpt_b016_P3_r2,A,gpt,analytics,1,95,0.0,0,1,0,0.0,0.0,0.0,
gpt_b017_P1_r1,A,gpt,analytics,1,107,0.0,0,1,0,0.0,0.0,0.0,
gpt_b017_P1_r2,A,gpt,analytics,1,33,0.0,0,1,0,0.0,0.0,0.0,
gpt_b017_P2_r1,A,gpt,analytics,1,87,0.0,0,1,0,0.0,0.0,0.0,
gpt_b017_P2_r2,A,gpt,analytics,1,79,0.0,0,1,0,0.0,0.0,0.0,
gpt_b017_P3_r1,A,gpt,analytics,1,107,0.0,0,1,0,0.0,0.0,0.0,
gpt_b017_P3_r2,A,gpt,analytics,1,112,0.0,0,1,0,0.0,0.0,0.0,
gpt_b018_P1_r1,A,gpt,analytics,1,109,0.0,0,1,0,0.0,0.0,0.0,
gpt_b018_P1_r2,A,gpt,analytics,1,88,0.0,0,1,0,0.0,0.0,0.0,
gpt_b018_P2_r1,A,gpt,analytics,1,87,0.0,0,1,0,0.0,0.0,0.0,
gpt_b018_P2_r2,A,gpt,analytics,1,78,0.0,0,1,0,0.0,0.0,0.0,
gpt_b018_P3_r1,A,gpt,analytics,1,88,0.0,0,1,0,0.0,0.0,0.0,
gpt_b018_P3_r2,A,gpt,analytics,1,97,0.0,0,1,0,0.0,0.0,0.0,
gpt_b019_P1_r1,A,gpt,analytics,1,103,0.0,0,1,0,0.0,0.0,0.0,
gpt_b019_P1_r2,A,gpt,analytics,1,108,0.0,0,1,0,0.0,0.0,0.0,
gpt_b019_P2_r1,A,gpt,analytics,1,78,0.0,0,1,0,0.0,0.0,0.0,
gpt_b019_P2_r2,A,gpt,analytics,1,68,0.0,0,1,0,0.0,0.0,0.0,
gpt_b019_P3_r1,A,gpt,analytics,1,111,0.0,0,1,0,0.0,0.0,0.0,
gpt_b019_P3_r2,A,gpt,analytics,1,112,0.0,0,1,0,0.0,0.0,0.0,
gpt_b020_P1_r1,A,gpt,analytics,1,126,0.0,0,1,0,0.0,0.0,0.0,
gpt_b020_P1_r2,A,gpt,analytics,1,113,0.0,0,1,0,0.0,0.0,0.0,
gpt_b020_P2_r1,A,gpt,analytics,1,70,0.0,0,1,0,0.0,0.0,0.0,
gpt_b020_P2_r2,A,gpt,analytics,1,66,0.0,0,1,0,0.0,0.0,0.0,
gpt_b020_P3_r1,A,gpt,analytics,1,116,0.0,0,1,0,0.0,0.0,0.0,
gpt_b020_P3_r2,A,gpt,analytics,1,113,0.0,0,1,0,0.0,0.0,0.0,
gpt_b021_P1_r1,A,gpt,analytics,1,95,0.0,0,1,0,0.0,0.0,0.0,
gpt_b021_P1_r2,A,gpt,analytics,1,111,0.0,0,1,0,0.0,0.0,0.0,
gpt_b021_P2_r1,A,gpt,analytics,1,52,0.0,0,1,0,0.0,0.0,0.0,
gpt_b021_P2_r2,A,gpt,analytics,1,90,0.0,0,1,0,0.0,0.0,0.0,
gpt_b021_P3_r1,A,gpt,analytics,1,70,0.0,0,1,0,0.0,0.0,0.0,
gpt_b021_P3_r2,A,gpt,analytics,1,91,0.0,0,1,0,0.0,0.0,0.0,
gpt_b022_P1_r1,A,gpt,analytics,1,101,0.0,0,1,0,0.0,0.0,0.0,
gpt_b022_P1_r2,A,gpt,analytics,1,96,0.0,0,1,0,0.0,0.0,0.0,
gpt_b022_P2_r1,A,gpt,analytics,1,85,0.0,0,1,0,0.0,0.0,0.0,
gpt_b022_P2_r2,A,gpt,analytics,1,68,0.0,0,1,0,0.0,0.0,0.0,
gpt_b022_P3_r1,A,gpt,analytics,1,98,0.0,0,1,0,0.0,0.0,0.0,
gpt_b022_P3_r2,A,gpt,analytics,1,83,0.0,0,1,0,0.0,0.0,0.0,
gpt_b023_P1_r1,A,gpt,analytics,1,93,0.0,0,1,0,0.0,0.0,0.0,
gpt_b023_P1_r2,A,gpt,analytics,1,102,0.0,0,1,0,0.0,0.0,0.0,
gpt_b023_P2_r1,A,gpt,analytics,1,69,0.0,0,1,0,0.0,0.0,0.0,
gpt_b023_P2_r2,A,gpt,analytics,1,63,0.0,0,1,0,0.0,0.0,0.0,
gpt_b023_P3_r1,A,gpt,analytics,1,90,0.0,0,1,0,0.0,0.0,1.440922,
gpt_b023_P3_r2,A,gpt,analytics,1,85,0.0,0,1,0,0.0,0.0,0.0,
gpt_b024_P1_r1,A,gpt,analytics,1,107,0.0,0,1,0,0.0,0.0,0.0,
gpt_b024_P1_r2,A,gpt,analytics,1,70,0.0,0,1,0,0.0,0.0,0.0,
gpt_b024_P2_r1,A,gpt,analytics,1,65,0.0,0,1,0,0.0,0.0,0.0,
gpt_b024_P2_r2,A,gpt,analytics,1,72,0.0,0,1,0,0.0,0.0,0.0,
gpt_b024_P3_r1,A,gpt,analytics,1,97,0.0,0,1,0,0.0,0.0,0.0,
gpt_b024_P3_r2,A,gpt,analytics,1,98,0.0,0,1,0,0.0,0.0,0.0,
gpt_b025_P1_r1,A,gpt,analytics,1,115,0.0,0,1,0,0.0,0.0,0.0,
gpt_b025_P1_r2,A,gpt,analytics,1,109,0.0,0,1,0,0.0,0.0,0.0,
gpt_b025_P2_r1,A,gpt,analytics,1,71,0.0,0,1,0,0.0,0.0,0.0,
gpt_b025_P2_r2,A,gpt,analytics,1,74,0.0,0,1,0,0.0,0.0,0.0,
gpt_b025_P3_r1,A,gpt,analytics,1,125,0.0,0,1,0,0.0,0.0,0.0,
gpt_b025_P3_r2,A,gpt,analytics,1,75,0.0,0,1,0,0.0,0.0,0.0,
gpt_b026_P1_r1,A,gpt,analytics,1,106,0.0,0,1,0,0.0,0.0,0.0,
gpt_b026_P1_r2,A,gpt,analytics,1,88,0.0,0,1,0,0.0,0.0,0.0,
gpt_b026_P2_r1,A,gpt,analytics,1,65,0.0,0,1,0,0.0,0.0,0.0,
gpt_b026_P2_r2,A,gpt,analytics,1,68,0.0,0,1,0,0.0,0.0,0.0,
gpt_b026_P3_r1,A,gpt,analytics,1,119,0.0,0,1,0,0.0,0.0,0.0,
gpt_b026_P3_r2,A,gpt,analytics,1,98,0.0,0,1,0,0.0,0.0,0.0,
gpt_b027_P1_r1,A,gpt,analytics,1,94,0.0,0,1,0,0.0,0.0,0.685401,
gpt_b027_P1_r2,A,gpt,analytics,1,100,0.0,0,1,0,0.0,0.0,0.642261,
gpt_b027_P2_r1,A,gpt,analytics,1,59,0.0,0,1,0,0.0,0.0,0.0,
gpt_b027_P2_r2,A,gpt,analytics,1,62,0.0,0,1,0,0.0,0.0,0.0,
gpt_b027_P3_r1,A,gpt,analytics,1,102,0.0,0,1,0,0.0,0.0,0.0,
gpt_b027_P3_r2,A,gpt,analytics,1,103,0.0,0,1,0,0.0,0.0,0.584454,
gpt_b028_P1_r1,A,gpt,analytics,1,92,0.0,0,1,0,0.0,0.0,0.0,
gpt_b028_P1_r2,A,gpt,analytics,1,98,0.0,0,1,0,0.0,0.0,0.0,
gpt_b028_P2_r1,A,gpt,analytics,1,58,0.0,0,1,0,0.0,0.0,0.0,
gpt_b028_P2_r2,A,gpt,analytics,1,45,0.0,0,1,0,0.0,0.0,0.0,
gpt_b028_P3_r1,A,gpt,analytics,1,83,0.0,0,1,0,0.0,0.0,0.0,
gpt_b028_P3_r2,A,gpt,analytics,1,84,0.0,0,1,0,0.0,0.0,0.0,
gpt_b029_P1_r1,A,gpt,analytics,1,112,0.0,0,1,0,0.0,0.0,0.0,
gpt_b029_P1_r2,A,gpt,analytics,1,97,0.0,0,1,0,0.0,0.0,0.0,
gpt_b029_P2_r1,A,gpt,analytics,1,62,0.0,0,1,0,0.0,0.0,0.0,
gpt_b029_P2_r2,A,gpt,analytics,1,87,0.0,0,1,0,0.0,0.0,0.0,
gpt_b029_P3_r1,A,gpt,analytics,1,89,0.0,0,1,0,0.0,0.0,0.0,
gpt_b029_P3_r2,A,gpt,analytics,1,108,0.0,0,1,0,0.0,0.0,0.0,
gpt_b030_P1_r1,A,gpt,analytics,1,130,0.0,0,1,0,0.0,0.0,0.0,
gpt_b030_P1_r2,A,gpt,analytics,1,100,0.0,0,1,0,0.0,0.0,0.0,
gpt_b030_P2_r1,A,gpt,analytics,1,78,0.0,0,1,0,0.0,0.0,0.0,
gpt_b030_P2_r2,A,gpt,analytics,1,82,0.0,0,1,0,0.0,0.0,0.0,
gpt_b030_P3_r1,A,gpt,analytics,1,76,0.0,0,1,0,0.0,0.0,0.0,
gpt_b030_P3_r2,A,gpt,analytics,1,69,0.0,0,1,0,0.0,0.0,0.0,
gpt_b031_P1_r1,A,gpt,commercial,1,79,0.0,0,1,0,0.0,0.0,1.469508,
gpt_b031_P1_r2,A,gpt,commercial,1,65,0.0,0,1,0,0.0,0.0,0.0,
gpt_b031_P2_r1,A,gpt,commercial,1,55,0.0,0,1,0,0.0,0.0,0.0,
gpt_b031_P2_r2,A,gpt,commercial,1,60,0.0,0,1,0,0.0,0.0,0.0,
gpt_b031_P3_r1,A,gpt,commercial,1,74,0.0,0,1,0,0.0,0.0,0.0,
gpt_b031_P3_r2,A,gpt,commercial,1,90,0.0,0,1,0,0.0,0.0,0.0,
gpt_b032_P1_r1,A,gpt,commercial,1,104,0.0,0,1,0,0.0,0.0,0.0,
gpt_b032_P1_r2,A,gpt,commercial,1,71,0.0,0,1,0,0.0,0.0,0.0,
gpt_b032_P2_r1,A,gpt,commercial,1,56,0.0,0,1,0,0.0,0.0,0.0,
gpt_b032_P2_r2,A,gpt,commercial,1,62,0.0,0,1,0,0.0,0.0,0.0,
gpt_b032_P3_r1,A,gpt,commercial,1,85,0.0,0,1,0,0.0,0.0,0.0,
gpt_b032_P3_r2,A,gpt,commercial,1,86,0.0,0,1,0,0.0,0.0,0.0,
gpt_b033_P1_r1,A,gpt,commercial,1,81,0.0,0,1,0,0.0,0.0,0.0,
gpt_b033_P1_r2,A,gpt,commercial,1,98,0.0,0,1,0,0.0,0.0,0.0,
gpt_b033_P2_r1,A,gpt,commercial,1,77,0.0,0,1,0,0.0,0.0,0.0,
gpt_b033_P2_r2,A,gpt,commercial,1,77,0.0,0,1,0,0.0,0.0,0.0,
gpt_b033_P3_r1,A,gpt,commercial,1,114,0.0,0,1,0,0.0,0.0,0.0,
gpt_b033_P3_r2,A,gpt,commercial,1,78,0.0,0,1,0,0.0,0.0,0.0,
gpt_b034_P1_r1,A,gpt,commercial,1,78,0.0,0,1,0,0.0,0.0,0.0,
gpt_b034_P1_r2,A,gpt,commercial,1,69,0.0,0,1,0,0.0,0.0,0.0,
gpt_b034_P2_r1,A,gpt,commercial,1,67,0.0,0,1,0,0.0,0.0,0.0,
gpt_b034_P2_r2,A,gpt,commercial,1,51,0.0,0,1,0,0.0,0.0,0.0,
gpt_b034_P3_r1,A,gpt,commercial,1,77,0.0,0,1,0,0.0,0.0,0.0,
gpt_b034_P3_r2,A,gpt,commercial,1,77,0.0,0,1,0,0.0,0.0,0.0,
gpt_b035_P1_r1,A,gpt,commercial,1,116,0.0,0,1,0,0.0,0.0,0.0,
gpt_b035_P1_r2,A,gpt,commercial,1,114,0.0,0,1,0,0.0,0.0,0.0,
gpt_b035_P2_r1,A,gpt,commercial,1,67,0.0,0,1,0,0.0,0.0,0.0,
gpt_b035_P2_r2,A,gpt,commercial,1,55,0.0,0,1,0,0.0,0.0,0.0,
gpt_b035_P3_r1,A,gpt,commercial,1,99,0.0,0,1,0,0.0,0.0,0.0,
gpt_b035_P3_r2,A,gpt,commercial,1,72,0.0,0,1,0,0.0,0.0,0.0,
gpt_b036_P1_r1,A,gpt,commercial,1,98,0.0,0,1,0,0.0,0.0,0.0,
gpt_b036_P1_r2,A,gpt,commercial,1,104,0.0,0,1,0,0.0,0.0,0.0,
gpt_b036_P2_r1,A,gpt,commercial,1,64,0.0,0,1,0,0.0,0.0,0.0,
gpt_b036_P2_r2,A,gpt,commercial,1,66,0.0,0,1,0,0.0,0.0,0.0,
gpt_b036_P3_r1,A,gpt,commercial,1,89,0.0,0,1,0,0.0,0.0,0.0,
gpt_b036_P3_r2,A,gpt,commercial,1,85,0.0,0,1,0,0.0,0.0,0.0,
gpt_b037_P1_r1,A,gpt,commercial,1,49,0.0,0,1,0,0.0,0.0,0.0,
gpt_b037_P1_r2,A,gpt,commercial,1,79,0.0,0,1,0,0.0,0.0,0.0,
gpt_b037_P2_r1,A,gpt,commercial,1,46,0.0,0,1,0,0.0,0.0,0.0,
gpt_b037_P2_r2,A,gpt,commercial,1,39,0.0,0,1,0,0.0,0.0,0.0,
gpt_b037_P3_r1,A,gpt,commercial,1,98,0.0,0,1,0,0.0,0.0,0.0,
gpt_b037_P3_r2,A,gpt,commercial,1,55,0.0,0,1,0,0.0,0.0,0.0,
gpt_b038_P1_r1,A,gpt,commercial,1,80,0.0,0,1,0,0.0,0.0,0.0,
gpt_b038_P1_r2,A,gpt,commercial,1,94,0.0,0,1,0,0.0,0.0,0.0,
gpt_b038_P2_r1,A,gpt,commercial,1,64,0.0,0,1,0,0.0,0.0,0.0,
gpt_b038_P2_r2,A,gpt,commercial,1,61,0.0,0,1,0,0.0,0.0,0.0,
gpt_b038_P3_r1,A,gpt,commercial,1,70,0.0,0,1,0,0.0,0.0,0.0,
gpt_b038_P3_r2,A,gpt,commercial,1,72,0.0,0,1,0,0.0,0.0,0.0,
gpt_b039_P1_r1,A,gpt,commercial,1,93,0.0,0,1,0,0.0,0.0,0.0,
gpt_b039_P1_r2,A,gpt,commercial,1,82,0.0,0,1,0,0.0,0.0,0.0,
gpt_b039_P2_r1,A,gpt,commercial,1,60,0.0,0,1,0,0.0,0.0,0.0,
gpt_b039_P2_r2,A,gpt,commercial,1,63,0.0,0,1,0,0.0,0.0,0.0,
gpt_b039_P3_r1,A,gpt,commercial,1,68,0.0,0,1,0,0.0,0.0,0.0,
gpt_b039_P3_r2,A,gpt,commercial,1,89,0.0,0,1,0,0.0,0.0,0.0,
gpt_b040_P1_r1,A,gpt,commercial,1,87,0.0,0,1,0,0.0,0.0,0.0,
gpt_b040_P1_r2,A,gpt,commercial,1,85,0.0,0,1,0,0.0,0.0,0.0,
gpt_b040_P2_r1,A,gpt,commercial,1,70,0.0,0,1,0,0.0,0.0,0.0,
gpt_b040_P2_r2,A,gpt,commercial,1,60,0.0,0,1,0,0.0,0.0,0.0,
gpt_b040_P3_r1,A,gpt,commercial,1,55,0.0,0,1,0,0.0,0.0,0.0,
gpt_b040_P3_r2,A,gpt,commercial,1,84,0.0,0,1,0,0.0,0.0,0.0,
gpt_b041_P1_r1,A,gpt,commercial,1,65,0.0,0,1,0,0.0,0.0,0.0,
gpt_b041_P1_r2,A,gpt,commercial,1,77,0.0,0,1,0,0.0,0.0,0.0,
gpt_b041_P2_r1,A,gpt,commercial,1,51,0.0,0,1,0,0.0,0.0,0.0,
gpt_b041_P2_r2,A,gpt,commercial,1,54,0.0,0,1,0,0.0,0.0,0.0,
gpt_b041_P3_r1,A,gpt,commercial,1,68,0.0,0,1,0,0.0,0.0,0.0,
gpt_b041_P3_r2,A,gpt,commercial,1,63,0.0,0,1,0,0.0,0.0,0.0,
gpt_b042_P1_r1,A,gpt,commercial,1,73,0.0,0,1,0,0.0,0.0,0.0,
gpt_b042_P1_r2,A,gpt,commercial,1,90,0.0,0,1,0,0.0,0.0,0.0,
gpt_b042_P2_r1,A,gpt,commercial,1,40,0.0,0,1,0,0.0,0.0,0.0,
gpt_b042_P2_r2,A,gpt,commercial,1,47,0.0,0,1,0,0.0,0.0,0.0,
gpt_b042_P3_r1,A,gpt,commercial,1,74,0.0,0,1,0,0.0,0.0,0.0,
gpt_b042_P3_r2,A,gpt,commercial,1,83,0.0,0,1,0,0.0,0.0,0.0,
gpt_b043_P1_r1,A,gpt,commercial,1,53,0.0,0,1,0,0.0,0.0,0.0,
gpt_b043_P1_r2,A,gpt,commercial,1,42,0.0,0,1,0,0.0,0.0,0.0,
gpt_b043_P2_r1,A,gpt,commercial,1,66,0.0,0,1,0,0.0,0.0,0.0,
gpt_b043_P2_r2,A,gpt,commercial,1,78,0.0,0,1,0,0.0,0.0,0.0,
gpt_b043_P3_r1,A,gpt,commercial,1,110,0.0,0,1,0,0.0,0.0,0.0,
gpt_b043_P3_r2,A,gpt,commercial,1,71,0.0,0,1,0,0.0,0.0,0.0,
gpt_b044_P1_r1,A,gpt,commercial,1,80,0.0,0,1,0,0.0,0.0,0.0,
gpt_b044_P1_r2,A,gpt,commercial,1,73,0.0,0,1,0,0.0,0.0,0.0,
gpt_b044_P2_r1,A,gpt,commercial,1,61,0.0,0,1,0,0.0,0.0,0.0,
gpt_b044_P2_r2,A,gpt,commercial,1,62,0.0,0,1,0,0.0,0.0,0.0,
gpt_b044_P3_r1,A,gpt,commercial,1,73,0.0,0,1,0,0.0,0.0,0.0,
gpt_b044_P3_r2,A,gpt,commercial,1,62,0.0,0,1,0,0.0,0.0,0.0,
gpt_b045_P1_r1,A,gpt,commercial,1,86,0.0,0,1,0,0.0,0.0,0.0,
gpt_b045_P1_r2,A,gpt,commercial,1,62,0.0,0,1,0,0.0,0.0,0.0,
gpt_b045_P2_r1,A,gpt,commercial,1,53,0.0,0,1,0,0.0,0.0,0.0,
gpt_b045_P2_r2,A,gpt,commercial,1,70,0.0,0,1,0,0.0,0.0,0.0,
gpt_b045_P3_r1,A,gpt,commercial,1,89,0.0,0,1,0,0.0,0.0,0.0,
gpt_b045_P3_r2,A,gpt,commercial,1,94,0.0,0,1,0,0.0,0.0,0.0,
human_hard_rusltc_0001,H,rusltc,translation,1,34,0.0,0,1,0,0.0,0.0,0.0,
human_hard_rusltc_0002,H,rusltc,translation,1,53,0.0,0,1,0,0.0,0.0,0.0,
human_hard_rusltc_0003,H,rusltc,translation,1,67,0.0,0,1,0,0.0,0.0,0.0,
human_hard_rusltc_0004,H,rusltc,translation,1,54,0.055556,1,3,1,0.08241,0.0,0.0,
human_hard_rusltc_0005,H,rusltc,translation,1,70,0.0,0,1,0,0.0,0.0,0.0,
human_hard_rusltc_0006,H,rusltc,translation,1,36,0.0,0,1,0,0.0,0.0,0.0,
human_hard_rusltc_0007,H,rusltc,translation,1,98,0.0,0,1,0,0.0,0.0,0.0,
human_hard_rusltc_0008,H,rusltc,translation,1,106,0.0,0,1,0,0.0,0.0,0.0,
human_hard_rusltc_0009,H,rusltc,translation,1,33,0.0,0,1,0,0.0,0.0,0.0,
human_hard_rusltc_0010,H,rusltc,translation,1,39,0.0,0,1,0,0.0,0.0,0.0,
human_hard_rusltc_0011,H,rusltc,translation,1,57,0.0,0,1,0,0.0,0.0,0.0,
human_hard_rusltc_0012,H,rusltc,translation,1,60,0.0,0,1,0,0.0,0.0,0.0,
human_hard_rusltc_0013,H,rusltc,translation,1,68,0.0,0,1,0,0.0,0.0,0.0,
human_hard_rusltc_0014,H,rusltc,translation,1,28,0.0,0,1,0,0.0,0.0,0.0,
human_hard_rusltc_0015,H,rusltc,translation,1,60,0.0,0,1,0,0.0,0.0,0.0,
human_hard_rusltc_0016,H,rusltc,translation,1,154,0.0,0,1,0,0.0,0.0,0.0,
human_hard_rusltc_0017,H,rusltc,translation,1,130,0.0,0,1,0,0.0,0.0,0.0,
human_hard_rusltc_0018,H,rusltc,translation,1,31,0.0,0,1,0,0.0,0.0,0.0,
human_hard_rusltc_0019,H,rusltc,translation,1,52,0.038462,1,2,1,0.019683,0.0,0.0,
human_hard_rusltc_0020,H,rusltc,translation,1,50,0.0,0,1,0,0.0,0.0,0.0,
human_hard_rusltc_0021,H,rusltc,translation,1,28,0.0,0,1,0,0.0,0.0,0.0,
human_hard_rusltc_0022,H,rusltc,translation,1,51,0.0,0,1,0,0.0,0.0,0.0,
human_hard_rusltc_0023,H,rusltc,translation,1,33,0.0,0,1,0,0.0,0.0,0.0,
human_hard_rusltc_0024,H,rusltc,translation,1,33,0.0,0,1,0,0.0,0.0,0.0,
human_hard_rusltc_0025,H,rusltc,translation,1,154,0.0,0,1,0,0.0,0.0,0.0,
human_hard_rusltc_0026,H,rusltc,translation,1,46,0.0,0,1,0,0.0,0.0,0.0,
human_hard_rusltc_0027,H,rusltc,translation,1,63,0.0,0,1,0,0.0,0.0,0.0,
human_hard_rusltc_0028,H,rusltc,translation,1,37,0.0,0,1,0,0.0,0.0,0.0,
human_hard_rusltc_0029,H,rusltc,translation,1,63,0.0,0,1,0,0.0,0.0,0.0,
human_hard_rusltc_0030,H,rusltc,translation,1,55,0.0,0,1,0,0.0,0.0,0.0,
human_hard_rusltc_0031,H,rusltc,translation,1,39,0.0,0,1,0,0.0,0.0,0.0,
human_hard_rusltc_0032,H,rusltc,translation,1,41,0.0,0,1,0,0.0,0.0,0.0,
human_hard_rusltc_0033,H,rusltc,translation,1,39,0.0,0,1,0,0.0,0.0,0.0,
human_hard_rusltc_0034,H,rusltc,translation,1,45,0.0,0,1,0,0.0,0.0,0.0,
human_hard_rusltc_0035,H,rusltc,translation,1,35,0.0,0,1,0,0.0,0.0,0.0,
human_hard_rusltc_0036,H,rusltc,translation,1,33,0.0,0,1,0,0.0,0.0,0.0,
human_hard_rusltc_0037,H,rusltc,translation,1,49,0.0,0,1,0,0.0,0.0,0.0,
human_hard_rusltc_0038,H,rusltc,translation,1,34,0.0,0,1,0,0.0,0.0,0.0,
human_hard_rusltc_0039,H,rusltc,translation,1,33,0.0,0,1,0,0.0,0.0,0.0,
human_hard_rusltc_0040,H,rusltc,translation,1,34,0.0,0,1,0,0.0,0.0,0.0,
human_hard_rusltc_0041,H,rusltc,translation,1,34,0.0,0,1,0,0.0,0.0,0.0,
human_hard_rusltc_0042,H,rusltc,translation,1,40,0.0,0,1,0,0.0,0.0,0.0,
human_hard_rusltc_0043,H,rusltc,translation,1,27,0.0,0,1,0,0.0,0.0,0.0,
human_hard_rusltc_0044,H,rusltc,translation,1,43,0.0,0,1,0,0.0,0.0,0.0,
human_hard_rusltc_0045,H,rusltc,translation,1,39,0.0,0,1,0,0.0,0.0,0.0,
human_hard_rusltc_0046,H,rusltc,translation,1,37,0.0,0,1,0,0.0,0.0,0.0,
human_hard_rusltc_0047,H,rusltc,translation,1,61,0.0,0,1,0,0.0,0.0,0.0,
human_hard_rusltc_0048,H,rusltc,translation,1,44,0.0,0,1,0,0.0,0.0,0.0,
human_hard_rusltc_0049,H,rusltc,translation,1,93,0.0,0,1,0,0.0,0.0,0.0,
human_hard_rusltc_0050,H,rusltc,translation,1,62,0.0,0,1,0,0.0,0.0,0.0,
human_hard_rusltc_0051,H,rusltc,translation,1,89,0.0,0,1,0,0.0,0.0,0.0,
human_hard_rusltc_0052,H,rusltc,translation,1,208,0.0,0,1,0,0.0,0.0,0.0,
human_hard_rusltc_0053,H,rusltc,translation,1,88,0.0,0,1,0,0.0,0.0,0.0,
human_hard_rusltc_0054,H,rusltc,translation,1,82,0.0,0,1,0,0.0,0.0,0.0,
human_hard_rusltc_0055,H,rusltc,translation,1,52,0.0,0,1,0,0.0,0.0,0.0,
human_hard_rusltc_0056,H,rusltc,translation,1,38,0.0,0,1,0,0.0,0.0,0.0,
human_hard_rusltc_0057,H,rusltc,translation,1,51,0.0,0,1,0,0.0,0.0,0.0,
human_hard_rusltc_0058,H,rusltc,translation,1,42,0.0,0,1,0,0.0,0.0,0.0,
human_hard_rusltc_0059,H,rusltc,translation,1,49,0.0,0,1,0,0.0,0.0,0.0,
human_hard_rusltc_0060,H,rusltc,translation,1,49,0.0,0,1,0,0.0,0.0,0.0,
human_hard_rusltc_0061,H,rusltc,translation,1,30,0.0,0,1,0,0.0,0.0,0.0,
human_hard_rusltc_0062,H,rusltc,translation,1,35,0.0,0,1,0,0.0,0.0,0.0,
human_hard_rusltc_0063,H,rusltc,translation,1,108,0.0,0,1,0,0.0,0.0,0.0,
human_hard_rusltc_0064,H,rusltc,translation,1,54,0.0,0,1,0,0.0,0.0,0.0,
human_hard_rusltc_0065,H,rusltc,translation,1,44,0.0,0,1,0,0.0,0.0,0.0,
human_hard_rusltc_0066,H,rusltc,translation,1,149,0.0,0,1,0,0.0,0.0,0.0,
human_hard_rusltc_0067,H,rusltc,translation,1,63,0.0,0,1,0,0.0,0.0,0.0,
human_hard_rusltc_0068,H,rusltc,translation,1,42,0.0,0,1,0,0.0,0.0,0.0,
human_hard_rusltc_0069,H,rusltc,translation,1,57,0.0,0,1,0,0.0,0.0,0.0,
human_hard_rusltc_0070,H,rusltc,translation,1,51,0.0,0,1,0,0.0,0.0,0.0,
human_hard_rusltc_0071,H,rusltc,translation,1,37,0.0,0,1,0,0.0,0.0,0.0,
human_hard_rusltc_0072,H,rusltc,translation,1,44,0.0,0,1,0,0.0,0.0,0.0,
human_hard_rusltc_0073,H,rusltc,translation,1,89,0.0,0,1,0,0.0,0.0,0.0,
human_news_buriy_2014_0001,H,buriy_2014,news,1,59,0.0,0,1,0,0.0,0.0,0.846024,
human_news_buriy_2014_0002,H,buriy_2014,news,1,18,0.0,0,1,0,0.0,0.0,0.0,
human_news_buriy_2014_0003,H,buriy_2014,news,1,42,0.0,0,1,0,0.0,0.0,1.246883,
human_news_buriy_2014_0004,H,buriy_2014,news,1,45,0.0,0,1,0,0.0,0.0,0.0,
human_news_buriy_2014_0005,H,buriy_2014,news,1,41,0.0,0,1,0,0.0,0.0,0.0,
human_news_buriy_2014_0006,H,buriy_2014,news,1,83,0.0,0,1,0,0.0,0.0,0.0,
human_news_buriy_2014_0007,H,buriy_2014,news,1,201,0.0,0,1,0,0.0,0.0,0.0,
human_news_buriy_2014_0008,H,buriy_2014,news,1,63,0.0,0,1,0,0.0,0.0,0.0,
human_news_buriy_2014_0009,H,buriy_2014,news,1,55,0.0,0,1,0,0.0,0.0,0.0,
human_news_buriy_2014_0010,H,buriy_2014,news,1,38,0.0,0,1,0,0.0,0.0,0.0,
human_news_buriy_2014_0011,H,buriy_2014,news,1,78,0.0,0,1,0,0.0,0.0,0.0,
human_news_buriy_2014_0012,H,buriy_2014,news,1,51,0.0,0,1,0,0.0,0.0,0.0,
human_news_buriy_2014_0013,H,buriy_2014,news,1,61,0.0,0,1,0,0.0,0.0,0.0,
human_news_buriy_2014_0014,H,buriy_2014,news,1,75,0.32,12,2,12,0.263188,0.0,0.0,pending
human_news_buriy_2014_0015,H,buriy_2014,news,1,34,0.0,0,1,0,0.0,0.0,0.0,
human_news_buriy_2014_0016,H,buriy_2014,news,1,44,0.0,0,1,0,0.0,0.0,0.0,
human_news_buriy_2014_0017,H,buriy_2014,news,1,81,0.0,0,1,0,0.0,0.0,0.0,
human_news_buriy_2014_0018,H,buriy_2014,news,1,90,0.0,0,1,0,0.0,0.0,0.0,
human_news_buriy_2014_0019,H,buriy_2014,news,1,54,0.0,0,1,0,0.0,0.0,0.0,
human_news_buriy_2014_0020,H,buriy_2014,news,1,49,0.0,0,1,0,0.0,0.0,0.0,
human_news_buriy_2014_0021,H,buriy_2014,news,1,50,0.0,0,1,0,0.0,0.0,0.0,
human_news_buriy_2014_0022,H,buriy_2014,news,1,67,0.0,0,1,0,0.0,0.0,0.0,
human_news_buriy_2014_0023,H,buriy_2014,news,1,48,0.0,0,1,0,0.0,0.0,0.0,
human_news_buriy_2014_0024,H,buriy_2014,news,1,85,0.235294,10,2,10,0.232514,0.0,0.0,pending
human_news_buriy_2014_0025,H,buriy_2014,news,1,73,0.0,0,1,0,0.0,0.0,0.0,
human_news_buriy_2014_0026,H,buriy_2014,news,1,111,0.0,0,1,0,0.0,0.0,0.0,
human_news_buriy_2014_0027,H,buriy_2014,news,1,31,0.0,0,1,0,0.0,0.0,2.594034,
human_news_buriy_2014_0028,H,buriy_2014,news,1,36,0.0,0,1,0,0.0,0.0,0.0,
human_news_buriy_2014_0029,H,buriy_2014,news,1,41,0.0,0,1,0,0.0,0.0,0.0,
human_news_buriy_2014_0030,H,buriy_2014,news,1,54,0.0,0,1,0,0.0,0.0,0.0,
human_news_buriy_2014_0031,H,buriy_2014,news,1,117,0.0,0,1,0,0.0,0.0,0.0,
human_news_buriy_2014_0032,H,buriy_2014,news,1,211,0.0,0,1,0,0.0,0.0,0.0,
human_news_buriy_2014_0033,H,buriy_2014,news,1,121,0.0,0,1,0,0.0,0.0,1.6,
human_news_buriy_2014_0034,H,buriy_2014,news,1,58,0.0,0,1,0,0.0,0.0,0.0,
human_news_buriy_2014_0035,H,buriy_2014,news,1,57,0.0,0,1,0,0.0,0.0,0.0,
human_news_buriy_2014_0036,H,buriy_2014,news,1,58,0.0,0,1,0,0.0,0.0,0.0,
human_news_buriy_2014_0037,H,buriy_2014,news,1,43,0.0,0,1,0,0.0,0.0,0.0,
human_news_buriy_2014_0038,H,buriy_2014,news,1,71,0.0,0,1,0,0.0,0.0,0.0,
human_news_buriy_2014_0039,H,buriy_2014,news,1,82,0.04878,2,2,4,0.046253,0.0,0.0,
human_news_buriy_2014_0040,H,buriy_2014,news,1,61,0.262295,8,2,8,0.314269,0.0,0.0,pending
human_news_buriy_2014_0041,H,buriy_2014,news,1,57,0.0,0,1,0,0.0,0.0,0.0,
human_news_buriy_2014_0042,H,buriy_2014,news,1,62,0.16129,5,2,5,0.165088,0.0,0.870322,pending
human_news_buriy_2014_0043,H,buriy_2014,news,1,129,0.0,0,1,0,0.0,0.0,0.0,
human_news_buriy_2014_0044,H,buriy_2014,news,1,45,0.0,0,1,0,0.0,0.0,0.0,
human_news_buriy_2014_0045,H,buriy_2014,news,1,63,0.31746,10,2,10,0.254535,0.0,0.0,pending
human_news_buriy_2014_0046,H,buriy_2014,news,1,57,0.0,0,1,0,0.0,0.0,0.0,
human_news_buriy_2014_0047,H,buriy_2014,news,1,63,0.0,0,1,0,0.0,0.0,0.0,
human_news_buriy_2014_0048,H,buriy_2014,news,1,38,0.105263,2,2,4,0.098154,0.0,0.0,pending
human_news_buriy_2014_0049,H,buriy_2014,news,1,45,0.0,0,1,0,0.0,0.0,0.0,
human_news_buriy_2014_0050,H,buriy_2014,news,1,98,0.0,0,1,0,0.0,0.0,0.0,
human_news_buriy_2014_0051,H,buriy_2014,news,1,67,0.0,0,1,0,0.0,0.0,0.0,
human_news_buriy_2014_0052,H,buriy_2014,news,1,46,0.0,0,1,0,0.0,0.0,0.0,
human_news_buriy_2014_0053,H,buriy_2014,news,1,41,0.0,0,1,0,0.0,0.0,0.0,
human_news_buriy_2014_0054,H,buriy_2014,news,1,49,0.0,0,1,0,0.0,0.0,0.0,
human_news_buriy_2014_0055,H,buriy_2014,news,1,67,0.0,0,1,0,0.0,0.0,0.0,
human_news_buriy_2014_0056,H,buriy_2014,news,1,76,0.0,0,1,0,0.0,0.0,0.0,
human_news_buriy_2014_0057,H,buriy_2014,news,1,61,0.0,0,1,0,0.0,0.0,0.0,
human_news_buriy_2014_0058,H,buriy_2014,news,1,63,0.0,0,1,0,0.0,0.0,0.0,
human_news_buriy_2014_0059,H,buriy_2014,news,1,38,0.0,0,1,0,0.0,0.0,0.0,
human_news_buriy_2014_0060,H,buriy_2014,news,1,42,0.0,0,1,0,0.0,0.0,0.0,
human_news_gazeta_0001,H,gazeta,news,1,62,0.0,0,1,0,0.0,0.0,0.995025,
human_news_gazeta_0002,H,gazeta,news,1,31,0.0,0,1,0,0.0,0.0,1.398601,
human_news_gazeta_0003,H,gazeta,news,1,32,0.0,0,1,0,0.0,0.0,0.0,
human_news_gazeta_0004,H,gazeta,news,1,46,0.0,0,1,0,0.0,0.0,0.0,
human_news_gazeta_0005,H,gazeta,news,1,32,0.0,0,1,0,0.0,0.0,3.811944,
human_news_gazeta_0006,H,gazeta,news,1,71,0.0,0,1,0,0.0,0.0,3.223207,
human_news_gazeta_0007,H,gazeta,news,1,35,0.0,0,1,0,0.0,0.0,2.673797,
human_news_gazeta_0008,H,gazeta,news,1,57,0.0,0,1,0,0.0,0.0,2.280502,
human_news_gazeta_0009,H,gazeta,news,1,43,0.0,0,1,0,0.0,0.0,1.362398,
human_news_gazeta_0010,H,gazeta,news,1,42,0.0,0,1,0,0.0,0.0,1.99005,
human_news_gazeta_0011,H,gazeta,news,1,40,0.0,0,1,0,0.0,0.0,0.0,
human_news_gazeta_0012,H,gazeta,news,1,49,0.0,0,1,0,0.0,0.0,0.0,
human_news_gazeta_0013,H,gazeta,news,1,61,0.0,0,1,0,0.0,0.0,0.0,
human_news_gazeta_0014,H,gazeta,news,1,43,0.0,0,1,0,0.0,0.0,0.0,
human_news_gazeta_0015,H,gazeta,news,1,57,0.0,0,1,0,0.0,0.0,5.399568,
human_news_gazeta_0016,H,gazeta,news,1,60,0.0,0,1,0,0.0,0.0,0.0,
human_news_gazeta_0017,H,gazeta,news,1,38,0.0,0,1,0,0.0,0.0,0.0,
human_news_gazeta_0018,H,gazeta,news,1,64,0.0,0,1,0,0.0,0.0,0.0,
human_news_gazeta_0019,H,gazeta,news,1,69,0.0,0,1,0,0.0,0.0,0.0,
human_news_gazeta_0020,H,gazeta,news,1,39,0.0,0,1,0,0.0,0.0,1.398601,
human_news_gazeta_0021,H,gazeta,news,1,40,0.0,0,1,0,0.0,0.0,0.0,
human_news_gazeta_0022,H,gazeta,news,1,46,0.0,0,1,0,0.0,0.0,12.004802,
human_news_gazeta_0023,H,gazeta,news,1,56,0.0,0,1,0,0.0,0.0,0.0,
human_news_gazeta_0024,H,gazeta,news,1,47,0.0,0,1,0,0.0,0.0,0.0,
human_news_gazeta_0025,H,gazeta,news,1,43,0.0,0,1,0,0.0,0.0,1.230012,
human_news_gazeta_0026,H,gazeta,news,1,30,0.0,0,1,0,0.0,0.0,1.371742,
human_news_gazeta_0027,H,gazeta,news,1,37,0.0,0,1,0,0.0,0.0,2.275313,
human_news_gazeta_0028,H,gazeta,news,1,36,0.0,0,1,0,0.0,0.0,0.0,
human_news_gazeta_0029,H,gazeta,news,1,71,0.0,0,1,0,0.0,0.0,0.0,
human_news_gazeta_0030,H,gazeta,news,1,43,0.0,0,1,0,0.0,0.0,0.0,
human_news_gazeta_0031,H,gazeta,news,1,50,0.0,0,1,0,0.0,0.0,2.171553,
human_news_gazeta_0032,H,gazeta,news,1,48,0.0,0,1,0,0.0,0.0,0.0,
human_news_gazeta_0033,H,gazeta,news,1,54,0.0,0,1,0,0.0,0.0,1.069519,
human_news_gazeta_0034,H,gazeta,news,1,50,0.0,0,1,0,0.0,0.0,1.020408,
human_news_gazeta_0035,H,gazeta,news,1,41,0.0,0,1,0,0.0,0.0,2.068252,
human_news_gazeta_0036,H,gazeta,news,1,33,0.0,0,1,0,0.0,0.0,0.0,
human_news_gazeta_0037,H,gazeta,news,1,48,0.0,0,1,0,0.0,0.0,0.0,
human_news_gazeta_0038,H,gazeta,news,1,53,0.0,0,1,0,0.0,0.0,0.0,
human_news_gazeta_0039,H,gazeta,news,1,68,0.0,0,1,0,0.0,0.0,0.0,
human_news_gazeta_0040,H,gazeta,news,1,39,0.0,0,1,0,0.0,0.0,2.328289,
human_news_gazeta_0041,H,gazeta,news,1,53,0.0,0,1,0,0.0,0.0,1.809955,
human_news_gazeta_0042,H,gazeta,news,1,57,0.0,0,1,0,0.0,0.0,0.820345,
human_news_gazeta_0043,H,gazeta,news,1,35,0.0,0,1,0,0.0,0.0,5.006258,
human_news_gazeta_0044,H,gazeta,news,1,38,0.0,0,1,0,0.0,0.0,0.0,
human_news_gazeta_0045,H,gazeta,news,1,56,0.0,0,1,0,0.0,0.0,0.921659,
human_news_gazeta_0046,H,gazeta,news,1,48,0.0,0,1,0,0.0,0.0,1.042753,
human_news_gazeta_0047,H,gazeta,news,1,39,0.0,0,1,0,0.0,0.0,1.420455,
human_news_gazeta_0048,H,gazeta,news,1,46,0.0,0,1,0,0.0,0.0,0.0,
human_news_gazeta_0049,H,gazeta,news,1,44,0.0,0,1,0,0.0,0.0,0.0,
human_news_gazeta_0050,H,gazeta,news,1,53,0.0,0,1,0,0.0,0.0,0.953289,
human_news_gazeta_0051,H,gazeta,news,1,53,0.0,0,1,0,0.0,0.0,0.0,
human_news_gazeta_0052,H,gazeta,news,1,52,0.0,0,1,0,0.0,0.0,3.08642,
human_news_gazeta_0053,H,gazeta,news,1,41,0.0,0,1,0,0.0,0.0,0.0,
human_news_gazeta_0054,H,gazeta,news,1,58,0.0,0,1,0,0.0,0.0,1.044932,
human_news_gazeta_0055,H,gazeta,news,1,63,0.0,0,1,0,0.0,0.0,0.0,
human_news_gazeta_0056,H,gazeta,news,1,41,0.0,0,1,0,0.0,0.0,0.0,
human_news_gazeta_0057,H,gazeta,news,1,56,0.0,0,1,0,0.0,0.0,0.0,
human_news_gazeta_0058,H,gazeta,news,1,47,0.0,0,1,0,0.0,0.0,7.237636,
human_news_gazeta_0059,H,gazeta,news,1,38,0.0,0,1,0,0.0,0.0,1.381215,
human_news_gazeta_0060,H,gazeta,news,1,49,0.0,0,1,0,0.0,0.0,2.205072,
human_news_lenta_0001,H,lenta,news,1,34,0.0,0,1,0,0.0,0.0,0.0,
human_news_lenta_0002,H,lenta,news,1,43,0.0,0,1,0,0.0,0.0,3.957784,
human_news_lenta_0004,H,lenta,news,1,32,0.0,0,1,0,0.0,0.0,0.0,
human_news_lenta_0007,H,lenta,news,1,9,0.0,0,1,0,0.0,0.0,0.0,
human_news_lenta_0009,H,lenta,news,1,49,0.0,0,1,0,0.0,0.0,0.0,
human_news_lenta_0010,H,lenta,news,1,78,0.0,0,1,0,0.0,0.0,0.0,
human_news_lenta_0012,H,lenta,news,1,38,0.0,0,1,0,0.0,0.0,0.0,
human_news_lenta_0013,H,lenta,news,1,45,0.0,0,1,0,0.0,0.0,0.0,
human_news_lenta_0014,H,lenta,news,1,46,0.0,0,1,0,0.0,0.0,0.0,
human_news_lenta_0015,H,lenta,news,1,33,0.0,0,1,0,0.0,0.0,1.355014,
human_news_lenta_0016,H,lenta,news,1,71,0.0,0,1,0,0.0,0.0,0.0,
human_news_lenta_0017,H,lenta,news,1,89,0.0,0,1,0,0.0,0.0,0.0,
human_news_lenta_0018,H,lenta,news,1,38,0.0,0,1,0,0.0,0.0,0.0,
human_news_lenta_0021,H,lenta,news,1,61,0.0,0,1,0,0.0,0.0,0.0,
human_news_lenta_0022,H,lenta,news,1,61,0.0,0,1,0,0.0,0.0,0.0,
human_news_lenta_0023,H,lenta,news,1,36,0.0,0,1,0,0.0,0.0,0.0,
human_news_lenta_0024,H,lenta,news,1,43,0.0,0,1,0,0.0,0.0,0.0,
human_news_lenta_0027,H,lenta,news,1,42,0.0,0,1,0,0.0,0.0,1.273885,
human_news_lenta_0029,H,lenta,news,1,41,0.0,0,1,0,0.0,0.0,0.0,
human_news_lenta_0034,H,lenta,news,1,43,0.093023,2,2,2,0.06628,0.0,0.0,
human_news_lenta_0036,H,lenta,news,1,47,0.0,0,1,0,0.0,0.0,0.0,
human_news_lenta_0039,H,lenta,news,1,21,0.0,0,1,0,0.0,0.0,0.0,
human_news_lenta_0040,H,lenta,news,1,36,0.0,0,1,0,0.0,0.0,14.17004,
human_news_lenta_0041,H,lenta,news,1,38,0.0,0,1,0,0.0,0.0,0.0,
human_news_lenta_0042,H,lenta,news,1,34,0.0,0,1,0,0.0,0.0,0.0,
human_news_lenta_0044,H,lenta,news,1,33,0.0,0,1,0,0.0,0.0,0.0,
human_news_lenta_0045,H,lenta,news,1,39,0.0,0,1,0,0.0,0.0,1.068376,
human_news_lenta_0046,H,lenta,news,1,42,0.0,0,1,0,0.0,0.0,0.0,
human_news_lenta_0049,H,lenta,news,1,41,0.0,0,1,0,0.0,0.0,1.412429,
human_news_lenta_0051,H,lenta,news,1,36,0.0,0,1,0,0.0,0.0,0.0,
human_news_lenta_0053,H,lenta,news,1,237,0.0,0,1,0,0.0,0.0,0.838457,
human_news_lenta_0055,H,lenta,news,1,53,0.0,0,1,0,0.0,0.0,0.0,
human_prose_taiga_arzamas_0001,H,taiga_arzamas,prose,1,128,0.0,0,1,0,0.0,0.0,0.0,
human_prose_taiga_arzamas_0002,H,taiga_arzamas,prose,1,68,0.0,0,1,0,0.0,0.0,0.0,
human_prose_taiga_arzamas_0003,H,taiga_arzamas,prose,1,53,0.0,0,1,0,0.0,0.0,0.0,
human_prose_taiga_arzamas_0004,H,taiga_arzamas,prose,1,73,0.0,0,1,0,0.0,0.0,0.0,
human_prose_taiga_arzamas_0005,H,taiga_arzamas,prose,1,74,0.0,0,1,0,0.0,0.0,0.0,
human_prose_taiga_arzamas_0006,H,taiga_arzamas,prose,1,55,0.0,0,1,0,0.0,0.0,0.0,
human_prose_taiga_arzamas_0007,H,taiga_arzamas,prose,1,109,0.0,0,1,0,0.0,0.0,0.0,
human_prose_taiga_arzamas_0008,H,taiga_arzamas,prose,1,85,0.0,0,1,0,0.0,0.0,0.0,
human_prose_taiga_arzamas_0009,H,taiga_arzamas,prose,1,117,0.0,0,1,0,0.0,0.0,0.0,
human_prose_taiga_arzamas_0010,H,taiga_arzamas,prose,1,98,0.0,0,1,0,0.0,0.0,0.0,
human_prose_taiga_arzamas_0011,H,taiga_arzamas,prose,1,57,0.0,0,1,0,0.0,0.0,0.0,
human_prose_taiga_arzamas_0012,H,taiga_arzamas,prose,1,225,0.0,0,1,0,0.0,0.0,0.0,
human_prose_taiga_arzamas_0013,H,taiga_arzamas,prose,1,50,0.0,0,1,0,0.0,0.0,0.0,
human_prose_taiga_arzamas_0014,H,taiga_arzamas,prose,1,73,0.0,0,1,0,0.0,0.0,0.0,
human_prose_taiga_arzamas_0015,H,taiga_arzamas,prose,1,125,0.0,0,1,0,0.0,0.0,0.0,
human_prose_taiga_arzamas_0016,H,taiga_arzamas,prose,1,96,0.0,0,1,0,0.0,0.0,0.0,
human_prose_taiga_arzamas_0017,H,taiga_arzamas,prose,1,77,0.0,0,1,0,0.0,0.0,0.0,
human_prose_taiga_arzamas_0018,H,taiga_arzamas,prose,1,56,0.0,0,1,0,0.0,0.0,0.0,
human_prose_taiga_arzamas_0019,H,taiga_arzamas,prose,1,82,0.0,0,1,0,0.0,0.0,0.0,
human_prose_taiga_arzamas_0020,H,taiga_arzamas,prose,1,188,0.0,0,1,0,0.0,0.0,0.0,
human_prose_taiga_arzamas_0021,H,taiga_arzamas,prose,1,81,0.0,0,1,0,0.0,0.0,0.0,
human_prose_taiga_arzamas_0022,H,taiga_arzamas,prose,1,45,0.0,0,1,0,0.0,0.0,0.0,
human_prose_taiga_arzamas_0023,H,taiga_arzamas,prose,1,56,0.0,0,1,0,0.0,0.0,0.0,
human_prose_taiga_arzamas_0024,H,taiga_arzamas,prose,1,67,0.0,0,1,0,0.0,0.0,0.0,
human_prose_taiga_arzamas_0025,H,taiga_arzamas,prose,1,110,0.0,0,1,0,0.0,0.0,0.0,
human_prose_taiga_arzamas_0026,H,taiga_arzamas,prose,1,151,0.0,0,1,0,0.0,0.0,0.0,
human_prose_taiga_arzamas_0027,H,taiga_arzamas,prose,1,100,0.02,1,2,1,0.023665,0.0,0.0,
human_prose_taiga_arzamas_0028,H,taiga_arzamas,prose,1,77,0.0,0,1,0,0.0,0.0,0.0,
human_prose_taiga_arzamas_0029,H,taiga_arzamas,prose,1,127,0.047244,3,2,2,0.021749,0.0,0.0,
human_prose_taiga_arzamas_0030,H,taiga_arzamas,prose,1,36,0.0,0,1,0,0.0,0.0,0.0,
human_prose_taiga_arzamas_0031,H,taiga_arzamas,prose,1,88,0.0,0,1,0,0.0,0.0,0.0,
human_prose_taiga_arzamas_0032,H,taiga_arzamas,prose,1,130,0.0,0,1,0,0.0,0.0,0.0,
human_prose_taiga_arzamas_0033,H,taiga_arzamas,prose,1,78,0.0,0,1,0,0.0,0.0,0.0,
human_prose_taiga_arzamas_0034,H,taiga_arzamas,prose,1,100,0.03,1,3,1,0.012706,0.0,0.0,
human_prose_taiga_arzamas_0035,H,taiga_arzamas,prose,1,74,0.0,0,1,0,0.0,0.0,0.0,
human_prose_taiga_arzamas_0036,H,taiga_arzamas,prose,1,74,0.054054,1,4,1,0.025263,0.0,0.0,
human_prose_taiga_arzamas_0037,H,taiga_arzamas,prose,1,187,0.037433,2,5,1,0.017054,0.0,0.0,
human_prose_taiga_arzamas_0038,H,taiga_arzamas,prose,1,99,0.0,0,1,0,0.0,0.0,0.0,
human_prose_taiga_arzamas_0039,H,taiga_arzamas,prose,1,73,0.0,0,1,0,0.0,0.0,0.0,
human_prose_taiga_arzamas_0040,H,taiga_arzamas,prose,1,90,0.0,0,1,0,0.0,0.0,0.0,
human_prose_taiga_arzamas_0041,H,taiga_arzamas,prose,1,46,0.0,0,1,0,0.0,0.0,0.0,
human_prose_taiga_arzamas_0042,H,taiga_arzamas,prose,1,35,0.0,0,1,0,0.0,0.0,0.0,
human_prose_taiga_arzamas_0043,H,taiga_arzamas,prose,1,117,0.0,0,1,0,0.0,0.0,0.0,
human_prose_taiga_arzamas_0044,H,taiga_arzamas,prose,1,84,0.0,0,1,0,0.0,0.0,0.0,
human_prose_taiga_arzamas_0045,H,taiga_arzamas,prose,1,59,0.0,0,1,0,0.0,0.0,0.0,
human_prose_taiga_arzamas_0046,H,taiga_arzamas,prose,1,34,0.0,0,1,0,0.0,0.0,0.0,
human_prose_taiga_arzamas_0047,H,taiga_arzamas,prose,1,37,0.0,0,1,0,0.0,0.0,0.0,
human_prose_taiga_arzamas_0048,H,taiga_arzamas,prose,1,51,0.0,0,1,0,0.0,0.0,0.0,
human_prose_taiga_arzamas_0049,H,taiga_arzamas,prose,1,84,0.0,0,1,0,0.0,0.0,0.0,
human_prose_taiga_arzamas_0050,H,taiga_arzamas,prose,1,67,0.0,0,1,0,0.0,0.0,0.0,
human_prose_taiga_arzamas_0051,H,taiga_arzamas,prose,1,88,0.0,0,1,0,0.0,0.0,0.0,
human_prose_taiga_arzamas_0052,H,taiga_arzamas,prose,1,54,0.0,0,1,0,0.0,0.0,0.0,
human_prose_taiga_arzamas_0053,H,taiga_arzamas,prose,1,103,0.0,0,1,0,0.0,0.0,0.0,
human_prose_taiga_arzamas_0054,H,taiga_arzamas,prose,1,40,0.0,0,1,0,0.0,0.0,0.0,
human_prose_taiga_arzamas_0055,H,taiga_arzamas,prose,1,70,0.0,0,1,0,0.0,0.0,0.0,
human_prose_taiga_arzamas_0056,H,taiga_arzamas,prose,1,80,0.0,0,1,0,0.0,0.0,0.0,
human_prose_taiga_arzamas_0057,H,taiga_arzamas,prose,1,48,0.0,0,1,0,0.0,0.0,0.0,
human_prose_taiga_arzamas_0058,H,taiga_arzamas,prose,1,31,0.0,0,1,0,0.0,0.0,0.0,
human_prose_taiga_arzamas_0059,H,taiga_arzamas,prose,1,95,0.0,0,1,0,0.0,0.0,0.0,
human_prose_taiga_arzamas_0060,H,taiga_arzamas,prose,1,176,0.0,0,1,0,0.0,0.0,0.0,
human_prose_taiga_magazines_0001,H,taiga_magazines,prose,1,70,0.0,0,1,0,0.0,0.0,0.0,
human_prose_taiga_magazines_0002,H,taiga_magazines,prose,1,74,0.0,0,1,0,0.0,0.0,0.0,
human_prose_taiga_magazines_0003,H,taiga_magazines,prose,1,236,0.0,0,1,0,0.0,0.0,0.0,
human_prose_taiga_magazines_0004,H,taiga_magazines,prose,1,222,0.0,0,1,0,0.0,0.0,0.0,
human_prose_taiga_magazines_0005,H,taiga_magazines,prose,1,62,0.0,0,1,0,0.0,0.0,0.0,
human_prose_taiga_magazines_0006,H,taiga_magazines,prose,1,55,0.0,0,1,0,0.0,0.0,0.0,
human_prose_taiga_magazines_0007,H,taiga_magazines,prose,1,64,0.0,0,1,0,0.0,0.0,0.0,
human_prose_taiga_magazines_0008,H,taiga_magazines,prose,1,180,0.0,0,1,0,0.0,0.0,0.263158,
human_prose_taiga_magazines_0009,H,taiga_magazines,prose,1,43,0.0,0,1,0,0.0,0.0,0.0,
human_prose_taiga_magazines_0010,H,taiga_magazines,prose,1,79,0.0,0,1,0,0.0,0.0,0.0,
human_prose_taiga_magazines_0011,H,taiga_magazines,prose,1,150,0.0,0,1,0,0.0,0.0,0.0,
human_prose_taiga_magazines_0012,H,taiga_magazines,prose,1,231,0.0,0,1,0,0.0,0.0,0.0,
human_prose_taiga_magazines_0013,H,taiga_magazines,prose,1,56,0.0,0,1,0,0.0,0.0,0.0,
human_prose_taiga_magazines_0014,H,taiga_magazines,prose,1,55,0.0,0,1,0,0.0,0.0,0.0,
human_prose_taiga_magazines_0015,H,taiga_magazines,prose,1,68,0.0,0,1,0,0.0,0.0,0.0,
human_prose_taiga_magazines_0016,H,taiga_magazines,prose,1,247,0.0,0,1,0,0.0,0.0,0.0,
human_prose_taiga_magazines_0017,H,taiga_magazines,prose,1,278,0.0,0,1,0,0.0,0.0,0.0,
human_prose_taiga_magazines_0018,H,taiga_magazines,prose,1,76,0.0,0,1,0,0.0,0.0,0.0,
human_prose_taiga_magazines_0019,H,taiga_magazines,prose,1,74,0.0,0,1,0,0.0,0.0,0.0,
human_prose_taiga_magazines_0020,H,taiga_magazines,prose,1,49,0.0,0,1,0,0.0,0.0,0.0,
human_prose_taiga_magazines_0021,H,taiga_magazines,prose,1,74,0.0,0,1,0,0.0,0.0,0.0,
human_prose_taiga_magazines_0022,H,taiga_magazines,prose,1,96,0.0,0,1,0,0.0,0.0,0.557724,
human_prose_taiga_magazines_0023,H,taiga_magazines,prose,1,166,0.012048,1,2,1,0.006636,0.0,0.571592,
human_prose_taiga_magazines_0024,H,taiga_magazines,prose,1,119,0.0,0,1,0,0.0,0.0,0.0,
human_prose_taiga_magazines_0025,H,taiga_magazines,prose,1,155,0.0,0,1,0,0.0,0.0,0.0,
human_prose_taiga_magazines_0026,H,taiga_magazines,prose,1,220,0.0,0,1,0,0.0,0.0,0.0,
human_prose_taiga_magazines_0027,H,taiga_magazines,prose,1,205,0.0,0,1,0,0.0,0.0,1.615509,
human_prose_taiga_magazines_0028,H,taiga_magazines,prose,1,58,0.0,0,1,0,0.0,0.0,4.769475,
human_prose_taiga_magazines_0029,H,taiga_magazines,prose,1,31,0.0,0,1,0,0.0,0.0,0.0,
human_prose_taiga_magazines_0030,H,taiga_magazines,prose,1,212,0.0,0,1,0,0.0,0.0,0.0,
human_prose_taiga_magazines_0031,H,taiga_magazines,prose,1,172,0.0,0,1,0,0.0,0.0,0.0,
human_prose_taiga_magazines_0032,H,taiga_magazines,prose,1,165,0.0,0,1,0,0.0,0.0,0.272554,
human_prose_taiga_magazines_0033,H,taiga_magazines,prose,1,151,0.0,0,1,0,0.0,0.0,0.0,
human_prose_taiga_magazines_0034,H,taiga_magazines,prose,1,128,0.0,0,1,0,0.0,0.0,0.360101,
human_prose_taiga_magazines_0035,H,taiga_magazines,prose,1,277,0.0,0,1,0,0.0,0.0,0.0,
human_prose_taiga_magazines_0036,H,taiga_magazines,prose,1,153,0.0,0,1,0,0.0,0.0,0.0,
human_prose_taiga_magazines_0037,H,taiga_magazines,prose,1,91,0.0,0,1,0,0.0,0.0,0.0,
human_prose_taiga_magazines_0038,H,taiga_magazines,prose,1,166,0.0,0,1,0,0.0,0.0,0.0,
human_prose_taiga_magazines_0039,H,taiga_magazines,prose,1,104,0.0,0,1,0,0.0,0.0,0.0,
human_prose_taiga_magazines_0040,H,taiga_magazines,prose,1,216,0.0,0,1,0,0.0,0.0,0.0,
human_prose_taiga_magazines_0041,H,taiga_magazines,prose,1,94,0.0,0,1,0,0.0,0.0,0.0,
human_prose_taiga_magazines_0042,H,taiga_magazines,prose,1,104,0.0,0,1,0,0.0,0.0,0.0,
human_prose_taiga_magazines_0043,H,taiga_magazines,prose,1,52,0.0,0,1,0,0.0,0.0,0.0,
human_prose_taiga_magazines_0044,H,taiga_magazines,prose,1,142,0.0,0,1,0,0.0,0.0,0.0,
human_prose_taiga_magazines_0045,H,taiga_magazines,prose,1,61,0.0,0,1,0,0.0,0.0,0.0,
human_prose_taiga_magazines_0046,H,taiga_magazines,prose,1,190,0.0,0,1,0,0.0,0.0,0.220702,
human_prose_taiga_magazines_0047,H,taiga_magazines,prose,1,93,0.0,0,1,0,0.0,0.0,0.0,
human_prose_taiga_magazines_0048,H,taiga_magazines,prose,1,173,0.0,0,1,0,0.0,0.0,0.288684,
human_prose_taiga_magazines_0049,H,taiga_magazines,prose,1,95,0.0,0,1,0,0.0,0.0,0.0,
human_prose_taiga_magazines_0050,H,taiga_magazines,prose,1,97,0.0,0,1,0,0.0,0.0,4.026846,
human_prose_taiga_magazines_0051,H,taiga_magazines,prose,1,224,0.0,0,1,0,0.0,0.0,0.0,
human_prose_taiga_magazines_0052,H,taiga_magazines,prose,1,244,0.0,0,1,0,0.0,0.0,1.017501,
human_prose_taiga_magazines_0053,H,taiga_magazines,prose,1,13,0.0,0,1,0,0.0,0.0,0.0,
human_prose_taiga_magazines_0054,H,taiga_magazines,prose,1,96,0.0,0,1,0,0.0,0.0,0.0,
human_prose_taiga_magazines_0055,H,taiga_magazines,prose,1,122,0.0,0,1,0,0.0,0.0,0.0,
human_prose_taiga_magazines_0056,H,taiga_magazines,prose,1,54,0.0,0,1,0,0.0,0.0,0.0,
human_prose_taiga_magazines_0057,H,taiga_magazines,prose,1,54,0.0,0,1,0,0.0,0.0,0.0,
human_prose_taiga_magazines_0058,H,taiga_magazines,prose,1,129,0.0,0,1,0,0.0,0.0,0.0,
human_prose_taiga_magazines_0059,H,taiga_magazines,prose,1,61,0.0,0,1,0,0.0,0.0,0.0,
human_prose_taiga_magazines_0060,H,taiga_magazines,prose,1,194,0.0,0,1,0,0.0,0.0,0.0,
human_prose_taiga_proza_0001,H,taiga_proza,prose,1,261,0.0,0,1,0,0.0,0.0,0.0,
human_prose_taiga_proza_0002,H,taiga_proza,prose,1,70,0.0,0,1,0,0.0,0.0,0.0,
human_prose_taiga_proza_0003,H,taiga_proza,prose,1,57,0.0,0,1,0,0.0,0.0,0.0,
human_prose_taiga_proza_0004,H,taiga_proza,prose,1,95,0.0,0,1,0,0.0,0.0,0.0,
human_prose_taiga_proza_0005,H,taiga_proza,prose,1,63,0.0,0,1,0,0.0,0.0,0.0,
human_prose_taiga_proza_0006,H,taiga_proza,prose,1,49,0.0,0,1,0,0.0,0.0,0.0,
human_prose_taiga_proza_0007,H,taiga_proza,prose,1,37,0.0,0,1,0,0.0,0.0,0.0,
human_prose_taiga_proza_0008,H,taiga_proza,prose,1,109,0.045872,2,3,1,0.028073,0.0,0.0,
human_prose_taiga_proza_0009,H,taiga_proza,prose,1,204,0.0,0,1,0,0.0,0.0,0.0,
human_prose_taiga_proza_0010,H,taiga_proza,prose,1,166,0.048193,4,2,4,0.027922,0.0,0.0,
human_prose_taiga_proza_0011,H,taiga_proza,prose,1,70,0.0,0,1,0,0.0,0.0,0.0,
human_prose_taiga_proza_0012,H,taiga_proza,prose,1,61,0.0,0,1,0,0.0,0.0,0.0,
human_prose_taiga_proza_0013,H,taiga_proza,prose,1,160,0.0,0,1,0,0.0,0.0,3.072871,
human_prose_taiga_proza_0014,H,taiga_proza,prose,1,53,0.0,0,1,0,0.0,0.0,1.430615,
human_prose_taiga_proza_0015,H,taiga_proza,prose,1,85,0.0,0,1,0,0.0,0.0,0.0,
human_prose_taiga_proza_0016,H,taiga_proza,prose,1,45,0.0,0,1,0,0.0,0.0,0.0,
human_prose_taiga_proza_0017,H,taiga_proza,prose,1,34,0.0,0,1,0,0.0,0.0,0.0,
human_prose_taiga_proza_0018,H,taiga_proza,prose,1,74,0.0,0,1,0,0.0,0.0,0.0,
human_prose_taiga_proza_0019,H,taiga_proza,prose,1,67,0.0,0,1,0,0.0,0.0,0.0,
human_prose_taiga_proza_0020,H,taiga_proza,prose,1,58,0.0,0,1,0,0.0,0.0,0.0,
human_prose_taiga_proza_0021,H,taiga_proza,prose,1,58,0.0,0,1,0,0.0,0.0,0.0,
human_prose_taiga_proza_0022,H,taiga_proza,prose,1,194,0.0,0,1,0,0.0,0.0,1.265022,
human_prose_taiga_proza_0023,H,taiga_proza,prose,1,223,0.0,0,1,0,0.0,0.0,0.0,
human_prose_taiga_proza_0024,H,taiga_proza,prose,1,46,0.0,0,1,0,0.0,0.0,0.0,
human_prose_taiga_proza_0025,H,taiga_proza,prose,1,51,0.0,0,1,0,0.0,0.0,0.0,
human_prose_taiga_proza_0026,H,taiga_proza,prose,1,64,0.0,0,1,0,0.0,0.0,0.0,
human_prose_taiga_proza_0027,H,taiga_proza,prose,1,213,0.0,0,1,0,0.0,0.0,0.0,
human_prose_taiga_proza_0028,H,taiga_proza,prose,1,49,0.0,0,1,0,0.0,0.0,0.0,
human_prose_taiga_proza_0029,H,taiga_proza,prose,1,142,0.0,0,1,0,0.0,0.0,0.0,
human_prose_taiga_proza_0030,H,taiga_proza,prose,1,100,0.0,0,1,0,0.0,0.0,0.0,
human_prose_taiga_proza_0031,H,taiga_proza,prose,1,105,0.0,0,1,0,0.0,0.0,0.0,
human_prose_taiga_proza_0032,H,taiga_proza,prose,1,56,0.0,0,1,0,0.0,0.0,0.0,
human_prose_taiga_proza_0033,H,taiga_proza,prose,1,109,0.0,0,1,0,0.0,0.0,1.070091,
human_prose_taiga_proza_0034,H,taiga_proza,prose,1,46,0.0,0,1,0,0.0,0.0,0.0,
human_prose_taiga_proza_0035,H,taiga_proza,prose,1,80,0.0,0,1,0,0.0,0.0,0.0,
human_prose_taiga_proza_0036,H,taiga_proza,prose,1,126,0.015873,1,2,1,0.010915,0.0,0.0,
human_prose_taiga_proza_0037,H,taiga_proza,prose,1,40,0.0,0,1,0,0.0,0.0,0.0,
human_prose_taiga_proza_0038,H,taiga_proza,prose,1,107,0.0,0,1,0,0.0,0.0,0.0,
human_prose_taiga_proza_0039,H,taiga_proza,prose,1,52,0.0,0,1,0,0.0,0.0,0.0,
human_prose_taiga_proza_0040,H,taiga_proza,prose,1,64,0.0,0,1,0,0.0,0.0,0.0,
human_prose_taiga_proza_0041,H,taiga_proza,prose,1,56,0.0,0,1,0,0.0,0.0,0.0,
human_prose_taiga_proza_0042,H,taiga_proza,prose,1,95,0.0,0,1,0,0.0,0.0,0.0,
human_prose_taiga_proza_0043,H,taiga_proza,prose,1,68,0.0,0,1,0,0.0,0.0,0.0,
human_prose_taiga_proza_0044,H,taiga_proza,prose,1,70,0.0,0,1,0,0.0,0.0,0.0,
human_prose_taiga_proza_0045,H,taiga_proza,prose,1,58,0.0,0,1,0,0.0,0.0,1.234568,
human_prose_taiga_proza_0046,H,taiga_proza,prose,1,55,0.0,0,1,0,0.0,0.0,0.0,
human_prose_taiga_proza_0047,H,taiga_proza,prose,1,41,0.0,0,1,0,0.0,0.0,0.0,
human_prose_taiga_proza_0048,H,taiga_proza,prose,1,70,0.0,0,1,0,0.0,0.0,0.0,
human_prose_taiga_proza_0049,H,taiga_proza,prose,1,44,0.0,0,1,0,0.0,0.0,0.0,
human_prose_taiga_proza_0050,H,taiga_proza,prose,1,52,0.0,0,1,0,0.0,0.0,0.0,
human_prose_taiga_proza_0051,H,taiga_proza,prose,1,214,0.0,0,1,0,0.0,0.0,0.0,
human_prose_taiga_proza_0052,H,taiga_proza,prose,1,27,0.0,0,1,0,0.0,0.0,0.0,
human_prose_taiga_proza_0053,H,taiga_proza,prose,1,73,0.0,0,1,0,0.0,0.0,0.0,
human_prose_taiga_proza_0054,H,taiga_proza,prose,1,42,0.0,0,1,0,0.0,0.0,0.0,
human_prose_taiga_proza_0055,H,taiga_proza,prose,1,57,0.0,0,1,0,0.0,0.0,0.0,
human_prose_taiga_proza_0056,H,taiga_proza,prose,1,61,0.0,0,1,0,0.0,0.0,0.0,
human_prose_taiga_proza_0057,H,taiga_proza,prose,1,101,0.019802,1,2,1,0.011825,0.0,0.585138,
human_prose_taiga_proza_0058,H,taiga_proza,prose,1,78,0.0,0,1,0,0.0,0.0,0.0,
human_prose_taiga_proza_0059,H,taiga_proza,prose,1,120,0.0,0,1,0,0.0,0.0,0.0,
human_prose_taiga_proza_0060,H,taiga_proza,prose,1,67,0.0,0,1,0,0.0,0.0,0.0,
human_science_cyberleninka_0001,H,cyberleninka,science,1,165,0.0,0,1,0,0.0,0.0,0.0,
human_science_cyberleninka_0002,H,cyberleninka,science,1,117,0.0,0,1,0,0.0,0.0,0.0,
human_science_cyberleninka_0003,H,cyberleninka,science,1,83,0.0,0,1,0,0.0,0.0,0.0,
human_science_cyberleninka_0004,H,cyberleninka,science,1,59,0.0,0,1,0,0.0,0.0,0.0,
human_science_cyberleninka_0005,H,cyberleninka,science,1,46,0.0,0,1,0,0.0,0.0,0.0,
human_science_cyberleninka_0006,H,cyberleninka,science,1,43,0.0,0,1,0,0.0,0.0,0.0,
human_science_cyberleninka_0007,H,cyberleninka,science,1,32,0.0,0,1,0,0.0,0.0,0.0,
human_science_cyberleninka_0008,H,cyberleninka,science,1,121,0.0,0,1,0,0.0,0.0,0.0,
human_science_cyberleninka_0009,H,cyberleninka,science,1,63,0.0,0,1,0,0.0,0.0,0.0,
human_science_cyberleninka_0010,H,cyberleninka,science,1,31,0.0,0,1,0,0.0,0.0,0.0,
human_science_cyberleninka_0011,H,cyberleninka,science,1,48,0.083333,2,2,2,0.088843,0.0,0.0,
human_science_cyberleninka_0013,H,cyberleninka,science,1,75,0.0,0,1,0,0.0,0.0,0.0,
human_science_cyberleninka_0014,H,cyberleninka,science,1,247,0.0,0,1,0,0.0,0.0,0.0,
human_science_cyberleninka_0015,H,cyberleninka,science,1,75,0.0,0,1,0,0.0,0.0,0.0,
human_science_cyberleninka_0016,H,cyberleninka,science,1,76,0.0,0,1,0,0.0,0.0,0.0,
human_science_cyberleninka_0017,H,cyberleninka,science,1,43,0.0,0,1,0,0.0,0.0,6.198347,
human_science_cyberleninka_0018,H,cyberleninka,science,1,93,0.0,0,1,0,0.0,0.0,0.0,
human_science_cyberleninka_0019,H,cyberleninka,science,1,72,0.0,0,1,0,0.0,0.0,0.0,
human_science_cyberleninka_0020,H,cyberleninka,science,1,113,0.0,0,1,0,0.0,0.0,0.0,
human_science_cyberleninka_0021,H,cyberleninka,science,1,115,0.0,0,1,0,0.0,0.0,0.0,
human_science_cyberleninka_0022,H,cyberleninka,science,1,63,0.0,0,1,0,0.0,0.0,0.0,
human_science_cyberleninka_0023,H,cyberleninka,science,1,104,0.0,0,1,0,0.0,0.0,0.0,
human_science_cyberleninka_0024,H,cyberleninka,science,1,109,0.0,0,1,0,0.0,0.0,0.0,
human_science_cyberleninka_0025,H,cyberleninka,science,1,48,0.0,0,1,0,0.0,0.0,0.0,
human_science_cyberleninka_0026,H,cyberleninka,science,1,69,0.0,0,1,0,0.0,0.0,0.0,
human_science_cyberleninka_0027,H,cyberleninka,science,1,62,0.0,0,1,0,0.0,0.0,0.0,
human_science_cyberleninka_0028,H,cyberleninka,science,1,177,0.0,0,1,0,0.0,0.0,0.32041,
human_science_cyberleninka_0029,H,cyberleninka,science,1,135,0.0,0,1,0,0.0,0.0,0.0,
human_science_cyberleninka_0030,H,cyberleninka,science,1,115,0.0,0,1,0,0.0,0.0,0.992063,
human_science_cyberleninka_0031,H,cyberleninka,science,1,60,0.0,0,1,0,0.0,0.0,0.0,
human_science_cyberleninka_0032,H,cyberleninka,science,1,47,0.0,0,1,0,0.0,0.0,0.0,
human_science_cyberleninka_0033,H,cyberleninka,science,1,100,0.0,0,1,0,0.0,0.0,0.0,
human_science_cyberleninka_0034,H,cyberleninka,science,1,73,0.0,0,1,0,0.0,0.0,0.0,
human_science_cyberleninka_0035,H,cyberleninka,science,1,50,0.0,0,1,0,0.0,0.0,0.0,
human_science_cyberleninka_0036,H,cyberleninka,science,1,117,0.0,0,1,0,0.0,0.0,0.0,
human_science_cyberleninka_0037,H,cyberleninka,science,1,40,0.0,0,1,0,0.0,0.0,0.0,
human_science_cyberleninka_0038,H,cyberleninka,science,1,59,0.0,0,1,0,0.0,0.0,0.0,
human_science_cyberleninka_0039,H,cyberleninka,science,1,31,0.0,0,1,0,0.0,0.0,0.0,
human_science_cyberleninka_0040,H,cyberleninka,science,1,99,0.040404,1,4,2,0.016025,0.333333,0.0,
human_science_cyberleninka_0041,H,cyberleninka,science,1,57,0.0,0,1,0,0.0,0.0,0.0,
human_science_cyberleninka_0042,H,cyberleninka,science,1,104,0.0,0,1,0,0.0,0.0,0.0,
human_science_cyberleninka_0043,H,cyberleninka,science,1,80,0.0,0,1,0,0.0,0.0,0.0,
human_science_cyberleninka_0044,H,cyberleninka,science,1,61,0.0,0,1,0,0.0,0.0,0.0,
human_science_cyberleninka_0045,H,cyberleninka,science,1,150,0.0,0,1,0,0.0,0.0,0.0,
human_science_cyberleninka_0046,H,cyberleninka,science,1,66,0.0,0,1,0,0.0,0.0,0.0,
human_science_cyberleninka_0047,H,cyberleninka,science,1,49,0.0,0,1,0,0.0,0.0,0.0,
human_science_cyberleninka_0048,H,cyberleninka,science,1,244,0.028689,3,3,2,0.023823,0.0,0.0,
human_science_cyberleninka_0049,H,cyberleninka,science,1,148,0.013514,1,2,1,0.006442,0.0,0.0,
human_science_cyberleninka_0050,H,cyberleninka,science,1,189,0.0,0,1,0,0.0,0.0,0.0,
human_science_cyberleninka_0051,H,cyberleninka,science,1,77,0.0,0,1,0,0.0,0.0,0.0,
human_science_cyberleninka_0052,H,cyberleninka,science,1,65,0.0,0,1,0,0.0,0.0,0.0,
human_science_cyberleninka_0053,H,cyberleninka,science,1,122,0.0,0,1,0,0.0,0.0,0.64,
human_science_cyberleninka_0054,H,cyberleninka,science,1,41,0.0,0,1,0,0.0,0.0,0.0,
human_science_cyberleninka_0055,H,cyberleninka,science,1,84,0.0,0,1,0,0.0,0.0,0.0,
human_science_cyberleninka_0056,H,cyberleninka,science,1,78,0.0,0,1,0,0.0,0.0,0.0,
human_science_cyberleninka_0057,H,cyberleninka,science,1,124,0.0,0,1,0,0.0,0.0,0.0,
human_science_cyberleninka_0058,H,cyberleninka,science,1,87,0.0,0,1,0,0.0,0.0,0.0,
human_science_cyberleninka_0059,H,cyberleninka,science,1,87,0.0,0,1,0,0.0,0.0,0.0,
human_science_cyberleninka_0060,H,cyberleninka,science,1,72,0.0,0,1,0,0.0,0.0,0.0,
human_science_cyberleninka_0067,H,cyberleninka,science,1,90,0.0,0,1,0,0.0,0.0,0.0,
human_science_spbgu_0001,H,spbgu,science,1,65,0.0,0,1,0,0.0,0.0,0.0,
human_science_spbgu_0002,H,spbgu,science,1,288,0.0,0,1,0,0.0,0.0,0.0,
human_science_spbgu_0003,H,spbgu,science,1,82,0.0,0,1,0,0.0,0.0,0.0,
human_science_spbgu_0004,H,spbgu,science,1,18,0.0,0,1,0,0.0,0.0,0.0,
human_science_spbgu_0005,H,spbgu,science,1,52,0.0,0,1,0,0.0,0.0,0.0,
human_science_spbgu_0006,H,spbgu,science,1,127,0.031496,2,2,1,0.011392,0.0,0.0,
human_science_spbgu_0007,H,spbgu,science,1,117,0.0,0,1,0,0.0,0.0,0.0,
human_science_spbgu_0008,H,spbgu,science,1,99,0.0,0,1,0,0.0,0.0,0.638978,
human_science_spbgu_0009,H,spbgu,science,1,179,0.0,0,1,0,0.0,0.0,0.0,
human_science_spbgu_0010,H,spbgu,science,1,96,0.020833,1,2,1,0.012193,0.0,0.0,
human_science_spbgu_0011,H,spbgu,science,1,192,0.0,0,1,0,0.0,0.0,0.273075,
human_science_spbgu_0012,H,spbgu,science,1,152,0.0,0,1,0,0.0,0.0,0.0,
human_science_spbgu_0013,H,spbgu,science,1,192,0.010417,1,2,1,0.005829,0.0,0.0,
human_science_spbgu_0014,H,spbgu,science,1,88,0.022727,1,2,1,0.008684,0.0,0.0,
human_science_spbgu_0015,H,spbgu,science,1,230,0.0,0,1,0,0.0,0.0,0.0,
human_science_spbgu_0016,H,spbgu,science,1,87,0.0,0,1,0,0.0,0.0,0.0,
human_science_spbgu_0017,H,spbgu,science,1,221,0.00905,1,2,1,0.004688,0.0,0.0,
human_science_spbgu_0018,H,spbgu,science,1,177,0.039548,3,3,1,0.01704,0.0,0.0,
human_science_spbgu_0019,H,spbgu,science,1,145,0.013793,1,2,1,0.004152,0.0,0.0,
human_science_spbgu_0020,H,spbgu,science,1,113,0.017699,1,2,1,0.005818,0.0,0.0,
human_science_spbgu_0021,H,spbgu,science,1,264,0.015152,2,2,1,0.008611,0.0,0.0,
human_science_spbgu_0022,H,spbgu,science,1,158,0.0,0,1,0,0.0,0.0,0.0,
human_science_spbgu_0023,H,spbgu,science,1,108,0.018519,1,2,1,0.010624,0.0,0.0,
human_science_spbgu_0024,H,spbgu,science,1,152,0.013158,1,2,1,0.007735,0.0,0.0,
human_science_spbgu_0025,H,spbgu,science,1,113,0.0,0,1,0,0.0,0.0,0.0,
human_science_spbgu_0026,H,spbgu,science,1,200,0.02,2,2,1,0.009296,0.0,0.0,
human_science_spbgu_0027,H,spbgu,science,1,48,0.0,0,1,0,0.0,0.0,0.0,
human_science_spbgu_0028,H,spbgu,science,1,189,0.0,0,1,0,0.0,0.0,0.0,
human_science_spbgu_0029,H,spbgu,science,1,235,0.008511,1,2,1,0.004725,0.0,0.0,
human_science_spbgu_0030,H,spbgu,science,1,70,0.0,0,1,0,0.0,0.0,0.606061,
human_science_spbgu_0031,H,spbgu,science,1,119,0.0,0,1,0,0.0,0.0,0.0,
human_science_spbgu_0032,H,spbgu,science,1,175,0.0,0,1,0,0.0,0.0,0.0,
human_science_spbgu_0033,H,spbgu,science,1,41,0.0,0,1,0,0.0,0.0,0.0,
human_science_spbgu_0034,H,spbgu,science,1,80,0.0,0,1,0,0.0,0.0,0.0,
human_science_spbgu_0035,H,spbgu,science,1,148,0.0,0,1,0,0.0,0.0,0.0,
human_science_spbgu_0036,H,spbgu,science,1,177,0.056497,5,2,2,0.044061,0.2,0.0,
human_science_spbgu_0037,H,spbgu,science,1,212,0.04717,5,2,1,0.017219,0.0,0.0,
human_science_spbgu_0038,H,spbgu,science,1,145,0.013793,1,2,1,0.004826,0.0,0.0,
human_science_spbgu_0039,H,spbgu,science,1,156,0.025641,2,2,1,0.022945,0.0,0.0,
human_science_spbgu_0040,H,spbgu,science,1,182,0.032967,3,2,1,0.03101,0.0,0.0,
human_science_spbgu_0041,H,spbgu,science,1,83,0.048193,2,2,1,0.020934,0.0,0.0,
human_science_spbgu_0042,H,spbgu,science,1,207,0.135266,11,8,9,0.063102,0.117647,0.0,pending
human_science_spbgu_0043,H,spbgu,science,1,198,0.0,0,1,0,0.0,0.0,0.0,
human_science_spbgu_0044,H,spbgu,science,1,204,0.117647,12,2,11,0.056505,0.0,0.0,pending
human_science_spbgu_0045,H,spbgu,science,1,215,0.009302,1,2,1,0.013516,0.0,0.0,
human_science_spbgu_0046,H,spbgu,science,1,163,0.0,0,1,0,0.0,0.0,0.282167,
human_science_spbgu_0048,H,spbgu,science,1,162,0.0,0,1,0,0.0,0.0,0.0,
human_science_spbgu_0049,H,spbgu,science,1,160,0.0,0,1,0,0.0,0.0,0.0,
human_science_spbgu_0050,H,spbgu,science,1,203,0.019704,2,2,1,0.005787,0.0,0.0,
human_science_spbgu_0054,H,spbgu,science,1,107,0.037383,2,2,1,0.022203,0.0,0.369413,
human_science_spbgu_0055,H,spbgu,science,1,207,0.024155,2,3,2,0.009034,0.0,0.0,
human_science_spbgu_0057,H,spbgu,science,1,77,0.0,0,1,0,0.0,0.0,0.0,
human_science_spbgu_0059,H,spbgu,science,1,156,0.064103,5,2,1,0.027353,0.0,0.0,
human_science_spbgu_0060,H,spbgu,science,1,59,0.0,0,1,0,0.0,0.0,0.71736,
human_science_spbgu_0061,H,spbgu,science,1,172,0.093023,8,2,3,0.042339,0.0,0.0,
human_science_spbgu_0062,H,spbgu,science,1,178,0.129213,10,5,5,0.050933,0.153846,0.0,pending
human_science_spbgu_0063,H,spbgu,science,1,182,0.021978,2,2,2,0.013474,0.5,0.543478,
human_science_spbgu_0064,H,spbgu,science,1,256,0.0,0,1,0,0.0,0.0,0.0,
human_science_spbgu_0065,H,spbgu,science,1,183,0.0,0,1,0,0.0,0.0,0.0,
human_science_urfu_0001,H,urfu,science,1,225,0.0,0,1,0,0.0,0.0,0.0,
human_science_urfu_0002,H,urfu,science,1,149,0.0,0,1,0,0.0,0.0,1.203369,
human_science_urfu_0003,H,urfu,science,1,259,0.007722,1,2,1,0.007005,0.0,3.430532,
human_science_urfu_0004,H,urfu,science,1,152,0.0,0,1,0,0.0,0.0,0.481116,
human_science_urfu_0005,H,urfu,science,1,266,0.0,0,1,0,0.0,0.0,1.650505,
human_science_urfu_0006,H,urfu,science,1,221,0.0,0,1,0,0.0,0.0,1.275239,
human_science_urfu_0007,H,urfu,science,1,263,0.0,0,1,0,0.0,0.0,0.0,
human_science_urfu_0008,H,urfu,science,1,142,0.0,0,1,0,0.0,0.0,0.0,
human_science_urfu_0009,H,urfu,science,1,160,0.0,0,1,0,0.0,0.0,0.625978,
human_science_urfu_0010,H,urfu,science,1,223,0.0,0,1,0,0.0,0.0,0.251256,
human_science_urfu_0011,H,urfu,science,1,205,0.0,0,1,0,0.0,0.0,0.0,
human_science_urfu_0012,H,urfu,science,1,180,0.011111,1,2,1,0.004798,0.0,1.191611,
human_science_urfu_0013,H,urfu,science,1,155,0.012903,1,2,1,0.008374,0.0,0.236686,
human_science_urfu_0014,H,urfu,science,1,101,0.0,0,1,0,0.0,0.0,0.0,
human_science_urfu_0015,H,urfu,science,1,159,0.0,0,1,0,0.0,0.0,1.959504,
human_science_urfu_0016,H,urfu,science,1,253,0.0,0,1,0,0.0,0.0,0.0,
human_science_urfu_0017,H,urfu,science,1,178,0.0,0,1,0,0.0,0.0,0.0,
human_science_urfu_0018,H,urfu,science,1,159,0.0,0,1,0,0.0,0.0,0.239406,
human_science_urfu_0019,H,urfu,science,1,227,0.0,0,1,0,0.0,0.0,1.810865,
human_science_urfu_0020,H,urfu,science,1,217,0.018433,2,2,2,0.024647,0.0,0.210349,
human_science_urfu_0021,H,urfu,science,1,216,0.009259,1,2,1,0.00256,0.0,0.0,
human_science_urfu_0022,H,urfu,science,1,197,0.010152,1,2,1,0.003295,0.0,0.0,
human_science_urfu_0023,H,urfu,science,1,117,0.017094,1,2,1,0.005179,0.0,0.0,
human_science_urfu_0024,H,urfu,science,1,186,0.0,0,1,0,0.0,0.0,0.0,
human_science_urfu_0025,H,urfu,science,1,183,0.0,0,1,0,0.0,0.0,2.554575,
human_science_urfu_0026,H,urfu,science,1,218,0.0,0,1,0,0.0,0.0,0.0,
human_science_urfu_0027,H,urfu,science,1,212,0.018868,2,2,1,0.009057,0.0,0.886721,
human_science_urfu_0028,H,urfu,science,1,224,0.017857,2,2,2,0.009003,0.5,0.0,
human_science_urfu_0029,H,urfu,science,1,193,0.0,0,1,0,0.0,0.0,0.829703,
human_science_urfu_0030,H,urfu,science,1,251,0.0,0,1,0,0.0,0.0,0.215983,
human_science_urfu_0031,H,urfu,science,1,116,0.068966,4,2,2,0.05853,0.0,0.517331,
human_science_urfu_0032,H,urfu,science,1,205,0.009756,1,2,1,0.002768,0.0,0.0,
human_science_urfu_0033,H,urfu,science,1,225,0.0,0,1,0,0.0,0.0,0.0,
human_science_urfu_0034,H,urfu,science,1,163,0.0,0,1,0,0.0,0.0,0.772201,
human_science_urfu_0035,H,urfu,science,1,198,0.010101,1,2,1,0.003492,0.0,0.0,
human_science_urfu_0036,H,urfu,science,1,240,0.0,0,1,0,0.0,0.0,0.0,
human_science_urfu_0037,H,urfu,science,1,176,0.0,0,1,0,0.0,0.0,0.0,
human_science_urfu_0038,H,urfu,science,1,139,0.0,0,1,0,0.0,0.0,0.0,
human_science_urfu_0039,H,urfu,science,1,137,0.116788,8,2,3,0.082493,0.0,2.281211,pending
human_science_urfu_0040,H,urfu,science,1,105,0.0,0,1,0,0.0,0.0,0.0,
human_science_urfu_0041,H,urfu,science,1,134,0.0,0,1,0,0.0,0.0,1.646671,
human_science_urfu_0042,H,urfu,science,1,49,0.0,0,1,0,0.0,0.0,2.811621,
human_science_urfu_0043,H,urfu,science,1,109,0.0,0,1,0,0.0,0.0,1.194268,
human_science_urfu_0044,H,urfu,science,1,250,0.0,0,1,0,0.0,0.0,0.210526,
human_science_urfu_0045,H,urfu,science,1,128,0.0,0,1,0,0.0,0.0,1.031992,
human_science_urfu_0046,H,urfu,science,1,180,0.0,0,1,0,0.0,0.0,0.237192,
human_science_urfu_0047,H,urfu,science,1,272,0.058824,8,2,2,0.040149,0.0,0.0,
human_science_urfu_0048,H,urfu,science,1,91,0.0,0,1,0,0.0,0.0,0.0,
human_seo_alaev_0001,H,alaev,seo,1,49,0.0,0,1,0,0.0,0.0,0.0,
human_seo_alaev_0002,H,alaev,seo,1,71,0.028169,1,2,1,0.018054,0.0,0.0,
human_seo_alaev_0003,H,alaev,seo,1,59,0.0,0,1,0,0.0,0.0,0.0,
human_seo_alaev_0004,H,alaev,seo,1,133,0.0,0,1,0,0.0,0.0,0.0,
human_seo_alaev_0005,H,alaev,seo,1,36,0.0,0,1,0,0.0,0.0,0.0,
human_seo_alaev_0006,H,alaev,seo,1,66,0.0,0,1,0,0.0,0.0,0.0,
human_seo_alaev_0007,H,alaev,seo,1,47,0.0,0,1,0,0.0,0.0,0.0,
human_seo_alaev_0008,H,alaev,seo,1,64,0.0,0,1,0,0.0,0.0,0.0,
human_seo_alaev_0009,H,alaev,seo,1,109,0.0,0,1,0,0.0,0.0,0.0,
human_seo_alaev_0010,H,alaev,seo,1,45,0.0,0,1,0,0.0,0.0,0.0,
human_seo_alaev_0011,H,alaev,seo,1,29,0.0,0,1,0,0.0,0.0,0.0,
human_seo_alaev_0012,H,alaev,seo,1,55,0.036364,1,2,1,0.018229,0.0,0.0,
human_seo_alaev_0013,H,alaev,seo,1,51,0.0,0,1,0,0.0,0.0,1.10011,
human_seo_alaev_0014,H,alaev,seo,1,71,0.0,0,1,0,0.0,0.0,0.0,
human_seo_alaev_0015,H,alaev,seo,1,36,0.055556,1,2,2,0.030473,1.0,0.0,
human_seo_alaev_0016,H,alaev,seo,1,53,0.0,0,1,0,0.0,0.0,0.0,
human_seo_alaev_0017,H,alaev,seo,1,43,0.0,0,1,0,0.0,0.0,2.518892,
human_seo_alaev_0018,H,alaev,seo,1,87,0.0,0,1,0,0.0,0.0,0.378501,
human_seo_alaev_0019,H,alaev,seo,1,97,0.0,0,1,0,0.0,0.0,0.0,
human_seo_alaev_0020,H,alaev,seo,1,57,0.0,0,1,0,0.0,0.0,0.0,
human_seo_alaev_0021,H,alaev,seo,1,63,0.0,0,1,0,0.0,0.0,0.0,
human_seo_convertmonster_0001,H,convertmonster,seo,1,29,0.137931,1,4,1,0.076763,0.0,0.0,pending
human_seo_devaka_ru_0001,H,devaka_ru,seo,1,29,0.0,0,1,0,0.0,0.0,0.0,
human_seo_devaka_ru_0002,H,devaka_ru,seo,1,27,0.0,0,1,0,0.0,0.0,0.0,
human_seo_devaka_ru_0003,H,devaka_ru,seo,1,45,0.0,0,1,0,0.0,0.0,0.0,
human_seo_devaka_ru_0004,H,devaka_ru,seo,1,48,0.0,0,1,0,0.0,0.0,0.0,
human_seo_devaka_ru_0005,H,devaka_ru,seo,1,91,0.0,0,1,0,0.0,0.0,0.0,
human_seo_devaka_ru_0006,H,devaka_ru,seo,1,86,0.0,0,1,0,0.0,0.0,0.0,
human_seo_devaka_ru_0007,H,devaka_ru,seo,1,89,0.0,0,1,0,0.0,0.0,0.0,
human_seo_devaka_ru_0008,H,devaka_ru,seo,1,36,0.0,0,1,0,0.0,0.0,0.0,
human_seo_devaka_ru_0009,H,devaka_ru,seo,1,165,0.024242,2,2,2,0.016978,0.0,0.338181,
human_seo_devaka_ru_0011,H,devaka_ru,seo,1,38,0.0,0,1,0,0.0,0.0,0.0,
human_seo_devaka_ru_0012,H,devaka_ru,seo,1,48,0.0,0,1,0,0.0,0.0,3.397508,
human_seo_devaka_ru_0013,H,devaka_ru,seo,1,29,0.0,0,1,0,0.0,0.0,7.029877,
human_seo_devaka_ru_0014,H,devaka_ru,seo,1,36,0.0,0,1,0,0.0,0.0,0.0,
human_seo_devaka_ru_0017,H,devaka_ru,seo,1,54,0.0,0,1,0,0.0,0.0,0.0,
human_seo_devaka_ru_0018,H,devaka_ru,seo,1,135,0.0,0,1,0,0.0,0.0,0.0,
human_seo_devaka_ru_0019,H,devaka_ru,seo,1,27,0.148148,2,2,1,0.062906,0.0,1.529052,pending
human_seo_devaka_ru_0020,H,devaka_ru,seo,1,95,0.0,0,1,0,0.0,0.0,0.566251,
human_seo_devaka_ru_0021,H,devaka_ru,seo,1,116,0.103448,6,2,6,0.069535,0.0,0.0,pending
human_seo_devaka_ru_0022,H,devaka_ru,seo,1,106,0.09434,5,2,10,0.138509,0.0,1.47929,
human_seo_devaka_ru_0023,H,devaka_ru,seo,1,51,0.0,0,1,0,0.0,0.0,0.987167,
human_seo_devaka_ru_0024,H,devaka_ru,seo,1,86,0.093023,4,2,8,0.119667,0.0,0.0,
human_seo_devaka_ru_0025,H,devaka_ru,seo,1,68,0.0,0,1,0,0.0,0.0,0.0,
human_seo_devaka_ru_0026,H,devaka_ru,seo,1,90,0.0,0,1,0,0.0,0.0,0.0,
human_seo_devaka_ru_0027,H,devaka_ru,seo,1,76,0.131579,5,2,10,0.129635,0.0,0.711238,pending
human_seo_devaka_ru_0028,H,devaka_ru,seo,1,84,0.0,0,1,0,0.0,0.0,0.0,
human_seo_devaka_ru_0029,H,devaka_ru,seo,1,64,0.0,0,1,0,0.0,0.0,0.0,
human_seo_devaka_ru_0030,H,devaka_ru,seo,1,62,0.0,0,1,0,0.0,0.0,0.87108,
human_seo_devaka_ru_0031,H,devaka_ru,seo,1,59,0.0,0,1,0,0.0,0.0,0.0,
human_seo_devaka_ru_0032,H,devaka_ru,seo,1,70,0.0,0,1,0,0.0,0.0,0.74184,
human_seo_devaka_ru_0033,H,devaka_ru,seo,1,50,0.0,0,1,0,0.0,0.0,0.0,
human_seo_devaka_ru_0034,H,devaka_ru,seo,1,58,0.0,0,1,0,0.0,0.0,2.340094,
human_seo_devaka_ru_0035,H,devaka_ru,seo,1,49,0.0,0,1,0,0.0,0.0,0.0,
human_seo_devaka_ru_0036,H,devaka_ru,seo,1,44,0.0,0,1,0,0.0,0.0,0.0,
human_seo_drmax_0001,H,drmax,seo,1,43,0.0,0,1,0,0.0,0.0,0.0,
human_seo_drmax_0002,H,drmax,seo,1,122,0.0,0,1,0,0.0,0.0,0.0,
human_seo_drmax_0003,H,drmax,seo,1,92,0.0,0,1,0,0.0,0.0,0.0,
human_seo_drmax_0004,H,drmax,seo,1,115,0.0,0,1,0,0.0,0.0,0.503778,
human_seo_drmax_0005,H,drmax,seo,1,109,0.0,0,1,0,0.0,0.0,0.0,
human_seo_drmax_0006,H,drmax,seo,1,150,0.0,0,1,0,0.0,0.0,0.793336,
human_seo_drmax_0007,H,drmax,seo,1,103,0.0,0,1,0,0.0,0.0,0.0,
human_seo_drmax_0009,H,drmax,seo,1,49,0.0,0,1,0,0.0,0.0,1.443001,
human_seo_drmax_0010,H,drmax,seo,1,178,0.0,0,1,0,0.0,0.0,0.0,
human_seo_drmax_0011,H,drmax,seo,1,135,0.0,0,1,0,0.0,0.0,0.0,
human_seo_drmax_0012,H,drmax,seo,1,156,0.0,0,1,0,0.0,0.0,0.0,
human_seo_drmax_0013,H,drmax,seo,1,89,0.157303,7,2,7,0.166212,0.0,1.517451,pending
human_seo_drmax_0014,H,drmax,seo,1,92,0.0,0,1,0,0.0,0.0,0.0,
human_seo_drmax_0015,H,drmax,seo,1,126,0.0,0,1,0,0.0,0.0,0.0,
human_seo_drmax_0016,H,drmax,seo,1,74,0.0,0,1,0,0.0,0.0,0.0,
human_seo_drmax_0017,H,drmax,seo,1,138,0.0,0,1,0,0.0,0.0,0.410678,
human_seo_drmax_0018,H,drmax,seo,1,189,0.0,0,1,0,0.0,0.0,0.686813,
human_seo_drmax_0019,H,drmax,seo,1,166,0.0,0,1,0,0.0,0.0,0.0,
human_seo_drmax_0020,H,drmax,seo,1,108,0.0,0,1,0,0.0,0.0,0.0,
human_seo_drmax_0021,H,drmax,seo,1,101,0.0,0,1,0,0.0,0.0,0.0,
human_seo_drmax_0024,H,drmax,seo,1,142,0.105634,7,3,4,0.081816,0.0,0.435161,pending
human_seo_drmax_0025,H,drmax,seo,1,136,0.0,0,1,0,0.0,0.0,0.84246,
human_seo_drmax_su_0001,H,drmax_su,seo,1,44,0.0,0,1,0,0.0,0.0,3.10559,
human_seo_drmax_su_0002,H,drmax_su,seo,1,136,0.0,0,1,0,0.0,0.0,0.84246,
human_seo_drmax_su_0003,H,drmax_su,seo,1,52,0.0,0,1,0,0.0,0.0,1.28041,
human_seo_drmax_su_0004,H,drmax_su,seo,1,217,0.009217,1,2,1,0.006191,0.0,0.0,
human_seo_drmax_su_0005,H,drmax_su,seo,1,134,0.0,0,1,0,0.0,0.0,0.0,
human_seo_drmax_su_0006,H,drmax_su,seo,1,193,0.0,0,1,0,0.0,0.0,0.0,
human_seo_drmax_su_0007,H,drmax_su,seo,1,78,0.0,0,1,0,0.0,0.0,0.0,
human_seo_drmax_su_0008,H,drmax_su,seo,1,231,0.0,0,1,0,0.0,0.0,0.569963,
human_seo_labrika_0001,H,labrika,seo,1,88,0.0,0,1,0,0.0,0.0,0.0,
human_seo_labrika_0002,H,labrika,seo,1,67,0.0,0,1,0,0.0,0.0,0.0,
human_seo_labrika_0003,H,labrika,seo,1,79,0.0,0,1,0,0.0,0.0,0.0,
human_seo_labrika_0004,H,labrika,seo,1,33,0.0,0,1,0,0.0,0.0,0.0,
human_seo_madcats_0001,H,madcats,seo,1,74,0.0,0,1,0,0.0,0.0,0.0,
human_seo_madcats_0002,H,madcats,seo,1,87,0.0,0,1,0,0.0,0.0,0.0,
human_seo_madcats_0003,H,madcats,seo,1,45,0.0,0,1,0,0.0,0.0,0.0,
human_seo_madcats_0004,H,madcats,seo,1,63,0.0,0,1,0,0.0,0.0,0.0,
human_seo_madcats_0005,H,madcats,seo,1,165,0.206061,17,2,18,0.192792,0.0,0.0,pending
human_seo_madcats_0006,H,madcats,seo,1,61,0.0,0,1,0,0.0,0.0,0.0,
human_seo_madcats_0007,H,madcats,seo,1,82,0.0,0,1,0,0.0,0.0,0.85034,
human_seo_madcats_0008,H,madcats,seo,1,57,0.0,0,1,0,0.0,0.0,0.0,
human_seo_madcats_0009,H,madcats,seo,1,47,0.0,0,1,0,0.0,0.0,1.453488,
human_seo_madcats_0010,H,madcats,seo,1,68,0.0,0,1,0,0.0,0.0,0.0,
human_seo_madcats_0011,H,madcats,seo,1,48,0.0,0,1,0,0.0,0.0,0.0,
human_seo_madcats_0012,H,madcats,seo,1,51,0.0,0,1,0,0.0,0.0,0.0,
human_seo_madcats_0013,H,madcats,seo,1,8,0.0,0,1,0,0.0,0.0,0.0,
human_seo_madcats_0014,H,madcats,seo,1,56,0.0,0,1,0,0.0,0.0,0.0,
human_seo_madcats_0015,H,madcats,seo,1,62,0.0,0,1,0,0.0,0.0,0.0,
human_seo_madcats_0016,H,madcats,seo,1,78,0.0,0,1,0,0.0,0.0,0.0,
human_seo_madcats_0017,H,madcats,seo,1,112,0.053571,3,2,6,0.02631,0.0,1.514387,
human_seo_madcats_0018,H,madcats,seo,1,58,0.0,0,1,0,0.0,0.0,0.0,
human_seo_madcats_0019,H,madcats,seo,1,54,0.0,0,1,0,0.0,0.0,0.0,
human_seo_madcats_0020,H,madcats,seo,1,39,0.0,0,1,0,0.0,0.0,0.0,
human_seo_madcats_0021,H,madcats,seo,1,177,0.0,0,1,0,0.0,0.0,0.743771,
human_seo_madcats_0022,H,madcats,seo,1,74,0.0,0,1,0,0.0,0.0,0.0,
human_seo_madcats_0023,H,madcats,seo,1,63,0.0,0,1,0,0.0,0.0,0.0,
human_seo_madcats_0024,H,madcats,seo,1,44,0.0,0,1,0,0.0,0.0,0.0,
human_seo_madcats_0025,H,madcats,seo,1,82,0.073171,3,2,6,0.046361,0.0,1.976285,
human_seo_madcats_0026,H,madcats,seo,1,42,0.0,0,1,0,0.0,0.0,0.0,
human_seo_madcats_0027,H,madcats,seo,1,165,0.0,0,1,0,0.0,0.0,0.0,
human_seo_madcats_0028,H,madcats,seo,1,173,0.046243,4,2,3,0.037953,0.0,0.0,
human_seo_madcats_0029,H,madcats,seo,1,74,0.0,0,1,0,0.0,0.0,0.0,
human_seo_madcats_0030,H,madcats,seo,1,144,0.027778,2,2,1,0.018435,0.0,0.435161,
human_seo_madcats_ru_0001,H,madcats_ru,seo,1,102,0.0,0,1,0,0.0,0.0,0.0,
human_seo_madcats_ru_0002,H,madcats_ru,seo,1,104,0.0,0,1,0,0.0,0.0,1.06383,
human_seo_madcats_ru_0003,H,madcats_ru,seo,1,64,0.0,0,1,0,0.0,0.0,0.0,
human_seo_madcats_ru_0004,H,madcats_ru,seo,1,145,0.013793,1,2,1,0.005689,0.0,0.0,
human_seo_madcats_ru_0005,H,madcats_ru,seo,1,100,0.0,0,1,0,0.0,0.0,0.0,
human_seo_madcats_ru_0006,H,madcats_ru,seo,1,53,0.0,0,1,0,0.0,0.0,0.0,
human_seo_madcats_ru_0007,H,madcats_ru,seo,1,44,0.0,0,1,0,0.0,0.0,0.0,
human_seo_madcats_ru_0008,H,madcats_ru,seo,1,57,0.0,0,1,0,0.0,0.0,0.0,
human_seo_madcats_ru_0009,H,madcats_ru,seo,1,44,0.0,0,1,0,0.0,0.0,0.0,
human_seo_madcats_ru_0010,H,madcats_ru,seo,1,42,0.047619,1,2,1,0.024422,0.0,0.0,
human_seo_madcats_ru_0012,H,madcats_ru,seo,1,43,0.0,0,1,0,0.0,0.0,0.0,
human_seo_optimizatorsha_ru_0001,H,optimizatorsha_ru,seo,1,46,0.0,0,1,0,0.0,0.0,0.0,
human_seo_optimizatorsha_ru_0002,H,optimizatorsha_ru,seo,1,40,0.0,0,1,0,0.0,0.0,1.369863,
human_seo_optimizatorsha_ru_0003,H,optimizatorsha_ru,seo,1,89,0.044944,2,2,2,0.024587,0.5,0.0,
human_seo_optimizatorsha_ru_0004,H,optimizatorsha_ru,seo,1,44,0.0,0,1,0,0.0,0.0,0.0,
human_seo_optimizatorsha_ru_0005,H,optimizatorsha_ru,seo,1,179,0.022346,2,2,2,0.015277,0.0,0.0,
human_seo_seoprofy_ua_0001,H,seoprofy_ua,seo,1,108,0.0,0,1,0,0.0,0.0,0.446429,
human_seo_seoprofy_ua_0002,H,seoprofy_ua,seo,1,97,0.0,0,1,0,0.0,0.0,0.0,
human_seo_seoprofy_ua_0003,H,seoprofy_ua,seo,1,35,0.0,0,1,0,0.0,0.0,0.0,
human_seo_seopulses_0003,H,seopulses,seo,1,46,0.0,0,1,0,0.0,0.0,2.475248,
human_seo_seopulses_0005,H,seopulses,seo,1,59,0.0,0,1,0,0.0,0.0,16.25,
human_seo_seopulses_0006,H,seopulses,seo,1,60,0.0,0,1,0,0.0,0.0,10.968921,
human_seo_seopulses_0007,H,seopulses,seo,1,48,0.0,0,1,0,0.0,0.0,2.773925,
human_seo_seopulses_0012,H,seopulses,seo,1,50,0.0,0,1,0,0.0,0.0,1.234568,
human_seo_seopulses_0014,H,seopulses,seo,1,95,0.0,0,1,0,0.0,0.0,12.104909,
human_seo_seopulses_0016,H,seopulses,seo,1,48,0.0,0,1,0,0.0,0.0,9.043928,
human_seo_seopulses_0017,H,seopulses,seo,1,110,0.0,0,1,0,0.0,0.0,2.862049,
human_seo_seopulses_0018,H,seopulses,seo,1,95,0.0,0,1,0,0.0,0.0,5.322295,
human_seo_seopulses_0020,H,seopulses,seo,1,52,0.0,0,1,0,0.0,0.0,1.261034,
human_seo_seopulses_0022,H,seopulses,seo,1,34,0.0,0,1,0,0.0,0.0,5.641749,
human_seo_seopulses_0025,H,seopulses,seo,1,32,0.0,0,1,0,0.0,0.0,0.0,
human_seo_seopulses_ru_0001,H,seopulses_ru,seo,1,45,0.0,0,1,0,0.0,0.0,0.0,
human_seo_seopulses_ru_0002,H,seopulses_ru,seo,1,72,0.0,0,1,0,0.0,0.0,0.0,
human_seo_seopulses_ru_0003,H,seopulses_ru,seo,1,33,0.0,0,1,0,0.0,0.0,4.934211,
human_seo_seopulses_ru_0004,H,seopulses_ru,seo,1,11,0.0,0,1,0,0.0,0.0,0.0,
human_seo_seopulses_ru_0005,H,seopulses_ru,seo,1,89,0.0,0,1,0,0.0,0.0,1.309758,
human_seo_shakin_0001,H,shakin,seo,1,70,0.0,0,1,0,0.0,0.0,0.0,
human_seo_shakin_0002,H,shakin,seo,1,56,0.0,0,1,0,0.0,0.0,0.0,
human_seo_shakin_0003,H,shakin,seo,1,69,0.0,0,1,0,0.0,0.0,0.0,
human_seo_shakin_0004,H,shakin,seo,1,66,0.0,0,1,0,0.0,0.0,1.91022,
human_seo_shakin_0005,H,shakin,seo,1,64,0.0,0,1,0,0.0,0.0,0.0,
human_seo_shakin_0007,H,shakin,seo,1,63,0.0,0,1,0,0.0,0.0,0.0,
human_seo_shakin_0008,H,shakin,seo,1,54,0.0,0,1,0,0.0,0.0,0.0,
human_seo_shakin_0009,H,shakin,seo,1,55,0.0,0,1,0,0.0,0.0,1.166861,
human_seo_shakin_0010,H,shakin,seo,1,55,0.0,0,1,0,0.0,0.0,3.194888,
human_seo_shakin_0011,H,shakin,seo,1,57,0.0,0,1,0,0.0,0.0,3.571429,
human_seo_shakin_0012,H,shakin,seo,1,41,0.0,0,1,0,0.0,0.0,0.0,
human_seo_shakin_0013,H,shakin,seo,1,56,0.0,0,1,0,0.0,0.0,0.0,
human_seo_shakin_0014,H,shakin,seo,1,65,0.0,0,1,0,0.0,0.0,0.0,
human_seo_shakin_0015,H,shakin,seo,1,60,0.0,0,1,0,0.0,0.0,0.0,
human_seo_shakin_0017,H,shakin,seo,1,121,0.0,0,1,0,0.0,0.0,0.0,
human_seo_shakin_0018,H,shakin,seo,1,103,0.0,0,1,0,0.0,0.0,0.0,
human_seo_shakin_0019,H,shakin,seo,1,49,0.0,0,1,0,0.0,0.0,0.0,
human_seo_shakin_0020,H,shakin,seo,1,48,0.0,0,1,0,0.0,0.0,2.478315,
human_seo_shakin_ru_0001,H,shakin_ru,seo,1,96,0.0,0,1,0,0.0,0.0,0.620347,
human_seo_shakin_ru_0002,H,shakin_ru,seo,1,10,0.0,0,1,0,0.0,0.0,0.0,
human_seo_shakin_ru_0003,H,shakin_ru,seo,1,97,0.0,0,1,0,0.0,0.0,0.0,
human_seo_sosnovskij_0007,H,sosnovskij,seo,1,93,0.0,0,1,0,0.0,0.0,0.0,
human_seo_sosnovskij_0011,H,sosnovskij,seo,1,105,0.0,0,1,0,0.0,0.0,6.320225,
human_seo_sosnovskij_0012,H,sosnovskij,seo,1,166,0.0,0,1,0,0.0,0.0,0.411862,
human_seo_sosnovskij_0015,H,sosnovskij,seo,1,77,0.0,0,1,0,0.0,0.0,0.0,
human_seo_sosnovskij_0016,H,sosnovskij,seo,1,187,0.0,0,1,0,0.0,0.0,0.0,
human_seo_sosnovskij_0019,H,sosnovskij,seo,1,118,0.0,0,1,0,0.0,0.0,1.695873,
human_seo_sosnovskij_0021,H,sosnovskij,seo,1,102,0.0,0,1,0,0.0,0.0,0.0,
human_seo_sosnovskij_0022,H,sosnovskij,seo,1,87,0.0,0,1,0,0.0,0.0,0.0,
human_seo_sosnovskij_0025,H,sosnovskij,seo,1,170,0.023529,2,2,2,0.019416,0.0,0.0,
human_seo_sosnovskij_0028,H,sosnovskij,seo,1,144,0.0,0,1,0,0.0,0.0,0.0,
human_seo_sosnovskij_0029,H,sosnovskij,seo,1,172,0.011628,1,2,1,0.00725,0.0,0.0,
human_seo_sosnovskij_0030,H,sosnovskij,seo,1,125,0.0,0,1,0,0.0,0.0,0.0,
human_seo_sosnovskij_0032,H,sosnovskij,seo,1,87,0.0,0,1,0,0.0,0.0,0.0,
human_seo_sosnovskij_0033,H,sosnovskij,seo,1,135,0.0,0,1,0,0.0,0.0,0.0,
human_seo_sosnovskij_0034,H,sosnovskij,seo,1,154,0.0,0,1,0,0.0,0.0,0.431406,
human_seo_sosnovskij_0035,H,sosnovskij,seo,1,170,0.0,0,1,0,0.0,0.0,0.0,
human_seo_sosnovskij_0036,H,sosnovskij,seo,1,129,0.0,0,1,0,0.0,0.0,0.0,
human_seo_sosnovskij_0037,H,sosnovskij,seo,1,132,0.0,0,1,0,0.0,0.0,0.0,
human_seo_sosnovskij_0039,H,sosnovskij,seo,1,90,0.0,0,1,0,0.0,0.0,2.209131,
human_seo_sosnovskij_ru_0001,H,sosnovskij_ru,seo,1,52,0.0,0,1,0,0.0,0.0,0.0,
human_seo_sosnovskij_ru_0002,H,sosnovskij_ru,seo,1,117,0.0,0,1,0,0.0,0.0,1.255493,
human_seo_sosnovskij_ru_0003,H,sosnovskij_ru,seo,1,12,0.0,0,1,0,0.0,0.0,0.0,
human_seo_sosnovskij_ru_0004,H,sosnovskij_ru,seo,1,86,0.0,0,1,0,0.0,0.0,0.75643,
human_seo_sosnovskij_ru_0005,H,sosnovskij_ru,seo,1,133,0.030075,2,2,2,0.013409,0.0,1.030397,
human_seo_sosnovskij_ru_0006,H,sosnovskij_ru,seo,1,173,0.011561,1,2,2,0.007684,1.0,2.516779,
human_seo_sosnovskij_ru_0007,H,sosnovskij_ru,seo,1,50,0.0,0,1,0,0.0,0.0,0.0,
human_seo_sosnovskij_ru_0010,H,sosnovskij_ru,seo,1,98,0.0,0,1,0,0.0,0.0,0.0,
human_seo_sosnovskij_ru_0011,H,sosnovskij_ru,seo,1,47,0.0,0,1,0,0.0,0.0,0.0,
human_seo_sosnovskij_ru_0012,H,sosnovskij_ru,seo,1,64,0.03125,1,2,1,0.017158,0.0,1.097695,
human_seo_sosnovskij_ru_0013,H,sosnovskij_ru,seo,1,66,0.0,0,1,0,0.0,0.0,0.0,
human_seo_sosnovskij_ru_0014,H,sosnovskij_ru,seo,1,86,0.069767,3,2,1,0.044432,0.0,0.0,
human_seo_sosnovskij_ru_0015,H,sosnovskij_ru,seo,1,56,0.0,0,1,0,0.0,0.0,1.358696,
human_seo_sosnovskij_ru_0018,H,sosnovskij_ru,seo,1,69,0.0,0,1,0,0.0,0.0,0.981354,
human_seo_sosnovskij_ru_0019,H,sosnovskij_ru,seo,1,105,0.0,0,1,0,0.0,0.0,2.121641,
human_seo_sosnovskij_ru_0021,H,sosnovskij_ru,seo,1,75,0.026667,1,2,1,0.013915,0.0,0.0,
human_seo_sosnovskij_ru_0022,H,sosnovskij_ru,seo,1,61,0.0,0,1,0,0.0,0.0,0.0,
human_seo_author_archive_0001,H,author_archive,seo,1,81,0.0,0,1,0,0.0,0.0,0.0,
human_seo_author_archive_0002,H,author_archive,seo,1,126,0.0,0,1,0,0.0,0.0,0.0,
human_seo_author_archive_0003,H,author_archive,seo,1,42,0.0,0,1,0,0.0,0.0,1.392758,
human_seo_author_archive_0004,H,author_archive,seo,1,51,0.0,0,1,0,0.0,0.0,0.0,
human_seo_author_archive_0005,H,author_archive,seo,1,56,0.0,0,1,0,0.0,0.0,0.0,
human_seo_author_archive_0006,H,author_archive,seo,1,239,0.0,0,1,0,0.0,0.0,0.706547,
human_seo_texterra_ru_0001,H,texterra_ru,seo,1,73,0.0,0,1,0,0.0,0.0,0.0,
human_seo_texterra_ru_0002,H,texterra_ru,seo,1,61,0.0,0,1,0,0.0,0.0,0.0,
human_seo_texterra_ru_0003,H,texterra_ru,seo,1,35,0.0,0,1,0,0.0,0.0,0.0,
human_seo_texterra_ru_0004,H,texterra_ru,seo,1,65,0.0,0,1,0,0.0,0.0,0.0,
human_seo_texterra_ru_0005,H,texterra_ru,seo,1,177,0.011299,1,2,1,0.006004,0.0,0.453926,
human_seo_texterra_ru_0006,H,texterra_ru,seo,1,102,0.0,0,1,0,0.0,0.0,1.32626,
human_seo_texterra_ru_0007,H,texterra_ru,seo,1,88,0.0,0,1,0,0.0,0.0,0.0,
human_seo_texterra_ru_0008,H,texterra_ru,seo,1,138,0.0,0,1,0,0.0,0.0,1.844168,
human_seo_texterra_ru_0009,H,texterra_ru,seo,1,83,0.024096,1,2,1,0.020997,0.0,0.0,
human_seo_texterra_ru_0010,H,texterra_ru,seo,1,44,0.0,0,1,0,0.0,0.0,0.0,
human_seo_texterra_ru_0011,H,texterra_ru,seo,1,81,0.0,0,1,0,0.0,0.0,0.0,
human_seo_texterra_ru_0012,H,texterra_ru,seo,1,48,0.0,0,1,0,0.0,0.0,0.0,
human_seo_texterra_ru_0018,H,texterra_ru,seo,1,50,0.0,0,1,0,0.0,0.0,0.0,
nemotron_b001_P1_r1,A,nemotron,seo,1,89,0.0,0,1,0,0.0,0.0,0.887311,
nemotron_b001_P1_r2,A,nemotron,seo,1,104,0.0,0,1,0,0.0,0.0,0.712251,
nemotron_b001_P2_r1,A,nemotron,seo,1,42,0.0,0,1,0,0.0,0.0,0.0,
nemotron_b001_P2_r2,A,nemotron,seo,1,41,0.0,0,1,0,0.0,0.0,1.745201,
nemotron_b001_P3_r1,A,nemotron,seo,1,121,0.0,0,1,0,0.0,0.0,2.010724,
nemotron_b001_P3_r2,A,nemotron,seo,1,121,0.0,0,1,0,0.0,0.0,0.683995,
nemotron_b002_P1_r1,A,nemotron,seo,1,52,0.0,0,1,0,0.0,0.0,1.242236,
nemotron_b002_P1_r2,A,nemotron,seo,1,47,0.0,0,1,0,0.0,0.0,2.688172,
nemotron_b002_P2_r1,A,nemotron,seo,1,41,0.0,0,1,0,0.0,0.0,0.0,
nemotron_b002_P2_r2,A,nemotron,seo,1,42,0.0,0,1,0,0.0,0.0,0.0,
nemotron_b002_P3_r1,A,nemotron,seo,1,71,0.0,0,1,0,0.0,0.0,1.030928,
nemotron_b002_P3_r2,A,nemotron,seo,1,109,0.0,0,1,0,0.0,0.0,1.186944,
nemotron_b003_P1_r1,A,nemotron,seo,1,32,0.0,0,1,0,0.0,0.0,0.0,
nemotron_b003_P1_r2,A,nemotron,seo,1,30,0.0,0,1,0,0.0,0.0,0.0,
nemotron_b003_P2_r1,A,nemotron,seo,1,39,0.0,0,1,0,0.0,0.0,0.0,
nemotron_b003_P2_r2,A,nemotron,seo,1,44,0.0,0,1,0,0.0,0.0,0.0,
nemotron_b003_P3_r1,A,nemotron,seo,1,43,0.0,0,1,0,0.0,0.0,1.650165,
nemotron_b003_P3_r2,A,nemotron,seo,1,56,0.0,0,1,0,0.0,0.0,0.0,
nemotron_b004_P1_r1,A,nemotron,seo,1,59,0.0,0,1,0,0.0,0.0,0.0,
nemotron_b004_P1_r2,A,nemotron,seo,1,83,0.0,0,1,0,0.0,0.0,1.703578,
nemotron_b004_P2_r1,A,nemotron,seo,1,57,0.0,0,1,0,0.0,0.0,0.0,
nemotron_b004_P2_r2,A,nemotron,seo,1,48,0.0,0,1,0,0.0,0.0,0.0,
nemotron_b004_P3_r1,A,nemotron,seo,1,116,0.0,0,1,0,0.0,0.0,0.631313,
nemotron_b004_P3_r2,A,nemotron,seo,1,113,0.0,0,1,0,0.0,0.0,0.629723,
nemotron_b005_P1_r1,A,nemotron,seo,1,77,0.0,0,1,0,0.0,0.0,0.886525,
nemotron_b005_P1_r2,A,nemotron,seo,1,125,0.0,0,1,0,0.0,0.0,0.0,
nemotron_b005_P2_r1,A,nemotron,seo,1,40,0.0,0,1,0,0.0,0.0,0.0,
nemotron_b005_P2_r2,A,nemotron,seo,1,35,0.0,0,1,0,0.0,0.0,0.0,
nemotron_b005_P3_r1,A,nemotron,seo,1,133,0.0,0,1,0,0.0,0.0,0.0,
nemotron_b005_P3_r2,A,nemotron,seo,1,74,0.0,0,1,0,0.0,0.0,0.0,
nemotron_b006_P1_r1,A,nemotron,seo,1,50,0.0,0,1,0,0.0,0.0,1.315789,
nemotron_b006_P1_r2,A,nemotron,seo,1,60,0.0,0,1,0,0.0,0.0,0.0,
nemotron_b006_P2_r1,A,nemotron,seo,1,31,0.0,0,1,0,0.0,0.0,0.0,
nemotron_b006_P2_r2,A,nemotron,seo,1,57,0.0,0,1,0,0.0,0.0,1.265823,
nemotron_b006_P3_r1,A,nemotron,seo,1,65,0.0,0,1,0,0.0,0.0,2.380952,
nemotron_b006_P3_r2,A,nemotron,seo,1,88,0.0,0,1,0,0.0,0.0,2.608696,
nemotron_b007_P1_r1,A,nemotron,seo,1,39,0.0,0,1,0,0.0,0.0,0.0,
nemotron_b007_P1_r2,A,nemotron,seo,1,40,0.0,0,1,0,0.0,0.0,1.631321,
nemotron_b007_P2_r1,A,nemotron,seo,1,29,0.0,0,1,0,0.0,0.0,0.0,
nemotron_b007_P2_r2,A,nemotron,seo,1,41,0.0,0,1,0,0.0,0.0,0.0,
nemotron_b007_P3_r1,A,nemotron,seo,1,56,0.0,0,1,0,0.0,0.0,0.0,
nemotron_b007_P3_r2,A,nemotron,seo,1,50,0.0,0,1,0,0.0,0.0,0.0,
nemotron_b008_P1_r1,A,nemotron,seo,1,58,0.0,0,1,0,0.0,0.0,0.0,
nemotron_b008_P1_r2,A,nemotron,seo,1,60,0.0,0,1,0,0.0,0.0,2.232143,
nemotron_b008_P2_r1,A,nemotron,seo,1,71,0.0,0,1,0,0.0,0.0,1.002004,
nemotron_b008_P2_r2,A,nemotron,seo,1,59,0.0,0,1,0,0.0,0.0,1.081081,
nemotron_b008_P3_r1,A,nemotron,seo,1,49,0.0,0,1,0,0.0,0.0,1.424501,
nemotron_b008_P3_r2,A,nemotron,seo,1,62,0.0,0,1,0,0.0,0.0,1.02145,
nemotron_b009_P1_r1,A,nemotron,seo,1,54,0.0,0,1,0,0.0,0.0,3.640777,
nemotron_b009_P1_r2,A,nemotron,seo,1,49,0.0,0,1,0,0.0,0.0,0.0,
nemotron_b009_P2_r1,A,nemotron,seo,1,30,0.0,0,1,0,0.0,0.0,0.0,
nemotron_b009_P2_r2,A,nemotron,seo,1,35,0.0,0,1,0,0.0,0.0,0.0,
nemotron_b009_P3_r1,A,nemotron,seo,1,103,0.0,0,1,0,0.0,0.0,0.711238,
nemotron_b009_P3_r2,A,nemotron,seo,1,70,0.0,0,1,0,0.0,0.0,0.0,
nemotron_b010_P1_r1,A,nemotron,seo,1,90,0.0,0,1,0,0.0,0.0,0.8,
nemotron_b010_P1_r2,A,nemotron,seo,1,105,0.0,0,1,0,0.0,0.0,0.0,
nemotron_b010_P2_r1,A,nemotron,seo,1,51,0.0,0,1,0,0.0,0.0,0.0,
nemotron_b010_P2_r2,A,nemotron,seo,1,44,0.0,0,1,0,0.0,0.0,0.0,
nemotron_b010_P3_r1,A,nemotron,seo,1,102,0.0,0,1,0,0.0,0.0,0.0,
nemotron_b010_P3_r2,A,nemotron,seo,1,62,0.0,0,1,0,0.0,0.0,1.230012,
nemotron_b011_P1_r1,A,nemotron,seo,1,47,0.0,0,1,0,0.0,0.0,1.597444,
nemotron_b011_P1_r2,A,nemotron,seo,1,31,0.0,0,1,0,0.0,0.0,2.04918,
nemotron_b011_P2_r1,A,nemotron,seo,1,45,0.0,0,1,0,0.0,0.0,3.407155,
nemotron_b011_P2_r2,A,nemotron,seo,1,36,0.0,0,1,0,0.0,0.0,0.0,
nemotron_b011_P3_r1,A,nemotron,seo,1,33,0.0,0,1,0,0.0,0.0,2.150538,
nemotron_b011_P3_r2,A,nemotron,seo,1,58,0.0,0,1,0,0.0,0.0,0.0,
nemotron_b012_P1_r1,A,nemotron,seo,1,32,0.0,0,1,0,0.0,0.0,1.838235,
nemotron_b012_P1_r2,A,nemotron,seo,1,31,0.0,0,1,0,0.0,0.0,1.697793,
nemotron_b012_P2_r1,A,nemotron,seo,1,39,0.0,0,1,0,0.0,0.0,1.43472,
nemotron_b012_P2_r2,A,nemotron,seo,1,40,0.0,0,1,0,0.0,0.0,0.0,
nemotron_b012_P3_r1,A,nemotron,seo,1,20,0.0,0,1,0,0.0,0.0,0.0,
nemotron_b012_P3_r2,A,nemotron,seo,1,66,0.0,0,1,0,0.0,0.0,0.959693,
nemotron_b013_P1_r1,A,nemotron,seo,1,58,0.0,0,1,0,0.0,0.0,0.0,
nemotron_b013_P1_r2,A,nemotron,seo,1,38,0.0,0,1,0,0.0,0.0,1.872659,
nemotron_b013_P2_r1,A,nemotron,seo,1,48,0.0,0,1,0,0.0,0.0,1.506024,
nemotron_b013_P2_r2,A,nemotron,seo,1,33,0.0,0,1,0,0.0,0.0,1.779359,
nemotron_b013_P3_r1,A,nemotron,seo,1,98,0.0,0,1,0,0.0,0.0,0.712758,
nemotron_b013_P3_r2,A,nemotron,seo,1,69,0.0,0,1,0,0.0,0.0,2.712477,
nemotron_b014_P1_r1,A,nemotron,seo,1,71,0.0,0,1,0,0.0,0.0,0.0,
nemotron_b014_P1_r2,A,nemotron,seo,1,56,0.0,0,1,0,0.0,0.0,0.0,
nemotron_b014_P2_r1,A,nemotron,seo,1,55,0.0,0,1,0,0.0,0.0,0.0,
nemotron_b014_P2_r2,A,nemotron,seo,1,53,0.0,0,1,0,0.0,0.0,2.886003,
nemotron_b014_P3_r1,A,nemotron,seo,1,131,0.0,0,1,0,0.0,0.0,1.528273,
nemotron_b014_P3_r2,A,nemotron,seo,1,105,0.0,0,1,0,0.0,0.0,0.678887,
nemotron_b015_P1_r1,A,nemotron,seo,1,49,0.0,0,1,0,0.0,0.0,0.0,
nemotron_b015_P1_r2,A,nemotron,seo,1,56,0.0,0,1,0,0.0,0.0,0.914913,
nemotron_b015_P2_r1,A,nemotron,seo,1,32,0.0,0,1,0,0.0,0.0,0.0,
nemotron_b015_P2_r2,A,nemotron,seo,1,32,0.0,0,1,0,0.0,0.0,0.0,
nemotron_b015_P3_r1,A,nemotron,seo,1,69,0.0,0,1,0,0.0,0.0,0.965251,
nemotron_b015_P3_r2,A,nemotron,seo,1,109,0.0,0,1,0,0.0,0.0,4.159239,
nemotron_b016_P1_r1,A,nemotron,analytics,1,53,0.0,0,1,0,0.0,0.0,4.956629,
nemotron_b016_P1_r2,A,nemotron,analytics,1,46,0.0,0,1,0,0.0,0.0,1.36612,
nemotron_b016_P2_r1,A,nemotron,analytics,1,39,0.0,0,1,0,0.0,0.0,1.862197,
nemotron_b016_P2_r2,A,nemotron,analytics,1,41,0.0,0,1,0,0.0,0.0,0.0,
nemotron_b016_P3_r1,A,nemotron,analytics,1,46,0.0,0,1,0,0.0,0.0,1.362398,
nemotron_b016_P3_r2,A,nemotron,analytics,1,64,0.0,0,1,0,0.0,0.0,0.978474,
nemotron_b017_P1_r1,A,nemotron,analytics,1,103,0.0,0,1,0,0.0,0.0,1.38217,
nemotron_b017_P1_r2,A,nemotron,analytics,1,131,0.0,0,1,0,0.0,0.0,0.556174,
nemotron_b017_P2_r1,A,nemotron,analytics,1,31,0.0,0,1,0,0.0,0.0,2.457002,
nemotron_b017_P2_r2,A,nemotron,analytics,1,40,0.0,0,1,0,0.0,0.0,3.072197,
nemotron_b017_P3_r1,A,nemotron,analytics,1,115,0.0,0,1,0,0.0,0.0,1.269036,
nemotron_b017_P3_r2,A,nemotron,analytics,1,94,0.0,0,1,0,0.0,0.0,2.09937,
nemotron_b018_P1_r1,A,nemotron,analytics,1,122,0.0,0,1,0,0.0,0.0,0.0,
nemotron_b018_P1_r2,A,nemotron,analytics,1,109,0.0,0,1,0,0.0,0.0,0.0,
nemotron_b018_P2_r1,A,nemotron,analytics,1,35,0.0,0,1,0,0.0,0.0,0.0,
nemotron_b018_P2_r2,A,nemotron,analytics,1,91,0.0,0,1,0,0.0,0.0,0.0,
nemotron_b018_P3_r1,A,nemotron,analytics,1,90,0.0,0,1,0,0.0,0.0,0.845309,
nemotron_b018_P3_r2,A,nemotron,analytics,1,125,0.0,0,1,0,0.0,0.0,0.0,
nemotron_b019_P1_r1,A,nemotron,analytics,1,69,0.0,0,1,0,0.0,0.0,0.0,
nemotron_b019_P1_r2,A,nemotron,analytics,1,110,0.0,0,1,0,0.0,0.0,0.0,
nemotron_b019_P2_r1,A,nemotron,analytics,1,32,0.0,0,1,0,0.0,0.0,4.576659,
nemotron_b019_P2_r2,A,nemotron,analytics,1,31,0.0,0,1,0,0.0,0.0,4.056795,
nemotron_b019_P3_r1,A,nemotron,analytics,1,90,0.0,0,1,0,0.0,0.0,0.0,
nemotron_b019_P3_r2,A,nemotron,analytics,1,68,0.0,0,1,0,0.0,0.0,0.0,
nemotron_b020_P1_r1,A,nemotron,analytics,1,69,0.0,0,1,0,0.0,0.0,1.013171,
nemotron_b020_P1_r2,A,nemotron,analytics,1,54,0.0,0,1,0,0.0,0.0,1.355014,
nemotron_b020_P2_r1,A,nemotron,analytics,1,31,0.0,0,1,0,0.0,0.0,0.0,
nemotron_b020_P2_r2,A,nemotron,analytics,1,40,0.0,0,1,0,0.0,0.0,0.0,
nemotron_b020_P3_r1,A,nemotron,analytics,1,111,0.0,0,1,0,0.0,0.0,0.647249,
nemotron_b020_P3_r2,A,nemotron,analytics,1,103,0.0,0,1,0,0.0,0.0,0.0,
nemotron_b021_P1_r1,A,nemotron,analytics,1,67,0.0,0,1,0,0.0,0.0,2.04918,
nemotron_b021_P1_r2,A,nemotron,analytics,1,58,0.0,0,1,0,0.0,0.0,5.13347,
nemotron_b021_P2_r1,A,nemotron,analytics,1,36,0.0,0,1,0,0.0,0.0,6.122449,
nemotron_b021_P2_r2,A,nemotron,analytics,1,53,0.0,0,1,0,0.0,0.0,2.518892,
nemotron_b021_P3_r1,A,nemotron,analytics,1,100,0.0,0,1,0,0.0,0.0,2.894356,
nemotron_b021_P3_r2,A,nemotron,analytics,1,67,0.0,0,1,0,0.0,0.0,3.018109,
nemotron_b022_P1_r1,A,nemotron,analytics,1,64,0.0,0,1,0,0.0,0.0,1.020408,
nemotron_b022_P1_r2,A,nemotron,analytics,1,40,0.0,0,1,0,0.0,0.0,0.0,
nemotron_b022_P2_r1,A,nemotron,analytics,1,43,0.0,0,1,0,0.0,0.0,0.0,
nemotron_b022_P2_r2,A,nemotron,analytics,1,38,0.0,0,1,0,0.0,0.0,2.020202,
nemotron_b022_P3_r1,A,nemotron,analytics,1,83,0.0,0,1,0,0.0,0.0,0.861326,
nemotron_b022_P3_r2,A,nemotron,analytics,1,88,0.0,0,1,0,0.0,0.0,2.347418,
nemotron_b023_P1_r1,A,nemotron,analytics,1,54,0.0,0,1,0,0.0,0.0,4.634994,
nemotron_b023_P1_r2,A,nemotron,analytics,1,28,0.0,0,1,0,0.0,0.0,2.283105,
nemotron_b023_P2_r1,A,nemotron,analytics,1,38,0.0,0,1,0,0.0,0.0,0.0,
nemotron_b023_P2_r2,A,nemotron,analytics,1,39,0.0,0,1,0,0.0,0.0,1.582278,
nemotron_b023_P3_r1,A,nemotron,analytics,1,81,0.0,0,1,0,0.0,0.0,0.849618,
nemotron_b023_P3_r2,A,nemotron,analytics,1,93,0.0,0,1,0,0.0,0.0,4.048583,
nemotron_b024_P1_r1,A,nemotron,analytics,1,31,0.0,0,1,0,0.0,0.0,0.0,
nemotron_b024_P1_r2,A,nemotron,analytics,1,33,0.0,0,1,0,0.0,0.0,0.0,
nemotron_b024_P2_r1,A,nemotron,analytics,1,17,0.0,0,1,0,0.0,0.0,0.0,
nemotron_b024_P2_r2,A,nemotron,analytics,1,43,0.0,0,1,0,0.0,0.0,0.0,
nemotron_b024_P3_r1,A,nemotron,analytics,1,127,0.0,0,1,0,0.0,0.0,2.320186,
nemotron_b024_P3_r2,A,nemotron,analytics,1,16,0.0,0,1,0,0.0,0.0,0.0,
nemotron_b025_P1_r1,A,nemotron,analytics,1,79,0.0,0,1,0,0.0,0.0,0.949668,
nemotron_b025_P1_r2,A,nemotron,analytics,1,56,0.0,0,1,0,0.0,0.0,0.0,
nemotron_b025_P2_r1,A,nemotron,analytics,1,52,0.0,0,1,0,0.0,0.0,1.283697,
nemotron_b025_P2_r2,A,nemotron,analytics,1,67,0.0,0,1,0,0.0,0.0,0.0,
nemotron_b025_P3_r1,A,nemotron,analytics,1,111,0.0,0,1,0,0.0,0.0,1.325381,
nemotron_b025_P3_r2,A,nemotron,analytics,1,104,0.0,0,1,0,0.0,0.0,0.0,
nemotron_b026_P1_r1,A,nemotron,analytics,1,48,0.0,0,1,0,0.0,0.0,0.0,
nemotron_b026_P1_r2,A,nemotron,analytics,1,64,0.0,0,1,0,0.0,0.0,1.071811,
nemotron_b026_P2_r1,A,nemotron,analytics,1,41,0.0,0,1,0,0.0,0.0,1.886792,
nemotron_b026_P2_r2,A,nemotron,analytics,1,36,0.0,0,1,0,0.0,0.0,0.0,
nemotron_b026_P3_r1,A,nemotron,analytics,1,68,0.0,0,1,0,0.0,0.0,1.160093,
nemotron_b026_P3_r2,A,nemotron,analytics,1,111,0.0,0,1,0,0.0,0.0,1.328021,
nemotron_b027_P1_r1,A,nemotron,analytics,1,44,0.0,0,1,0,0.0,0.0,2.81294,
nemotron_b027_P1_r2,A,nemotron,analytics,1,41,0.0,0,1,0,0.0,0.0,0.0,
nemotron_b027_P2_r1,A,nemotron,analytics,1,41,0.0,0,1,0,0.0,0.0,0.0,
nemotron_b027_P2_r2,A,nemotron,analytics,1,38,0.0,0,1,0,0.0,0.0,1.814882,
nemotron_b027_P3_r1,A,nemotron,analytics,1,106,0.0,0,1,0,0.0,0.0,2.77585,
nemotron_b027_P3_r2,A,nemotron,analytics,1,83,0.0,0,1,0,0.0,0.0,0.0,
nemotron_b028_P1_r1,A,nemotron,analytics,1,57,0.0,0,1,0,0.0,0.0,3.355705,
nemotron_b028_P1_r2,A,nemotron,analytics,1,68,0.0,0,1,0,0.0,0.0,0.0,
nemotron_b028_P2_r1,A,nemotron,analytics,1,42,0.0,0,1,0,0.0,0.0,0.0,
nemotron_b028_P2_r2,A,nemotron,analytics,1,43,0.0,0,1,0,0.0,0.0,1.782531,
nemotron_b028_P3_r1,A,nemotron,analytics,1,76,0.0,0,1,0,0.0,0.0,0.929368,
nemotron_b029_P1_r1,A,nemotron,analytics,1,110,0.0,0,1,0,0.0,0.0,0.603865,
nemotron_b029_P1_r2,A,nemotron,analytics,1,88,0.0,0,1,0,0.0,0.0,1.40056,
nemotron_b029_P2_r1,A,nemotron,analytics,1,46,0.0,0,1,0,0.0,0.0,1.526718,
nemotron_b029_P2_r2,A,nemotron,analytics,1,70,0.0,0,1,0,0.0,0.0,2.148228,
nemotron_b029_P3_r1,A,nemotron,analytics,1,63,0.0,0,1,0,0.0,0.0,0.0,
nemotron_b029_P3_r2,A,nemotron,analytics,1,97,0.0,0,1,0,0.0,0.0,1.341382,
nemotron_b030_P1_r1,A,nemotron,analytics,1,79,0.0,0,1,0,0.0,0.0,0.925069,
nemotron_b030_P1_r2,A,nemotron,analytics,1,91,0.0,0,1,0,0.0,0.0,6.69145,
nemotron_b030_P2_r1,A,nemotron,analytics,1,45,0.0,0,1,0,0.0,0.0,1.919386,
nemotron_b030_P2_r2,A,nemotron,analytics,1,37,0.0,0,1,0,0.0,0.0,0.0,
nemotron_b030_P3_r1,A,nemotron,analytics,1,91,0.0,0,1,0,0.0,0.0,0.807103,
nemotron_b030_P3_r2,A,nemotron,analytics,1,77,0.0,0,1,0,0.0,0.0,0.908265,
nemotron_b031_P1_r1,A,nemotron,commercial,1,43,0.0,0,1,0,0.0,0.0,1.428571,
nemotron_b031_P1_r2,A,nemotron,commercial,1,46,0.0,0,1,0,0.0,0.0,0.0,
nemotron_b031_P2_r1,A,nemotron,commercial,1,52,0.0,0,1,0,0.0,0.0,3.636364,
nemotron_b031_P2_r2,A,nemotron,commercial,1,51,0.0,0,1,0,0.0,0.0,1.402525,
nemotron_b031_P3_r1,A,nemotron,commercial,1,65,0.0,0,1,0,0.0,0.0,3.418803,
nemotron_b031_P3_r2,A,nemotron,commercial,1,92,0.0,0,1,0,0.0,0.0,1.328904,
nemotron_b032_P1_r1,A,nemotron,commercial,1,56,0.0,0,1,0,0.0,0.0,1.126126,
nemotron_b032_P1_r2,A,nemotron,commercial,1,65,0.0,0,1,0,0.0,0.0,0.0,
nemotron_b032_P2_r1,A,nemotron,commercial,1,47,0.0,0,1,0,0.0,0.0,0.0,
nemotron_b032_P2_r2,A,nemotron,commercial,1,49,0.0,0,1,0,0.0,0.0,0.0,
nemotron_b032_P3_r1,A,nemotron,commercial,1,91,0.0,0,1,0,0.0,0.0,1.335113,
nemotron_b032_P3_r2,A,nemotron,commercial,1,41,0.0,0,1,0,0.0,0.0,0.0,
nemotron_b033_P1_r1,A,nemotron,commercial,1,33,0.0,0,1,0,0.0,0.0,0.0,
nemotron_b033_P1_r2,A,nemotron,commercial,1,31,0.0,0,1,0,0.0,0.0,0.0,
nemotron_b033_P2_r1,A,nemotron,commercial,1,39,0.0,0,1,0,0.0,0.0,1.779359,
nemotron_b033_P2_r2,A,nemotron,commercial,1,29,0.0,0,1,0,0.0,0.0,0.0,
nemotron_b033_P3_r1,A,nemotron,commercial,1,49,0.0,0,1,0,0.0,0.0,2.469136,
nemotron_b033_P3_r2,A,nemotron,commercial,1,69,0.0,0,1,0,0.0,0.0,2.906977,
nemotron_b034_P1_r1,A,nemotron,commercial,1,38,0.0,0,1,0,0.0,0.0,1.605136,
nemotron_b034_P1_r2,A,nemotron,commercial,1,58,0.0,0,1,0,0.0,0.0,2.096436,
nemotron_b034_P2_r1,A,nemotron,commercial,1,38,0.0,0,1,0,0.0,0.0,0.0,
nemotron_b034_P2_r2,A,nemotron,commercial,1,33,0.0,0,1,0,0.0,0.0,0.0,
nemotron_b034_P3_r1,A,nemotron,commercial,1,84,0.0,0,1,0,0.0,0.0,2.209131,
nemotron_b034_P3_r2,A,nemotron,commercial,1,24,0.0,0,1,0,0.0,0.0,0.0,
nemotron_b035_P1_r1,A,nemotron,commercial,1,75,0.0,0,1,0,0.0,0.0,5.102041,
nemotron_b035_P1_r2,A,nemotron,commercial,1,38,0.0,0,1,0,0.0,0.0,0.0,
nemotron_b035_P2_r1,A,nemotron,commercial,1,35,0.0,0,1,0,0.0,0.0,3.846154,
nemotron_b035_P2_r2,A,nemotron,commercial,1,41,0.0,0,1,0,0.0,0.0,0.0,
nemotron_b035_P3_r1,A,nemotron,commercial,1,180,0.0,0,1,0,0.0,0.0,3.571429,
nemotron_b035_P3_r2,A,nemotron,commercial,1,83,0.0,0,1,0,0.0,0.0,4.491018,
nemotron_b036_P1_r1,A,nemotron,commercial,1,42,0.0,0,1,0,0.0,0.0,1.567398,
nemotron_b036_P1_r2,A,nemotron,commercial,1,64,0.0,0,1,0,0.0,0.0,1.019368,
nemotron_b036_P2_r1,A,nemotron,commercial,1,40,0.0,0,1,0,0.0,0.0,1.730104,
nemotron_b036_P2_r2,A,nemotron,commercial,1,42,0.0,0,1,0,0.0,0.0,1.497006,
nemotron_b036_P3_r1,A,nemotron,commercial,1,53,0.0,0,1,0,0.0,0.0,2.631579,
nemotron_b036_P3_r2,A,nemotron,commercial,1,59,0.0,0,1,0,0.0,0.0,1.133787,
nemotron_b037_P1_r1,A,nemotron,commercial,1,54,0.0,0,1,0,0.0,0.0,2.123142,
nemotron_b037_P1_r2,A,nemotron,commercial,1,37,0.0,0,1,0,0.0,0.0,0.0,
nemotron_b037_P2_r1,A,nemotron,commercial,1,35,0.0,0,1,0,0.0,0.0,1.960784,
nemotron_b037_P2_r2,A,nemotron,commercial,1,38,0.0,0,1,0,0.0,0.0,0.0,
nemotron_b037_P3_r1,A,nemotron,commercial,1,101,0.0,0,1,0,0.0,0.0,2.617801,
nemotron_b037_P3_r2,A,nemotron,commercial,1,49,0.0,0,1,0,0.0,0.0,2.39521,
nemotron_b038_P1_r1,A,nemotron,commercial,1,49,0.0,0,1,0,0.0,0.0,1.37931,
nemotron_b038_P1_r2,A,nemotron,commercial,1,82,0.0,0,1,0,0.0,0.0,0.0,
nemotron_b038_P2_r1,A,nemotron,commercial,1,59,0.0,0,1,0,0.0,0.0,0.0,
nemotron_b038_P2_r2,A,nemotron,commercial,1,38,0.0,0,1,0,0.0,0.0,1.788909,
nemotron_b038_P3_r1,A,nemotron,commercial,1,85,0.0,0,1,0,0.0,0.0,4.088307,
nemotron_b038_P3_r2,A,nemotron,commercial,1,93,0.0,0,1,0,0.0,0.0,1.426534,
nemotron_b039_P1_r1,A,nemotron,commercial,1,26,0.0,0,1,0,0.0,0.0,0.0,
nemotron_b039_P1_r2,A,nemotron,commercial,1,35,0.0,0,1,0,0.0,0.0,0.0,
nemotron_b039_P2_r1,A,nemotron,commercial,1,36,0.0,0,1,0,0.0,0.0,0.0,
nemotron_b039_P2_r2,A,nemotron,commercial,1,39,0.0,0,1,0,0.0,0.0,0.0,
nemotron_b039_P3_r1,A,nemotron,commercial,1,39,0.0,0,1,0,0.0,0.0,0.0,
nemotron_b039_P3_r2,A,nemotron,commercial,1,73,0.0,0,1,0,0.0,0.0,3.460208,
nemotron_b040_P1_r1,A,nemotron,commercial,1,36,0.0,0,1,0,0.0,0.0,3.577818,
nemotron_b040_P1_r2,A,nemotron,commercial,1,54,0.0,0,1,0,0.0,0.0,2.515723,
nemotron_b040_P2_r1,A,nemotron,commercial,1,43,0.0,0,1,0,0.0,0.0,0.0,
nemotron_b040_P2_r2,A,nemotron,commercial,1,47,0.0,0,1,0,0.0,0.0,2.941176,
nemotron_b040_P3_r1,A,nemotron,commercial,1,89,0.0,0,1,0,0.0,0.0,0.0,
nemotron_b040_P3_r2,A,nemotron,commercial,1,63,0.0,0,1,0,0.0,0.0,0.0,
nemotron_b041_P1_r1,A,nemotron,commercial,1,58,0.0,0,1,0,0.0,0.0,1.085776,
nemotron_b041_P1_r2,A,nemotron,commercial,1,51,0.0,0,1,0,0.0,0.0,2.145923,
nemotron_b041_P2_r1,A,nemotron,commercial,1,37,0.0,0,1,0,0.0,0.0,0.0,
nemotron_b041_P2_r2,A,nemotron,commercial,1,40,0.0,0,1,0,0.0,0.0,3.846154,
nemotron_b041_P3_r1,A,nemotron,commercial,1,49,0.0,0,1,0,0.0,0.0,2.277904,
nemotron_b041_P3_r2,A,nemotron,commercial,1,36,0.0,0,1,0,0.0,0.0,0.0,
nemotron_b042_P1_r1,A,nemotron,commercial,1,26,0.0,0,1,0,0.0,0.0,1.923077,
nemotron_b042_P1_r2,A,nemotron,commercial,1,26,0.0,0,1,0,0.0,0.0,2.232143,
nemotron_b042_P2_r1,A,nemotron,commercial,1,30,0.0,0,1,0,0.0,0.0,2.392344,
nemotron_b042_P2_r2,A,nemotron,commercial,1,46,0.0,0,1,0,0.0,0.0,3.338898,
nemotron_b042_P3_r1,A,nemotron,commercial,1,75,0.0,0,1,0,0.0,0.0,6.102877,
nemotron_b042_P3_r2,A,nemotron,commercial,1,71,0.0,0,1,0,0.0,0.0,4.901961,
nemotron_b043_P1_r1,A,nemotron,commercial,1,39,0.0,0,1,0,0.0,0.0,0.0,
nemotron_b043_P1_r2,A,nemotron,commercial,1,82,0.0,0,1,0,0.0,0.0,1.647446,
nemotron_b043_P2_r1,A,nemotron,commercial,1,33,0.0,0,1,0,0.0,0.0,0.0,
nemotron_b043_P2_r2,A,nemotron,commercial,1,37,0.0,0,1,0,0.0,0.0,0.0,
nemotron_b043_P3_r1,A,nemotron,commercial,1,79,0.0,0,1,0,0.0,0.0,2.95858,
nemotron_b043_P3_r2,A,nemotron,commercial,1,100,0.0,0,1,0,0.0,0.0,0.626959,
nemotron_b044_P1_r1,A,nemotron,commercial,1,37,0.0,0,1,0,0.0,0.0,1.533742,
nemotron_b044_P1_r2,A,nemotron,commercial,1,30,0.0,0,1,0,0.0,0.0,0.0,
nemotron_b044_P2_r1,A,nemotron,commercial,1,32,0.0,0,1,0,0.0,0.0,0.0,
nemotron_b044_P2_r2,A,nemotron,commercial,1,37,0.0,0,1,0,0.0,0.0,0.0,
nemotron_b044_P3_r1,A,nemotron,commercial,1,58,0.0,0,1,0,0.0,0.0,0.0,
nemotron_b044_P3_r2,A,nemotron,commercial,1,70,0.0,0,1,0,0.0,0.0,1.67364,
nemotron_b045_P1_r1,A,nemotron,commercial,1,62,0.0,0,1,0,0.0,0.0,3.875969,
nemotron_b045_P1_r2,A,nemotron,commercial,1,39,0.0,0,1,0,0.0,0.0,1.538462,
nemotron_b045_P2_r1,A,nemotron,commercial,1,47,0.0,0,1,0,0.0,0.0,7.822686,
nemotron_b045_P2_r2,A,nemotron,commercial,1,65,0.0,0,1,0,0.0,0.0,3.996004,
nemotron_b045_P3_r1,A,nemotron,commercial,1,72,0.0,0,1,0,0.0,0.0,2.819549,
nemotron_b045_P3_r2,A,nemotron,commercial,1,63,0.0,0,1,0,0.0,0.0,7.751938,
real_claude_b001_P1_r1,A,real_claude,seo,1,86,0.0,0,1,0,0.0,0.0,0.811688,
real_claude_b001_P1_r2,A,real_claude,seo,1,65,0.0,0,1,0,0.0,0.0,0.0,
real_claude_b001_P2_r1,A,real_claude,seo,1,40,0.0,0,1,0,0.0,0.0,0.0,
real_claude_b001_P2_r2,A,real_claude,seo,1,37,0.0,0,1,0,0.0,0.0,0.0,
real_claude_b001_P3_r1,A,real_claude,seo,1,87,0.0,0,1,0,0.0,0.0,0.766871,
real_claude_b001_P3_r2,A,real_claude,seo,1,73,0.0,0,1,0,0.0,0.0,0.827815,
real_claude_b002_P1_r1,A,real_claude,seo,1,55,0.0,0,1,0,0.0,0.0,0.0,
real_claude_b002_P1_r2,A,real_claude,seo,1,72,0.0,0,1,0,0.0,0.0,1.687764,
real_claude_b002_P2_r1,A,real_claude,seo,1,37,0.0,0,1,0,0.0,0.0,0.0,
real_claude_b002_P2_r2,A,real_claude,seo,1,46,0.0,0,1,0,0.0,0.0,1.295337,
real_claude_b002_P3_r1,A,real_claude,seo,1,65,0.0,0,1,0,0.0,0.0,0.0,
real_claude_b002_P3_r2,A,real_claude,seo,1,71,0.0,0,1,0,0.0,0.0,0.0,
real_claude_b003_P1_r1,A,real_claude,seo,1,64,0.0,0,1,0,0.0,0.0,0.0,
real_claude_b003_P1_r2,A,real_claude,seo,1,52,0.0,0,1,0,0.0,0.0,0.918274,
real_claude_b003_P2_r1,A,real_claude,seo,1,43,0.0,0,1,0,0.0,0.0,0.0,
real_claude_b003_P2_r2,A,real_claude,seo,1,38,0.0,0,1,0,0.0,0.0,0.0,
real_claude_b003_P3_r1,A,real_claude,seo,1,57,0.0,0,1,0,0.0,0.0,0.0,
real_claude_b003_P3_r2,A,real_claude,seo,1,64,0.0,0,1,0,0.0,0.0,0.904977,
real_claude_b004_P1_r1,A,real_claude,seo,1,104,0.0,0,1,0,0.0,0.0,0.0,
real_claude_b004_P1_r2,A,real_claude,seo,1,53,0.0,0,1,0,0.0,0.0,0.0,
real_claude_b004_P2_r1,A,real_claude,seo,1,32,0.0,0,1,0,0.0,0.0,0.0,
real_claude_b004_P2_r2,A,real_claude,seo,1,37,0.0,0,1,0,0.0,0.0,0.0,
real_claude_b004_P3_r1,A,real_claude,seo,1,74,0.0,0,1,0,0.0,0.0,0.865052,
real_claude_b004_P3_r2,A,real_claude,seo,1,88,0.0,0,1,0,0.0,0.0,0.0,
real_claude_b005_P1_r1,A,real_claude,seo,1,75,0.0,0,1,0,0.0,0.0,0.0,
real_claude_b005_P1_r2,A,real_claude,seo,1,67,0.0,0,1,0,0.0,0.0,0.0,
real_claude_b005_P2_r1,A,real_claude,seo,1,34,0.0,0,1,0,0.0,0.0,0.0,
real_claude_b005_P2_r2,A,real_claude,seo,1,33,0.0,0,1,0,0.0,0.0,0.0,
real_claude_b005_P3_r1,A,real_claude,seo,1,64,0.0,0,1,0,0.0,0.0,0.0,
real_claude_b005_P3_r2,A,real_claude,seo,1,63,0.0,0,1,0,0.0,0.0,0.0,
real_claude_b006_P1_r1,A,real_claude,seo,1,102,0.0,0,1,0,0.0,0.0,0.632511,
real_claude_b006_P1_r2,A,real_claude,seo,1,79,0.0,0,1,0,0.0,0.0,1.62206,
real_claude_b006_P2_r1,A,real_claude,seo,1,42,0.0,0,1,0,0.0,0.0,0.0,
real_claude_b006_P2_r2,A,real_claude,seo,1,45,0.0,0,1,0,0.0,0.0,0.0,
real_claude_b006_P3_r1,A,real_claude,seo,1,88,0.0,0,1,0,0.0,0.0,0.0,
real_claude_b006_P3_r2,A,real_claude,seo,1,77,0.0,0,1,0,0.0,0.0,0.700771,
real_claude_b007_P1_r1,A,real_claude,seo,1,80,0.0,0,1,0,0.0,0.0,0.667111,
real_claude_b007_P1_r2,A,real_claude,seo,1,69,0.0,0,1,0,0.0,0.0,0.0,
real_claude_b007_P2_r1,A,real_claude,seo,1,34,0.0,0,1,0,0.0,0.0,0.0,
real_claude_b007_P2_r2,A,real_claude,seo,1,38,0.0,0,1,0,0.0,0.0,0.0,
real_claude_b007_P3_r1,A,real_claude,seo,1,72,0.0,0,1,0,0.0,0.0,0.824402,
real_claude_b007_P3_r2,A,real_claude,seo,1,70,0.0,0,1,0,0.0,0.0,0.0,
real_claude_b008_P1_r1,A,real_claude,seo,1,51,0.0,0,1,0,0.0,0.0,0.970874,
real_claude_b008_P1_r2,A,real_claude,seo,1,69,0.0,0,1,0,0.0,0.0,0.0,
real_claude_b008_P2_r1,A,real_claude,seo,1,37,0.0,0,1,0,0.0,0.0,0.0,
real_claude_b008_P2_r2,A,real_claude,seo,1,33,0.0,0,1,0,0.0,0.0,0.0,
real_claude_b008_P3_r1,A,real_claude,seo,1,74,0.0,0,1,0,0.0,0.0,2.189781,
real_claude_b008_P3_r2,A,real_claude,seo,1,77,0.0,0,1,0,0.0,0.0,1.530222,
real_claude_b009_P1_r1,A,real_claude,seo,1,80,0.0,0,1,0,0.0,0.0,0.0,
real_claude_b009_P1_r2,A,real_claude,seo,1,91,0.0,0,1,0,0.0,0.0,0.0,
real_claude_b009_P2_r1,A,real_claude,seo,1,20,0.0,0,1,0,0.0,0.0,0.0,
real_claude_b009_P2_r2,A,real_claude,seo,1,38,0.0,0,1,0,0.0,0.0,0.0,
real_claude_b009_P3_r1,A,real_claude,seo,1,77,0.0,0,1,0,0.0,0.0,0.0,
real_claude_b009_P3_r2,A,real_claude,seo,1,75,0.0,0,1,0,0.0,0.0,0.0,
real_claude_b010_P1_r1,A,real_claude,seo,1,28,0.0,0,1,0,0.0,0.0,0.0,
real_claude_b010_P1_r2,A,real_claude,seo,1,85,0.0,0,1,0,0.0,0.0,0.0,
real_claude_b010_P2_r1,A,real_claude,seo,1,39,0.0,0,1,0,0.0,0.0,0.0,
real_claude_b010_P2_r2,A,real_claude,seo,1,41,0.0,0,1,0,0.0,0.0,0.0,
real_claude_b010_P3_r1,A,real_claude,seo,1,46,0.0,0,1,0,0.0,0.0,0.0,
real_claude_b010_P3_r2,A,real_claude,seo,1,66,0.0,0,1,0,0.0,0.0,0.0,
real_claude_b011_P1_r1,A,real_claude,seo,1,80,0.0,0,1,0,0.0,0.0,0.0,
real_claude_b011_P1_r2,A,real_claude,seo,1,68,0.0,0,1,0,0.0,0.0,0.0,
real_claude_b011_P2_r1,A,real_claude,seo,1,68,0.0,0,1,0,0.0,0.0,0.0,
real_claude_b011_P2_r2,A,real_claude,seo,1,51,0.0,0,1,0,0.0,0.0,0.0,
real_claude_b011_P3_r1,A,real_claude,seo,1,81,0.0,0,1,0,0.0,0.0,0.0,
real_claude_b011_P3_r2,A,real_claude,seo,1,76,0.0,0,1,0,0.0,0.0,0.802568,
real_claude_b012_P1_r1,A,real_claude,seo,1,67,0.0,0,1,0,0.0,0.0,0.0,
real_claude_b012_P1_r2,A,real_claude,seo,1,44,0.0,0,1,0,0.0,0.0,0.0,
real_claude_b012_P2_r1,A,real_claude,seo,1,44,0.0,0,1,0,0.0,0.0,0.0,
real_claude_b012_P2_r2,A,real_claude,seo,1,55,0.0,0,1,0,0.0,0.0,0.0,
real_claude_b012_P3_r1,A,real_claude,seo,1,58,0.0,0,1,0,0.0,0.0,0.0,
real_claude_b012_P3_r2,A,real_claude,seo,1,75,0.0,0,1,0,0.0,0.0,0.0,
real_claude_b013_P1_r1,A,real_claude,seo,1,92,0.0,0,1,0,0.0,0.0,0.0,
real_claude_b013_P1_r2,A,real_claude,seo,1,58,0.0,0,1,0,0.0,0.0,0.967118,
real_claude_b013_P2_r1,A,real_claude,seo,1,40,0.0,0,1,0,0.0,0.0,0.0,
real_claude_b013_P2_r2,A,real_claude,seo,1,39,0.0,0,1,0,0.0,0.0,0.0,
real_claude_b013_P3_r1,A,real_claude,seo,1,68,0.0,0,1,0,0.0,0.0,0.843882,
real_claude_b013_P3_r2,A,real_claude,seo,1,67,0.0,0,1,0,0.0,0.0,0.0,
real_claude_b014_P1_r1,A,real_claude,seo,1,59,0.0,0,1,0,0.0,0.0,0.0,
real_claude_b014_P1_r2,A,real_claude,seo,1,92,0.0,0,1,0,0.0,0.0,0.0,
real_claude_b014_P2_r1,A,real_claude,seo,1,43,0.0,0,1,0,0.0,0.0,0.0,
real_claude_b014_P2_r2,A,real_claude,seo,1,40,0.0,0,1,0,0.0,0.0,0.0,
real_claude_b014_P3_r1,A,real_claude,seo,1,83,0.0,0,1,0,0.0,0.0,0.0,
real_claude_b014_P3_r2,A,real_claude,seo,1,69,0.0,0,1,0,0.0,0.0,0.0,
real_claude_b015_P1_r1,A,real_claude,seo,1,93,0.0,0,1,0,0.0,0.0,0.0,
real_claude_b015_P1_r2,A,real_claude,seo,1,35,0.0,0,1,0,0.0,0.0,0.0,
real_claude_b015_P2_r1,A,real_claude,seo,1,35,0.0,0,1,0,0.0,0.0,0.0,
real_claude_b015_P2_r2,A,real_claude,seo,1,50,0.0,0,1,0,0.0,0.0,0.0,
real_claude_b015_P3_r1,A,real_claude,seo,1,88,0.0,0,1,0,0.0,0.0,0.0,
real_claude_b015_P3_r2,A,real_claude,seo,1,71,0.0,0,1,0,0.0,0.0,0.805802,
real_claude_b016_P1_r1,A,real_claude,analytics,1,71,0.0,0,1,0,0.0,0.0,0.0,
real_claude_b016_P1_r2,A,real_claude,analytics,1,86,0.0,0,1,0,0.0,0.0,0.0,
real_claude_b016_P2_r1,A,real_claude,analytics,1,42,0.0,0,1,0,0.0,0.0,0.0,
real_claude_b016_P2_r2,A,real_claude,analytics,1,38,0.0,0,1,0,0.0,0.0,0.0,
real_claude_b016_P3_r1,A,real_claude,analytics,1,64,0.0,0,1,0,0.0,0.0,0.0,
real_claude_b016_P3_r2,A,real_claude,analytics,1,75,0.0,0,1,0,0.0,0.0,0.0,
real_claude_b017_P1_r1,A,real_claude,analytics,1,82,0.0,0,1,0,0.0,0.0,0.0,
real_claude_b017_P1_r2,A,real_claude,analytics,1,77,0.0,0,1,0,0.0,0.0,0.0,
real_claude_b017_P2_r1,A,real_claude,analytics,1,43,0.0,0,1,0,0.0,0.0,0.0,
real_claude_b017_P2_r2,A,real_claude,analytics,1,40,0.0,0,1,0,0.0,0.0,0.0,
real_claude_b017_P3_r1,A,real_claude,analytics,1,86,0.0,0,1,0,0.0,0.0,0.0,
real_claude_b017_P3_r2,A,real_claude,analytics,1,55,0.0,0,1,0,0.0,0.0,0.0,
real_claude_b018_P1_r1,A,real_claude,analytics,1,90,0.0,0,1,0,0.0,0.0,0.0,
real_claude_b018_P1_r2,A,real_claude,analytics,1,92,0.0,0,1,0,0.0,0.0,0.0,
real_claude_b018_P2_r1,A,real_claude,analytics,1,39,0.0,0,1,0,0.0,0.0,0.0,
real_claude_b018_P2_r2,A,real_claude,analytics,1,36,0.0,0,1,0,0.0,0.0,0.0,
real_claude_b018_P3_r1,A,real_claude,analytics,1,87,0.0,0,1,0,0.0,0.0,0.0,
real_claude_b018_P3_r2,A,real_claude,analytics,1,81,0.0,0,1,0,0.0,0.0,0.0,
real_claude_b019_P1_r1,A,real_claude,analytics,1,79,0.0,0,1,0,0.0,0.0,0.0,
real_claude_b019_P1_r2,A,real_claude,analytics,1,90,0.0,0,1,0,0.0,0.0,0.0,
real_claude_b019_P2_r1,A,real_claude,analytics,1,52,0.0,0,1,0,0.0,0.0,0.0,
real_claude_b019_P2_r2,A,real_claude,analytics,1,65,0.0,0,1,0,0.0,0.0,0.0,
real_claude_b019_P3_r1,A,real_claude,analytics,1,81,0.0,0,1,0,0.0,0.0,0.0,
real_claude_b019_P3_r2,A,real_claude,analytics,1,84,0.0,0,1,0,0.0,0.0,0.0,
real_claude_b020_P1_r1,A,real_claude,analytics,1,83,0.0,0,1,0,0.0,0.0,0.0,
real_claude_b020_P1_r2,A,real_claude,analytics,1,81,0.0,0,1,0,0.0,0.0,0.0,
real_claude_b020_P2_r1,A,real_claude,analytics,1,40,0.0,0,1,0,0.0,0.0,0.0,
real_claude_b020_P2_r2,A,real_claude,analytics,1,47,0.0,0,1,0,0.0,0.0,0.0,
real_claude_b020_P3_r1,A,real_claude,analytics,1,79,0.0,0,1,0,0.0,0.0,0.0,
real_claude_b020_P3_r2,A,real_claude,analytics,1,75,0.0,0,1,0,0.0,0.0,0.0,
real_claude_b021_P1_r1,A,real_claude,analytics,1,62,0.0,0,1,0,0.0,0.0,0.0,
real_claude_b021_P1_r2,A,real_claude,analytics,1,89,0.0,0,1,0,0.0,0.0,0.0,
real_claude_b021_P2_r1,A,real_claude,analytics,1,52,0.0,0,1,0,0.0,0.0,0.0,
real_claude_b021_P2_r2,A,real_claude,analytics,1,40,0.0,0,1,0,0.0,0.0,0.0,
real_claude_b021_P3_r1,A,real_claude,analytics,1,83,0.0,0,1,0,0.0,0.0,0.0,
real_claude_b021_P3_r2,A,real_claude,analytics,1,73,0.0,0,1,0,0.0,0.0,0.0,
real_claude_b022_P1_r1,A,real_claude,analytics,1,92,0.0,0,1,0,0.0,0.0,0.0,
real_claude_b022_P1_r2,A,real_claude,analytics,1,88,0.0,0,1,0,0.0,0.0,0.0,
real_claude_b022_P2_r1,A,real_claude,analytics,1,45,0.0,0,1,0,0.0,0.0,0.0,
real_claude_b022_P2_r2,A,real_claude,analytics,1,37,0.0,0,1,0,0.0,0.0,0.0,
real_claude_b022_P3_r1,A,real_claude,analytics,1,73,0.0,0,1,0,0.0,0.0,0.0,
real_claude_b022_P3_r2,A,real_claude,analytics,1,88,0.0,0,1,0,0.0,0.0,0.0,
real_claude_b023_P1_r1,A,real_claude,analytics,1,83,0.0,0,1,0,0.0,0.0,0.0,
real_claude_b023_P1_r2,A,real_claude,analytics,1,81,0.0,0,1,0,0.0,0.0,0.797448,
real_claude_b023_P2_r1,A,real_claude,analytics,1,44,0.0,0,1,0,0.0,0.0,0.0,
real_claude_b023_P2_r2,A,real_claude,analytics,1,49,0.0,0,1,0,0.0,0.0,0.0,
real_claude_b023_P3_r1,A,real_claude,analytics,1,71,0.0,0,1,0,0.0,0.0,0.0,
real_claude_b023_P3_r2,A,real_claude,analytics,1,73,0.0,0,1,0,0.0,0.0,0.86881,
real_claude_b024_P1_r1,A,real_claude,analytics,1,86,0.0,0,1,0,0.0,0.0,0.0,
real_claude_b024_P1_r2,A,real_claude,analytics,1,61,0.0,0,1,0,0.0,0.0,0.0,
real_claude_b024_P2_r1,A,real_claude,analytics,1,43,0.0,0,1,0,0.0,0.0,0.0,
real_claude_b024_P2_r2,A,real_claude,analytics,1,48,0.0,0,1,0,0.0,0.0,0.0,
real_claude_b024_P3_r1,A,real_claude,analytics,1,78,0.0,0,1,0,0.0,0.0,0.0,
real_claude_b024_P3_r2,A,real_claude,analytics,1,77,0.0,0,1,0,0.0,0.0,0.0,
real_claude_b025_P1_r1,A,real_claude,analytics,1,86,0.0,0,1,0,0.0,0.0,0.0,
real_claude_b025_P1_r2,A,real_claude,analytics,1,92,0.0,0,1,0,0.0,0.0,0.0,
real_claude_b025_P2_r1,A,real_claude,analytics,1,37,0.0,0,1,0,0.0,0.0,0.0,
real_claude_b025_P2_r2,A,real_claude,analytics,1,41,0.0,0,1,0,0.0,0.0,0.0,
real_claude_b025_P3_r1,A,real_claude,analytics,1,76,0.0,0,1,0,0.0,0.0,0.0,
real_claude_b025_P3_r2,A,real_claude,analytics,1,81,0.0,0,1,0,0.0,0.0,0.0,
real_claude_b026_P1_r1,A,real_claude,analytics,1,95,0.0,0,1,0,0.0,0.0,0.0,
real_claude_b026_P1_r2,A,real_claude,analytics,1,76,0.0,0,1,0,0.0,0.0,0.0,
real_claude_b026_P2_r1,A,real_claude,analytics,1,57,0.0,0,1,0,0.0,0.0,0.0,
real_claude_b026_P2_r2,A,real_claude,analytics,1,37,0.0,0,1,0,0.0,0.0,0.0,
real_claude_b026_P3_r1,A,real_claude,analytics,1,82,0.0,0,1,0,0.0,0.0,0.0,
real_claude_b026_P3_r2,A,real_claude,analytics,1,83,0.0,0,1,0,0.0,0.0,0.0,
real_claude_b027_P1_r1,A,real_claude,analytics,1,76,0.0,0,1,0,0.0,0.0,0.737463,
real_claude_b027_P1_r2,A,real_claude,analytics,1,83,0.0,0,1,0,0.0,0.0,1.222494,
real_claude_b027_P2_r1,A,real_claude,analytics,1,57,0.0,0,1,0,0.0,0.0,0.0,
real_claude_b027_P2_r2,A,real_claude,analytics,1,56,0.0,0,1,0,0.0,0.0,0.0,
real_claude_b027_P3_r1,A,real_claude,analytics,1,68,0.0,0,1,0,0.0,0.0,0.765111,
real_claude_b027_P3_r2,A,real_claude,analytics,1,74,0.0,0,1,0,0.0,0.0,0.735835,
real_claude_b028_P1_r1,A,real_claude,analytics,1,87,0.0,0,1,0,0.0,0.0,0.0,
real_claude_b028_P1_r2,A,real_claude,analytics,1,71,0.0,0,1,0,0.0,0.0,0.0,
real_claude_b028_P2_r1,A,real_claude,analytics,1,51,0.0,0,1,0,0.0,0.0,0.0,
real_claude_b028_P2_r2,A,real_claude,analytics,1,57,0.0,0,1,0,0.0,0.0,0.0,
real_claude_b028_P3_r1,A,real_claude,analytics,1,91,0.0,0,1,0,0.0,0.0,0.0,
real_claude_b028_P3_r2,A,real_claude,analytics,1,80,0.0,0,1,0,0.0,0.0,0.0,
real_claude_b029_P1_r1,A,real_claude,analytics,1,83,0.0,0,1,0,0.0,0.0,0.0,
real_claude_b029_P1_r2,A,real_claude,analytics,1,89,0.0,0,1,0,0.0,0.0,0.0,
real_claude_b029_P2_r1,A,real_claude,analytics,1,57,0.0,0,1,0,0.0,0.0,0.0,
real_claude_b029_P2_r2,A,real_claude,analytics,1,49,0.0,0,1,0,0.0,0.0,0.0,
real_claude_b029_P3_r1,A,real_claude,analytics,1,78,0.0,0,1,0,0.0,0.0,0.0,
real_claude_b029_P3_r2,A,real_claude,analytics,1,75,0.0,0,1,0,0.0,0.0,0.0,
real_claude_b030_P1_r1,A,real_claude,analytics,1,105,0.0,0,1,0,0.0,0.0,0.0,
real_claude_b030_P1_r2,A,real_claude,analytics,1,83,0.0,0,1,0,0.0,0.0,0.0,
real_claude_b030_P2_r1,A,real_claude,analytics,1,55,0.0,0,1,0,0.0,0.0,0.0,
real_claude_b030_P2_r2,A,real_claude,analytics,1,48,0.0,0,1,0,0.0,0.0,0.0,
real_claude_b030_P3_r1,A,real_claude,analytics,1,66,0.0,0,1,0,0.0,0.0,0.0,
real_claude_b030_P3_r2,A,real_claude,analytics,1,65,0.0,0,1,0,0.0,0.0,0.0,
real_claude_b031_P1_r1,A,real_claude,commercial,1,79,0.0,0,1,0,0.0,0.0,0.0,
real_claude_b031_P1_r2,A,real_claude,commercial,1,80,0.0,0,1,0,0.0,0.0,0.0,
real_claude_b031_P2_r1,A,real_claude,commercial,1,35,0.0,0,1,0,0.0,0.0,0.0,
real_claude_b031_P2_r2,A,real_claude,commercial,1,37,0.0,0,1,0,0.0,0.0,0.0,
real_claude_b031_P3_r1,A,real_claude,commercial,1,69,0.0,0,1,0,0.0,0.0,0.0,
real_claude_b031_P3_r2,A,real_claude,commercial,1,64,0.0,0,1,0,0.0,0.0,0.0,
real_claude_b032_P1_r1,A,real_claude,commercial,1,70,0.0,0,1,0,0.0,0.0,0.0,
real_claude_b032_P1_r2,A,real_claude,commercial,1,86,0.0,0,1,0,0.0,0.0,0.0,
real_claude_b032_P2_r1,A,real_claude,commercial,1,52,0.0,0,1,0,0.0,0.0,0.0,
real_claude_b032_P2_r2,A,real_claude,commercial,1,50,0.0,0,1,0,0.0,0.0,0.0,
real_claude_b032_P3_r1,A,real_claude,commercial,1,69,0.0,0,1,0,0.0,0.0,0.0,
real_claude_b032_P3_r2,A,real_claude,commercial,1,87,0.0,0,1,0,0.0,0.0,0.0,
real_claude_b033_P1_r1,A,real_claude,commercial,1,85,0.0,0,1,0,0.0,0.0,0.0,
real_claude_b033_P1_r2,A,real_claude,commercial,1,89,0.0,0,1,0,0.0,0.0,0.0,
real_claude_b033_P2_r1,A,real_claude,commercial,1,45,0.0,0,1,0,0.0,0.0,0.0,
real_claude_b033_P2_r2,A,real_claude,commercial,1,56,0.0,0,1,0,0.0,0.0,0.0,
real_claude_b033_P3_r1,A,real_claude,commercial,1,76,0.0,0,1,0,0.0,0.0,0.0,
real_claude_b033_P3_r2,A,real_claude,commercial,1,70,0.0,0,1,0,0.0,0.0,0.0,
real_claude_b034_P1_r1,A,real_claude,commercial,1,92,0.0,0,1,0,0.0,0.0,0.0,
real_claude_b034_P1_r2,A,real_claude,commercial,1,84,0.0,0,1,0,0.0,0.0,0.0,
real_claude_b034_P2_r1,A,real_claude,commercial,1,54,0.0,0,1,0,0.0,0.0,0.0,
real_claude_b034_P2_r2,A,real_claude,commercial,1,60,0.0,0,1,0,0.0,0.0,0.0,
real_claude_b034_P3_r1,A,real_claude,commercial,1,80,0.0,0,1,0,0.0,0.0,0.0,
real_claude_b034_P3_r2,A,real_claude,commercial,1,70,0.0,0,1,0,0.0,0.0,0.0,
real_claude_b035_P1_r1,A,real_claude,commercial,1,92,0.0,0,1,0,0.0,0.0,0.0,
real_claude_b035_P1_r2,A,real_claude,commercial,1,86,0.0,0,1,0,0.0,0.0,0.0,
real_claude_b035_P2_r1,A,real_claude,commercial,1,40,0.0,0,1,0,0.0,0.0,0.0,
real_claude_b035_P2_r2,A,real_claude,commercial,1,42,0.0,0,1,0,0.0,0.0,0.0,
real_claude_b035_P3_r1,A,real_claude,commercial,1,70,0.0,0,1,0,0.0,0.0,0.0,
real_claude_b035_P3_r2,A,real_claude,commercial,1,80,0.0,0,1,0,0.0,0.0,0.740192,
real_claude_b036_P1_r1,A,real_claude,commercial,1,97,0.0,0,1,0,0.0,0.0,0.0,
real_claude_b036_P1_r2,A,real_claude,commercial,1,88,0.0,0,1,0,0.0,0.0,0.0,
real_claude_b036_P2_r1,A,real_claude,commercial,1,58,0.0,0,1,0,0.0,0.0,0.0,
real_claude_b036_P2_r2,A,real_claude,commercial,1,54,0.0,0,1,0,0.0,0.0,0.0,
real_claude_b036_P3_r1,A,real_claude,commercial,1,65,0.0,0,1,0,0.0,0.0,0.0,
real_claude_b036_P3_r2,A,real_claude,commercial,1,75,0.0,0,1,0,0.0,0.0,0.0,
real_claude_b037_P1_r1,A,real_claude,commercial,1,73,0.0,0,1,0,0.0,0.0,0.0,
real_claude_b037_P1_r2,A,real_claude,commercial,1,81,0.0,0,1,0,0.0,0.0,0.0,
real_claude_b037_P2_r1,A,real_claude,commercial,1,45,0.0,0,1,0,0.0,0.0,0.0,
real_claude_b037_P2_r2,A,real_claude,commercial,1,38,0.0,0,1,0,0.0,0.0,0.0,
real_claude_b037_P3_r1,A,real_claude,commercial,1,63,0.0,0,1,0,0.0,0.0,0.0,
real_claude_b037_P3_r2,A,real_claude,commercial,1,84,0.0,0,1,0,0.0,0.0,0.0,
real_claude_b038_P1_r1,A,real_claude,commercial,1,86,0.0,0,1,0,0.0,0.0,0.0,
real_claude_b038_P1_r2,A,real_claude,commercial,1,83,0.0,0,1,0,0.0,0.0,0.0,
real_claude_b038_P2_r1,A,real_claude,commercial,1,67,0.0,0,1,0,0.0,0.0,0.0,
real_claude_b038_P2_r2,A,real_claude,commercial,1,62,0.0,0,1,0,0.0,0.0,0.0,
real_claude_b038_P3_r1,A,real_claude,commercial,1,77,0.0,0,1,0,0.0,0.0,0.0,
real_claude_b038_P3_r2,A,real_claude,commercial,1,75,0.0,0,1,0,0.0,0.0,0.0,
real_claude_b039_P1_r1,A,real_claude,commercial,1,88,0.0,0,1,0,0.0,0.0,0.0,
real_claude_b039_P1_r2,A,real_claude,commercial,1,94,0.0,0,1,0,0.0,0.0,0.0,
real_claude_b039_P2_r1,A,real_claude,commercial,1,51,0.0,0,1,0,0.0,0.0,0.0,
real_claude_b039_P2_r2,A,real_claude,commercial,1,39,0.0,0,1,0,0.0,0.0,0.0,
real_claude_b039_P3_r1,A,real_claude,commercial,1,80,0.0,0,1,0,0.0,0.0,0.0,
real_claude_b039_P3_r2,A,real_claude,commercial,1,79,0.0,0,1,0,0.0,0.0,0.0,
real_claude_b040_P1_r1,A,real_claude,commercial,1,94,0.0,0,1,0,0.0,0.0,0.0,
real_claude_b040_P1_r2,A,real_claude,commercial,1,76,0.0,0,1,0,0.0,0.0,0.0,
real_claude_b040_P2_r1,A,real_claude,commercial,1,58,0.0,0,1,0,0.0,0.0,0.0,
real_claude_b040_P2_r2,A,real_claude,commercial,1,50,0.0,0,1,0,0.0,0.0,0.0,
real_claude_b040_P3_r1,A,real_claude,commercial,1,67,0.0,0,1,0,0.0,0.0,0.0,
real_claude_b040_P3_r2,A,real_claude,commercial,1,82,0.0,0,1,0,0.0,0.0,0.0,
real_claude_b041_P1_r1,A,real_claude,commercial,1,89,0.0,0,1,0,0.0,0.0,0.0,
real_claude_b041_P1_r2,A,real_claude,commercial,1,77,0.0,0,1,0,0.0,0.0,0.0,
real_claude_b041_P2_r1,A,real_claude,commercial,1,45,0.0,0,1,0,0.0,0.0,0.0,
real_claude_b041_P2_r2,A,real_claude,commercial,1,44,0.0,0,1,0,0.0,0.0,0.0,
real_claude_b041_P3_r1,A,real_claude,commercial,1,78,0.0,0,1,0,0.0,0.0,0.0,
real_claude_b041_P3_r2,A,real_claude,commercial,1,75,0.0,0,1,0,0.0,0.0,0.769823,
real_claude_b042_P1_r1,A,real_claude,commercial,1,101,0.0,0,1,0,0.0,0.0,0.0,
real_claude_b042_P1_r2,A,real_claude,commercial,1,106,0.0,0,1,0,0.0,0.0,0.0,
real_claude_b042_P2_r1,A,real_claude,commercial,1,44,0.0,0,1,0,0.0,0.0,0.0,
real_claude_b042_P2_r2,A,real_claude,commercial,1,39,0.0,0,1,0,0.0,0.0,0.0,
real_claude_b042_P3_r1,A,real_claude,commercial,1,59,0.0,0,1,0,0.0,0.0,0.0,
real_claude_b042_P3_r2,A,real_claude,commercial,1,70,0.0,0,1,0,0.0,0.0,0.0,
real_claude_b043_P1_r1,A,real_claude,commercial,1,83,0.0,0,1,0,0.0,0.0,0.0,
real_claude_b043_P1_r2,A,real_claude,commercial,1,79,0.0,0,1,0,0.0,0.0,0.0,
real_claude_b043_P2_r1,A,real_claude,commercial,1,57,0.0,0,1,0,0.0,0.0,0.0,
real_claude_b043_P2_r2,A,real_claude,commercial,1,43,0.0,0,1,0,0.0,0.0,0.0,
real_claude_b043_P3_r1,A,real_claude,commercial,1,58,0.0,0,1,0,0.0,0.0,0.0,
real_claude_b043_P3_r2,A,real_claude,commercial,1,67,0.0,0,1,0,0.0,0.0,0.0,
real_claude_b044_P1_r1,A,real_claude,commercial,1,83,0.0,0,1,0,0.0,0.0,0.0,
real_claude_b044_P1_r2,A,real_claude,commercial,1,69,0.0,0,1,0,0.0,0.0,0.0,
real_claude_b044_P2_r1,A,real_claude,commercial,1,42,0.0,0,1,0,0.0,0.0,0.0,
real_claude_b044_P2_r2,A,real_claude,commercial,1,47,0.0,0,1,0,0.0,0.0,0.0,
real_claude_b044_P3_r1,A,real_claude,commercial,1,69,0.0,0,1,0,0.0,0.0,0.0,
real_claude_b044_P3_r2,A,real_claude,commercial,1,58,0.0,0,1,0,0.0,0.0,0.0,
real_claude_b045_P1_r1,A,real_claude,commercial,1,93,0.0,0,1,0,0.0,0.0,0.0,
real_claude_b045_P1_r2,A,real_claude,commercial,1,88,0.0,0,1,0,0.0,0.0,0.0,
real_claude_b045_P2_r1,A,real_claude,commercial,1,55,0.0,0,1,0,0.0,0.0,0.0,
real_claude_b045_P2_r2,A,real_claude,commercial,1,62,0.0,0,1,0,0.0,0.0,0.0,
real_claude_b045_P3_r1,A,real_claude,commercial,1,95,0.0,0,1,0,0.0,0.0,0.0,
real_claude_b045_P3_r2,A,real_claude,commercial,1,85,0.0,0,1,0,0.0,0.0,0.0,
