document_id,origin_class,genre,prompt_condition,regulation_level,index_common,score_format,index_common_plus_format,n_features_common,n_features_format,excluded_categories
human_seo_author_archive_0001,H,seo,,2,36.9883,0.0000,30.5556,18,4,Morphological;POS;Emotion;Psycholinguistic;Knockoff
human_seo_author_archive_0002,H,seo,,2,48.0994,0.0000,39.7343,18,4,Morphological;POS;Emotion;Psycholinguistic;Knockoff
human_seo_author_archive_0003,H,seo,,2,30.9942,0.0000,25.6039,18,4,Morphological;POS;Emotion;Psycholinguistic;Knockoff
human_seo_author_archive_0004,H,seo,,2,57.3099,25.0000,51.6908,18,4,Morphological;POS;Emotion;Psycholinguistic;Knockoff
human_seo_author_archive_0005,H,seo,,2,44.2251,12.5000,38.7077,18,4,Morphological;POS;Emotion;Psycholinguistic;Knockoff
human_seo_author_archive_0006,H,seo,,2,51.2427,12.5000,44.5048,18,4,Morphological;POS;Emotion;Psycholinguistic;Knockoff
human_news_lenta_0001,H,news,,1,54.3129,0.0000,44.8671,17,4,Morphological;POS;Emotion;Psycholinguistic;Knockoff
human_news_lenta_0002,H,news,,1,49.0497,0.0000,40.5193,17,4,Morphological;POS;Emotion;Psycholinguistic;Knockoff
human_news_lenta_0003,H,news,,1,52.5585,0.0000,43.4179,17,4,Morphological;POS;Emotion;Psycholinguistic;Knockoff
human_news_lenta_0004,H,news,,1,45.4678,0.0000,37.5604,17,4,Morphological;POS;Emotion;Psycholinguistic;Knockoff
human_news_lenta_0005,H,news,,1,55.4825,0.0000,45.8333,17,4,Morphological;POS;Emotion;Psycholinguistic;Knockoff
human_news_lenta_0006,H,news,,1,52.7778,0.0000,43.5990,17,4,Morphological;POS;Emotion;Psycholinguistic;Knockoff
human_news_lenta_0007,H,news,,1,26.9006,0.0000,22.2222,17,4,Morphological;POS;Emotion;Psycholinguistic;Knockoff
human_news_lenta_0008,H,news,,1,60.4532,0.0000,49.9396,17,4,Morphological;POS;Emotion;Psycholinguistic;Knockoff
human_news_lenta_0009,H,news,,1,35.0877,0.0000,28.9855,17,4,Morphological;POS;Emotion;Psycholinguistic;Knockoff
human_news_lenta_0010,H,news,,1,39.4737,0.0000,32.6087,17,4,Morphological;POS;Emotion;Psycholinguistic;Knockoff
human_news_lenta_0011,H,news,,1,39.4006,0.0000,32.5483,17,4,Morphological;POS;Emotion;Psycholinguistic;Knockoff
human_news_lenta_0012,H,news,,1,44.2982,0.0000,36.5942,17,4,Morphological;POS;Emotion;Psycholinguistic;Knockoff
human_news_lenta_0013,H,news,,1,54.1667,0.0000,44.7464,17,4,Morphological;POS;Emotion;Psycholinguistic;Knockoff
human_news_lenta_0014,H,news,,1,52.4123,0.0000,43.2971,17,4,Morphological;POS;Emotion;Psycholinguistic;Knockoff
human_news_lenta_0015,H,news,,1,57.7485,0.0000,47.7053,17,4,Morphological;POS;Emotion;Psycholinguistic;Knockoff
human_news_lenta_0016,H,news,,1,74.1228,0.0000,61.2319,17,4,Morphological;POS;Emotion;Psycholinguistic;Knockoff
human_news_lenta_0017,H,news,,1,40.6433,0.0000,33.5749,17,4,Morphological;POS;Emotion;Psycholinguistic;Knockoff
human_news_lenta_0018,H,news,,1,31.7251,0.0000,26.2077,17,4,Morphological;POS;Emotion;Psycholinguistic;Knockoff
human_news_lenta_0019,H,news,,1,56.2865,0.0000,46.4976,17,4,Morphological;POS;Emotion;Psycholinguistic;Knockoff
human_news_lenta_0020,H,news,,1,53.7281,0.0000,44.3841,17,4,Morphological;POS;Emotion;Psycholinguistic;Knockoff
human_news_lenta_0021,H,news,,1,50.3655,0.0000,41.6063,17,4,Morphological;POS;Emotion;Psycholinguistic;Knockoff
human_news_lenta_0022,H,news,,1,68.5673,0.0000,56.6425,17,4,Morphological;POS;Emotion;Psycholinguistic;Knockoff
human_news_lenta_0023,H,news,,1,32.9678,0.0000,27.2343,17,4,Morphological;POS;Emotion;Psycholinguistic;Knockoff
human_news_lenta_0024,H,news,,1,23.0263,0.0000,19.0217,17,4,Morphological;POS;Emotion;Psycholinguistic;Knockoff
human_news_lenta_0025,H,news,,1,63.3041,0.0000,52.2947,17,4,Morphological;POS;Emotion;Psycholinguistic;Knockoff
human_news_lenta_0026,H,news,,1,45.7602,0.0000,37.8019,17,4,Morphological;POS;Emotion;Psycholinguistic;Knockoff
human_news_lenta_0027,H,news,,1,56.8713,0.0000,46.9807,17,4,Morphological;POS;Emotion;Psycholinguistic;Knockoff
human_news_lenta_0028,H,news,,1,54.7515,0.0000,45.2295,17,4,Morphological;POS;Emotion;Psycholinguistic;Knockoff
human_news_lenta_0029,H,news,,1,54.5322,0.0000,45.0483,17,4,Morphological;POS;Emotion;Psycholinguistic;Knockoff
human_news_lenta_0030,H,news,,1,50.0000,0.0000,41.3043,17,4,Morphological;POS;Emotion;Psycholinguistic;Knockoff
human_news_lenta_0031,H,news,,1,48.6842,0.0000,40.2174,17,4,Morphological;POS;Emotion;Psycholinguistic;Knockoff
human_news_lenta_0032,H,news,,1,52.3392,0.0000,43.2367,17,4,Morphological;POS;Emotion;Psycholinguistic;Knockoff
human_news_lenta_0033,H,news,,1,51.0234,0.0000,42.1498,17,4,Morphological;POS;Emotion;Psycholinguistic;Knockoff
human_news_lenta_0034,H,news,,1,45.9064,0.0000,37.9227,17,4,Morphological;POS;Emotion;Psycholinguistic;Knockoff
human_news_lenta_0035,H,news,,1,61.4035,0.0000,50.7246,17,4,Morphological;POS;Emotion;Psycholinguistic;Knockoff
human_news_lenta_0036,H,news,,1,61.5497,0.0000,50.8454,17,4,Morphological;POS;Emotion;Psycholinguistic;Knockoff
human_news_lenta_0037,H,news,,1,63.1579,0.0000,52.1739,17,4,Morphological;POS;Emotion;Psycholinguistic;Knockoff
human_news_lenta_0038,H,news,,1,53.8012,0.0000,44.4444,17,4,Morphological;POS;Emotion;Psycholinguistic;Knockoff
human_news_lenta_0039,H,news,,1,23.0994,0.0000,19.0821,17,4,Morphological;POS;Emotion;Psycholinguistic;Knockoff
human_news_lenta_0040,H,news,,1,62.3538,0.0000,51.5097,17,4,Morphological;POS;Emotion;Psycholinguistic;Knockoff
human_news_lenta_0041,H,news,,1,28.8743,0.0000,23.8527,17,4,Morphological;POS;Emotion;Psycholinguistic;Knockoff
human_news_lenta_0042,H,news,,1,44.0058,0.0000,36.3527,17,4,Morphological;POS;Emotion;Psycholinguistic;Knockoff
human_news_lenta_0043,H,news,,1,54.6053,0.0000,45.1087,17,4,Morphological;POS;Emotion;Psycholinguistic;Knockoff
human_news_lenta_0044,H,news,,1,42.9825,0.0000,35.5072,17,4,Morphological;POS;Emotion;Psycholinguistic;Knockoff
human_news_lenta_0045,H,news,,1,54.4591,0.0000,44.9879,17,4,Morphological;POS;Emotion;Psycholinguistic;Knockoff
human_news_lenta_0046,H,news,,1,38.7427,0.0000,32.0048,17,4,Morphological;POS;Emotion;Psycholinguistic;Knockoff
human_news_lenta_0047,H,news,,1,59.5760,0.0000,49.2150,17,4,Morphological;POS;Emotion;Psycholinguistic;Knockoff
human_news_lenta_0048,H,news,,1,51.3158,0.0000,42.3913,17,4,Morphological;POS;Emotion;Psycholinguistic;Knockoff
human_news_lenta_0049,H,news,,1,49.6345,0.0000,41.0024,17,4,Morphological;POS;Emotion;Psycholinguistic;Knockoff
human_news_lenta_0050,H,news,,1,54.3860,0.0000,44.9275,17,4,Morphological;POS;Emotion;Psycholinguistic;Knockoff
human_news_lenta_0051,H,news,,1,38.9620,0.0000,32.1860,17,4,Morphological;POS;Emotion;Psycholinguistic;Knockoff
human_news_lenta_0052,H,news,,1,52.0468,0.0000,42.9952,17,4,Morphological;POS;Emotion;Psycholinguistic;Knockoff
human_news_lenta_0053,H,news,,1,68.4942,0.0000,56.5821,17,4,Morphological;POS;Emotion;Psycholinguistic;Knockoff
human_news_lenta_0054,H,news,,1,55.6287,0.0000,45.9541,17,4,Morphological;POS;Emotion;Psycholinguistic;Knockoff
human_news_lenta_0055,H,news,,1,57.3099,0.0000,47.3430,17,4,Morphological;POS;Emotion;Psycholinguistic;Knockoff
human_news_lenta_0056,H,news,,1,51.0234,0.0000,42.1498,17,4,Morphological;POS;Emotion;Psycholinguistic;Knockoff
human_news_lenta_0057,H,news,,1,61.8421,0.0000,51.0870,17,4,Morphological;POS;Emotion;Psycholinguistic;Knockoff
human_news_lenta_0058,H,news,,1,47.3684,0.0000,39.1304,17,4,Morphological;POS;Emotion;Psycholinguistic;Knockoff
human_news_lenta_0059,H,news,,1,47.0760,0.0000,38.8889,17,4,Morphological;POS;Emotion;Psycholinguistic;Knockoff
human_news_lenta_0060,H,news,,1,44.8830,0.0000,37.0773,17,4,Morphological;POS;Emotion;Psycholinguistic;Knockoff
human_science_cyberleninka_0001,H,science,,3,67.6901,0.0000,55.9179,18,4,Morphological;POS;Emotion;Psycholinguistic;Knockoff
human_science_cyberleninka_0002,H,science,,3,53.1433,25.0000,48.2488,18,4,Morphological;POS;Emotion;Psycholinguistic;Knockoff
human_science_cyberleninka_0003,H,science,,3,51.5351,50.0000,51.2681,18,4,Morphological;POS;Emotion;Psycholinguistic;Knockoff
human_science_cyberleninka_0004,H,science,,3,39.1813,50.0000,41.0628,18,4,Morphological;POS;Emotion;Psycholinguistic;Knockoff
human_science_cyberleninka_0005,H,science,,3,39.2544,37.5000,38.9493,18,4,Morphological;POS;Emotion;Psycholinguistic;Knockoff
human_science_cyberleninka_0006,H,science,,3,25.4386,50.0000,29.7101,18,4,Morphological;POS;Emotion;Psycholinguistic;Knockoff
human_science_cyberleninka_0007,H,science,,3,21.0526,50.0000,26.0870,18,4,Morphological;POS;Emotion;Psycholinguistic;Knockoff
human_science_cyberleninka_0008,H,science,,3,41.2281,12.5000,36.2319,18,4,Morphological;POS;Emotion;Psycholinguistic;Knockoff
human_science_cyberleninka_0009,H,science,,3,29.2398,75.0000,37.1981,18,4,Morphological;POS;Emotion;Psycholinguistic;Knockoff
human_science_cyberleninka_0010,H,science,,3,36.9152,50.0000,39.1908,18,4,Morphological;POS;Emotion;Psycholinguistic;Knockoff
human_science_cyberleninka_0011,H,science,,3,34.4298,50.0000,37.1377,18,4,Morphological;POS;Emotion;Psycholinguistic;Knockoff
human_science_cyberleninka_0013,H,science,,3,56.7251,37.5000,53.3816,18,4,Morphological;POS;Emotion;Psycholinguistic;Knockoff
human_science_cyberleninka_0014,H,science,,3,55.2632,12.5000,47.8261,18,4,Morphological;POS;Emotion;Psycholinguistic;Knockoff
human_science_cyberleninka_0015,H,science,,3,45.2485,50.0000,46.0749,18,4,Morphological;POS;Emotion;Psycholinguistic;Knockoff
human_science_cyberleninka_0016,H,science,,3,42.3246,37.5000,41.4855,18,4,Morphological;POS;Emotion;Psycholinguistic;Knockoff
human_science_cyberleninka_0017,H,science,,3,46.0526,50.0000,46.7391,18,4,Morphological;POS;Emotion;Psycholinguistic;Knockoff
human_science_cyberleninka_0018,H,science,,3,45.8333,0.0000,37.8623,18,4,Morphological;POS;Emotion;Psycholinguistic;Knockoff
human_science_cyberleninka_0019,H,science,,3,35.9649,50.0000,38.4058,18,4,Morphological;POS;Emotion;Psycholinguistic;Knockoff
human_science_cyberleninka_0020,H,science,,3,44.4444,25.0000,41.0628,18,4,Morphological;POS;Emotion;Psycholinguistic;Knockoff
human_science_cyberleninka_0021,H,science,,3,39.9854,50.0000,41.7271,18,4,Morphological;POS;Emotion;Psycholinguistic;Knockoff
human_science_cyberleninka_0022,H,science,,3,42.6170,75.0000,48.2488,18,4,Morphological;POS;Emotion;Psycholinguistic;Knockoff
human_science_cyberleninka_0023,H,science,,3,63.6696,25.0000,56.9444,18,4,Morphological;POS;Emotion;Psycholinguistic;Knockoff
human_science_cyberleninka_0024,H,science,,3,66.3743,50.0000,63.5266,18,4,Morphological;POS;Emotion;Psycholinguistic;Knockoff
human_science_cyberleninka_0025,H,science,,3,29.4591,50.0000,33.0314,18,4,Morphological;POS;Emotion;Psycholinguistic;Knockoff
human_science_cyberleninka_0026,H,science,,3,42.4708,0.0000,35.0845,18,4,Morphological;POS;Emotion;Psycholinguistic;Knockoff
human_science_cyberleninka_0027,H,science,,3,38.5234,25.0000,36.1715,18,4,Morphological;POS;Emotion;Psycholinguistic;Knockoff
human_science_cyberleninka_0028,H,science,,3,48.6111,0.0000,40.1570,18,4,Morphological;POS;Emotion;Psycholinguistic;Knockoff
human_science_cyberleninka_0029,H,science,,3,45.0292,50.0000,45.8937,18,4,Morphological;POS;Emotion;Psycholinguistic;Knockoff
human_science_cyberleninka_0030,H,science,,3,46.2719,25.0000,42.5725,18,4,Morphological;POS;Emotion;Psycholinguistic;Knockoff
human_science_cyberleninka_0031,H,science,,3,39.3275,50.0000,41.1836,18,4,Morphological;POS;Emotion;Psycholinguistic;Knockoff
human_science_cyberleninka_0032,H,science,,3,42.8363,12.5000,37.5604,18,4,Morphological;POS;Emotion;Psycholinguistic;Knockoff
human_science_cyberleninka_0033,H,science,,3,54.6784,12.5000,47.3430,18,4,Morphological;POS;Emotion;Psycholinguistic;Knockoff
human_science_cyberleninka_0034,H,science,,3,49.7076,12.5000,43.2367,18,4,Morphological;POS;Emotion;Psycholinguistic;Knockoff
human_science_cyberleninka_0035,H,science,,3,51.9006,75.0000,55.9179,18,4,Morphological;POS;Emotion;Psycholinguistic;Knockoff
human_science_cyberleninka_0036,H,science,,3,40.2778,25.0000,37.6208,18,4,Morphological;POS;Emotion;Psycholinguistic;Knockoff
human_science_cyberleninka_0037,H,science,,3,51.9737,50.0000,51.6304,18,4,Morphological;POS;Emotion;Psycholinguistic;Knockoff
human_science_cyberleninka_0038,H,science,,3,48.0263,50.0000,48.3696,18,4,Morphological;POS;Emotion;Psycholinguistic;Knockoff
human_science_cyberleninka_0039,H,science,,3,16.0088,50.0000,21.9203,18,4,Morphological;POS;Emotion;Psycholinguistic;Knockoff
human_science_cyberleninka_0040,H,science,,3,51.6082,50.0000,51.3285,18,4,Morphological;POS;Emotion;Psycholinguistic;Knockoff
human_science_cyberleninka_0041,H,science,,3,53.4357,12.5000,46.3164,18,4,Morphological;POS;Emotion;Psycholinguistic;Knockoff
human_science_cyberleninka_0042,H,science,,3,43.4211,25.0000,40.2174,18,4,Morphological;POS;Emotion;Psycholinguistic;Knockoff
human_science_cyberleninka_0043,H,science,,3,59.2105,50.0000,57.6087,18,4,Morphological;POS;Emotion;Psycholinguistic;Knockoff
human_science_cyberleninka_0044,H,science,,3,42.3246,50.0000,43.6594,18,4,Morphological;POS;Emotion;Psycholinguistic;Knockoff
human_science_cyberleninka_0045,H,science,,3,56.5789,25.0000,51.0870,18,4,Morphological;POS;Emotion;Psycholinguistic;Knockoff
human_science_cyberleninka_0046,H,science,,3,48.2456,25.0000,44.2029,18,4,Morphological;POS;Emotion;Psycholinguistic;Knockoff
human_science_cyberleninka_0047,H,science,,3,33.7719,50.0000,36.5942,18,4,Morphological;POS;Emotion;Psycholinguistic;Knockoff
human_science_cyberleninka_0048,H,science,,3,71.3450,0.0000,58.9372,18,4,Morphological;POS;Emotion;Psycholinguistic;Knockoff
human_science_cyberleninka_0049,H,science,,3,62.9386,0.0000,51.9928,18,4,Morphological;POS;Emotion;Psycholinguistic;Knockoff
human_science_cyberleninka_0050,H,science,,3,56.0673,37.5000,52.8382,18,4,Morphological;POS;Emotion;Psycholinguistic;Knockoff
human_science_cyberleninka_0051,H,science,,3,27.9240,12.5000,25.2415,18,4,Morphological;POS;Emotion;Psycholinguistic;Knockoff
human_science_cyberleninka_0052,H,science,,3,39.6930,75.0000,45.8333,18,4,Morphological;POS;Emotion;Psycholinguistic;Knockoff
human_science_cyberleninka_0053,H,science,,3,40.8626,75.0000,46.7995,18,4,Morphological;POS;Emotion;Psycholinguistic;Knockoff
human_science_cyberleninka_0054,H,science,,3,48.2456,50.0000,48.5507,18,4,Morphological;POS;Emotion;Psycholinguistic;Knockoff
human_science_cyberleninka_0055,H,science,,3,66.4474,25.0000,59.2391,18,4,Morphological;POS;Emotion;Psycholinguistic;Knockoff
human_science_cyberleninka_0056,H,science,,3,38.3772,12.5000,33.8768,18,4,Morphological;POS;Emotion;Psycholinguistic;Knockoff
human_science_cyberleninka_0057,H,science,,3,41.8129,37.5000,41.0628,18,4,Morphological;POS;Emotion;Psycholinguistic;Knockoff
human_science_cyberleninka_0058,H,science,,3,38.0117,37.5000,37.9227,18,4,Morphological;POS;Emotion;Psycholinguistic;Knockoff
human_science_cyberleninka_0059,H,science,,3,48.1725,0.0000,39.7947,18,4,Morphological;POS;Emotion;Psycholinguistic;Knockoff
human_science_cyberleninka_0060,H,science,,3,51.9006,25.0000,47.2222,18,4,Morphological;POS;Emotion;Psycholinguistic;Knockoff
human_prose_taiga_proza_0001,H,prose,,0,59.4298,50.0000,57.7899,18,4,Morphological;POS;Emotion;Psycholinguistic;Knockoff
human_prose_taiga_proza_0002,H,prose,,0,55.5556,12.5000,48.0676,18,4,Morphological;POS;Emotion;Psycholinguistic;Knockoff
human_prose_taiga_proza_0003,H,prose,,0,35.3070,0.0000,29.1667,18,4,Morphological;POS;Emotion;Psycholinguistic;Knockoff
human_prose_taiga_proza_0004,H,prose,,0,67.5439,25.0000,60.1449,18,4,Morphological;POS;Emotion;Psycholinguistic;Knockoff
human_prose_taiga_proza_0005,H,prose,,0,58.6257,50.0000,57.1256,18,4,Morphological;POS;Emotion;Psycholinguistic;Knockoff
human_prose_taiga_proza_0006,H,prose,,0,59.6491,50.0000,57.9710,18,4,Morphological;POS;Emotion;Psycholinguistic;Knockoff
human_prose_taiga_proza_0007,H,prose,,0,51.0965,25.0000,46.5580,18,4,Morphological;POS;Emotion;Psycholinguistic;Knockoff
human_prose_taiga_proza_0008,H,prose,,0,67.1053,0.0000,55.4348,18,4,Morphological;POS;Emotion;Psycholinguistic;Knockoff
human_prose_taiga_proza_0009,H,prose,,0,75.8041,50.0000,71.3164,18,4,Morphological;POS;Emotion;Psycholinguistic;Knockoff
human_prose_taiga_proza_0010,H,prose,,0,58.9181,12.5000,50.8454,18,4,Morphological;POS;Emotion;Psycholinguistic;Knockoff
human_prose_taiga_proza_0011,H,prose,,0,50.5117,25.0000,46.0749,18,4,Morphological;POS;Emotion;Psycholinguistic;Knockoff
human_prose_taiga_proza_0012,H,prose,,0,63.3041,0.0000,52.2947,18,4,Morphological;POS;Emotion;Psycholinguistic;Knockoff
human_prose_taiga_proza_0013,H,prose,,0,56.7251,25.0000,51.2077,18,4,Morphological;POS;Emotion;Psycholinguistic;Knockoff
human_prose_taiga_proza_0014,H,prose,,0,56.7982,50.0000,55.6159,18,4,Morphological;POS;Emotion;Psycholinguistic;Knockoff
human_prose_taiga_proza_0015,H,prose,,0,24.0497,0.0000,19.8671,18,4,Morphological;POS;Emotion;Psycholinguistic;Knockoff
human_prose_taiga_proza_0016,H,prose,,0,25.4386,0.0000,21.0145,18,4,Morphological;POS;Emotion;Psycholinguistic;Knockoff
human_prose_taiga_proza_0017,H,prose,,0,39.4006,0.0000,32.5483,18,4,Morphological;POS;Emotion;Psycholinguistic;Knockoff
human_prose_taiga_proza_0018,H,prose,,0,51.7544,0.0000,42.7536,18,4,Morphological;POS;Emotion;Psycholinguistic;Knockoff
human_prose_taiga_proza_0019,H,prose,,0,45.3216,0.0000,37.4396,18,4,Morphological;POS;Emotion;Psycholinguistic;Knockoff
human_prose_taiga_proza_0020,H,prose,,0,66.8129,50.0000,63.8889,18,4,Morphological;POS;Emotion;Psycholinguistic;Knockoff
human_prose_taiga_proza_0021,H,prose,,0,41.9591,0.0000,34.6618,18,4,Morphological;POS;Emotion;Psycholinguistic;Knockoff
human_prose_taiga_proza_0022,H,prose,,0,78.7281,50.0000,73.7319,18,4,Morphological;POS;Emotion;Psycholinguistic;Knockoff
human_prose_taiga_proza_0023,H,prose,,0,57.5292,0.0000,47.5242,18,4,Morphological;POS;Emotion;Psycholinguistic;Knockoff
human_prose_taiga_proza_0024,H,prose,,0,30.2632,0.0000,25.0000,18,4,Morphological;POS;Emotion;Psycholinguistic;Knockoff
human_prose_taiga_proza_0025,H,prose,,0,48.3918,0.0000,39.9758,18,4,Morphological;POS;Emotion;Psycholinguistic;Knockoff
human_prose_taiga_proza_0026,H,prose,,0,49.1228,0.0000,40.5797,18,4,Morphological;POS;Emotion;Psycholinguistic;Knockoff
human_prose_taiga_proza_0027,H,prose,,0,74.1228,0.0000,61.2319,18,4,Morphological;POS;Emotion;Psycholinguistic;Knockoff
human_prose_taiga_proza_0028,H,prose,,0,50.4386,50.0000,50.3623,18,4,Morphological;POS;Emotion;Psycholinguistic;Knockoff
human_prose_taiga_proza_0029,H,prose,,0,76.6813,50.0000,72.0411,18,4,Morphological;POS;Emotion;Psycholinguistic;Knockoff
human_prose_taiga_proza_0030,H,prose,,0,42.5439,12.5000,37.3188,18,4,Morphological;POS;Emotion;Psycholinguistic;Knockoff
human_prose_taiga_proza_0031,H,prose,,0,60.2339,0.0000,49.7585,18,4,Morphological;POS;Emotion;Psycholinguistic;Knockoff
human_prose_taiga_proza_0032,H,prose,,0,48.8304,0.0000,40.3382,18,4,Morphological;POS;Emotion;Psycholinguistic;Knockoff
human_prose_taiga_proza_0033,H,prose,,0,73.4649,12.5000,62.8623,18,4,Morphological;POS;Emotion;Psycholinguistic;Knockoff
human_prose_taiga_proza_0034,H,prose,,0,41.2281,0.0000,34.0580,18,4,Morphological;POS;Emotion;Psycholinguistic;Knockoff
human_prose_taiga_proza_0035,H,prose,,0,64.6930,50.0000,62.1377,18,4,Morphological;POS;Emotion;Psycholinguistic;Knockoff
human_prose_taiga_proza_0036,H,prose,,0,51.7544,50.0000,51.4493,18,4,Morphological;POS;Emotion;Psycholinguistic;Knockoff
human_prose_taiga_proza_0037,H,prose,,0,30.8480,12.5000,27.6570,18,4,Morphological;POS;Emotion;Psycholinguistic;Knockoff
human_prose_taiga_proza_0038,H,prose,,0,62.2807,50.0000,60.1449,18,4,Morphological;POS;Emotion;Psycholinguistic;Knockoff
human_prose_taiga_proza_0039,H,prose,,0,48.8304,50.0000,49.0338,18,4,Morphological;POS;Emotion;Psycholinguistic;Knockoff
human_prose_taiga_proza_0040,H,prose,,0,63.0117,50.0000,60.7488,18,4,Morphological;POS;Emotion;Psycholinguistic;Knockoff
human_prose_taiga_proza_0041,H,prose,,0,36.6959,12.5000,32.4879,18,4,Morphological;POS;Emotion;Psycholinguistic;Knockoff
human_prose_taiga_proza_0042,H,prose,,0,64.9123,50.0000,62.3188,18,4,Morphological;POS;Emotion;Psycholinguistic;Knockoff
human_prose_taiga_proza_0043,H,prose,,0,39.0351,0.0000,32.2464,18,4,Morphological;POS;Emotion;Psycholinguistic;Knockoff
human_prose_taiga_proza_0044,H,prose,,0,49.1228,50.0000,49.2754,18,4,Morphological;POS;Emotion;Psycholinguistic;Knockoff
human_prose_taiga_proza_0045,H,prose,,0,56.3596,12.5000,48.7319,18,4,Morphological;POS;Emotion;Psycholinguistic;Knockoff
human_prose_taiga_proza_0046,H,prose,,0,39.6199,12.5000,34.9034,18,4,Morphological;POS;Emotion;Psycholinguistic;Knockoff
human_prose_taiga_proza_0047,H,prose,,0,42.2515,50.0000,43.5990,18,4,Morphological;POS;Emotion;Psycholinguistic;Knockoff
human_prose_taiga_proza_0048,H,prose,,0,56.4327,12.5000,48.7923,18,4,Morphological;POS;Emotion;Psycholinguistic;Knockoff
human_prose_taiga_proza_0049,H,prose,,0,28.0702,50.0000,31.8841,18,4,Morphological;POS;Emotion;Psycholinguistic;Knockoff
human_prose_taiga_proza_0050,H,prose,,0,53.6550,0.0000,44.3237,18,4,Morphological;POS;Emotion;Psycholinguistic;Knockoff
human_prose_taiga_proza_0051,H,prose,,0,70.1754,0.0000,57.9710,18,4,Morphological;POS;Emotion;Psycholinguistic;Knockoff
human_prose_taiga_proza_0052,H,prose,,0,40.3509,50.0000,42.0290,18,4,Morphological;POS;Emotion;Psycholinguistic;Knockoff
human_prose_taiga_proza_0053,H,prose,,0,37.2807,50.0000,39.4928,18,4,Morphological;POS;Emotion;Psycholinguistic;Knockoff
human_prose_taiga_proza_0054,H,prose,,0,35.8918,75.0000,42.6932,18,4,Morphological;POS;Emotion;Psycholinguistic;Knockoff
human_prose_taiga_proza_0055,H,prose,,0,25.1462,50.0000,29.4686,18,4,Morphological;POS;Emotion;Psycholinguistic;Knockoff
human_prose_taiga_proza_0056,H,prose,,0,34.2836,50.0000,37.0169,18,4,Morphological;POS;Emotion;Psycholinguistic;Knockoff
human_prose_taiga_proza_0057,H,prose,,0,58.6257,50.0000,57.1256,18,4,Morphological;POS;Emotion;Psycholinguistic;Knockoff
human_prose_taiga_proza_0058,H,prose,,0,56.2865,50.0000,55.1932,18,4,Morphological;POS;Emotion;Psycholinguistic;Knockoff
human_prose_taiga_proza_0059,H,prose,,0,47.0760,12.5000,41.0628,18,4,Morphological;POS;Emotion;Psycholinguistic;Knockoff
human_prose_taiga_proza_0060,H,prose,,0,57.8947,12.5000,50.0000,18,4,Morphological;POS;Emotion;Psycholinguistic;Knockoff
human_seo_drmax_0001,H,seo,,2,47.3684,0.0000,39.1304,18,4,Morphological;POS;Emotion;Psycholinguistic;Knockoff
human_seo_drmax_0002,H,seo,,2,52.9240,0.0000,43.7198,18,4,Morphological;POS;Emotion;Psycholinguistic;Knockoff
human_seo_drmax_0003,H,seo,,2,53.8012,12.5000,46.6184,18,4,Morphological;POS;Emotion;Psycholinguistic;Knockoff
human_seo_drmax_0004,H,seo,,2,49.7076,0.0000,41.0628,18,4,Morphological;POS;Emotion;Psycholinguistic;Knockoff
human_seo_drmax_0005,H,seo,,2,46.7105,0.0000,38.5870,18,4,Morphological;POS;Emotion;Psycholinguistic;Knockoff
human_seo_drmax_0006,H,seo,,2,52.9240,25.0000,48.0676,18,4,Morphological;POS;Emotion;Psycholinguistic;Knockoff
human_seo_drmax_0007,H,seo,,2,49.7076,0.0000,41.0628,18,4,Morphological;POS;Emotion;Psycholinguistic;Knockoff
human_seo_drmax_0008,H,seo,,2,34.5760,12.5000,30.7367,18,4,Morphological;POS;Emotion;Psycholinguistic;Knockoff
human_seo_drmax_0009,H,seo,,2,49.7807,0.0000,41.1232,18,4,Morphological;POS;Emotion;Psycholinguistic;Knockoff
human_seo_drmax_0010,H,seo,,2,50.5848,0.0000,41.7874,18,4,Morphological;POS;Emotion;Psycholinguistic;Knockoff
human_seo_drmax_0011,H,seo,,2,60.5263,0.0000,50.0000,18,4,Morphological;POS;Emotion;Psycholinguistic;Knockoff
human_seo_drmax_0012,H,seo,,2,46.0526,0.0000,38.0435,18,4,Morphological;POS;Emotion;Psycholinguistic;Knockoff
human_seo_drmax_0013,H,seo,,2,47.9532,12.5000,41.7874,18,4,Morphological;POS;Emotion;Psycholinguistic;Knockoff
human_seo_drmax_0014,H,seo,,2,52.4123,12.5000,45.4710,18,4,Morphological;POS;Emotion;Psycholinguistic;Knockoff
human_seo_drmax_0015,H,seo,,2,49.9269,0.0000,41.2440,18,4,Morphological;POS;Emotion;Psycholinguistic;Knockoff
human_seo_drmax_0016,H,seo,,2,53.2164,0.0000,43.9614,18,4,Morphological;POS;Emotion;Psycholinguistic;Knockoff
human_seo_drmax_0017,H,seo,,2,51.4620,12.5000,44.6860,18,4,Morphological;POS;Emotion;Psycholinguistic;Knockoff
human_seo_drmax_0018,H,seo,,2,50.4386,25.0000,46.0145,18,4,Morphological;POS;Emotion;Psycholinguistic;Knockoff
human_seo_drmax_0019,H,seo,,2,53.6550,0.0000,44.3237,18,4,Morphological;POS;Emotion;Psycholinguistic;Knockoff
human_seo_drmax_0020,H,seo,,2,43.1287,12.5000,37.8019,18,4,Morphological;POS;Emotion;Psycholinguistic;Knockoff
human_seo_shakin_0001,H,seo,,2,42.8363,0.0000,35.3865,18,4,Morphological;POS;Emotion;Psycholinguistic;Knockoff
human_seo_shakin_0002,H,seo,,2,29.2398,25.0000,28.5024,18,4,Morphological;POS;Emotion;Psycholinguistic;Knockoff
human_seo_shakin_0003,H,seo,,2,47.0760,0.0000,38.8889,18,4,Morphological;POS;Emotion;Psycholinguistic;Knockoff
human_seo_shakin_0004,H,seo,,2,41.2281,0.0000,34.0580,18,4,Morphological;POS;Emotion;Psycholinguistic;Knockoff
human_seo_shakin_0005,H,seo,,2,39.3275,0.0000,32.4879,18,4,Morphological;POS;Emotion;Psycholinguistic;Knockoff
human_seo_shakin_0007,H,seo,,2,39.9123,0.0000,32.9710,18,4,Morphological;POS;Emotion;Psycholinguistic;Knockoff
human_seo_shakin_0008,H,seo,,2,39.0351,0.0000,32.2464,18,4,Morphological;POS;Emotion;Psycholinguistic;Knockoff
human_seo_shakin_0009,H,seo,,2,53.8743,0.0000,44.5048,18,4,Morphological;POS;Emotion;Psycholinguistic;Knockoff
human_seo_shakin_0010,H,seo,,2,48.0994,0.0000,39.7343,18,4,Morphological;POS;Emotion;Psycholinguistic;Knockoff
human_seo_shakin_0011,H,seo,,2,31.3596,0.0000,25.9058,18,4,Morphological;POS;Emotion;Psycholinguistic;Knockoff
human_seo_shakin_0012,H,seo,,2,28.5088,0.0000,23.5507,18,4,Morphological;POS;Emotion;Psycholinguistic;Knockoff
human_seo_shakin_0013,H,seo,,2,36.4766,0.0000,30.1329,18,4,Morphological;POS;Emotion;Psycholinguistic;Knockoff
human_seo_shakin_0014,H,seo,,2,53.8012,0.0000,44.4444,18,4,Morphological;POS;Emotion;Psycholinguistic;Knockoff
human_seo_shakin_0015,H,seo,,2,43.1287,0.0000,35.6280,18,4,Morphological;POS;Emotion;Psycholinguistic;Knockoff
human_seo_shakin_0017,H,seo,,2,59.0643,0.0000,48.7923,18,4,Morphological;POS;Emotion;Psycholinguistic;Knockoff
human_seo_shakin_0018,H,seo,,2,51.5351,0.0000,42.5725,18,4,Morphological;POS;Emotion;Psycholinguistic;Knockoff
human_seo_shakin_0019,H,seo,,2,24.9269,0.0000,20.5918,18,4,Morphological;POS;Emotion;Psycholinguistic;Knockoff
human_seo_shakin_0020,H,seo,,2,36.6959,0.0000,30.3140,18,4,Morphological;POS;Emotion;Psycholinguistic;Knockoff
human_seo_alaev_0001,H,seo,,2,40.9357,12.5000,35.9903,18,4,Morphological;POS;Emotion;Psycholinguistic;Knockoff
human_seo_alaev_0002,H,seo,,2,43.3480,0.0000,35.8092,18,4,Morphological;POS;Emotion;Psycholinguistic;Knockoff
human_seo_alaev_0003,H,seo,,2,35.5994,0.0000,29.4082,18,4,Morphological;POS;Emotion;Psycholinguistic;Knockoff
human_seo_alaev_0004,H,seo,,2,45.8333,0.0000,37.8623,18,4,Morphological;POS;Emotion;Psycholinguistic;Knockoff
human_seo_alaev_0005,H,seo,,2,40.7164,12.5000,35.8092,18,4,Morphological;POS;Emotion;Psycholinguistic;Knockoff
human_seo_alaev_0006,H,seo,,2,34.2836,0.0000,28.3213,18,4,Morphological;POS;Emotion;Psycholinguistic;Knockoff
human_seo_alaev_0007,H,seo,,2,26.6813,12.5000,24.2150,18,4,Morphological;POS;Emotion;Psycholinguistic;Knockoff
human_seo_alaev_0008,H,seo,,2,39.1813,0.0000,32.3671,18,4,Morphological;POS;Emotion;Psycholinguistic;Knockoff
human_seo_alaev_0009,H,seo,,2,63.4503,0.0000,52.4155,18,4,Morphological;POS;Emotion;Psycholinguistic;Knockoff
human_seo_alaev_0010,H,seo,,2,30.7749,12.5000,27.5966,18,4,Morphological;POS;Emotion;Psycholinguistic;Knockoff
human_seo_alaev_0011,H,seo,,2,29.2398,12.5000,26.3285,18,4,Morphological;POS;Emotion;Psycholinguistic;Knockoff
human_seo_alaev_0012,H,seo,,2,41.8129,12.5000,36.7150,18,4,Morphological;POS;Emotion;Psycholinguistic;Knockoff
human_seo_alaev_0013,H,seo,,2,33.6988,12.5000,30.0121,18,4,Morphological;POS;Emotion;Psycholinguistic;Knockoff
human_seo_alaev_0014,H,seo,,2,48.0263,12.5000,41.8478,18,4,Morphological;POS;Emotion;Psycholinguistic;Knockoff
human_seo_alaev_0015,H,seo,,2,24.9269,12.5000,22.7657,18,4,Morphological;POS;Emotion;Psycholinguistic;Knockoff
human_seo_alaev_0016,H,seo,,2,30.4825,12.5000,27.3551,18,4,Morphological;POS;Emotion;Psycholinguistic;Knockoff
human_seo_alaev_0017,H,seo,,2,42.8363,12.5000,37.5604,18,4,Morphological;POS;Emotion;Psycholinguistic;Knockoff
human_seo_alaev_0018,H,seo,,2,56.0673,25.0000,50.6643,18,4,Morphological;POS;Emotion;Psycholinguistic;Knockoff
human_seo_alaev_0019,H,seo,,2,60.1608,0.0000,49.6981,18,4,Morphological;POS;Emotion;Psycholinguistic;Knockoff
human_seo_alaev_0020,H,seo,,2,34.0643,12.5000,30.3140,18,4,Morphological;POS;Emotion;Psycholinguistic;Knockoff
human_seo_convertmonster_0001,H,seo,,2,31.7251,12.5000,28.3816,18,4,Morphological;POS;Emotion;Psycholinguistic;Knockoff
human_seo_sosnovskij_0007,H,seo,,2,49.7807,12.5000,43.2971,18,4,Morphological;POS;Emotion;Psycholinguistic;Knockoff
human_seo_sosnovskij_0011,H,seo,,2,45.3947,0.0000,37.5000,18,4,Morphological;POS;Emotion;Psycholinguistic;Knockoff
human_seo_sosnovskij_0012,H,seo,,2,57.4561,25.0000,51.8116,18,4,Morphological;POS;Emotion;Psycholinguistic;Knockoff
human_seo_sosnovskij_0015,H,seo,,2,66.6667,0.0000,55.0725,18,4,Morphological;POS;Emotion;Psycholinguistic;Knockoff
human_seo_sosnovskij_0016,H,seo,,2,68.2749,25.0000,60.7488,18,4,Morphological;POS;Emotion;Psycholinguistic;Knockoff
human_seo_sosnovskij_0019,H,seo,,2,67.0322,12.5000,57.5483,18,4,Morphological;POS;Emotion;Psycholinguistic;Knockoff
human_seo_sosnovskij_0021,H,seo,,2,36.9152,25.0000,34.8430,18,4,Morphological;POS;Emotion;Psycholinguistic;Knockoff
human_seo_sosnovskij_0022,H,seo,,2,58.7719,0.0000,48.5507,18,4,Morphological;POS;Emotion;Psycholinguistic;Knockoff
human_seo_sosnovskij_0025,H,seo,,2,61.9152,25.0000,55.4952,18,4,Morphological;POS;Emotion;Psycholinguistic;Knockoff
human_seo_sosnovskij_0028,H,seo,,2,67.9094,0.0000,56.0990,18,4,Morphological;POS;Emotion;Psycholinguistic;Knockoff
human_seo_sosnovskij_0029,H,seo,,2,68.7135,25.0000,61.1111,18,4,Morphological;POS;Emotion;Psycholinguistic;Knockoff
human_seo_sosnovskij_0030,H,seo,,2,60.8918,0.0000,50.3019,18,4,Morphological;POS;Emotion;Psycholinguistic;Knockoff
human_seo_sosnovskij_0032,H,seo,,2,62.8655,0.0000,51.9324,18,4,Morphological;POS;Emotion;Psycholinguistic;Knockoff
human_seo_sosnovskij_0033,H,seo,,2,71.0526,25.0000,63.0435,18,4,Morphological;POS;Emotion;Psycholinguistic;Knockoff
human_seo_sosnovskij_0034,H,seo,,2,71.3450,25.0000,63.2850,18,4,Morphological;POS;Emotion;Psycholinguistic;Knockoff
human_seo_sosnovskij_0035,H,seo,,2,55.6287,0.0000,45.9541,18,4,Morphological;POS;Emotion;Psycholinguistic;Knockoff
human_seo_sosnovskij_0036,H,seo,,2,48.8304,25.0000,44.6860,18,4,Morphological;POS;Emotion;Psycholinguistic;Knockoff
human_seo_sosnovskij_0037,H,seo,,2,61.1111,0.0000,50.4831,18,4,Morphological;POS;Emotion;Psycholinguistic;Knockoff
human_seo_sosnovskij_0039,H,seo,,2,61.6228,25.0000,55.2536,18,4,Morphological;POS;Emotion;Psycholinguistic;Knockoff
human_seo_alaev_0021,H,seo,,2,45.1023,0.0000,37.2585,18,4,Morphological;POS;Emotion;Psycholinguistic;Knockoff
human_seo_drmax_0021,H,seo,,2,52.9971,12.5000,45.9541,18,4,Morphological;POS;Emotion;Psycholinguistic;Knockoff
human_seo_drmax_0024,H,seo,,2,50.7310,12.5000,44.0821,18,4,Morphological;POS;Emotion;Psycholinguistic;Knockoff
human_seo_drmax_0025,H,seo,,2,44.0058,0.0000,36.3527,18,4,Morphological;POS;Emotion;Psycholinguistic;Knockoff
human_seo_madcats_0001,H,seo,,2,59.5029,0.0000,49.1546,18,4,Morphological;POS;Emotion;Psycholinguistic;Knockoff
human_seo_madcats_0002,H,seo,,2,45.3947,0.0000,37.5000,18,4,Morphological;POS;Emotion;Psycholinguistic;Knockoff
human_seo_madcats_0003,H,seo,,2,42.9094,25.0000,39.7947,18,4,Morphological;POS;Emotion;Psycholinguistic;Knockoff
human_seo_madcats_0004,H,seo,,2,32.8216,0.0000,27.1135,18,4,Morphological;POS;Emotion;Psycholinguistic;Knockoff
human_seo_madcats_0005,H,seo,,2,61.1842,0.0000,50.5435,18,4,Morphological;POS;Emotion;Psycholinguistic;Knockoff
human_seo_madcats_0006,H,seo,,2,54.3129,12.5000,47.0411,18,4,Morphological;POS;Emotion;Psycholinguistic;Knockoff
human_seo_madcats_0007,H,seo,,2,44.0058,0.0000,36.3527,18,4,Morphological;POS;Emotion;Psycholinguistic;Knockoff
human_seo_madcats_0008,H,seo,,2,39.2544,25.0000,36.7754,18,4,Morphological;POS;Emotion;Psycholinguistic;Knockoff
human_seo_madcats_0009,H,seo,,2,27.4123,25.0000,26.9928,18,4,Morphological;POS;Emotion;Psycholinguistic;Knockoff
human_seo_madcats_0010,H,seo,,2,56.1404,12.5000,48.5507,18,4,Morphological;POS;Emotion;Psycholinguistic;Knockoff
human_seo_madcats_0011,H,seo,,2,54.1667,25.0000,49.0942,18,4,Morphological;POS;Emotion;Psycholinguistic;Knockoff
human_seo_madcats_0012,H,seo,,2,44.4444,12.5000,38.8889,18,4,Morphological;POS;Emotion;Psycholinguistic;Knockoff
human_seo_madcats_0013,H,seo,,2,20.4678,37.5000,23.4300,18,4,Morphological;POS;Emotion;Psycholinguistic;Knockoff
human_seo_madcats_0014,H,seo,,2,25.6579,12.5000,23.3696,18,4,Morphological;POS;Emotion;Psycholinguistic;Knockoff
human_seo_madcats_0015,H,seo,,2,39.1813,0.0000,32.3671,18,4,Morphological;POS;Emotion;Psycholinguistic;Knockoff
human_seo_madcats_0016,H,seo,,2,41.3012,12.5000,36.2923,18,4,Morphological;POS;Emotion;Psycholinguistic;Knockoff
human_seo_madcats_0017,H,seo,,2,58.2602,25.0000,52.4758,18,4,Morphological;POS;Emotion;Psycholinguistic;Knockoff
human_seo_madcats_0018,H,seo,,2,36.1111,12.5000,32.0048,18,4,Morphological;POS;Emotion;Psycholinguistic;Knockoff
human_seo_madcats_0019,H,seo,,2,34.6491,12.5000,30.7971,18,4,Morphological;POS;Emotion;Psycholinguistic;Knockoff
human_seo_madcats_0020,H,seo,,2,40.2047,0.0000,33.2126,18,4,Morphological;POS;Emotion;Psycholinguistic;Knockoff
human_seo_madcats_0021,H,seo,,2,75.5848,12.5000,64.6135,18,4,Morphological;POS;Emotion;Psycholinguistic;Knockoff
human_seo_madcats_0022,H,seo,,2,68.1287,0.0000,56.2802,18,4,Morphological;POS;Emotion;Psycholinguistic;Knockoff
human_seo_madcats_0023,H,seo,,2,37.4269,12.5000,33.0918,18,4,Morphological;POS;Emotion;Psycholinguistic;Knockoff
human_seo_madcats_0024,H,seo,,2,29.9708,0.0000,24.7585,18,4,Morphological;POS;Emotion;Psycholinguistic;Knockoff
human_seo_madcats_0025,H,seo,,2,49.6345,12.5000,43.1763,18,4,Morphological;POS;Emotion;Psycholinguistic;Knockoff
human_seo_madcats_0026,H,seo,,2,33.9912,0.0000,28.0797,18,4,Morphological;POS;Emotion;Psycholinguistic;Knockoff
human_seo_madcats_0027,H,seo,,2,46.3450,12.5000,40.4589,18,4,Morphological;POS;Emotion;Psycholinguistic;Knockoff
human_seo_madcats_0028,H,seo,,2,41.3012,12.5000,36.2923,18,4,Morphological;POS;Emotion;Psycholinguistic;Knockoff
human_seo_madcats_0029,H,seo,,2,54.8977,0.0000,45.3502,18,4,Morphological;POS;Emotion;Psycholinguistic;Knockoff
human_seo_madcats_0030,H,seo,,2,52.6316,0.0000,43.4783,18,4,Morphological;POS;Emotion;Psycholinguistic;Knockoff
human_seo_seopulses_0003,H,seo,,2,31.4327,0.0000,25.9662,18,4,Morphological;POS;Emotion;Psycholinguistic;Knockoff
human_seo_seopulses_0005,H,seo,,2,43.4211,0.0000,35.8696,18,4,Morphological;POS;Emotion;Psycholinguistic;Knockoff
human_seo_seopulses_0006,H,seo,,2,36.9883,0.0000,30.5556,18,4,Morphological;POS;Emotion;Psycholinguistic;Knockoff
human_seo_seopulses_0007,H,seo,,2,31.1404,0.0000,25.7246,18,4,Morphological;POS;Emotion;Psycholinguistic;Knockoff
human_seo_seopulses_0012,H,seo,,2,38.3772,12.5000,33.8768,18,4,Morphological;POS;Emotion;Psycholinguistic;Knockoff
human_seo_seopulses_0014,H,seo,,2,44.1520,0.0000,36.4734,18,4,Morphological;POS;Emotion;Psycholinguistic;Knockoff
human_seo_seopulses_0016,H,seo,,2,37.2076,0.0000,30.7367,18,4,Morphological;POS;Emotion;Psycholinguistic;Knockoff
human_seo_seopulses_0017,H,seo,,2,51.8275,0.0000,42.8140,18,4,Morphological;POS;Emotion;Psycholinguistic;Knockoff
human_seo_seopulses_0018,H,seo,,2,45.9064,0.0000,37.9227,18,4,Morphological;POS;Emotion;Psycholinguistic;Knockoff
human_seo_seopulses_0020,H,seo,,2,39.7661,12.5000,35.0242,18,4,Morphological;POS;Emotion;Psycholinguistic;Knockoff
human_seo_seopulses_0022,H,seo,,2,47.5146,12.5000,41.4251,18,4,Morphological;POS;Emotion;Psycholinguistic;Knockoff
human_seo_seopulses_0025,H,seo,,2,38.2310,12.5000,33.7560,18,4,Morphological;POS;Emotion;Psycholinguistic;Knockoff
human_news_buriy_2014_0001,H,news,,1,54.0936,25.0000,49.0338,18,4,Morphological;POS;Emotion;Psycholinguistic;Knockoff
human_news_buriy_2014_0002,H,news,,1,22.3684,0.0000,18.4783,18,4,Morphological;POS;Emotion;Psycholinguistic;Knockoff
human_news_buriy_2014_0003,H,news,,1,47.7339,0.0000,39.4324,17,4,Morphological;POS;Emotion;Psycholinguistic;Knockoff
human_news_buriy_2014_0004,H,news,,1,44.0789,0.0000,36.4130,17,4,Morphological;POS;Emotion;Psycholinguistic;Knockoff
human_news_buriy_2014_0005,H,news,,1,53.9474,25.0000,48.9130,18,4,Morphological;POS;Emotion;Psycholinguistic;Knockoff
human_news_buriy_2014_0006,H,news,,1,56.1404,50.0000,55.0725,18,4,Morphological;POS;Emotion;Psycholinguistic;Knockoff
human_news_buriy_2014_0007,H,news,,1,75.1462,0.0000,62.0773,18,4,Morphological;POS;Emotion;Psycholinguistic;Knockoff
human_news_buriy_2014_0008,H,news,,1,51.3889,25.0000,46.7995,18,4,Morphological;POS;Emotion;Psycholinguistic;Knockoff
human_news_buriy_2014_0009,H,news,,1,33.4064,25.0000,31.9444,18,4,Morphological;POS;Emotion;Psycholinguistic;Knockoff
human_news_buriy_2014_0010,H,news,,1,26.3158,0.0000,21.7391,17,4,Morphological;POS;Emotion;Psycholinguistic;Knockoff
human_news_buriy_2014_0011,H,news,,1,47.0029,25.0000,43.1763,18,4,Morphological;POS;Emotion;Psycholinguistic;Knockoff
human_news_buriy_2014_0012,H,news,,1,53.1433,25.0000,48.2488,18,4,Morphological;POS;Emotion;Psycholinguistic;Knockoff
human_news_buriy_2014_0013,H,news,,1,54.1667,0.0000,44.7464,17,4,Morphological;POS;Emotion;Psycholinguistic;Knockoff
human_news_buriy_2014_0014,H,news,,1,64.2544,25.0000,57.4275,18,4,Morphological;POS;Emotion;Psycholinguistic;Knockoff
human_news_buriy_2014_0015,H,news,,1,23.4649,0.0000,19.3841,18,4,Morphological;POS;Emotion;Psycholinguistic;Knockoff
human_news_buriy_2014_0016,H,news,,1,50.6579,0.0000,41.8478,17,4,Morphological;POS;Emotion;Psycholinguistic;Knockoff
human_news_buriy_2014_0017,H,news,,1,78.7281,0.0000,65.0362,17,4,Morphological;POS;Emotion;Psycholinguistic;Knockoff
human_news_buriy_2014_0018,H,news,,1,63.8158,25.0000,57.0652,18,4,Morphological;POS;Emotion;Psycholinguistic;Knockoff
human_news_buriy_2014_0019,H,news,,1,48.6111,25.0000,44.5048,18,4,Morphological;POS;Emotion;Psycholinguistic;Knockoff
human_news_buriy_2014_0020,H,news,,1,34.2105,0.0000,28.2609,18,4,Morphological;POS;Emotion;Psycholinguistic;Knockoff
human_news_buriy_2014_0021,H,news,,1,59.3567,25.0000,53.3816,18,4,Morphological;POS;Emotion;Psycholinguistic;Knockoff
human_news_buriy_2014_0022,H,news,,1,61.1842,25.0000,54.8913,18,4,Morphological;POS;Emotion;Psycholinguistic;Knockoff
human_news_buriy_2014_0023,H,news,,1,58.9181,0.0000,48.6715,17,4,Morphological;POS;Emotion;Psycholinguistic;Knockoff
human_news_buriy_2014_0024,H,news,,1,48.3187,0.0000,39.9155,17,4,Morphological;POS;Emotion;Psycholinguistic;Knockoff
human_news_buriy_2014_0025,H,news,,1,64.2544,25.0000,57.4275,18,4,Morphological;POS;Emotion;Psycholinguistic;Knockoff
human_news_buriy_2014_0026,H,news,,1,80.0439,0.0000,66.1232,18,4,Morphological;POS;Emotion;Psycholinguistic;Knockoff
human_news_buriy_2014_0027,H,news,,1,30.2632,25.0000,29.3478,18,4,Morphological;POS;Emotion;Psycholinguistic;Knockoff
human_news_buriy_2014_0028,H,news,,1,37.2807,25.0000,35.1449,18,4,Morphological;POS;Emotion;Psycholinguistic;Knockoff
human_news_buriy_2014_0029,H,news,,1,62.3538,25.0000,55.8575,18,4,Morphological;POS;Emotion;Psycholinguistic;Knockoff
human_news_buriy_2014_0030,H,news,,1,59.2836,0.0000,48.9734,18,4,Morphological;POS;Emotion;Psycholinguistic;Knockoff
human_news_buriy_2014_0031,H,news,,1,64.7661,0.0000,53.5024,18,4,Morphological;POS;Emotion;Psycholinguistic;Knockoff
human_news_buriy_2014_0032,H,news,,1,67.6170,25.0000,60.2053,18,4,Morphological;POS;Emotion;Psycholinguistic;Knockoff
human_news_buriy_2014_0033,H,news,,1,56.3596,25.0000,50.9058,18,4,Morphological;POS;Emotion;Psycholinguistic;Knockoff
human_news_buriy_2014_0034,H,news,,1,47.5146,25.0000,43.5990,18,4,Morphological;POS;Emotion;Psycholinguistic;Knockoff
human_news_buriy_2014_0035,H,news,,1,30.1170,0.0000,24.8792,17,4,Morphological;POS;Emotion;Psycholinguistic;Knockoff
human_news_buriy_2014_0036,H,news,,1,58.3333,25.0000,52.5362,18,4,Morphological;POS;Emotion;Psycholinguistic;Knockoff
human_news_buriy_2014_0037,H,news,,1,45.8333,0.0000,37.8623,18,4,Morphological;POS;Emotion;Psycholinguistic;Knockoff
human_news_buriy_2014_0038,H,news,,1,51.8275,25.0000,47.1618,18,4,Morphological;POS;Emotion;Psycholinguistic;Knockoff
human_news_buriy_2014_0039,H,news,,1,64.2544,25.0000,57.4275,18,4,Morphological;POS;Emotion;Psycholinguistic;Knockoff
human_news_buriy_2014_0040,H,news,,1,54.3129,25.0000,49.2150,18,4,Morphological;POS;Emotion;Psycholinguistic;Knockoff
human_news_buriy_2014_0041,H,news,,1,71.0526,0.0000,58.6957,18,4,Morphological;POS;Emotion;Psycholinguistic;Knockoff
human_news_buriy_2014_0042,H,news,,1,55.2632,25.0000,50.0000,18,4,Morphological;POS;Emotion;Psycholinguistic;Knockoff
human_news_buriy_2014_0043,H,news,,1,65.3509,0.0000,53.9855,18,4,Morphological;POS;Emotion;Psycholinguistic;Knockoff
human_news_buriy_2014_0044,H,news,,1,50.0000,0.0000,41.3043,18,4,Morphological;POS;Emotion;Psycholinguistic;Knockoff
human_news_buriy_2014_0045,H,news,,1,61.1842,25.0000,54.8913,18,4,Morphological;POS;Emotion;Psycholinguistic;Knockoff
human_news_buriy_2014_0046,H,news,,1,55.0439,0.0000,45.4710,17,4,Morphological;POS;Emotion;Psycholinguistic;Knockoff
human_news_buriy_2014_0047,H,news,,1,28.7281,25.0000,28.0797,18,4,Morphological;POS;Emotion;Psycholinguistic;Knockoff
human_news_buriy_2014_0048,H,news,,1,65.8626,25.0000,58.7560,18,4,Morphological;POS;Emotion;Psycholinguistic;Knockoff
human_news_buriy_2014_0049,H,news,,1,51.4620,0.0000,42.5121,17,4,Morphological;POS;Emotion;Psycholinguistic;Knockoff
human_news_buriy_2014_0050,H,news,,1,66.8860,25.0000,59.6014,18,4,Morphological;POS;Emotion;Psycholinguistic;Knockoff
human_news_buriy_2014_0051,H,news,,1,38.1579,0.0000,31.5217,17,4,Morphological;POS;Emotion;Psycholinguistic;Knockoff
human_news_buriy_2014_0052,H,news,,1,51.4620,25.0000,46.8599,18,4,Morphological;POS;Emotion;Psycholinguistic;Knockoff
human_news_buriy_2014_0053,H,news,,1,48.9035,25.0000,44.7464,18,4,Morphological;POS;Emotion;Psycholinguistic;Knockoff
human_news_buriy_2014_0054,H,news,,1,49.9269,25.0000,45.5918,18,4,Morphological;POS;Emotion;Psycholinguistic;Knockoff
human_news_buriy_2014_0055,H,news,,1,46.2719,25.0000,42.5725,18,4,Morphological;POS;Emotion;Psycholinguistic;Knockoff
human_news_buriy_2014_0056,H,news,,1,61.1842,25.0000,54.8913,18,4,Morphological;POS;Emotion;Psycholinguistic;Knockoff
human_news_buriy_2014_0057,H,news,,1,41.5205,0.0000,34.2995,18,4,Morphological;POS;Emotion;Psycholinguistic;Knockoff
human_news_buriy_2014_0058,H,news,,1,62.9386,25.0000,56.3406,18,4,Morphological;POS;Emotion;Psycholinguistic;Knockoff
human_news_buriy_2014_0059,H,news,,1,50.2924,25.0000,45.8937,18,4,Morphological;POS;Emotion;Psycholinguistic;Knockoff
human_news_buriy_2014_0060,H,news,,1,50.5117,0.0000,41.7271,18,4,Morphological;POS;Emotion;Psycholinguistic;Knockoff
human_seo_labrika_0001,H,seo,,2,48.2456,12.5000,42.0290,18,4,Morphological;POS;Emotion;Psycholinguistic;Knockoff
human_seo_labrika_0002,H,seo,,2,35.6725,12.5000,31.6425,18,4,Morphological;POS;Emotion;Psycholinguistic;Knockoff
human_seo_labrika_0003,H,seo,,2,47.0029,0.0000,38.8285,18,4,Morphological;POS;Emotion;Psycholinguistic;Knockoff
human_seo_labrika_0004,H,seo,,2,40.4971,0.0000,33.4541,18,4,Morphological;POS;Emotion;Psycholinguistic;Knockoff
human_prose_taiga_magazines_0001,H,prose,,0,45.8333,12.5000,40.0362,17,4,Morphological;POS;Emotion;Psycholinguistic;Knockoff
human_prose_taiga_magazines_0002,H,prose,,0,54.6053,50.0000,53.8043,18,4,Morphological;POS;Emotion;Psycholinguistic;Knockoff
human_prose_taiga_magazines_0003,H,prose,,0,62.7193,12.5000,53.9855,18,4,Morphological;POS;Emotion;Psycholinguistic;Knockoff
human_prose_taiga_magazines_0004,H,prose,,0,70.7602,12.5000,60.6280,18,4,Morphological;POS;Emotion;Psycholinguistic;Knockoff
human_prose_taiga_magazines_0005,H,prose,,0,60.9649,0.0000,50.3623,18,4,Morphological;POS;Emotion;Psycholinguistic;Knockoff
human_prose_taiga_magazines_0006,H,prose,,0,46.7105,0.0000,38.5870,18,4,Morphological;POS;Emotion;Psycholinguistic;Knockoff
human_prose_taiga_magazines_0007,H,prose,,0,41.4474,25.0000,38.5870,18,4,Morphological;POS;Emotion;Psycholinguistic;Knockoff
human_prose_taiga_magazines_0008,H,prose,,0,71.7836,50.0000,67.9952,18,4,Morphological;POS;Emotion;Psycholinguistic;Knockoff
human_prose_taiga_magazines_0009,H,prose,,0,42.5439,0.0000,35.1449,17,4,Morphological;POS;Emotion;Psycholinguistic;Knockoff
human_prose_taiga_magazines_0010,H,prose,,0,56.2865,0.0000,46.4976,18,4,Morphological;POS;Emotion;Psycholinguistic;Knockoff
human_prose_taiga_magazines_0011,H,prose,,0,53.1433,12.5000,46.0749,18,4,Morphological;POS;Emotion;Psycholinguistic;Knockoff
human_prose_taiga_magazines_0012,H,prose,,0,52.7778,12.5000,45.7729,18,4,Morphological;POS;Emotion;Psycholinguistic;Knockoff
human_prose_taiga_magazines_0013,H,prose,,0,48.4649,50.0000,48.7319,18,4,Morphological;POS;Emotion;Psycholinguistic;Knockoff
human_prose_taiga_magazines_0014,H,prose,,0,55.1170,0.0000,45.5314,17,4,Morphological;POS;Emotion;Psycholinguistic;Knockoff
human_prose_taiga_magazines_0015,H,prose,,0,38.5234,0.0000,31.8237,18,4,Morphological;POS;Emotion;Psycholinguistic;Knockoff
human_prose_taiga_magazines_0016,H,prose,,0,61.5497,12.5000,53.0193,18,4,Morphological;POS;Emotion;Psycholinguistic;Knockoff
human_prose_taiga_magazines_0017,H,prose,,0,66.8860,12.5000,57.4275,18,4,Morphological;POS;Emotion;Psycholinguistic;Knockoff
human_prose_taiga_magazines_0018,H,prose,,0,36.9883,12.5000,32.7295,18,4,Morphological;POS;Emotion;Psycholinguistic;Knockoff
human_prose_taiga_magazines_0019,H,prose,,0,38.8158,0.0000,32.0652,18,4,Morphological;POS;Emotion;Psycholinguistic;Knockoff
human_prose_taiga_magazines_0020,H,prose,,0,37.5000,0.0000,30.9783,18,4,Morphological;POS;Emotion;Psycholinguistic;Knockoff
human_prose_taiga_magazines_0021,H,prose,,0,55.1170,12.5000,47.7053,18,4,Morphological;POS;Emotion;Psycholinguistic;Knockoff
human_prose_taiga_magazines_0022,H,prose,,0,47.2222,0.0000,39.0097,18,4,Morphological;POS;Emotion;Psycholinguistic;Knockoff
human_prose_taiga_magazines_0023,H,prose,,0,59.5029,50.0000,57.8502,18,4,Morphological;POS;Emotion;Psycholinguistic;Knockoff
human_prose_taiga_magazines_0024,H,prose,,0,54.6784,0.0000,45.1691,18,4,Morphological;POS;Emotion;Psycholinguistic;Knockoff
human_prose_taiga_magazines_0025,H,prose,,0,63.1579,50.0000,60.8696,18,4,Morphological;POS;Emotion;Psycholinguistic;Knockoff
human_prose_taiga_magazines_0026,H,prose,,0,69.4444,12.5000,59.5411,18,4,Morphological;POS;Emotion;Psycholinguistic;Knockoff
human_prose_taiga_magazines_0027,H,prose,,0,56.7251,12.5000,49.0338,18,4,Morphological;POS;Emotion;Psycholinguistic;Knockoff
human_prose_taiga_magazines_0028,H,prose,,0,35.9649,12.5000,31.8841,18,4,Morphological;POS;Emotion;Psycholinguistic;Knockoff
human_prose_taiga_magazines_0029,H,prose,,0,34.6491,25.0000,32.9710,17,4,Morphological;POS;Emotion;Psycholinguistic;Knockoff
human_prose_taiga_magazines_0030,H,prose,,0,57.8947,12.5000,50.0000,18,4,Morphological;POS;Emotion;Psycholinguistic;Knockoff
human_prose_taiga_magazines_0031,H,prose,,0,52.6316,12.5000,45.6522,18,4,Morphological;POS;Emotion;Psycholinguistic;Knockoff
human_prose_taiga_magazines_0032,H,prose,,0,59.2105,25.0000,53.2609,18,4,Morphological;POS;Emotion;Psycholinguistic;Knockoff
human_prose_taiga_magazines_0033,H,prose,,0,50.8041,12.5000,44.1425,18,4,Morphological;POS;Emotion;Psycholinguistic;Knockoff
human_prose_taiga_magazines_0034,H,prose,,0,48.9035,0.0000,40.3986,18,4,Morphological;POS;Emotion;Psycholinguistic;Knockoff
human_prose_taiga_magazines_0035,H,prose,,0,61.6959,12.5000,53.1401,18,4,Morphological;POS;Emotion;Psycholinguistic;Knockoff
human_prose_taiga_magazines_0036,H,prose,,0,56.1404,12.5000,48.5507,18,4,Morphological;POS;Emotion;Psycholinguistic;Knockoff
human_prose_taiga_magazines_0037,H,prose,,0,48.6111,0.0000,40.1570,18,4,Morphological;POS;Emotion;Psycholinguistic;Knockoff
human_prose_taiga_magazines_0038,H,prose,,0,77.1199,12.5000,65.8816,18,4,Morphological;POS;Emotion;Psycholinguistic;Knockoff
human_prose_taiga_magazines_0039,H,prose,,0,48.2456,25.0000,44.2029,18,4,Morphological;POS;Emotion;Psycholinguistic;Knockoff
human_prose_taiga_magazines_0040,H,prose,,0,72.0029,25.0000,63.8285,18,4,Morphological;POS;Emotion;Psycholinguistic;Knockoff
human_prose_taiga_magazines_0041,H,prose,,0,55.4094,12.5000,47.9469,18,4,Morphological;POS;Emotion;Psycholinguistic;Knockoff
human_prose_taiga_magazines_0042,H,prose,,0,64.4006,25.0000,57.5483,18,4,Morphological;POS;Emotion;Psycholinguistic;Knockoff
human_prose_taiga_magazines_0043,H,prose,,0,36.5497,0.0000,30.1932,18,4,Morphological;POS;Emotion;Psycholinguistic;Knockoff
human_prose_taiga_magazines_0044,H,prose,,0,63.0117,0.0000,52.0531,18,4,Morphological;POS;Emotion;Psycholinguistic;Knockoff
human_prose_taiga_magazines_0045,H,prose,,0,20.9064,25.0000,21.6184,18,4,Morphological;POS;Emotion;Psycholinguistic;Knockoff
human_prose_taiga_magazines_0046,H,prose,,0,80.1170,37.5000,72.7053,18,4,Morphological;POS;Emotion;Psycholinguistic;Knockoff
human_prose_taiga_magazines_0047,H,prose,,0,60.0877,25.0000,53.9855,18,4,Morphological;POS;Emotion;Psycholinguistic;Knockoff
human_prose_taiga_magazines_0048,H,prose,,0,61.4766,25.0000,55.1329,18,4,Morphological;POS;Emotion;Psycholinguistic;Knockoff
human_prose_taiga_magazines_0049,H,prose,,0,65.4971,0.0000,54.1063,18,4,Morphological;POS;Emotion;Psycholinguistic;Knockoff
human_prose_taiga_magazines_0050,H,prose,,0,41.5205,12.5000,36.4734,18,4,Morphological;POS;Emotion;Psycholinguistic;Knockoff
human_prose_taiga_magazines_0051,H,prose,,0,76.9737,12.5000,65.7609,18,4,Morphological;POS;Emotion;Psycholinguistic;Knockoff
human_prose_taiga_magazines_0052,H,prose,,0,62.3538,12.5000,53.6836,18,4,Morphological;POS;Emotion;Psycholinguistic;Knockoff
human_prose_taiga_magazines_0053,H,prose,,0,18.2018,12.5000,17.2101,18,4,Morphological;POS;Emotion;Psycholinguistic;Knockoff
human_prose_taiga_magazines_0054,H,prose,,0,41.3012,0.0000,34.1184,18,4,Morphological;POS;Emotion;Psycholinguistic;Knockoff
human_prose_taiga_magazines_0055,H,prose,,0,53.5088,12.5000,46.3768,18,4,Morphological;POS;Emotion;Psycholinguistic;Knockoff
human_prose_taiga_magazines_0056,H,prose,,0,39.4006,12.5000,34.7222,18,4,Morphological;POS;Emotion;Psycholinguistic;Knockoff
human_prose_taiga_magazines_0057,H,prose,,0,52.1930,0.0000,43.1159,17,4,Morphological;POS;Emotion;Psycholinguistic;Knockoff
human_prose_taiga_magazines_0058,H,prose,,0,44.8830,0.0000,37.0773,18,4,Morphological;POS;Emotion;Psycholinguistic;Knockoff
human_prose_taiga_magazines_0059,H,prose,,0,40.6433,0.0000,33.5749,18,4,Morphological;POS;Emotion;Psycholinguistic;Knockoff
human_prose_taiga_magazines_0060,H,prose,,0,70.3947,0.0000,58.1522,18,4,Morphological;POS;Emotion;Psycholinguistic;Knockoff
human_science_urfu_0001,H,science,,3,59.5029,37.5000,55.6763,18,4,Morphological;POS;Emotion;Psycholinguistic;Knockoff
human_science_urfu_0002,H,science,,3,31.2865,37.5000,32.3671,18,4,Morphological;POS;Emotion;Psycholinguistic;Knockoff
human_science_urfu_0003,H,science,,3,42.4708,12.5000,37.2585,18,4,Morphological;POS;Emotion;Psycholinguistic;Knockoff
human_science_urfu_0004,H,science,,3,45.3216,37.5000,43.9614,18,4,Morphological;POS;Emotion;Psycholinguistic;Knockoff
human_science_urfu_0005,H,science,,3,54.0205,12.5000,46.7995,18,4,Morphological;POS;Emotion;Psycholinguistic;Knockoff
human_science_urfu_0006,H,science,,3,67.0322,0.0000,55.3744,18,4,Morphological;POS;Emotion;Psycholinguistic;Knockoff
human_science_urfu_0007,H,science,,3,69.4444,25.0000,61.7150,18,4,Morphological;POS;Emotion;Psycholinguistic;Knockoff
human_science_urfu_0008,H,science,,3,55.1901,0.0000,45.5918,18,4,Morphological;POS;Emotion;Psycholinguistic;Knockoff
human_science_urfu_0009,H,science,,3,41.8860,0.0000,34.6014,18,4,Morphological;POS;Emotion;Psycholinguistic;Knockoff
human_science_urfu_0010,H,science,,3,61.6959,0.0000,50.9662,18,4,Morphological;POS;Emotion;Psycholinguistic;Knockoff
human_science_urfu_0011,H,science,,3,50.8772,12.5000,44.2029,18,4,Morphological;POS;Emotion;Psycholinguistic;Knockoff
human_science_urfu_0012,H,science,,3,43.2749,0.0000,35.7488,18,4,Morphological;POS;Emotion;Psycholinguistic;Knockoff
human_science_urfu_0013,H,science,,3,48.5380,12.5000,42.2705,18,4,Morphological;POS;Emotion;Psycholinguistic;Knockoff
human_science_urfu_0014,H,science,,3,37.7193,37.5000,37.6812,18,4,Morphological;POS;Emotion;Psycholinguistic;Knockoff
human_science_urfu_0015,H,science,,3,27.4854,0.0000,22.7053,18,4,Morphological;POS;Emotion;Psycholinguistic;Knockoff
human_science_urfu_0016,H,science,,3,51.7544,25.0000,47.1014,18,4,Morphological;POS;Emotion;Psycholinguistic;Knockoff
human_science_urfu_0017,H,science,,3,47.3684,12.5000,41.3043,18,4,Morphological;POS;Emotion;Psycholinguistic;Knockoff
human_science_urfu_0018,H,science,,3,37.8655,37.5000,37.8019,18,4,Morphological;POS;Emotion;Psycholinguistic;Knockoff
human_science_urfu_0019,H,science,,3,57.3830,0.0000,47.4034,18,4,Morphological;POS;Emotion;Psycholinguistic;Knockoff
human_science_urfu_0020,H,science,,3,38.4503,0.0000,31.7633,18,4,Morphological;POS;Emotion;Psycholinguistic;Knockoff
human_science_urfu_0021,H,science,,3,56.9444,12.5000,49.2150,18,4,Morphological;POS;Emotion;Psycholinguistic;Knockoff
human_science_urfu_0022,H,science,,3,56.7982,62.5000,57.7899,18,4,Morphological;POS;Emotion;Psycholinguistic;Knockoff
human_science_urfu_0023,H,science,,3,57.0906,0.0000,47.1618,17,4,Morphological;POS;Emotion;Psycholinguistic;Knockoff
human_science_urfu_0024,H,science,,3,54.0936,50.0000,53.3816,18,4,Morphological;POS;Emotion;Psycholinguistic;Knockoff
human_science_urfu_0025,H,science,,3,42.2515,25.0000,39.2512,18,4,Morphological;POS;Emotion;Psycholinguistic;Knockoff
human_science_urfu_0026,H,science,,3,47.2953,12.5000,41.2440,18,4,Morphological;POS;Emotion;Psycholinguistic;Knockoff
human_science_urfu_0027,H,science,,3,48.3918,25.0000,44.3237,18,4,Morphological;POS;Emotion;Psycholinguistic;Knockoff
human_science_urfu_0028,H,science,,3,45.3216,25.0000,41.7874,18,4,Morphological;POS;Emotion;Psycholinguistic;Knockoff
human_science_urfu_0029,H,science,,3,41.5936,50.0000,43.0556,18,4,Morphological;POS;Emotion;Psycholinguistic;Knockoff
human_science_urfu_0030,H,science,,3,61.4035,25.0000,55.0725,18,4,Morphological;POS;Emotion;Psycholinguistic;Knockoff
human_science_urfu_0031,H,science,,3,49.4152,0.0000,40.8213,18,4,Morphological;POS;Emotion;Psycholinguistic;Knockoff
human_science_urfu_0032,H,science,,3,68.4211,0.0000,56.5217,18,4,Morphological;POS;Emotion;Psycholinguistic;Knockoff
human_science_urfu_0033,H,science,,3,53.2895,0.0000,44.0217,18,4,Morphological;POS;Emotion;Psycholinguistic;Knockoff
human_science_urfu_0034,H,science,,3,57.6754,12.5000,49.8188,18,4,Morphological;POS;Emotion;Psycholinguistic;Knockoff
human_science_urfu_0035,H,science,,3,56.9444,37.5000,53.5628,18,4,Morphological;POS;Emotion;Psycholinguistic;Knockoff
human_science_urfu_0036,H,science,,3,69.8099,62.5000,68.5386,18,4,Morphological;POS;Emotion;Psycholinguistic;Knockoff
human_science_urfu_0037,H,science,,3,61.2573,62.5000,61.4734,18,4,Morphological;POS;Emotion;Psycholinguistic;Knockoff
human_science_urfu_0038,H,science,,3,55.2632,25.0000,50.0000,18,4,Morphological;POS;Emotion;Psycholinguistic;Knockoff
human_science_urfu_0039,H,science,,3,55.2632,12.5000,47.8261,18,4,Morphological;POS;Emotion;Psycholinguistic;Knockoff
human_science_urfu_0040,H,science,,3,54.9708,0.0000,45.4106,18,4,Morphological;POS;Emotion;Psycholinguistic;Knockoff
human_science_urfu_0041,H,science,,3,37.4269,25.0000,35.2657,18,4,Morphological;POS;Emotion;Psycholinguistic;Knockoff
human_science_urfu_0042,H,science,,3,37.7193,25.0000,35.5072,18,4,Morphological;POS;Emotion;Psycholinguistic;Knockoff
human_science_urfu_0043,H,science,,3,52.6316,25.0000,47.8261,18,4,Morphological;POS;Emotion;Psycholinguistic;Knockoff
human_science_urfu_0044,H,science,,3,67.9825,50.0000,64.8551,18,4,Morphological;POS;Emotion;Psycholinguistic;Knockoff
human_science_urfu_0045,H,science,,3,40.9357,75.0000,46.8599,18,4,Morphological;POS;Emotion;Psycholinguistic;Knockoff
human_science_urfu_0046,H,science,,3,59.3567,75.0000,62.0773,18,4,Morphological;POS;Emotion;Psycholinguistic;Knockoff
human_science_urfu_0047,H,science,,3,47.8801,25.0000,43.9010,18,4,Morphological;POS;Emotion;Psycholinguistic;Knockoff
human_science_urfu_0048,H,science,,3,51.1696,37.5000,48.7923,18,4,Morphological;POS;Emotion;Psycholinguistic;Knockoff
real_claude_b001_P1_r1,A,seo,P1,,55.4094,75.0000,58.8164,18,4,Morphological;POS;Emotion;Psycholinguistic;Knockoff
real_claude_b001_P1_r2,A,seo,P1,,54.5322,100.0000,62.4396,18,4,Morphological;POS;Emotion;Psycholinguistic;Knockoff
real_claude_b001_P2_r1,A,seo,P2,,44.4444,100.0000,54.1063,18,4,Morphological;POS;Emotion;Psycholinguistic;Knockoff
real_claude_b001_P2_r2,A,seo,P2,,44.4444,100.0000,54.1063,18,4,Morphological;POS;Emotion;Psycholinguistic;Knockoff
real_claude_b001_P3_r1,A,seo,P3,,50.9503,62.5000,52.9589,18,4,Morphological;POS;Emotion;Psycholinguistic;Knockoff
real_claude_b001_P3_r2,A,seo,P3,,51.8275,75.0000,55.8575,18,4,Morphological;POS;Emotion;Psycholinguistic;Knockoff
real_claude_b002_P1_r1,A,seo,P1,,63.1579,100.0000,69.5652,18,4,Morphological;POS;Emotion;Psycholinguistic;Knockoff
real_claude_b002_P1_r2,A,seo,P1,,60.8187,75.0000,63.2850,18,4,Morphological;POS;Emotion;Psycholinguistic;Knockoff
real_claude_b002_P2_r1,A,seo,P2,,56.6520,87.5000,62.0169,18,4,Morphological;POS;Emotion;Psycholinguistic;Knockoff
real_claude_b002_P2_r2,A,seo,P2,,50.5117,100.0000,59.1184,18,4,Morphological;POS;Emotion;Psycholinguistic;Knockoff
real_claude_b002_P3_r1,A,seo,P3,,53.6550,62.5000,55.1932,18,4,Morphological;POS;Emotion;Psycholinguistic;Knockoff
real_claude_b002_P3_r2,A,seo,P3,,53.4357,50.0000,52.8382,18,4,Morphological;POS;Emotion;Psycholinguistic;Knockoff
real_claude_b003_P1_r1,A,seo,P1,,64.1082,75.0000,66.0024,18,4,Morphological;POS;Emotion;Psycholinguistic;Knockoff
real_claude_b003_P1_r2,A,seo,P1,,55.5556,87.5000,61.1111,18,4,Morphological;POS;Emotion;Psycholinguistic;Knockoff
real_claude_b003_P2_r1,A,seo,P2,,57.8216,100.0000,65.1570,18,4,Morphological;POS;Emotion;Psycholinguistic;Knockoff
real_claude_b003_P2_r2,A,seo,P2,,57.4561,100.0000,64.8551,18,4,Morphological;POS;Emotion;Psycholinguistic;Knockoff
real_claude_b003_P3_r1,A,seo,P3,,42.9825,50.0000,44.2029,18,4,Morphological;POS;Emotion;Psycholinguistic;Knockoff
real_claude_b003_P3_r2,A,seo,P3,,65.0585,62.5000,64.6135,18,4,Morphological;POS;Emotion;Psycholinguistic;Knockoff
real_claude_b004_P1_r1,A,seo,P1,,66.1550,75.0000,67.6932,18,4,Morphological;POS;Emotion;Psycholinguistic;Knockoff
real_claude_b004_P1_r2,A,seo,P1,,41.8129,87.5000,49.7585,18,4,Morphological;POS;Emotion;Psycholinguistic;Knockoff
real_claude_b004_P2_r1,A,seo,P2,,55.9211,100.0000,63.5870,18,4,Morphological;POS;Emotion;Psycholinguistic;Knockoff
real_claude_b004_P2_r2,A,seo,P2,,44.3713,100.0000,54.0459,18,4,Morphological;POS;Emotion;Psycholinguistic;Knockoff
real_claude_b004_P3_r1,A,seo,P3,,50.1462,62.5000,52.2947,18,4,Morphological;POS;Emotion;Psycholinguistic;Knockoff
real_claude_b004_P3_r2,A,seo,P3,,62.5000,50.0000,60.3261,18,4,Morphological;POS;Emotion;Psycholinguistic;Knockoff
real_claude_b005_P1_r1,A,seo,P1,,65.0585,75.0000,66.7874,18,4,Morphological;POS;Emotion;Psycholinguistic;Knockoff
real_claude_b005_P1_r2,A,seo,P1,,58.9181,87.5000,63.8889,18,4,Morphological;POS;Emotion;Psycholinguistic;Knockoff
real_claude_b005_P2_r1,A,seo,P2,,47.5877,100.0000,56.7029,18,4,Morphological;POS;Emotion;Psycholinguistic;Knockoff
real_claude_b005_P2_r2,A,seo,P2,,43.8596,87.5000,51.4493,18,4,Morphological;POS;Emotion;Psycholinguistic;Knockoff
real_claude_b005_P3_r1,A,seo,P3,,50.5848,75.0000,54.8309,18,4,Morphological;POS;Emotion;Psycholinguistic;Knockoff
real_claude_b005_P3_r2,A,seo,P3,,62.7924,75.0000,64.9155,18,4,Morphological;POS;Emotion;Psycholinguistic;Knockoff
real_claude_b006_P1_r1,A,seo,P1,,59.4298,50.0000,57.7899,18,4,Morphological;POS;Emotion;Psycholinguistic;Knockoff
real_claude_b006_P1_r2,A,seo,P1,,50.5848,87.5000,57.0048,18,4,Morphological;POS;Emotion;Psycholinguistic;Knockoff
real_claude_b006_P2_r1,A,seo,P2,,48.5380,100.0000,57.4879,18,4,Morphological;POS;Emotion;Psycholinguistic;Knockoff
real_claude_b006_P2_r2,A,seo,P2,,40.9357,100.0000,51.2077,18,4,Morphological;POS;Emotion;Psycholinguistic;Knockoff
real_claude_b006_P3_r1,A,seo,P3,,53.5088,62.5000,55.0725,18,4,Morphological;POS;Emotion;Psycholinguistic;Knockoff
real_claude_b006_P3_r2,A,seo,P3,,51.1696,50.0000,50.9662,18,4,Morphological;POS;Emotion;Psycholinguistic;Knockoff
real_claude_b007_P1_r1,A,seo,P1,,42.5439,75.0000,48.1884,18,4,Morphological;POS;Emotion;Psycholinguistic;Knockoff
real_claude_b007_P1_r2,A,seo,P1,,60.0877,100.0000,67.0290,18,4,Morphological;POS;Emotion;Psycholinguistic;Knockoff
real_claude_b007_P2_r1,A,seo,P2,,37.7193,100.0000,48.5507,18,4,Morphological;POS;Emotion;Psycholinguistic;Knockoff
real_claude_b007_P2_r2,A,seo,P2,,43.9327,100.0000,53.6836,18,4,Morphological;POS;Emotion;Psycholinguistic;Knockoff
real_claude_b007_P3_r1,A,seo,P3,,50.6579,62.5000,52.7174,18,4,Morphological;POS;Emotion;Psycholinguistic;Knockoff
real_claude_b007_P3_r2,A,seo,P3,,45.9064,62.5000,48.7923,18,4,Morphological;POS;Emotion;Psycholinguistic;Knockoff
real_claude_b008_P1_r1,A,seo,P1,,45.1023,100.0000,54.6498,18,4,Morphological;POS;Emotion;Psycholinguistic;Knockoff
real_claude_b008_P1_r2,A,seo,P1,,50.9503,100.0000,59.4807,18,4,Morphological;POS;Emotion;Psycholinguistic;Knockoff
real_claude_b008_P2_r1,A,seo,P2,,36.0380,100.0000,47.1618,18,4,Morphological;POS;Emotion;Psycholinguistic;Knockoff
real_claude_b008_P2_r2,A,seo,P2,,43.2018,100.0000,53.0797,18,4,Morphological;POS;Emotion;Psycholinguistic;Knockoff
real_claude_b008_P3_r1,A,seo,P3,,49.7807,62.5000,51.9928,18,4,Morphological;POS;Emotion;Psycholinguistic;Knockoff
real_claude_b008_P3_r2,A,seo,P3,,55.1170,62.5000,56.4010,18,4,Morphological;POS;Emotion;Psycholinguistic;Knockoff
real_claude_b009_P1_r1,A,seo,P1,,65.8626,62.5000,65.2778,18,4,Morphological;POS;Emotion;Psycholinguistic;Knockoff
real_claude_b009_P1_r2,A,seo,P1,,48.6111,62.5000,51.0266,18,4,Morphological;POS;Emotion;Psycholinguistic;Knockoff
real_claude_b009_P2_r1,A,seo,P2,,52.5585,100.0000,60.8092,18,4,Morphological;POS;Emotion;Psycholinguistic;Knockoff
real_claude_b009_P2_r2,A,seo,P2,,54.8977,100.0000,62.7415,18,4,Morphological;POS;Emotion;Psycholinguistic;Knockoff
real_claude_b009_P3_r1,A,seo,P3,,78.8743,62.5000,76.0266,18,4,Morphological;POS;Emotion;Psycholinguistic;Knockoff
real_claude_b009_P3_r2,A,seo,P3,,47.4415,62.5000,50.0604,18,4,Morphological;POS;Emotion;Psycholinguistic;Knockoff
real_claude_b010_P1_r1,A,seo,P1,,29.8977,100.0000,42.0894,18,4,Morphological;POS;Emotion;Psycholinguistic;Knockoff
real_claude_b010_P1_r2,A,seo,P1,,51.0234,62.5000,53.0193,18,4,Morphological;POS;Emotion;Psycholinguistic;Knockoff
real_claude_b010_P2_r1,A,seo,P2,,49.7807,100.0000,58.5145,18,4,Morphological;POS;Emotion;Psycholinguistic;Knockoff
real_claude_b010_P2_r2,A,seo,P2,,48.0263,100.0000,57.0652,18,4,Morphological;POS;Emotion;Psycholinguistic;Knockoff
real_claude_b010_P3_r1,A,seo,P3,,50.1462,87.5000,56.6425,18,4,Morphological;POS;Emotion;Psycholinguistic;Knockoff
real_claude_b010_P3_r2,A,seo,P3,,65.7164,75.0000,67.3309,18,4,Morphological;POS;Emotion;Psycholinguistic;Knockoff
real_claude_b011_P1_r1,A,seo,P1,,52.9971,87.5000,58.9976,18,4,Morphological;POS;Emotion;Psycholinguistic;Knockoff
real_claude_b011_P1_r2,A,seo,P1,,54.0936,100.0000,62.0773,18,4,Morphological;POS;Emotion;Psycholinguistic;Knockoff
real_claude_b011_P2_r1,A,seo,P2,,68.0556,87.5000,71.4372,18,4,Morphological;POS;Emotion;Psycholinguistic;Knockoff
real_claude_b011_P2_r2,A,seo,P2,,60.7456,87.5000,65.3986,18,4,Morphological;POS;Emotion;Psycholinguistic;Knockoff
real_claude_b011_P3_r1,A,seo,P3,,60.5263,62.5000,60.8696,18,4,Morphological;POS;Emotion;Psycholinguistic;Knockoff
real_claude_b011_P3_r2,A,seo,P3,,57.9678,62.5000,58.7560,18,4,Morphological;POS;Emotion;Psycholinguistic;Knockoff
real_claude_b012_P1_r1,A,seo,P1,,50.1462,75.0000,54.4686,18,4,Morphological;POS;Emotion;Psycholinguistic;Knockoff
real_claude_b012_P1_r2,A,seo,P1,,55.7018,87.5000,61.2319,18,4,Morphological;POS;Emotion;Psycholinguistic;Knockoff
real_claude_b012_P2_r1,A,seo,P2,,44.5906,100.0000,54.2271,18,4,Morphological;POS;Emotion;Psycholinguistic;Knockoff
real_claude_b012_P2_r2,A,seo,P2,,61.3304,100.0000,68.0556,18,4,Morphological;POS;Emotion;Psycholinguistic;Knockoff
real_claude_b012_P3_r1,A,seo,P3,,55.7018,75.0000,59.0580,18,4,Morphological;POS;Emotion;Psycholinguistic;Knockoff
real_claude_b012_P3_r2,A,seo,P3,,56.5058,62.5000,57.5483,18,4,Morphological;POS;Emotion;Psycholinguistic;Knockoff
real_claude_b013_P1_r1,A,seo,P1,,65.8626,62.5000,65.2778,18,4,Morphological;POS;Emotion;Psycholinguistic;Knockoff
real_claude_b013_P1_r2,A,seo,P1,,43.5673,87.5000,51.2077,18,4,Morphological;POS;Emotion;Psycholinguistic;Knockoff
real_claude_b013_P2_r1,A,seo,P2,,48.0263,87.5000,54.8913,18,4,Morphological;POS;Emotion;Psycholinguistic;Knockoff
real_claude_b013_P2_r2,A,seo,P2,,52.5585,100.0000,60.8092,18,4,Morphological;POS;Emotion;Psycholinguistic;Knockoff
real_claude_b013_P3_r1,A,seo,P3,,57.6023,62.5000,58.4541,18,4,Morphological;POS;Emotion;Psycholinguistic;Knockoff
real_claude_b013_P3_r2,A,seo,P3,,64.8392,75.0000,66.6063,18,4,Morphological;POS;Emotion;Psycholinguistic;Knockoff
real_claude_b014_P1_r1,A,seo,P1,,54.3129,87.5000,60.0845,18,4,Morphological;POS;Emotion;Psycholinguistic;Knockoff
real_claude_b014_P1_r2,A,seo,P1,,70.7602,75.0000,71.4976,18,4,Morphological;POS;Emotion;Psycholinguistic;Knockoff
real_claude_b014_P2_r1,A,seo,P2,,44.7368,100.0000,54.3478,18,4,Morphological;POS;Emotion;Psycholinguistic;Knockoff
real_claude_b014_P2_r2,A,seo,P2,,44.6637,100.0000,54.2874,18,4,Morphological;POS;Emotion;Psycholinguistic;Knockoff
real_claude_b014_P3_r1,A,seo,P3,,50.4386,50.0000,50.3623,18,4,Morphological;POS;Emotion;Psycholinguistic;Knockoff
real_claude_b014_P3_r2,A,seo,P3,,64.6930,75.0000,66.4855,18,4,Morphological;POS;Emotion;Psycholinguistic;Knockoff
real_claude_b015_P1_r1,A,seo,P1,,54.1667,50.0000,53.4420,18,4,Morphological;POS;Emotion;Psycholinguistic;Knockoff
real_claude_b015_P1_r2,A,seo,P1,,46.9298,100.0000,56.1594,18,4,Morphological;POS;Emotion;Psycholinguistic;Knockoff
real_claude_b015_P2_r1,A,seo,P2,,49.7807,100.0000,58.5145,18,4,Morphological;POS;Emotion;Psycholinguistic;Knockoff
real_claude_b015_P2_r2,A,seo,P2,,63.4503,100.0000,69.8068,18,4,Morphological;POS;Emotion;Psycholinguistic;Knockoff
real_claude_b015_P3_r1,A,seo,P3,,66.3012,12.5000,56.9444,18,4,Morphological;POS;Emotion;Psycholinguistic;Knockoff
real_claude_b015_P3_r2,A,seo,P3,,58.0409,62.5000,58.8164,18,4,Morphological;POS;Emotion;Psycholinguistic;Knockoff
real_claude_b016_P1_r1,A,analytics,P1,,50.5117,75.0000,54.7705,18,4,Morphological;POS;Emotion;Psycholinguistic;Knockoff
real_claude_b016_P1_r2,A,analytics,P1,,55.0439,25.0000,49.8188,18,4,Morphological;POS;Emotion;Psycholinguistic;Knockoff
real_claude_b016_P2_r1,A,analytics,P2,,40.7895,100.0000,51.0870,18,4,Morphological;POS;Emotion;Psycholinguistic;Knockoff
real_claude_b016_P2_r2,A,analytics,P2,,53.9474,100.0000,61.9565,18,4,Morphological;POS;Emotion;Psycholinguistic;Knockoff
real_claude_b016_P3_r1,A,analytics,P3,,42.1784,50.0000,43.5386,18,4,Morphological;POS;Emotion;Psycholinguistic;Knockoff
real_claude_b016_P3_r2,A,analytics,P3,,62.2807,50.0000,60.1449,18,4,Morphological;POS;Emotion;Psycholinguistic;Knockoff
real_claude_b017_P1_r1,A,analytics,P1,,46.2719,75.0000,51.2681,18,4,Morphological;POS;Emotion;Psycholinguistic;Knockoff
real_claude_b017_P1_r2,A,analytics,P1,,54.6784,62.5000,56.0386,18,4,Morphological;POS;Emotion;Psycholinguistic;Knockoff
real_claude_b017_P2_r1,A,analytics,P2,,37.4269,100.0000,48.3092,18,4,Morphological;POS;Emotion;Psycholinguistic;Knockoff
real_claude_b017_P2_r2,A,analytics,P2,,47.9532,100.0000,57.0048,18,4,Morphological;POS;Emotion;Psycholinguistic;Knockoff
real_claude_b017_P3_r1,A,analytics,P3,,46.7105,25.0000,42.9348,18,4,Morphological;POS;Emotion;Psycholinguistic;Knockoff
real_claude_b017_P3_r2,A,analytics,P3,,48.9035,50.0000,49.0942,18,4,Morphological;POS;Emotion;Psycholinguistic;Knockoff
real_claude_b018_P1_r1,A,analytics,P1,,46.8567,37.5000,45.2295,18,4,Morphological;POS;Emotion;Psycholinguistic;Knockoff
real_claude_b018_P1_r2,A,analytics,P1,,40.4971,50.0000,42.1498,18,4,Morphological;POS;Emotion;Psycholinguistic;Knockoff
real_claude_b018_P2_r1,A,analytics,P2,,47.2953,100.0000,56.4614,18,4,Morphological;POS;Emotion;Psycholinguistic;Knockoff
real_claude_b018_P2_r2,A,analytics,P2,,48.5380,87.5000,55.3140,18,4,Morphological;POS;Emotion;Psycholinguistic;Knockoff
real_claude_b018_P3_r1,A,analytics,P3,,62.7193,12.5000,53.9855,18,4,Morphological;POS;Emotion;Psycholinguistic;Knockoff
real_claude_b018_P3_r2,A,analytics,P3,,50.0731,25.0000,45.7126,18,4,Morphological;POS;Emotion;Psycholinguistic;Knockoff
real_claude_b019_P1_r1,A,analytics,P1,,33.4064,50.0000,36.2923,18,4,Morphological;POS;Emotion;Psycholinguistic;Knockoff
real_claude_b019_P1_r2,A,analytics,P1,,44.0058,25.0000,40.7005,18,4,Morphological;POS;Emotion;Psycholinguistic;Knockoff
real_claude_b019_P2_r1,A,analytics,P2,,54.8977,75.0000,58.3937,18,4,Morphological;POS;Emotion;Psycholinguistic;Knockoff
real_claude_b019_P2_r2,A,analytics,P2,,66.0819,75.0000,67.6329,18,4,Morphological;POS;Emotion;Psycholinguistic;Knockoff
real_claude_b019_P3_r1,A,analytics,P3,,70.3216,12.5000,60.2657,18,4,Morphological;POS;Emotion;Psycholinguistic;Knockoff
real_claude_b019_P3_r2,A,analytics,P3,,55.5556,25.0000,50.2415,18,4,Morphological;POS;Emotion;Psycholinguistic;Knockoff
real_claude_b020_P1_r1,A,analytics,P1,,64.2544,50.0000,61.7754,18,4,Morphological;POS;Emotion;Psycholinguistic;Knockoff
real_claude_b020_P1_r2,A,analytics,P1,,53.5088,50.0000,52.8986,18,4,Morphological;POS;Emotion;Psycholinguistic;Knockoff
real_claude_b020_P2_r1,A,analytics,P2,,42.2515,62.5000,45.7729,18,4,Morphological;POS;Emotion;Psycholinguistic;Knockoff
real_claude_b020_P2_r2,A,analytics,P2,,42.0322,87.5000,49.9396,18,4,Morphological;POS;Emotion;Psycholinguistic;Knockoff
real_claude_b020_P3_r1,A,analytics,P3,,49.7807,37.5000,47.6449,18,4,Morphological;POS;Emotion;Psycholinguistic;Knockoff
real_claude_b020_P3_r2,A,analytics,P3,,55.7749,50.0000,54.7705,18,4,Morphological;POS;Emotion;Psycholinguistic;Knockoff
real_claude_b021_P1_r2,A,analytics,P1,,57.6754,25.0000,51.9928,18,4,Morphological;POS;Emotion;Psycholinguistic;Knockoff
real_claude_b021_P2_r1,A,analytics,P2,,46.4912,87.5000,53.6232,18,4,Morphological;POS;Emotion;Psycholinguistic;Knockoff
real_claude_b021_P2_r2,A,analytics,P2,,42.3977,100.0000,52.4155,18,4,Morphological;POS;Emotion;Psycholinguistic;Knockoff
real_claude_b021_P3_r1,A,analytics,P3,,58.7719,25.0000,52.8986,18,4,Morphological;POS;Emotion;Psycholinguistic;Knockoff
real_claude_b021_P3_r2,A,analytics,P3,,34.5029,12.5000,30.6763,18,4,Morphological;POS;Emotion;Psycholinguistic;Knockoff
real_claude_b022_P1_r1,A,analytics,P1,,46.0526,62.5000,48.9130,18,4,Morphological;POS;Emotion;Psycholinguistic;Knockoff
real_claude_b022_P1_r2,A,analytics,P1,,50.2193,62.5000,52.3551,18,4,Morphological;POS;Emotion;Psycholinguistic;Knockoff
real_claude_b022_P2_r1,A,analytics,P2,,58.1140,100.0000,65.3986,18,4,Morphological;POS;Emotion;Psycholinguistic;Knockoff
real_claude_b022_P2_r2,A,analytics,P2,,27.2661,100.0000,39.9155,18,4,Morphological;POS;Emotion;Psycholinguistic;Knockoff
real_claude_b022_P3_r1,A,analytics,P3,,34.9415,37.5000,35.3865,18,4,Morphological;POS;Emotion;Psycholinguistic;Knockoff
real_claude_b022_P3_r2,A,analytics,P3,,53.6550,37.5000,50.8454,18,4,Morphological;POS;Emotion;Psycholinguistic;Knockoff
real_claude_b023_P1_r1,A,analytics,P1,,55.1170,75.0000,58.5749,18,4,Morphological;POS;Emotion;Psycholinguistic;Knockoff
real_claude_b023_P1_r2,A,analytics,P1,,48.0994,75.0000,52.7778,18,4,Morphological;POS;Emotion;Psycholinguistic;Knockoff
real_claude_b023_P2_r1,A,analytics,P2,,50.7310,87.5000,57.1256,18,4,Morphological;POS;Emotion;Psycholinguistic;Knockoff
real_claude_b023_P2_r2,A,analytics,P2,,55.1170,75.0000,58.5749,18,4,Morphological;POS;Emotion;Psycholinguistic;Knockoff
real_claude_b023_P3_r1,A,analytics,P3,,56.7982,75.0000,59.9638,18,4,Morphological;POS;Emotion;Psycholinguistic;Knockoff
real_claude_b023_P3_r2,A,analytics,P3,,56.5789,62.5000,57.6087,18,4,Morphological;POS;Emotion;Psycholinguistic;Knockoff
real_claude_b024_P1_r1,A,analytics,P1,,56.2865,75.0000,59.5411,18,4,Morphological;POS;Emotion;Psycholinguistic;Knockoff
real_claude_b024_P1_r2,A,analytics,P1,,48.9035,75.0000,53.4420,18,4,Morphological;POS;Emotion;Psycholinguistic;Knockoff
real_claude_b024_P2_r1,A,analytics,P2,,31.7251,75.0000,39.2512,18,4,Morphological;POS;Emotion;Psycholinguistic;Knockoff
real_claude_b024_P2_r2,A,analytics,P2,,40.7164,75.0000,46.6787,18,4,Morphological;POS;Emotion;Psycholinguistic;Knockoff
real_claude_b024_P3_r1,A,analytics,P3,,40.4240,75.0000,46.4372,18,4,Morphological;POS;Emotion;Psycholinguistic;Knockoff
real_claude_b024_P3_r2,A,analytics,P3,,62.2807,62.5000,62.3188,18,4,Morphological;POS;Emotion;Psycholinguistic;Knockoff
real_claude_b025_P1_r1,A,analytics,P1,,66.2281,25.0000,59.0580,18,4,Morphological;POS;Emotion;Psycholinguistic;Knockoff
real_claude_b025_P1_r2,A,analytics,P1,,55.4094,62.5000,56.6425,18,4,Morphological;POS;Emotion;Psycholinguistic;Knockoff
real_claude_b025_P2_r1,A,analytics,P2,,34.9415,100.0000,46.2560,18,4,Morphological;POS;Emotion;Psycholinguistic;Knockoff
real_claude_b025_P2_r2,A,analytics,P2,,43.5673,100.0000,53.3816,18,4,Morphological;POS;Emotion;Psycholinguistic;Knockoff
real_claude_b025_P3_r1,A,analytics,P3,,59.7953,37.5000,55.9179,18,4,Morphological;POS;Emotion;Psycholinguistic;Knockoff
real_claude_b025_P3_r2,A,analytics,P3,,56.4327,25.0000,50.9662,18,4,Morphological;POS;Emotion;Psycholinguistic;Knockoff
real_claude_b026_P1_r1,A,analytics,P1,,55.4094,37.5000,52.2947,18,4,Morphological;POS;Emotion;Psycholinguistic;Knockoff
real_claude_b026_P1_r2,A,analytics,P1,,47.4415,75.0000,52.2343,18,4,Morphological;POS;Emotion;Psycholinguistic;Knockoff
real_claude_b026_P2_r1,A,analytics,P2,,55.4094,75.0000,58.8164,18,4,Morphological;POS;Emotion;Psycholinguistic;Knockoff
real_claude_b026_P2_r2,A,analytics,P2,,34.5760,100.0000,45.9541,18,4,Morphological;POS;Emotion;Psycholinguistic;Knockoff
real_claude_b026_P3_r1,A,analytics,P3,,51.8275,50.0000,51.5097,18,4,Morphological;POS;Emotion;Psycholinguistic;Knockoff
real_claude_b026_P3_r2,A,analytics,P3,,56.4327,50.0000,55.3140,18,4,Morphological;POS;Emotion;Psycholinguistic;Knockoff
real_claude_b027_P1_r1,A,analytics,P1,,42.1784,50.0000,43.5386,18,4,Morphological;POS;Emotion;Psycholinguistic;Knockoff
real_claude_b027_P1_r2,A,analytics,P1,,52.1199,50.0000,51.7512,18,4,Morphological;POS;Emotion;Psycholinguistic;Knockoff
real_claude_b027_P2_r1,A,analytics,P2,,48.3187,62.5000,50.7850,18,4,Morphological;POS;Emotion;Psycholinguistic;Knockoff
real_claude_b027_P2_r2,A,analytics,P2,,55.3363,87.5000,60.9300,18,4,Morphological;POS;Emotion;Psycholinguistic;Knockoff
real_claude_b027_P3_r1,A,analytics,P3,,54.5322,50.0000,53.7440,18,4,Morphological;POS;Emotion;Psycholinguistic;Knockoff
real_claude_b027_P3_r2,A,analytics,P3,,68.9327,50.0000,65.6401,18,4,Morphological;POS;Emotion;Psycholinguistic;Knockoff
real_claude_b028_P1_r1,A,analytics,P1,,48.6111,50.0000,48.8527,18,4,Morphological;POS;Emotion;Psycholinguistic;Knockoff
real_claude_b028_P1_r2,A,analytics,P1,,40.5702,62.5000,44.3841,18,4,Morphological;POS;Emotion;Psycholinguistic;Knockoff
real_claude_b028_P2_r1,A,analytics,P2,,43.4211,87.5000,51.0870,18,4,Morphological;POS;Emotion;Psycholinguistic;Knockoff
real_claude_b028_P2_r2,A,analytics,P2,,34.9415,62.5000,39.7343,18,4,Morphological;POS;Emotion;Psycholinguistic;Knockoff
real_claude_b028_P3_r1,A,analytics,P3,,46.8567,25.0000,43.0556,18,4,Morphological;POS;Emotion;Psycholinguistic;Knockoff
real_claude_b028_P3_r2,A,analytics,P3,,41.9591,25.0000,39.0097,18,4,Morphological;POS;Emotion;Psycholinguistic;Knockoff
real_claude_b029_P1_r1,A,analytics,P1,,35.5263,50.0000,38.0435,18,4,Morphological;POS;Emotion;Psycholinguistic;Knockoff
real_claude_b029_P1_r2,A,analytics,P1,,61.6228,62.5000,61.7754,18,4,Morphological;POS;Emotion;Psycholinguistic;Knockoff
real_claude_b029_P2_r1,A,analytics,P2,,37.2076,75.0000,43.7802,18,4,Morphological;POS;Emotion;Psycholinguistic;Knockoff
real_claude_b029_P2_r2,A,analytics,P2,,44.1520,75.0000,49.5169,18,4,Morphological;POS;Emotion;Psycholinguistic;Knockoff
real_claude_b029_P3_r1,A,analytics,P3,,55.0439,37.5000,51.9928,18,4,Morphological;POS;Emotion;Psycholinguistic;Knockoff
real_claude_b029_P3_r2,A,analytics,P3,,66.6667,12.5000,57.2464,18,4,Morphological;POS;Emotion;Psycholinguistic;Knockoff
real_claude_b030_P1_r1,A,analytics,P1,,68.2749,37.5000,62.9227,18,4,Morphological;POS;Emotion;Psycholinguistic;Knockoff
real_claude_b030_P1_r2,A,analytics,P1,,43.4211,50.0000,44.5652,18,4,Morphological;POS;Emotion;Psycholinguistic;Knockoff
real_claude_b030_P2_r1,A,analytics,P2,,55.5556,75.0000,58.9372,18,4,Morphological;POS;Emotion;Psycholinguistic;Knockoff
real_claude_b030_P2_r2,A,analytics,P2,,51.6082,87.5000,57.8502,18,4,Morphological;POS;Emotion;Psycholinguistic;Knockoff
real_claude_b030_P3_r1,A,analytics,P3,,63.1579,62.5000,63.0435,18,4,Morphological;POS;Emotion;Psycholinguistic;Knockoff
real_claude_b030_P3_r2,A,analytics,P3,,57.0906,75.0000,60.2053,18,4,Morphological;POS;Emotion;Psycholinguistic;Knockoff
real_claude_b031_P1_r1,A,commercial,P1,,45.9795,50.0000,46.6787,18,4,Morphological;POS;Emotion;Psycholinguistic;Knockoff
real_claude_b031_P1_r2,A,commercial,P1,,41.3743,50.0000,42.8744,18,4,Morphological;POS;Emotion;Psycholinguistic;Knockoff
real_claude_b031_P2_r1,A,commercial,P2,,39.1082,87.5000,47.5242,18,4,Morphological;POS;Emotion;Psycholinguistic;Knockoff
real_claude_b031_P2_r2,A,commercial,P2,,36.2573,75.0000,42.9952,18,4,Morphological;POS;Emotion;Psycholinguistic;Knockoff
real_claude_b031_P3_r1,A,commercial,P3,,41.0819,37.5000,40.4589,18,4,Morphological;POS;Emotion;Psycholinguistic;Knockoff
real_claude_b031_P3_r2,A,commercial,P3,,46.3450,50.0000,46.9807,18,4,Morphological;POS;Emotion;Psycholinguistic;Knockoff
real_claude_b032_P1_r1,A,commercial,P1,,36.0380,62.5000,40.6401,18,4,Morphological;POS;Emotion;Psycholinguistic;Knockoff
real_claude_b032_P1_r2,A,commercial,P1,,46.0526,62.5000,48.9130,18,4,Morphological;POS;Emotion;Psycholinguistic;Knockoff
real_claude_b032_P2_r1,A,commercial,P2,,48.6842,62.5000,51.0870,18,4,Morphological;POS;Emotion;Psycholinguistic;Knockoff
real_claude_b032_P2_r2,A,commercial,P2,,51.1696,100.0000,59.6618,18,4,Morphological;POS;Emotion;Psycholinguistic;Knockoff
real_claude_b032_P3_r1,A,commercial,P3,,44.5175,50.0000,45.4710,18,4,Morphological;POS;Emotion;Psycholinguistic;Knockoff
real_claude_b032_P3_r2,A,commercial,P3,,50.5848,50.0000,50.4831,18,4,Morphological;POS;Emotion;Psycholinguistic;Knockoff
real_claude_b033_P1_r1,A,commercial,P1,,63.7427,50.0000,61.3527,18,4,Morphological;POS;Emotion;Psycholinguistic;Knockoff
real_claude_b033_P1_r2,A,commercial,P1,,59.7222,50.0000,58.0314,18,4,Morphological;POS;Emotion;Psycholinguistic;Knockoff
real_claude_b033_P2_r1,A,commercial,P2,,42.3977,87.5000,50.2415,18,4,Morphological;POS;Emotion;Psycholinguistic;Knockoff
real_claude_b033_P2_r2,A,commercial,P2,,59.0643,75.0000,61.8357,18,4,Morphological;POS;Emotion;Psycholinguistic;Knockoff
real_claude_b033_P3_r1,A,commercial,P3,,66.8860,50.0000,63.9493,18,4,Morphological;POS;Emotion;Psycholinguistic;Knockoff
real_claude_b033_P3_r2,A,commercial,P3,,46.3450,50.0000,46.9807,18,4,Morphological;POS;Emotion;Psycholinguistic;Knockoff
real_claude_b034_P1_r1,A,commercial,P1,,50.0731,62.5000,52.2343,18,4,Morphological;POS;Emotion;Psycholinguistic;Knockoff
real_claude_b034_P1_r2,A,commercial,P1,,44.5175,75.0000,49.8188,18,4,Morphological;POS;Emotion;Psycholinguistic;Knockoff
real_claude_b034_P2_r1,A,commercial,P2,,48.6842,50.0000,48.9130,18,4,Morphological;POS;Emotion;Psycholinguistic;Knockoff
real_claude_b034_P2_r2,A,commercial,P2,,72.4415,75.0000,72.8865,18,4,Morphological;POS;Emotion;Psycholinguistic;Knockoff
real_claude_b034_P3_r1,A,commercial,P3,,56.1404,50.0000,55.0725,18,4,Morphological;POS;Emotion;Psycholinguistic;Knockoff
real_claude_b034_P3_r2,A,commercial,P3,,44.7368,62.5000,47.8261,18,4,Morphological;POS;Emotion;Psycholinguistic;Knockoff
real_claude_b035_P1_r1,A,commercial,P1,,53.6550,50.0000,53.0193,18,4,Morphological;POS;Emotion;Psycholinguistic;Knockoff
real_claude_b035_P1_r2,A,commercial,P1,,51.2427,37.5000,48.8527,18,4,Morphological;POS;Emotion;Psycholinguistic;Knockoff
real_claude_b035_P2_r1,A,commercial,P2,,51.3889,87.5000,57.6691,18,4,Morphological;POS;Emotion;Psycholinguistic;Knockoff
real_claude_b035_P2_r2,A,commercial,P2,,47.0029,87.5000,54.0459,18,4,Morphological;POS;Emotion;Psycholinguistic;Knockoff
real_claude_b035_P3_r1,A,commercial,P3,,51.2427,50.0000,51.0266,18,4,Morphological;POS;Emotion;Psycholinguistic;Knockoff
real_claude_b035_P3_r2,A,commercial,P3,,50.5117,37.5000,48.2488,18,4,Morphological;POS;Emotion;Psycholinguistic;Knockoff
real_claude_b036_P1_r1,A,commercial,P1,,47.9532,37.5000,46.1353,18,4,Morphological;POS;Emotion;Psycholinguistic;Knockoff
real_claude_b036_P1_r2,A,commercial,P1,,46.3450,37.5000,44.8068,18,4,Morphological;POS;Emotion;Psycholinguistic;Knockoff
real_claude_b036_P2_r1,A,commercial,P2,,52.1930,50.0000,51.8116,18,4,Morphological;POS;Emotion;Psycholinguistic;Knockoff
real_claude_b036_P2_r2,A,commercial,P2,,40.2047,100.0000,50.6039,18,4,Morphological;POS;Emotion;Psycholinguistic;Knockoff
real_claude_b036_P3_r1,A,commercial,P3,,41.8860,50.0000,43.2971,18,4,Morphological;POS;Emotion;Psycholinguistic;Knockoff
real_claude_b036_P3_r2,A,commercial,P3,,47.3684,37.5000,45.6522,18,4,Morphological;POS;Emotion;Psycholinguistic;Knockoff
real_claude_b037_P1_r1,A,commercial,P1,,43.4211,62.5000,46.7391,18,4,Morphological;POS;Emotion;Psycholinguistic;Knockoff
real_claude_b037_P1_r2,A,commercial,P1,,48.6842,75.0000,53.2609,18,4,Morphological;POS;Emotion;Psycholinguistic;Knockoff
real_claude_b037_P2_r1,A,commercial,P2,,63.3041,100.0000,69.6860,18,4,Morphological;POS;Emotion;Psycholinguistic;Knockoff
real_claude_b037_P2_r2,A,commercial,P2,,39.9123,100.0000,50.3623,18,4,Morphological;POS;Emotion;Psycholinguistic;Knockoff
real_claude_b037_P3_r1,A,commercial,P3,,47.8070,75.0000,52.5362,18,4,Morphological;POS;Emotion;Psycholinguistic;Knockoff
real_claude_b037_P3_r2,A,commercial,P3,,57.1637,50.0000,55.9179,18,4,Morphological;POS;Emotion;Psycholinguistic;Knockoff
real_claude_b038_P1_r1,A,commercial,P1,,49.1228,50.0000,49.2754,18,4,Morphological;POS;Emotion;Psycholinguistic;Knockoff
real_claude_b038_P1_r2,A,commercial,P1,,55.9942,62.5000,57.1256,18,4,Morphological;POS;Emotion;Psycholinguistic;Knockoff
real_claude_b038_P2_r1,A,commercial,P2,,51.9737,62.5000,53.8043,18,4,Morphological;POS;Emotion;Psycholinguistic;Knockoff
real_claude_b038_P2_r2,A,commercial,P2,,41.7398,50.0000,43.1763,18,4,Morphological;POS;Emotion;Psycholinguistic;Knockoff
real_claude_b038_P3_r1,A,commercial,P3,,54.8977,37.5000,51.8720,18,4,Morphological;POS;Emotion;Psycholinguistic;Knockoff
real_claude_b038_P3_r2,A,commercial,P3,,47.6608,25.0000,43.7198,18,4,Morphological;POS;Emotion;Psycholinguistic;Knockoff
real_claude_b039_P1_r1,A,commercial,P1,,56.5789,62.5000,57.6087,18,4,Morphological;POS;Emotion;Psycholinguistic;Knockoff
real_claude_b039_P1_r2,A,commercial,P1,,67.1053,25.0000,59.7826,18,4,Morphological;POS;Emotion;Psycholinguistic;Knockoff
real_claude_b039_P2_r1,A,commercial,P2,,60.2339,100.0000,67.1498,18,4,Morphological;POS;Emotion;Psycholinguistic;Knockoff
real_claude_b039_P2_r2,A,commercial,P2,,42.6170,100.0000,52.5966,18,4,Morphological;POS;Emotion;Psycholinguistic;Knockoff
real_claude_b039_P3_r1,A,commercial,P3,,42.3977,50.0000,43.7198,18,4,Morphological;POS;Emotion;Psycholinguistic;Knockoff
real_claude_b039_P3_r2,A,commercial,P3,,56.5058,50.0000,55.3744,18,4,Morphological;POS;Emotion;Psycholinguistic;Knockoff
real_claude_b040_P1_r1,A,commercial,P1,,73.3187,37.5000,67.0894,18,4,Morphological;POS;Emotion;Psycholinguistic;Knockoff
real_claude_b040_P1_r2,A,commercial,P1,,59.9415,62.5000,60.3865,18,4,Morphological;POS;Emotion;Psycholinguistic;Knockoff
real_claude_b040_P2_r1,A,commercial,P2,,69.2982,50.0000,65.9420,18,4,Morphological;POS;Emotion;Psycholinguistic;Knockoff
real_claude_b040_P2_r2,A,commercial,P2,,62.7924,62.5000,62.7415,18,4,Morphological;POS;Emotion;Psycholinguistic;Knockoff
real_claude_b040_P3_r1,A,commercial,P3,,60.3801,62.5000,60.7488,18,4,Morphological;POS;Emotion;Psycholinguistic;Knockoff
real_claude_b040_P3_r2,A,commercial,P3,,45.0292,37.5000,43.7198,18,4,Morphological;POS;Emotion;Psycholinguistic;Knockoff
real_claude_b041_P1_r1,A,commercial,P1,,42.6170,25.0000,39.5531,18,4,Morphological;POS;Emotion;Psycholinguistic;Knockoff
real_claude_b041_P1_r2,A,commercial,P1,,45.7602,62.5000,48.6715,18,4,Morphological;POS;Emotion;Psycholinguistic;Knockoff
real_claude_b041_P2_r1,A,commercial,P2,,49.4152,75.0000,53.8647,18,4,Morphological;POS;Emotion;Psycholinguistic;Knockoff
real_claude_b041_P2_r2,A,commercial,P2,,39.7661,100.0000,50.2415,18,4,Morphological;POS;Emotion;Psycholinguistic;Knockoff
real_claude_b041_P3_r1,A,commercial,P3,,41.0819,37.5000,40.4589,18,4,Morphological;POS;Emotion;Psycholinguistic;Knockoff
real_claude_b041_P3_r2,A,commercial,P3,,47.6608,12.5000,41.5459,18,4,Morphological;POS;Emotion;Psycholinguistic;Knockoff
real_claude_b042_P1_r1,A,commercial,P1,,57.3830,37.5000,53.9251,18,4,Morphological;POS;Emotion;Psycholinguistic;Knockoff
real_claude_b042_P1_r2,A,commercial,P1,,41.8860,37.5000,41.1232,18,4,Morphological;POS;Emotion;Psycholinguistic;Knockoff
real_claude_b042_P2_r1,A,commercial,P2,,64.4006,75.0000,66.2440,18,4,Morphological;POS;Emotion;Psycholinguistic;Knockoff
real_claude_b042_P2_r2,A,commercial,P2,,44.2251,87.5000,51.7512,18,4,Morphological;POS;Emotion;Psycholinguistic;Knockoff
real_claude_b042_P3_r1,A,commercial,P3,,47.0760,50.0000,47.5845,18,4,Morphological;POS;Emotion;Psycholinguistic;Knockoff
real_claude_b042_P3_r2,A,commercial,P3,,29.8977,25.0000,29.0459,18,4,Morphological;POS;Emotion;Psycholinguistic;Knockoff
real_claude_b043_P1_r1,A,commercial,P1,,63.5234,62.5000,63.3454,18,4,Morphological;POS;Emotion;Psycholinguistic;Knockoff
real_claude_b043_P1_r2,A,commercial,P1,,70.6871,62.5000,69.2633,18,4,Morphological;POS;Emotion;Psycholinguistic;Knockoff
real_claude_b043_P2_r1,A,commercial,P2,,38.8889,50.0000,40.8213,18,4,Morphological;POS;Emotion;Psycholinguistic;Knockoff
real_claude_b043_P2_r2,A,commercial,P2,,41.2281,87.5000,49.2754,18,4,Morphological;POS;Emotion;Psycholinguistic;Knockoff
real_claude_b043_P3_r1,A,commercial,P3,,61.4035,62.5000,61.5942,18,4,Morphological;POS;Emotion;Psycholinguistic;Knockoff
real_claude_b043_P3_r2,A,commercial,P3,,64.0351,50.0000,61.5942,18,4,Morphological;POS;Emotion;Psycholinguistic;Knockoff
real_claude_b044_P1_r1,A,commercial,P1,,56.5058,37.5000,53.2005,18,4,Morphological;POS;Emotion;Psycholinguistic;Knockoff
real_claude_b044_P1_r2,A,commercial,P1,,57.3830,75.0000,60.4469,18,4,Morphological;POS;Emotion;Psycholinguistic;Knockoff
real_claude_b044_P2_r1,A,commercial,P2,,35.4532,75.0000,42.3309,18,4,Morphological;POS;Emotion;Psycholinguistic;Knockoff
real_claude_b044_P2_r2,A,commercial,P2,,42.5439,75.0000,48.1884,18,4,Morphological;POS;Emotion;Psycholinguistic;Knockoff
real_claude_b044_P3_r1,A,commercial,P3,,43.9327,50.0000,44.9879,18,4,Morphological;POS;Emotion;Psycholinguistic;Knockoff
real_claude_b044_P3_r2,A,commercial,P3,,37.7924,62.5000,42.0894,18,4,Morphological;POS;Emotion;Psycholinguistic;Knockoff
real_claude_b045_P1_r1,A,commercial,P1,,55.9211,50.0000,54.8913,18,4,Morphological;POS;Emotion;Psycholinguistic;Knockoff
real_claude_b045_P1_r2,A,commercial,P1,,75.2924,37.5000,68.7198,18,4,Morphological;POS;Emotion;Psycholinguistic;Knockoff
real_claude_b045_P2_r1,A,commercial,P2,,51.9006,75.0000,55.9179,18,4,Morphological;POS;Emotion;Psycholinguistic;Knockoff
real_claude_b045_P2_r2,A,commercial,P2,,49.1959,62.5000,51.5097,18,4,Morphological;POS;Emotion;Psycholinguistic;Knockoff
real_claude_b045_P3_r1,A,commercial,P3,,59.5029,25.0000,53.5024,18,4,Morphological;POS;Emotion;Psycholinguistic;Knockoff
real_claude_b045_P3_r2,A,commercial,P3,,44.5906,37.5000,43.3575,18,4,Morphological;POS;Emotion;Psycholinguistic;Knockoff
deepseek_pro_b001_P1_r1,A,seo,P1,,43.6404,87.5000,51.2681,18,4,Morphological;POS;Emotion;Psycholinguistic;Knockoff
deepseek_pro_b001_P1_r2,A,seo,P1,,45.8333,62.5000,48.7319,18,4,Morphological;POS;Emotion;Psycholinguistic;Knockoff
deepseek_pro_b001_P2_r1,A,seo,P2,,48.2456,100.0000,57.2464,18,4,Morphological;POS;Emotion;Psycholinguistic;Knockoff
deepseek_pro_b001_P2_r2,A,seo,P2,,48.3918,100.0000,57.3671,18,4,Morphological;POS;Emotion;Psycholinguistic;Knockoff
deepseek_pro_b001_P3_r1,A,seo,P3,,48.6842,12.5000,42.3913,18,4,Morphological;POS;Emotion;Psycholinguistic;Knockoff
deepseek_pro_b001_P3_r2,A,seo,P3,,45.3216,12.5000,39.6135,18,4,Morphological;POS;Emotion;Psycholinguistic;Knockoff
deepseek_pro_b002_P1_r1,A,seo,P1,,59.2105,62.5000,59.7826,18,4,Morphological;POS;Emotion;Psycholinguistic;Knockoff
deepseek_pro_b002_P1_r2,A,seo,P1,,71.8567,62.5000,70.2295,18,4,Morphological;POS;Emotion;Psycholinguistic;Knockoff
deepseek_pro_b002_P2_r1,A,seo,P2,,69.9561,75.0000,70.8333,18,4,Morphological;POS;Emotion;Psycholinguistic;Knockoff
deepseek_pro_b002_P2_r2,A,seo,P2,,58.9912,87.5000,63.9493,18,4,Morphological;POS;Emotion;Psycholinguistic;Knockoff
deepseek_pro_b002_P3_r1,A,seo,P3,,47.2222,0.0000,39.0097,18,4,Morphological;POS;Emotion;Psycholinguistic;Knockoff
deepseek_pro_b002_P3_r2,A,seo,P3,,57.5292,50.0000,56.2198,18,4,Morphological;POS;Emotion;Psycholinguistic;Knockoff
deepseek_pro_b003_P1_r1,A,seo,P1,,46.3450,87.5000,53.5024,18,4,Morphological;POS;Emotion;Psycholinguistic;Knockoff
deepseek_pro_b003_P1_r2,A,seo,P1,,60.4532,75.0000,62.9831,18,4,Morphological;POS;Emotion;Psycholinguistic;Knockoff
deepseek_pro_b003_P2_r1,A,seo,P2,,62.9386,87.5000,67.2101,18,4,Morphological;POS;Emotion;Psycholinguistic;Knockoff
deepseek_pro_b003_P2_r2,A,seo,P2,,71.1988,100.0000,76.2077,18,4,Morphological;POS;Emotion;Psycholinguistic;Knockoff
deepseek_pro_b003_P3_r1,A,seo,P3,,58.6257,0.0000,48.4300,18,4,Morphological;POS;Emotion;Psycholinguistic;Knockoff
deepseek_pro_b003_P3_r2,A,seo,P3,,62.8655,12.5000,54.1063,18,4,Morphological;POS;Emotion;Psycholinguistic;Knockoff
deepseek_pro_b004_P1_r1,A,seo,P1,,54.0205,75.0000,57.6691,18,4,Morphological;POS;Emotion;Psycholinguistic;Knockoff
deepseek_pro_b004_P1_r2,A,seo,P1,,52.4123,62.5000,54.1667,18,4,Morphological;POS;Emotion;Psycholinguistic;Knockoff
deepseek_pro_b004_P2_r1,A,seo,P2,,58.7719,87.5000,63.7681,18,4,Morphological;POS;Emotion;Psycholinguistic;Knockoff
deepseek_pro_b004_P2_r2,A,seo,P2,,60.8918,75.0000,63.3454,18,4,Morphological;POS;Emotion;Psycholinguistic;Knockoff
deepseek_pro_b004_P3_r1,A,seo,P3,,49.4152,0.0000,40.8213,18,4,Morphological;POS;Emotion;Psycholinguistic;Knockoff
deepseek_pro_b004_P3_r2,A,seo,P3,,48.9035,0.0000,40.3986,18,4,Morphological;POS;Emotion;Psycholinguistic;Knockoff
deepseek_pro_b005_P1_r1,A,seo,P1,,70.1754,25.0000,62.3188,18,4,Morphological;POS;Emotion;Psycholinguistic;Knockoff
deepseek_pro_b005_P1_r2,A,seo,P1,,70.9795,62.5000,69.5048,18,4,Morphological;POS;Emotion;Psycholinguistic;Knockoff
deepseek_pro_b005_P2_r1,A,seo,P2,,67.6901,75.0000,68.9614,18,4,Morphological;POS;Emotion;Psycholinguistic;Knockoff
deepseek_pro_b005_P2_r2,A,seo,P2,,48.2456,100.0000,57.2464,18,4,Morphological;POS;Emotion;Psycholinguistic;Knockoff
deepseek_pro_b005_P3_r1,A,seo,P3,,69.8830,12.5000,59.9034,18,4,Morphological;POS;Emotion;Psycholinguistic;Knockoff
deepseek_pro_b005_P3_r2,A,seo,P3,,66.8129,25.0000,59.5411,18,4,Morphological;POS;Emotion;Psycholinguistic;Knockoff
deepseek_pro_b006_P1_r1,A,seo,P1,,61.7690,87.5000,66.2440,18,4,Morphological;POS;Emotion;Psycholinguistic;Knockoff
deepseek_pro_b006_P1_r2,A,seo,P1,,44.8830,100.0000,54.4686,18,4,Morphological;POS;Emotion;Psycholinguistic;Knockoff
deepseek_pro_b006_P2_r1,A,seo,P2,,64.0351,75.0000,65.9420,18,4,Morphological;POS;Emotion;Psycholinguistic;Knockoff
deepseek_pro_b006_P2_r2,A,seo,P2,,52.3392,100.0000,60.6280,18,4,Morphological;POS;Emotion;Psycholinguistic;Knockoff
deepseek_pro_b006_P3_r1,A,seo,P3,,47.0029,62.5000,49.6981,18,4,Morphological;POS;Emotion;Psycholinguistic;Knockoff
deepseek_pro_b006_P3_r2,A,seo,P3,,58.1140,0.0000,48.0072,18,4,Morphological;POS;Emotion;Psycholinguistic;Knockoff
deepseek_pro_b007_P1_r1,A,seo,P1,,45.4678,100.0000,54.9517,18,4,Morphological;POS;Emotion;Psycholinguistic;Knockoff
deepseek_pro_b007_P1_r2,A,seo,P1,,48.3918,75.0000,53.0193,18,4,Morphological;POS;Emotion;Psycholinguistic;Knockoff
deepseek_pro_b007_P2_r1,A,seo,P2,,58.1871,87.5000,63.2850,18,4,Morphological;POS;Emotion;Psycholinguistic;Knockoff
deepseek_pro_b007_P2_r2,A,seo,P2,,46.1988,100.0000,55.5556,18,4,Morphological;POS;Emotion;Psycholinguistic;Knockoff
deepseek_pro_b007_P3_r1,A,seo,P3,,45.3216,50.0000,46.1353,18,4,Morphological;POS;Emotion;Psycholinguistic;Knockoff
deepseek_pro_b007_P3_r2,A,seo,P3,,49.7076,37.5000,47.5845,18,4,Morphological;POS;Emotion;Psycholinguistic;Knockoff
deepseek_pro_b008_P1_r1,A,seo,P1,,68.3480,62.5000,67.3309,18,4,Morphological;POS;Emotion;Psycholinguistic;Knockoff
deepseek_pro_b008_P1_r2,A,seo,P1,,59.7953,62.5000,60.2657,18,4,Morphological;POS;Emotion;Psycholinguistic;Knockoff
deepseek_pro_b008_P2_r1,A,seo,P2,,55.6287,87.5000,61.1715,18,4,Morphological;POS;Emotion;Psycholinguistic;Knockoff
deepseek_pro_b008_P2_r2,A,seo,P2,,48.2456,75.0000,52.8986,18,4,Morphological;POS;Emotion;Psycholinguistic;Knockoff
deepseek_pro_b008_P3_r1,A,seo,P3,,61.3304,62.5000,61.5338,18,4,Morphological;POS;Emotion;Psycholinguistic;Knockoff
deepseek_pro_b008_P3_r2,A,seo,P3,,62.8655,12.5000,54.1063,18,4,Morphological;POS;Emotion;Psycholinguistic;Knockoff
deepseek_pro_b009_P1_r1,A,seo,P1,,55.4094,25.0000,50.1208,18,4,Morphological;POS;Emotion;Psycholinguistic;Knockoff
deepseek_pro_b009_P1_r2,A,seo,P1,,51.9006,75.0000,55.9179,18,4,Morphological;POS;Emotion;Psycholinguistic;Knockoff
deepseek_pro_b009_P2_r1,A,seo,P2,,46.4912,100.0000,55.7971,18,4,Morphological;POS;Emotion;Psycholinguistic;Knockoff
deepseek_pro_b009_P2_r2,A,seo,P2,,44.0789,75.0000,49.4565,18,4,Morphological;POS;Emotion;Psycholinguistic;Knockoff
deepseek_pro_b009_P3_r1,A,seo,P3,,41.9591,0.0000,34.6618,18,4,Morphological;POS;Emotion;Psycholinguistic;Knockoff
deepseek_pro_b009_P3_r2,A,seo,P3,,39.9854,0.0000,33.0314,18,4,Morphological;POS;Emotion;Psycholinguistic;Knockoff
deepseek_pro_b010_P1_r1,A,seo,P1,,50.2193,25.0000,45.8333,18,4,Morphological;POS;Emotion;Psycholinguistic;Knockoff
deepseek_pro_b010_P1_r2,A,seo,P1,,64.4737,75.0000,66.3043,18,4,Morphological;POS;Emotion;Psycholinguistic;Knockoff
deepseek_pro_b010_P2_r1,A,seo,P2,,64.8392,50.0000,62.2585,18,4,Morphological;POS;Emotion;Psycholinguistic;Knockoff
deepseek_pro_b010_P2_r2,A,seo,P2,,65.1316,62.5000,64.6739,18,4,Morphological;POS;Emotion;Psycholinguistic;Knockoff
deepseek_pro_b010_P3_r1,A,seo,P3,,30.9942,0.0000,25.6039,18,4,Morphological;POS;Emotion;Psycholinguistic;Knockoff
deepseek_pro_b010_P3_r2,A,seo,P3,,69.6637,12.5000,59.7222,18,4,Morphological;POS;Emotion;Psycholinguistic;Knockoff
deepseek_pro_b011_P1_r1,A,seo,P1,,56.4327,62.5000,57.4879,18,4,Morphological;POS;Emotion;Psycholinguistic;Knockoff
deepseek_pro_b011_P1_r2,A,seo,P1,,55.1901,75.0000,58.6353,18,4,Morphological;POS;Emotion;Psycholinguistic;Knockoff
deepseek_pro_b011_P2_r1,A,seo,P2,,56.5058,100.0000,64.0700,18,4,Morphological;POS;Emotion;Psycholinguistic;Knockoff
deepseek_pro_b011_P2_r2,A,seo,P2,,54.0205,100.0000,62.0169,18,4,Morphological;POS;Emotion;Psycholinguistic;Knockoff
deepseek_pro_b011_P3_r1,A,seo,P3,,64.7661,25.0000,57.8502,18,4,Morphological;POS;Emotion;Psycholinguistic;Knockoff
deepseek_pro_b011_P3_r2,A,seo,P3,,58.9912,12.5000,50.9058,18,4,Morphological;POS;Emotion;Psycholinguistic;Knockoff
deepseek_pro_b012_P1_r1,A,seo,P1,,60.0146,50.0000,58.2729,18,4,Morphological;POS;Emotion;Psycholinguistic;Knockoff
deepseek_pro_b012_P1_r2,A,seo,P1,,56.9444,50.0000,55.7367,18,4,Morphological;POS;Emotion;Psycholinguistic;Knockoff
deepseek_pro_b012_P2_r1,A,seo,P2,,59.5760,100.0000,66.6063,18,4,Morphological;POS;Emotion;Psycholinguistic;Knockoff
deepseek_pro_b012_P2_r2,A,seo,P2,,52.6316,100.0000,60.8696,18,4,Morphological;POS;Emotion;Psycholinguistic;Knockoff
deepseek_pro_b012_P3_r1,A,seo,P3,,49.1959,0.0000,40.6401,18,4,Morphological;POS;Emotion;Psycholinguistic;Knockoff
deepseek_pro_b012_P3_r2,A,seo,P3,,67.3977,12.5000,57.8502,18,4,Morphological;POS;Emotion;Psycholinguistic;Knockoff
deepseek_pro_b013_P1_r1,A,seo,P1,,71.6374,12.5000,61.3527,18,4,Morphological;POS;Emotion;Psycholinguistic;Knockoff
deepseek_pro_b013_P1_r2,A,seo,P1,,61.9152,37.5000,57.6691,18,4,Morphological;POS;Emotion;Psycholinguistic;Knockoff
deepseek_pro_b013_P2_r1,A,seo,P2,,55.0439,100.0000,62.8623,18,4,Morphological;POS;Emotion;Psycholinguistic;Knockoff
deepseek_pro_b013_P2_r2,A,seo,P2,,44.7368,75.0000,50.0000,18,4,Morphological;POS;Emotion;Psycholinguistic;Knockoff
deepseek_pro_b013_P3_r1,A,seo,P3,,60.2339,0.0000,49.7585,18,4,Morphological;POS;Emotion;Psycholinguistic;Knockoff
deepseek_pro_b013_P3_r2,A,seo,P3,,62.5731,0.0000,51.6908,18,4,Morphological;POS;Emotion;Psycholinguistic;Knockoff
deepseek_pro_b014_P1_r1,A,seo,P1,,68.0556,25.0000,60.5676,18,4,Morphological;POS;Emotion;Psycholinguistic;Knockoff
deepseek_pro_b014_P1_r2,A,seo,P1,,57.0906,87.5000,62.3792,18,4,Morphological;POS;Emotion;Psycholinguistic;Knockoff
deepseek_pro_b014_P2_r1,A,seo,P2,,57.3099,75.0000,60.3865,18,4,Morphological;POS;Emotion;Psycholinguistic;Knockoff
deepseek_pro_b014_P2_r2,A,seo,P2,,48.5380,100.0000,57.4879,18,4,Morphological;POS;Emotion;Psycholinguistic;Knockoff
deepseek_pro_b014_P3_r1,A,seo,P3,,62.1345,12.5000,53.5024,18,4,Morphological;POS;Emotion;Psycholinguistic;Knockoff
deepseek_pro_b014_P3_r2,A,seo,P3,,56.0673,12.5000,48.4903,18,4,Morphological;POS;Emotion;Psycholinguistic;Knockoff
deepseek_pro_b015_P1_r1,A,seo,P1,,58.3333,25.0000,52.5362,18,4,Morphological;POS;Emotion;Psycholinguistic;Knockoff
deepseek_pro_b015_P1_r2,A,seo,P1,,52.3392,75.0000,56.2802,18,4,Morphological;POS;Emotion;Psycholinguistic;Knockoff
deepseek_pro_b015_P2_r1,A,seo,P2,,53.0702,100.0000,61.2319,18,4,Morphological;POS;Emotion;Psycholinguistic;Knockoff
deepseek_pro_b015_P2_r2,A,seo,P2,,57.8216,100.0000,65.1570,18,4,Morphological;POS;Emotion;Psycholinguistic;Knockoff
deepseek_pro_b015_P3_r1,A,seo,P3,,57.1637,12.5000,49.3961,18,4,Morphological;POS;Emotion;Psycholinguistic;Knockoff
deepseek_pro_b015_P3_r2,A,seo,P3,,61.6228,0.0000,50.9058,18,4,Morphological;POS;Emotion;Psycholinguistic;Knockoff
deepseek_pro_b016_P1_r1,A,analytics,P1,,56.1404,37.5000,52.8986,18,4,Morphological;POS;Emotion;Psycholinguistic;Knockoff
deepseek_pro_b016_P1_r2,A,analytics,P1,,70.3947,0.0000,58.1522,18,4,Morphological;POS;Emotion;Psycholinguistic;Knockoff
deepseek_pro_b016_P2_r1,A,analytics,P2,,63.4503,50.0000,61.1111,18,4,Morphological;POS;Emotion;Psycholinguistic;Knockoff
deepseek_pro_b016_P2_r2,A,analytics,P2,,37.5000,87.5000,46.1957,18,4,Morphological;POS;Emotion;Psycholinguistic;Knockoff
deepseek_pro_b016_P3_r1,A,analytics,P3,,57.8947,25.0000,52.1739,18,4,Morphological;POS;Emotion;Psycholinguistic;Knockoff
deepseek_pro_b016_P3_r2,A,analytics,P3,,60.5994,0.0000,50.0604,18,4,Morphological;POS;Emotion;Psycholinguistic;Knockoff
deepseek_pro_b017_P1_r1,A,analytics,P1,,67.2515,37.5000,62.0773,18,4,Morphological;POS;Emotion;Psycholinguistic;Knockoff
deepseek_pro_b017_P1_r2,A,analytics,P1,,63.3041,0.0000,52.2947,18,4,Morphological;POS;Emotion;Psycholinguistic;Knockoff
deepseek_pro_b017_P2_r1,A,analytics,P2,,54.0205,37.5000,51.1473,18,4,Morphological;POS;Emotion;Psycholinguistic;Knockoff
deepseek_pro_b017_P2_r2,A,analytics,P2,,46.9298,87.5000,53.9855,18,4,Morphological;POS;Emotion;Psycholinguistic;Knockoff
deepseek_pro_b017_P3_r1,A,analytics,P3,,51.9006,0.0000,42.8744,18,4,Morphological;POS;Emotion;Psycholinguistic;Knockoff
deepseek_pro_b017_P3_r2,A,analytics,P3,,39.2544,0.0000,32.4275,18,4,Morphological;POS;Emotion;Psycholinguistic;Knockoff
deepseek_pro_b018_P1_r1,A,analytics,P1,,55.7018,50.0000,54.7101,18,4,Morphological;POS;Emotion;Psycholinguistic;Knockoff
deepseek_pro_b018_P1_r2,A,analytics,P1,,57.2368,12.5000,49.4565,18,4,Morphological;POS;Emotion;Psycholinguistic;Knockoff
deepseek_pro_b018_P2_r1,A,analytics,P2,,45.6871,62.5000,48.6111,18,4,Morphological;POS;Emotion;Psycholinguistic;Knockoff
deepseek_pro_b018_P2_r2,A,analytics,P2,,55.7749,50.0000,54.7705,18,4,Morphological;POS;Emotion;Psycholinguistic;Knockoff
deepseek_pro_b018_P3_r1,A,analytics,P3,,57.1637,0.0000,47.2222,18,4,Morphological;POS;Emotion;Psycholinguistic;Knockoff
deepseek_pro_b018_P3_r2,A,analytics,P3,,56.8713,0.0000,46.9807,18,4,Morphological;POS;Emotion;Psycholinguistic;Knockoff
deepseek_pro_b019_P1_r1,A,analytics,P1,,53.3626,50.0000,52.7778,18,4,Morphological;POS;Emotion;Psycholinguistic;Knockoff
deepseek_pro_b019_P1_r2,A,analytics,P1,,40.2778,12.5000,35.4469,18,4,Morphological;POS;Emotion;Psycholinguistic;Knockoff
deepseek_pro_b019_P2_r1,A,analytics,P2,,51.9006,87.5000,58.0918,18,4,Morphological;POS;Emotion;Psycholinguistic;Knockoff
deepseek_pro_b019_P2_r2,A,analytics,P2,,51.1696,100.0000,59.6618,18,4,Morphological;POS;Emotion;Psycholinguistic;Knockoff
deepseek_pro_b019_P3_r1,A,analytics,P3,,62.7924,0.0000,51.8720,18,4,Morphological;POS;Emotion;Psycholinguistic;Knockoff
deepseek_pro_b019_P3_r2,A,analytics,P3,,50.2193,0.0000,41.4855,18,4,Morphological;POS;Emotion;Psycholinguistic;Knockoff
deepseek_pro_b020_P1_r1,A,analytics,P1,,58.4064,12.5000,50.4227,18,4,Morphological;POS;Emotion;Psycholinguistic;Knockoff
deepseek_pro_b020_P1_r2,A,analytics,P1,,40.3509,50.0000,42.0290,18,4,Morphological;POS;Emotion;Psycholinguistic;Knockoff
deepseek_pro_b020_P2_r1,A,analytics,P2,,50.8041,75.0000,55.0121,18,4,Morphological;POS;Emotion;Psycholinguistic;Knockoff
deepseek_pro_b020_P2_r2,A,analytics,P2,,51.6813,75.0000,55.7367,18,4,Morphological;POS;Emotion;Psycholinguistic;Knockoff
deepseek_pro_b020_P3_r1,A,analytics,P3,,61.3304,12.5000,52.8382,18,4,Morphological;POS;Emotion;Psycholinguistic;Knockoff
deepseek_pro_b020_P3_r2,A,analytics,P3,,43.4211,0.0000,35.8696,18,4,Morphological;POS;Emotion;Psycholinguistic;Knockoff
deepseek_pro_b021_P1_r1,A,analytics,P1,,51.9006,62.5000,53.7440,18,4,Morphological;POS;Emotion;Psycholinguistic;Knockoff
deepseek_pro_b021_P1_r2,A,analytics,P1,,36.9152,50.0000,39.1908,18,4,Morphological;POS;Emotion;Psycholinguistic;Knockoff
deepseek_pro_b021_P2_r1,A,analytics,P2,,53.6550,87.5000,59.5411,18,4,Morphological;POS;Emotion;Psycholinguistic;Knockoff
deepseek_pro_b021_P2_r2,A,analytics,P2,,54.0205,87.5000,59.8430,18,4,Morphological;POS;Emotion;Psycholinguistic;Knockoff
deepseek_pro_b021_P3_r1,A,analytics,P3,,73.3187,0.0000,60.5676,18,4,Morphological;POS;Emotion;Psycholinguistic;Knockoff
deepseek_pro_b021_P3_r2,A,analytics,P3,,29.3860,0.0000,24.2754,18,4,Morphological;POS;Emotion;Psycholinguistic;Knockoff
deepseek_pro_b022_P1_r1,A,analytics,P1,,53.1433,25.0000,48.2488,18,4,Morphological;POS;Emotion;Psycholinguistic;Knockoff
deepseek_pro_b022_P1_r2,A,analytics,P1,,23.7573,75.0000,32.6691,18,4,Morphological;POS;Emotion;Psycholinguistic;Knockoff
deepseek_pro_b022_P2_r1,A,analytics,P2,,39.3275,75.0000,45.5314,18,4,Morphological;POS;Emotion;Psycholinguistic;Knockoff
deepseek_pro_b022_P2_r2,A,analytics,P2,,42.9094,75.0000,48.4903,18,4,Morphological;POS;Emotion;Psycholinguistic;Knockoff
deepseek_pro_b022_P3_r1,A,analytics,P3,,47.0029,12.5000,41.0024,18,4,Morphological;POS;Emotion;Psycholinguistic;Knockoff
deepseek_pro_b022_P3_r2,A,analytics,P3,,32.3099,25.0000,31.0386,18,4,Morphological;POS;Emotion;Psycholinguistic;Knockoff
deepseek_pro_b023_P1_r1,A,analytics,P1,,62.2076,12.5000,53.5628,18,4,Morphological;POS;Emotion;Psycholinguistic;Knockoff
deepseek_pro_b023_P1_r2,A,analytics,P1,,61.2573,37.5000,57.1256,18,4,Morphological;POS;Emotion;Psycholinguistic;Knockoff
deepseek_pro_b023_P2_r1,A,analytics,P2,,52.9240,75.0000,56.7633,18,4,Morphological;POS;Emotion;Psycholinguistic;Knockoff
deepseek_pro_b023_P2_r2,A,analytics,P2,,62.7924,75.0000,64.9155,18,4,Morphological;POS;Emotion;Psycholinguistic;Knockoff
deepseek_pro_b023_P3_r1,A,analytics,P3,,38.5234,12.5000,33.9976,18,4,Morphological;POS;Emotion;Psycholinguistic;Knockoff
deepseek_pro_b023_P3_r2,A,analytics,P3,,76.8275,0.0000,63.4662,18,4,Morphological;POS;Emotion;Psycholinguistic;Knockoff
deepseek_pro_b024_P1_r1,A,analytics,P1,,51.8275,75.0000,55.8575,18,4,Morphological;POS;Emotion;Psycholinguistic;Knockoff
deepseek_pro_b024_P1_r2,A,analytics,P1,,54.1667,50.0000,53.4420,18,4,Morphological;POS;Emotion;Psycholinguistic;Knockoff
deepseek_pro_b024_P2_r1,A,analytics,P2,,42.3246,50.0000,43.6594,18,4,Morphological;POS;Emotion;Psycholinguistic;Knockoff
deepseek_pro_b024_P2_r2,A,analytics,P2,,44.3713,75.0000,49.6981,18,4,Morphological;POS;Emotion;Psycholinguistic;Knockoff
deepseek_pro_b024_P3_r1,A,analytics,P3,,51.7544,0.0000,42.7536,18,4,Morphological;POS;Emotion;Psycholinguistic;Knockoff
deepseek_pro_b024_P3_r2,A,analytics,P3,,43.7865,37.5000,42.6932,18,4,Morphological;POS;Emotion;Psycholinguistic;Knockoff
deepseek_pro_b025_P1_r1,A,analytics,P1,,63.2310,25.0000,56.5821,18,4,Morphological;POS;Emotion;Psycholinguistic;Knockoff
deepseek_pro_b025_P1_r2,A,analytics,P1,,47.2953,37.5000,45.5918,18,4,Morphological;POS;Emotion;Psycholinguistic;Knockoff
deepseek_pro_b025_P2_r1,A,analytics,P2,,61.9152,75.0000,64.1908,18,4,Morphological;POS;Emotion;Psycholinguistic;Knockoff
deepseek_pro_b025_P2_r2,A,analytics,P2,,55.1170,75.0000,58.5749,18,4,Morphological;POS;Emotion;Psycholinguistic;Knockoff
deepseek_pro_b025_P3_r1,A,analytics,P3,,56.5789,12.5000,48.9130,18,4,Morphological;POS;Emotion;Psycholinguistic;Knockoff
deepseek_pro_b025_P3_r2,A,analytics,P3,,71.1988,12.5000,60.9903,18,4,Morphological;POS;Emotion;Psycholinguistic;Knockoff
deepseek_pro_b026_P1_r1,A,analytics,P1,,78.9474,37.5000,71.7391,18,4,Morphological;POS;Emotion;Psycholinguistic;Knockoff
deepseek_pro_b026_P1_r2,A,analytics,P1,,33.8450,75.0000,41.0024,18,4,Morphological;POS;Emotion;Psycholinguistic;Knockoff
deepseek_pro_b026_P2_r1,A,analytics,P2,,52.9240,100.0000,61.1111,18,4,Morphological;POS;Emotion;Psycholinguistic;Knockoff
deepseek_pro_b026_P2_r2,A,analytics,P2,,51.1696,100.0000,59.6618,18,4,Morphological;POS;Emotion;Psycholinguistic;Knockoff
deepseek_pro_b026_P3_r1,A,analytics,P3,,55.3363,0.0000,45.7126,18,4,Morphological;POS;Emotion;Psycholinguistic;Knockoff
deepseek_pro_b026_P3_r2,A,analytics,P3,,68.5673,0.0000,56.6425,18,4,Morphological;POS;Emotion;Psycholinguistic;Knockoff
deepseek_pro_b027_P1_r1,A,analytics,P1,,70.2485,0.0000,58.0314,18,4,Morphological;POS;Emotion;Psycholinguistic;Knockoff
deepseek_pro_b027_P1_r2,A,analytics,P1,,47.5146,50.0000,47.9469,18,4,Morphological;POS;Emotion;Psycholinguistic;Knockoff
deepseek_pro_b027_P2_r1,A,analytics,P2,,54.9708,75.0000,58.4541,18,4,Morphological;POS;Emotion;Psycholinguistic;Knockoff
deepseek_pro_b027_P2_r2,A,analytics,P2,,60.1608,62.5000,60.5676,18,4,Morphological;POS;Emotion;Psycholinguistic;Knockoff
deepseek_pro_b027_P3_r1,A,analytics,P3,,38.5965,0.0000,31.8841,18,4,Morphological;POS;Emotion;Psycholinguistic;Knockoff
deepseek_pro_b027_P3_r2,A,analytics,P3,,41.5936,0.0000,34.3599,18,4,Morphological;POS;Emotion;Psycholinguistic;Knockoff
deepseek_pro_b028_P1_r1,A,analytics,P1,,36.8421,50.0000,39.1304,18,4,Morphological;POS;Emotion;Psycholinguistic;Knockoff
deepseek_pro_b028_P1_r2,A,analytics,P1,,45.3216,50.0000,46.1353,18,4,Morphological;POS;Emotion;Psycholinguistic;Knockoff
deepseek_pro_b028_P2_r1,A,analytics,P2,,52.5585,87.5000,58.6353,18,4,Morphological;POS;Emotion;Psycholinguistic;Knockoff
deepseek_pro_b028_P2_r2,A,analytics,P2,,63.0848,37.5000,58.6353,18,4,Morphological;POS;Emotion;Psycholinguistic;Knockoff
deepseek_pro_b028_P3_r1,A,analytics,P3,,45.7602,12.5000,39.9758,18,4,Morphological;POS;Emotion;Psycholinguistic;Knockoff
deepseek_pro_b028_P3_r2,A,analytics,P3,,58.4064,0.0000,48.2488,18,4,Morphological;POS;Emotion;Psycholinguistic;Knockoff
deepseek_pro_b029_P1_r1,A,analytics,P1,,46.5643,25.0000,42.8140,18,4,Morphological;POS;Emotion;Psycholinguistic;Knockoff
deepseek_pro_b029_P1_r2,A,analytics,P1,,55.8480,12.5000,48.3092,18,4,Morphological;POS;Emotion;Psycholinguistic;Knockoff
deepseek_pro_b029_P2_r1,A,analytics,P2,,54.6784,62.5000,56.0386,18,4,Morphological;POS;Emotion;Psycholinguistic;Knockoff
deepseek_pro_b029_P2_r2,A,analytics,P2,,56.4327,62.5000,57.4879,18,4,Morphological;POS;Emotion;Psycholinguistic;Knockoff
deepseek_pro_b029_P3_r1,A,analytics,P3,,39.6199,0.0000,32.7295,18,4,Morphological;POS;Emotion;Psycholinguistic;Knockoff
deepseek_pro_b029_P3_r2,A,analytics,P3,,39.9854,12.5000,35.2053,18,4,Morphological;POS;Emotion;Psycholinguistic;Knockoff
deepseek_pro_b030_P1_r1,A,analytics,P1,,52.8509,0.0000,43.6594,18,4,Morphological;POS;Emotion;Psycholinguistic;Knockoff
deepseek_pro_b030_P1_r2,A,analytics,P1,,49.1228,50.0000,49.2754,18,4,Morphological;POS;Emotion;Psycholinguistic;Knockoff
deepseek_pro_b030_P2_r1,A,analytics,P2,,55.9942,75.0000,59.2995,18,4,Morphological;POS;Emotion;Psycholinguistic;Knockoff
deepseek_pro_b030_P2_r2,A,analytics,P2,,71.7836,12.5000,61.4734,18,4,Morphological;POS;Emotion;Psycholinguistic;Knockoff
deepseek_pro_b030_P3_r1,A,analytics,P3,,55.8480,12.5000,48.3092,18,4,Morphological;POS;Emotion;Psycholinguistic;Knockoff
deepseek_pro_b030_P3_r2,A,analytics,P3,,78.7281,12.5000,67.2101,18,4,Morphological;POS;Emotion;Psycholinguistic;Knockoff
deepseek_pro_b031_P1_r1,A,commercial,P1,,40.9357,87.5000,49.0338,18,4,Morphological;POS;Emotion;Psycholinguistic;Knockoff
deepseek_pro_b031_P1_r2,A,commercial,P1,,61.7690,50.0000,59.7222,18,4,Morphological;POS;Emotion;Psycholinguistic;Knockoff
deepseek_pro_b031_P2_r1,A,commercial,P2,,48.3918,87.5000,55.1932,18,4,Morphological;POS;Emotion;Psycholinguistic;Knockoff
deepseek_pro_b031_P2_r2,A,commercial,P2,,54.8977,75.0000,58.3937,18,4,Morphological;POS;Emotion;Psycholinguistic;Knockoff
deepseek_pro_b031_P3_r1,A,commercial,P3,,45.1023,25.0000,41.6063,18,4,Morphological;POS;Emotion;Psycholinguistic;Knockoff
deepseek_pro_b031_P3_r2,A,commercial,P3,,56.0673,0.0000,46.3164,18,4,Morphological;POS;Emotion;Psycholinguistic;Knockoff
deepseek_pro_b032_P1_r1,A,commercial,P1,,72.8070,0.0000,60.1449,18,4,Morphological;POS;Emotion;Psycholinguistic;Knockoff
deepseek_pro_b032_P1_r2,A,commercial,P1,,61.4035,37.5000,57.2464,18,4,Morphological;POS;Emotion;Psycholinguistic;Knockoff
deepseek_pro_b032_P2_r1,A,commercial,P2,,71.9298,62.5000,70.2899,18,4,Morphological;POS;Emotion;Psycholinguistic;Knockoff
deepseek_pro_b032_P2_r2,A,commercial,P2,,60.2339,100.0000,67.1498,18,4,Morphological;POS;Emotion;Psycholinguistic;Knockoff
deepseek_pro_b032_P3_r1,A,commercial,P3,,47.4415,0.0000,39.1908,18,4,Morphological;POS;Emotion;Psycholinguistic;Knockoff
deepseek_pro_b032_P3_r2,A,commercial,P3,,71.7105,12.5000,61.4130,18,4,Morphological;POS;Emotion;Psycholinguistic;Knockoff
deepseek_pro_b033_P1_r1,A,commercial,P1,,45.2485,75.0000,50.4227,18,4,Morphological;POS;Emotion;Psycholinguistic;Knockoff
deepseek_pro_b033_P1_r2,A,commercial,P1,,65.1316,25.0000,58.1522,18,4,Morphological;POS;Emotion;Psycholinguistic;Knockoff
deepseek_pro_b033_P2_r1,A,commercial,P2,,52.2661,87.5000,58.3937,18,4,Morphological;POS;Emotion;Psycholinguistic;Knockoff
deepseek_pro_b033_P2_r2,A,commercial,P2,,60.1608,50.0000,58.3937,18,4,Morphological;POS;Emotion;Psycholinguistic;Knockoff
deepseek_pro_b033_P3_r1,A,commercial,P3,,60.8187,0.0000,50.2415,18,4,Morphological;POS;Emotion;Psycholinguistic;Knockoff
deepseek_pro_b033_P3_r2,A,commercial,P3,,63.1579,0.0000,52.1739,18,4,Morphological;POS;Emotion;Psycholinguistic;Knockoff
deepseek_pro_b034_P1_r1,A,commercial,P1,,40.9357,50.0000,42.5121,18,4,Morphological;POS;Emotion;Psycholinguistic;Knockoff
deepseek_pro_b034_P1_r2,A,commercial,P1,,45.6871,50.0000,46.4372,18,4,Morphological;POS;Emotion;Psycholinguistic;Knockoff
deepseek_pro_b034_P2_r1,A,commercial,P2,,56.2135,50.0000,55.1329,18,4,Morphological;POS;Emotion;Psycholinguistic;Knockoff
deepseek_pro_b034_P2_r2,A,commercial,P2,,60.6725,75.0000,63.1643,18,4,Morphological;POS;Emotion;Psycholinguistic;Knockoff
deepseek_pro_b034_P3_r1,A,commercial,P3,,47.8801,12.5000,41.7271,18,4,Morphological;POS;Emotion;Psycholinguistic;Knockoff
deepseek_pro_b034_P3_r2,A,commercial,P3,,55.4094,0.0000,45.7729,18,4,Morphological;POS;Emotion;Psycholinguistic;Knockoff
deepseek_pro_b035_P1_r1,A,commercial,P1,,46.6374,62.5000,49.3961,18,4,Morphological;POS;Emotion;Psycholinguistic;Knockoff
deepseek_pro_b035_P1_r2,A,commercial,P1,,25.5848,62.5000,32.0048,18,4,Morphological;POS;Emotion;Psycholinguistic;Knockoff
deepseek_pro_b035_P2_r1,A,commercial,P2,,78.6550,25.0000,69.3237,18,4,Morphological;POS;Emotion;Psycholinguistic;Knockoff
deepseek_pro_b035_P2_r2,A,commercial,P2,,45.0292,75.0000,50.2415,18,4,Morphological;POS;Emotion;Psycholinguistic;Knockoff
deepseek_pro_b035_P3_r1,A,commercial,P3,,55.3363,12.5000,47.8865,18,4,Morphological;POS;Emotion;Psycholinguistic;Knockoff
deepseek_pro_b035_P3_r2,A,commercial,P3,,60.4532,0.0000,49.9396,18,4,Morphological;POS;Emotion;Psycholinguistic;Knockoff
deepseek_pro_b036_P1_r1,A,commercial,P1,,42.7632,0.0000,35.3261,18,4,Morphological;POS;Emotion;Psycholinguistic;Knockoff
deepseek_pro_b036_P1_r2,A,commercial,P1,,42.9825,50.0000,44.2029,18,4,Morphological;POS;Emotion;Psycholinguistic;Knockoff
deepseek_pro_b036_P2_r1,A,commercial,P2,,69.5175,62.5000,68.2971,18,4,Morphological;POS;Emotion;Psycholinguistic;Knockoff
deepseek_pro_b036_P2_r2,A,commercial,P2,,45.2485,62.5000,48.2488,18,4,Morphological;POS;Emotion;Psycholinguistic;Knockoff
deepseek_pro_b036_P3_r1,A,commercial,P3,,44.2251,0.0000,36.5338,18,4,Morphological;POS;Emotion;Psycholinguistic;Knockoff
deepseek_pro_b036_P3_r2,A,commercial,P3,,56.5789,0.0000,46.7391,18,4,Morphological;POS;Emotion;Psycholinguistic;Knockoff
deepseek_pro_b037_P1_r1,A,commercial,P1,,48.0994,12.5000,41.9082,18,4,Morphological;POS;Emotion;Psycholinguistic;Knockoff
deepseek_pro_b037_P1_r2,A,commercial,P1,,26.3889,50.0000,30.4952,18,4,Morphological;POS;Emotion;Psycholinguistic;Knockoff
deepseek_pro_b037_P2_r1,A,commercial,P2,,42.2515,62.5000,45.7729,18,4,Morphological;POS;Emotion;Psycholinguistic;Knockoff
deepseek_pro_b037_P2_r2,A,commercial,P2,,58.4064,75.0000,61.2923,18,4,Morphological;POS;Emotion;Psycholinguistic;Knockoff
deepseek_pro_b037_P3_r1,A,commercial,P3,,62.7924,0.0000,51.8720,18,4,Morphological;POS;Emotion;Psycholinguistic;Knockoff
deepseek_pro_b037_P3_r2,A,commercial,P3,,52.7778,12.5000,45.7729,18,4,Morphological;POS;Emotion;Psycholinguistic;Knockoff
deepseek_pro_b038_P1_r1,A,commercial,P1,,64.0351,12.5000,55.0725,18,4,Morphological;POS;Emotion;Psycholinguistic;Knockoff
deepseek_pro_b038_P1_r2,A,commercial,P1,,44.2251,37.5000,43.0556,18,4,Morphological;POS;Emotion;Psycholinguistic;Knockoff
deepseek_pro_b038_P2_r1,A,commercial,P2,,37.4269,62.5000,41.7874,18,4,Morphological;POS;Emotion;Psycholinguistic;Knockoff
deepseek_pro_b038_P2_r2,A,commercial,P2,,43.5673,62.5000,46.8599,18,4,Morphological;POS;Emotion;Psycholinguistic;Knockoff
deepseek_pro_b038_P3_r1,A,commercial,P3,,51.6813,12.5000,44.8671,18,4,Morphological;POS;Emotion;Psycholinguistic;Knockoff
deepseek_pro_b038_P3_r2,A,commercial,P3,,36.5497,25.0000,34.5411,18,4,Morphological;POS;Emotion;Psycholinguistic;Knockoff
deepseek_pro_b039_P1_r1,A,commercial,P1,,58.0409,50.0000,56.6425,18,4,Morphological;POS;Emotion;Psycholinguistic;Knockoff
deepseek_pro_b039_P1_r2,A,commercial,P1,,74.8538,25.0000,66.1836,18,4,Morphological;POS;Emotion;Psycholinguistic;Knockoff
deepseek_pro_b039_P2_r1,A,commercial,P2,,53.4357,75.0000,57.1860,18,4,Morphological;POS;Emotion;Psycholinguistic;Knockoff
deepseek_pro_b039_P2_r2,A,commercial,P2,,67.5439,62.5000,66.6667,18,4,Morphological;POS;Emotion;Psycholinguistic;Knockoff
deepseek_pro_b039_P3_r1,A,commercial,P3,,47.1491,12.5000,41.1232,18,4,Morphological;POS;Emotion;Psycholinguistic;Knockoff
deepseek_pro_b039_P3_r2,A,commercial,P3,,52.0468,0.0000,42.9952,18,4,Morphological;POS;Emotion;Psycholinguistic;Knockoff
deepseek_pro_b040_P1_r1,A,commercial,P1,,53.8012,37.5000,50.9662,18,4,Morphological;POS;Emotion;Psycholinguistic;Knockoff
deepseek_pro_b040_P1_r2,A,commercial,P1,,46.7836,62.5000,49.5169,18,4,Morphological;POS;Emotion;Psycholinguistic;Knockoff
deepseek_pro_b040_P2_r1,A,commercial,P2,,76.4620,50.0000,71.8599,18,4,Morphological;POS;Emotion;Psycholinguistic;Knockoff
deepseek_pro_b040_P2_r2,A,commercial,P2,,63.0848,62.5000,62.9831,18,4,Morphological;POS;Emotion;Psycholinguistic;Knockoff
deepseek_pro_b040_P3_r1,A,commercial,P3,,69.8830,12.5000,59.9034,18,4,Morphological;POS;Emotion;Psycholinguistic;Knockoff
deepseek_pro_b040_P3_r2,A,commercial,P3,,70.9064,25.0000,62.9227,18,4,Morphological;POS;Emotion;Psycholinguistic;Knockoff
deepseek_pro_b041_P1_r1,A,commercial,P1,,46.7105,0.0000,38.5870,18,4,Morphological;POS;Emotion;Psycholinguistic;Knockoff
deepseek_pro_b041_P1_r2,A,commercial,P1,,52.9240,12.5000,45.8937,18,4,Morphological;POS;Emotion;Psycholinguistic;Knockoff
deepseek_pro_b041_P2_r1,A,commercial,P2,,53.8012,62.5000,55.3140,18,4,Morphological;POS;Emotion;Psycholinguistic;Knockoff
deepseek_pro_b041_P2_r2,A,commercial,P2,,60.8187,62.5000,61.1111,18,4,Morphological;POS;Emotion;Psycholinguistic;Knockoff
deepseek_pro_b041_P3_r1,A,commercial,P3,,49.7807,37.5000,47.6449,18,4,Morphological;POS;Emotion;Psycholinguistic;Knockoff
deepseek_pro_b041_P3_r2,A,commercial,P3,,35.6725,37.5000,35.9903,18,4,Morphological;POS;Emotion;Psycholinguistic;Knockoff
deepseek_pro_b042_P1_r1,A,commercial,P1,,58.4795,25.0000,52.6570,18,4,Morphological;POS;Emotion;Psycholinguistic;Knockoff
deepseek_pro_b042_P1_r2,A,commercial,P1,,66.3743,37.5000,61.3527,18,4,Morphological;POS;Emotion;Psycholinguistic;Knockoff
deepseek_pro_b042_P2_r1,A,commercial,P2,,50.8772,75.0000,55.0725,18,4,Morphological;POS;Emotion;Psycholinguistic;Knockoff
deepseek_pro_b042_P2_r2,A,commercial,P2,,58.6988,75.0000,61.5338,18,4,Morphological;POS;Emotion;Psycholinguistic;Knockoff
deepseek_pro_b042_P3_r1,A,commercial,P3,,47.8801,37.5000,46.0749,18,4,Morphological;POS;Emotion;Psycholinguistic;Knockoff
deepseek_pro_b042_P3_r2,A,commercial,P3,,65.4240,12.5000,56.2198,18,4,Morphological;POS;Emotion;Psycholinguistic;Knockoff
deepseek_pro_b043_P1_r1,A,commercial,P1,,57.8947,25.0000,52.1739,18,4,Morphological;POS;Emotion;Psycholinguistic;Knockoff
deepseek_pro_b043_P1_r2,A,commercial,P1,,72.6608,0.0000,60.0242,18,4,Morphological;POS;Emotion;Psycholinguistic;Knockoff
deepseek_pro_b043_P2_r1,A,commercial,P2,,70.1023,50.0000,66.6063,18,4,Morphological;POS;Emotion;Psycholinguistic;Knockoff
deepseek_pro_b043_P2_r2,A,commercial,P2,,68.2018,37.5000,62.8623,18,4,Morphological;POS;Emotion;Psycholinguistic;Knockoff
deepseek_pro_b043_P3_r1,A,commercial,P3,,70.2485,0.0000,58.0314,18,4,Morphological;POS;Emotion;Psycholinguistic;Knockoff
deepseek_pro_b043_P3_r2,A,commercial,P3,,59.9415,25.0000,53.8647,18,4,Morphological;POS;Emotion;Psycholinguistic;Knockoff
deepseek_pro_b044_P1_r1,A,commercial,P1,,43.6404,37.5000,42.5725,18,4,Morphological;POS;Emotion;Psycholinguistic;Knockoff
deepseek_pro_b044_P1_r2,A,commercial,P1,,67.9825,12.5000,58.3333,18,4,Morphological;POS;Emotion;Psycholinguistic;Knockoff
deepseek_pro_b044_P2_r1,A,commercial,P2,,70.7602,62.5000,69.3237,18,4,Morphological;POS;Emotion;Psycholinguistic;Knockoff
deepseek_pro_b044_P2_r2,A,commercial,P2,,51.4620,87.5000,57.7295,18,4,Morphological;POS;Emotion;Psycholinguistic;Knockoff
deepseek_pro_b044_P3_r1,A,commercial,P3,,49.4152,12.5000,42.9952,18,4,Morphological;POS;Emotion;Psycholinguistic;Knockoff
deepseek_pro_b044_P3_r2,A,commercial,P3,,46.7105,0.0000,38.5870,18,4,Morphological;POS;Emotion;Psycholinguistic;Knockoff
deepseek_pro_b045_P1_r1,A,commercial,P1,,67.6170,12.5000,58.0314,18,4,Morphological;POS;Emotion;Psycholinguistic;Knockoff
deepseek_pro_b045_P1_r2,A,commercial,P1,,55.8480,12.5000,48.3092,18,4,Morphological;POS;Emotion;Psycholinguistic;Knockoff
deepseek_pro_b045_P2_r1,A,commercial,P2,,51.0234,75.0000,55.1932,18,4,Morphological;POS;Emotion;Psycholinguistic;Knockoff
deepseek_pro_b045_P2_r2,A,commercial,P2,,47.5877,75.0000,52.3551,18,4,Morphological;POS;Emotion;Psycholinguistic;Knockoff
deepseek_pro_b045_P3_r1,A,commercial,P3,,59.4298,12.5000,51.2681,18,4,Morphological;POS;Emotion;Psycholinguistic;Knockoff
deepseek_pro_b045_P3_r2,A,commercial,P3,,64.2544,25.0000,57.4275,18,4,Morphological;POS;Emotion;Psycholinguistic;Knockoff
nemotron_b001_P1_r1,A,seo,P1,,56.2865,100.0000,63.8889,18,4,Morphological;POS;Emotion;Psycholinguistic;Knockoff
nemotron_b001_P1_r2,A,seo,P1,,65.9357,100.0000,71.8599,18,4,Morphological;POS;Emotion;Psycholinguistic;Knockoff
nemotron_b001_P2_r1,A,seo,P2,,47.5877,100.0000,56.7029,18,4,Morphological;POS;Emotion;Psycholinguistic;Knockoff
nemotron_b001_P2_r2,A,seo,P2,,55.4094,100.0000,63.1643,18,4,Morphological;POS;Emotion;Psycholinguistic;Knockoff
nemotron_b001_P3_r1,A,seo,P3,,62.2807,62.5000,62.3188,18,4,Morphological;POS;Emotion;Psycholinguistic;Knockoff
nemotron_b001_P3_r2,A,seo,P3,,53.7281,87.5000,59.6014,18,4,Morphological;POS;Emotion;Psycholinguistic;Knockoff
nemotron_b002_P1_r1,A,seo,P1,,54.6784,100.0000,62.5604,18,4,Morphological;POS;Emotion;Psycholinguistic;Knockoff
nemotron_b002_P1_r2,A,seo,P1,,29.6053,87.5000,39.6739,18,4,Morphological;POS;Emotion;Psycholinguistic;Knockoff
nemotron_b002_P2_r1,A,seo,P2,,48.2456,100.0000,57.2464,18,4,Morphological;POS;Emotion;Psycholinguistic;Knockoff
nemotron_b002_P2_r2,A,seo,P2,,48.1725,100.0000,57.1860,18,4,Morphological;POS;Emotion;Psycholinguistic;Knockoff
nemotron_b002_P3_r1,A,seo,P3,,53.8012,87.5000,59.6618,18,4,Morphological;POS;Emotion;Psycholinguistic;Knockoff
nemotron_b002_P3_r2,A,seo,P3,,63.9620,37.5000,59.3599,18,4,Morphological;POS;Emotion;Psycholinguistic;Knockoff
nemotron_b003_P1_r1,A,seo,P1,,50.0000,100.0000,58.6957,18,4,Morphological;POS;Emotion;Psycholinguistic;Knockoff
nemotron_b003_P1_r2,A,seo,P1,,40.9357,100.0000,51.2077,18,4,Morphological;POS;Emotion;Psycholinguistic;Knockoff
nemotron_b003_P2_r1,A,seo,P2,,60.9649,100.0000,67.7536,18,4,Morphological;POS;Emotion;Psycholinguistic;Knockoff
nemotron_b003_P2_r2,A,seo,P2,,62.7193,100.0000,69.2029,18,4,Morphological;POS;Emotion;Psycholinguistic;Knockoff
nemotron_b003_P3_r1,A,seo,P3,,52.3392,100.0000,60.6280,18,4,Morphological;POS;Emotion;Psycholinguistic;Knockoff
nemotron_b003_P3_r2,A,seo,P3,,46.9298,87.5000,53.9855,18,4,Morphological;POS;Emotion;Psycholinguistic;Knockoff
nemotron_b004_P1_r1,A,seo,P1,,33.1871,100.0000,44.8068,18,4,Morphological;POS;Emotion;Psycholinguistic;Knockoff
nemotron_b004_P1_r2,A,seo,P1,,42.8363,100.0000,52.7778,18,4,Morphological;POS;Emotion;Psycholinguistic;Knockoff
nemotron_b004_P2_r1,A,seo,P2,,45.9064,100.0000,55.3140,18,4,Morphological;POS;Emotion;Psycholinguistic;Knockoff
nemotron_b004_P2_r2,A,seo,P2,,42.2515,100.0000,52.2947,18,4,Morphological;POS;Emotion;Psycholinguistic;Knockoff
nemotron_b004_P3_r1,A,seo,P3,,51.7544,75.0000,55.7971,18,4,Morphological;POS;Emotion;Psycholinguistic;Knockoff
nemotron_b004_P3_r2,A,seo,P3,,63.2310,50.0000,60.9300,18,4,Morphological;POS;Emotion;Psycholinguistic;Knockoff
nemotron_b005_P1_r1,A,seo,P1,,57.8947,87.5000,63.0435,18,4,Morphological;POS;Emotion;Psycholinguistic;Knockoff
nemotron_b005_P1_r2,A,seo,P1,,59.7953,87.5000,64.6135,18,4,Morphological;POS;Emotion;Psycholinguistic;Knockoff
nemotron_b005_P2_r1,A,seo,P2,,46.8567,100.0000,56.0990,18,4,Morphological;POS;Emotion;Psycholinguistic;Knockoff
nemotron_b005_P2_r2,A,seo,P2,,47.0760,100.0000,56.2802,18,4,Morphological;POS;Emotion;Psycholinguistic;Knockoff
nemotron_b005_P3_r1,A,seo,P3,,62.2807,75.0000,64.4928,18,4,Morphological;POS;Emotion;Psycholinguistic;Knockoff
nemotron_b005_P3_r2,A,seo,P3,,61.8421,87.5000,66.3043,18,4,Morphological;POS;Emotion;Psycholinguistic;Knockoff
nemotron_b006_P1_r1,A,seo,P1,,56.2865,100.0000,63.8889,18,4,Morphological;POS;Emotion;Psycholinguistic;Knockoff
nemotron_b006_P1_r2,A,seo,P1,,49.2690,100.0000,58.0918,18,4,Morphological;POS;Emotion;Psycholinguistic;Knockoff
nemotron_b006_P2_r1,A,seo,P2,,48.2456,100.0000,57.2464,18,4,Morphological;POS;Emotion;Psycholinguistic;Knockoff
nemotron_b006_P2_r2,A,seo,P2,,53.2164,100.0000,61.3527,18,4,Morphological;POS;Emotion;Psycholinguistic;Knockoff
nemotron_b006_P3_r1,A,seo,P3,,52.2661,75.0000,56.2198,18,4,Morphological;POS;Emotion;Psycholinguistic;Knockoff
nemotron_b006_P3_r2,A,seo,P3,,62.1345,100.0000,68.7198,18,4,Morphological;POS;Emotion;Psycholinguistic;Knockoff
nemotron_b007_P1_r1,A,seo,P1,,25.0000,100.0000,38.0435,18,4,Morphological;POS;Emotion;Psycholinguistic;Knockoff
nemotron_b007_P1_r2,A,seo,P1,,54.0936,100.0000,62.0773,18,4,Morphological;POS;Emotion;Psycholinguistic;Knockoff
nemotron_b007_P2_r1,A,seo,P2,,48.8304,100.0000,57.7295,18,4,Morphological;POS;Emotion;Psycholinguistic;Knockoff
nemotron_b007_P2_r2,A,seo,P2,,29.7515,100.0000,41.9686,18,4,Morphological;POS;Emotion;Psycholinguistic;Knockoff
nemotron_b007_P3_r1,A,seo,P3,,42.5439,100.0000,52.5362,18,4,Morphological;POS;Emotion;Psycholinguistic;Knockoff
nemotron_b007_P3_r2,A,seo,P3,,48.3918,100.0000,57.3671,18,4,Morphological;POS;Emotion;Psycholinguistic;Knockoff
nemotron_b008_P1_r1,A,seo,P1,,55.9211,100.0000,63.5870,18,4,Morphological;POS;Emotion;Psycholinguistic;Knockoff
nemotron_b008_P1_r2,A,seo,P1,,59.0643,100.0000,66.1836,18,4,Morphological;POS;Emotion;Psycholinguistic;Knockoff
nemotron_b008_P2_r1,A,seo,P2,,58.1871,100.0000,65.4589,18,4,Morphological;POS;Emotion;Psycholinguistic;Knockoff
nemotron_b008_P2_r2,A,seo,P2,,59.2836,100.0000,66.3647,18,4,Morphological;POS;Emotion;Psycholinguistic;Knockoff
nemotron_b008_P3_r1,A,seo,P3,,55.0439,100.0000,62.8623,18,4,Morphological;POS;Emotion;Psycholinguistic;Knockoff
nemotron_b008_P3_r2,A,seo,P3,,60.8187,87.5000,65.4589,18,4,Morphological;POS;Emotion;Psycholinguistic;Knockoff
nemotron_b009_P1_r1,A,seo,P1,,59.2836,100.0000,66.3647,18,4,Morphological;POS;Emotion;Psycholinguistic;Knockoff
nemotron_b009_P1_r2,A,seo,P1,,36.6228,100.0000,47.6449,18,4,Morphological;POS;Emotion;Psycholinguistic;Knockoff
nemotron_b009_P2_r1,A,seo,P2,,46.5643,87.5000,53.6836,18,4,Morphological;POS;Emotion;Psycholinguistic;Knockoff
nemotron_b009_P2_r2,A,seo,P2,,53.9474,100.0000,61.9565,18,4,Morphological;POS;Emotion;Psycholinguistic;Knockoff
nemotron_b009_P3_r1,A,seo,P3,,54.7515,87.5000,60.4469,18,4,Morphological;POS;Emotion;Psycholinguistic;Knockoff
nemotron_b009_P3_r2,A,seo,P3,,54.0936,100.0000,62.0773,18,4,Morphological;POS;Emotion;Psycholinguistic;Knockoff
nemotron_b010_P1_r1,A,seo,P1,,54.4591,100.0000,62.3792,18,4,Morphological;POS;Emotion;Psycholinguistic;Knockoff
nemotron_b010_P1_r2,A,seo,P1,,54.7515,100.0000,62.6208,18,4,Morphological;POS;Emotion;Psycholinguistic;Knockoff
nemotron_b010_P2_r1,A,seo,P2,,61.4035,100.0000,68.1159,18,4,Morphological;POS;Emotion;Psycholinguistic;Knockoff
nemotron_b010_P2_r2,A,seo,P2,,59.8684,100.0000,66.8478,18,4,Morphological;POS;Emotion;Psycholinguistic;Knockoff
nemotron_b010_P3_r1,A,seo,P3,,53.7281,75.0000,57.4275,18,4,Morphological;POS;Emotion;Psycholinguistic;Knockoff
nemotron_b010_P3_r2,A,seo,P3,,58.2602,100.0000,65.5193,18,4,Morphological;POS;Emotion;Psycholinguistic;Knockoff
nemotron_b011_P1_r1,A,seo,P1,,35.1608,100.0000,46.4372,18,4,Morphological;POS;Emotion;Psycholinguistic;Knockoff
nemotron_b011_P1_r2,A,seo,P1,,41.3743,100.0000,51.5700,18,4,Morphological;POS;Emotion;Psycholinguistic;Knockoff
nemotron_b011_P2_r1,A,seo,P2,,50.4386,100.0000,59.0580,18,4,Morphological;POS;Emotion;Psycholinguistic;Knockoff
nemotron_b011_P2_r2,A,seo,P2,,53.0702,100.0000,61.2319,18,4,Morphological;POS;Emotion;Psycholinguistic;Knockoff
nemotron_b011_P3_r1,A,seo,P3,,47.4415,87.5000,54.4082,18,4,Morphological;POS;Emotion;Psycholinguistic;Knockoff
nemotron_b011_P3_r2,A,seo,P3,,56.4327,87.5000,61.8357,18,4,Morphological;POS;Emotion;Psycholinguistic;Knockoff
nemotron_b012_P1_r1,A,seo,P1,,43.4942,100.0000,53.3213,18,4,Morphological;POS;Emotion;Psycholinguistic;Knockoff
nemotron_b012_P1_r2,A,seo,P1,,48.7573,100.0000,57.6691,18,4,Morphological;POS;Emotion;Psycholinguistic;Knockoff
nemotron_b012_P2_r1,A,seo,P2,,37.4269,100.0000,48.3092,18,4,Morphological;POS;Emotion;Psycholinguistic;Knockoff
nemotron_b012_P2_r2,A,seo,P2,,44.3713,87.5000,51.8720,18,4,Morphological;POS;Emotion;Psycholinguistic;Knockoff
nemotron_b012_P3_r1,A,seo,P3,,41.0819,87.5000,49.1546,18,4,Morphological;POS;Emotion;Psycholinguistic;Knockoff
nemotron_b012_P3_r2,A,seo,P3,,60.3801,87.5000,65.0966,18,4,Morphological;POS;Emotion;Psycholinguistic;Knockoff
nemotron_b013_P1_r1,A,seo,P1,,62.5731,100.0000,69.0821,18,4,Morphological;POS;Emotion;Psycholinguistic;Knockoff
nemotron_b013_P1_r2,A,seo,P1,,55.5556,87.5000,61.1111,18,4,Morphological;POS;Emotion;Psycholinguistic;Knockoff
nemotron_b013_P2_r1,A,seo,P2,,54.5322,100.0000,62.4396,18,4,Morphological;POS;Emotion;Psycholinguistic;Knockoff
nemotron_b013_P2_r2,A,seo,P2,,43.2749,87.5000,50.9662,18,4,Morphological;POS;Emotion;Psycholinguistic;Knockoff
nemotron_b013_P3_r1,A,seo,P3,,70.2485,62.5000,68.9010,18,4,Morphological;POS;Emotion;Psycholinguistic;Knockoff
nemotron_b013_P3_r2,A,seo,P3,,57.8947,87.5000,63.0435,18,4,Morphological;POS;Emotion;Psycholinguistic;Knockoff
nemotron_b014_P1_r1,A,seo,P1,,60.3801,100.0000,67.2705,18,4,Morphological;POS;Emotion;Psycholinguistic;Knockoff
nemotron_b014_P1_r2,A,seo,P1,,56.8713,100.0000,64.3720,18,4,Morphological;POS;Emotion;Psycholinguistic;Knockoff
nemotron_b014_P2_r1,A,seo,P2,,51.0965,100.0000,59.6014,18,4,Morphological;POS;Emotion;Psycholinguistic;Knockoff
nemotron_b014_P2_r2,A,seo,P2,,50.2193,100.0000,58.8768,18,4,Morphological;POS;Emotion;Psycholinguistic;Knockoff
nemotron_b014_P3_r1,A,seo,P3,,58.1140,37.5000,54.5290,18,4,Morphological;POS;Emotion;Psycholinguistic;Knockoff
nemotron_b014_P3_r2,A,seo,P3,,61.4035,75.0000,63.7681,18,4,Morphological;POS;Emotion;Psycholinguistic;Knockoff
nemotron_b015_P1_r1,A,seo,P1,,51.1696,100.0000,59.6618,18,4,Morphological;POS;Emotion;Psycholinguistic;Knockoff
nemotron_b015_P1_r2,A,seo,P1,,61.8421,100.0000,68.4783,18,4,Morphological;POS;Emotion;Psycholinguistic;Knockoff
nemotron_b015_P2_r1,A,seo,P2,,49.6345,87.5000,56.2198,18,4,Morphological;POS;Emotion;Psycholinguistic;Knockoff
nemotron_b015_P2_r2,A,seo,P2,,42.0322,87.5000,49.9396,18,4,Morphological;POS;Emotion;Psycholinguistic;Knockoff
nemotron_b015_P3_r1,A,seo,P3,,57.4561,75.0000,60.5072,18,4,Morphological;POS;Emotion;Psycholinguistic;Knockoff
nemotron_b015_P3_r2,A,seo,P3,,64.2544,50.0000,61.7754,18,4,Morphological;POS;Emotion;Psycholinguistic;Knockoff
nemotron_b016_P1_r1,A,analytics,P1,,47.8070,75.0000,52.5362,18,4,Morphological;POS;Emotion;Psycholinguistic;Knockoff
nemotron_b016_P1_r2,A,analytics,P1,,22.5146,100.0000,35.9903,18,4,Morphological;POS;Emotion;Psycholinguistic;Knockoff
nemotron_b016_P2_r1,A,analytics,P2,,45.9795,87.5000,53.2005,18,4,Morphological;POS;Emotion;Psycholinguistic;Knockoff
nemotron_b016_P2_r2,A,analytics,P2,,52.1930,100.0000,60.5072,18,4,Morphological;POS;Emotion;Psycholinguistic;Knockoff
nemotron_b016_P3_r1,A,analytics,P3,,35.6725,62.5000,40.3382,18,4,Morphological;POS;Emotion;Psycholinguistic;Knockoff
nemotron_b016_P3_r2,A,analytics,P3,,45.3947,75.0000,50.5435,18,4,Morphological;POS;Emotion;Psycholinguistic;Knockoff
nemotron_b017_P1_r1,A,analytics,P1,,69.0058,75.0000,70.0483,18,4,Morphological;POS;Emotion;Psycholinguistic;Knockoff
nemotron_b017_P1_r2,A,analytics,P1,,70.1754,62.5000,68.8406,18,4,Morphological;POS;Emotion;Psycholinguistic;Knockoff
nemotron_b017_P2_r1,A,analytics,P2,,46.4912,87.5000,53.6232,18,4,Morphological;POS;Emotion;Psycholinguistic;Knockoff
nemotron_b017_P2_r2,A,analytics,P2,,41.5936,75.0000,47.4034,18,4,Morphological;POS;Emotion;Psycholinguistic;Knockoff
nemotron_b017_P3_r1,A,analytics,P3,,69.1520,25.0000,61.4734,18,4,Morphological;POS;Emotion;Psycholinguistic;Knockoff
nemotron_b017_P3_r2,A,analytics,P3,,56.2865,37.5000,53.0193,18,4,Morphological;POS;Emotion;Psycholinguistic;Knockoff
nemotron_b018_P1_r1,A,analytics,P1,,64.4737,50.0000,61.9565,18,4,Morphological;POS;Emotion;Psycholinguistic;Knockoff
nemotron_b018_P1_r2,A,analytics,P1,,56.7251,62.5000,57.7295,18,4,Morphological;POS;Emotion;Psycholinguistic;Knockoff
nemotron_b018_P2_r1,A,analytics,P2,,24.1228,75.0000,32.9710,18,4,Morphological;POS;Emotion;Psycholinguistic;Knockoff
nemotron_b018_P2_r2,A,analytics,P2,,50.4386,75.0000,54.7101,18,4,Morphological;POS;Emotion;Psycholinguistic;Knockoff
nemotron_b018_P3_r1,A,analytics,P3,,61.8421,37.5000,57.6087,18,4,Morphological;POS;Emotion;Psycholinguistic;Knockoff
nemotron_b018_P3_r2,A,analytics,P3,,63.1579,25.0000,56.5217,18,4,Morphological;POS;Emotion;Psycholinguistic;Knockoff
nemotron_b019_P1_r1,A,analytics,P1,,45.1023,100.0000,54.6498,18,4,Morphological;POS;Emotion;Psycholinguistic;Knockoff
nemotron_b019_P1_r2,A,analytics,P1,,56.7982,50.0000,55.6159,18,4,Morphological;POS;Emotion;Psycholinguistic;Knockoff
nemotron_b019_P2_r1,A,analytics,P2,,44.5906,87.5000,52.0531,18,4,Morphological;POS;Emotion;Psycholinguistic;Knockoff
nemotron_b019_P2_r2,A,analytics,P2,,55.6287,87.5000,61.1715,18,4,Morphological;POS;Emotion;Psycholinguistic;Knockoff
nemotron_b019_P3_r1,A,analytics,P3,,54.1667,50.0000,53.4420,18,4,Morphological;POS;Emotion;Psycholinguistic;Knockoff
nemotron_b019_P3_r2,A,analytics,P3,,49.7076,37.5000,47.5845,18,4,Morphological;POS;Emotion;Psycholinguistic;Knockoff
nemotron_b020_P1_r1,A,analytics,P1,,46.2719,100.0000,55.6159,18,4,Morphological;POS;Emotion;Psycholinguistic;Knockoff
nemotron_b020_P1_r2,A,analytics,P1,,47.3684,100.0000,56.5217,18,4,Morphological;POS;Emotion;Psycholinguistic;Knockoff
nemotron_b020_P2_r1,A,analytics,P2,,42.9094,75.0000,48.4903,18,4,Morphological;POS;Emotion;Psycholinguistic;Knockoff
nemotron_b020_P2_r2,A,analytics,P2,,50.0000,87.5000,56.5217,18,4,Morphological;POS;Emotion;Psycholinguistic;Knockoff
nemotron_b020_P3_r1,A,analytics,P3,,50.6579,50.0000,50.5435,18,4,Morphological;POS;Emotion;Psycholinguistic;Knockoff
nemotron_b020_P3_r2,A,analytics,P3,,54.9708,50.0000,54.1063,18,4,Morphological;POS;Emotion;Psycholinguistic;Knockoff
nemotron_b021_P1_r1,A,analytics,P1,,41.0088,75.0000,46.9203,18,4,Morphological;POS;Emotion;Psycholinguistic;Knockoff
nemotron_b021_P1_r2,A,analytics,P1,,42.9825,75.0000,48.5507,18,4,Morphological;POS;Emotion;Psycholinguistic;Knockoff
nemotron_b021_P2_r1,A,analytics,P2,,52.1930,100.0000,60.5072,18,4,Morphological;POS;Emotion;Psycholinguistic;Knockoff
nemotron_b021_P2_r2,A,analytics,P2,,51.7544,100.0000,60.1449,18,4,Morphological;POS;Emotion;Psycholinguistic;Knockoff
nemotron_b021_P3_r1,A,analytics,P3,,41.8129,0.0000,34.5411,18,4,Morphological;POS;Emotion;Psycholinguistic;Knockoff
nemotron_b021_P3_r2,A,analytics,P3,,40.2047,62.5000,44.0821,18,4,Morphological;POS;Emotion;Psycholinguistic;Knockoff
nemotron_b022_P1_r1,A,analytics,P1,,48.6111,100.0000,57.5483,18,4,Morphological;POS;Emotion;Psycholinguistic;Knockoff
nemotron_b022_P1_r2,A,analytics,P1,,42.3977,100.0000,52.4155,18,4,Morphological;POS;Emotion;Psycholinguistic;Knockoff
nemotron_b022_P2_r1,A,analytics,P2,,51.3158,100.0000,59.7826,18,4,Morphological;POS;Emotion;Psycholinguistic;Knockoff
nemotron_b022_P2_r2,A,analytics,P2,,51.7544,100.0000,60.1449,18,4,Morphological;POS;Emotion;Psycholinguistic;Knockoff
nemotron_b022_P3_r1,A,analytics,P3,,55.3363,37.5000,52.2343,18,4,Morphological;POS;Emotion;Psycholinguistic;Knockoff
nemotron_b022_P3_r2,A,analytics,P3,,36.5497,50.0000,38.8889,18,4,Morphological;POS;Emotion;Psycholinguistic;Knockoff
nemotron_b023_P1_r1,A,analytics,P1,,59.1374,75.0000,61.8961,18,4,Morphological;POS;Emotion;Psycholinguistic;Knockoff
nemotron_b023_P1_r2,A,analytics,P1,,28.4357,100.0000,40.8816,18,4,Morphological;POS;Emotion;Psycholinguistic;Knockoff
nemotron_b023_P2_r1,A,analytics,P2,,45.9795,87.5000,53.2005,18,4,Morphological;POS;Emotion;Psycholinguistic;Knockoff
nemotron_b023_P2_r2,A,analytics,P2,,44.8830,100.0000,54.4686,18,4,Morphological;POS;Emotion;Psycholinguistic;Knockoff
nemotron_b023_P3_r1,A,analytics,P3,,44.0058,100.0000,53.7440,18,4,Morphological;POS;Emotion;Psycholinguistic;Knockoff
nemotron_b023_P3_r2,A,analytics,P3,,69.7368,37.5000,64.1304,18,4,Morphological;POS;Emotion;Psycholinguistic;Knockoff
nemotron_b024_P1_r1,A,analytics,P1,,55.1170,100.0000,62.9227,18,4,Morphological;POS;Emotion;Psycholinguistic;Knockoff
nemotron_b024_P1_r2,A,analytics,P1,,41.6667,100.0000,51.8116,18,4,Morphological;POS;Emotion;Psycholinguistic;Knockoff
nemotron_b024_P2_r1,A,analytics,P2,,50.4386,100.0000,59.0580,18,4,Morphological;POS;Emotion;Psycholinguistic;Knockoff
nemotron_b024_P2_r2,A,analytics,P2,,39.5468,87.5000,47.8865,18,4,Morphological;POS;Emotion;Psycholinguistic;Knockoff
nemotron_b024_P3_r1,A,analytics,P3,,72.0029,50.0000,68.1763,18,4,Morphological;POS;Emotion;Psycholinguistic;Knockoff
nemotron_b024_P3_r2,A,analytics,P3,,51.7544,75.0000,55.7971,18,4,Morphological;POS;Emotion;Psycholinguistic;Knockoff
nemotron_b025_P1_r1,A,analytics,P1,,39.0351,100.0000,49.6377,18,4,Morphological;POS;Emotion;Psycholinguistic;Knockoff
nemotron_b025_P1_r2,A,analytics,P1,,58.0409,100.0000,65.3382,18,4,Morphological;POS;Emotion;Psycholinguistic;Knockoff
nemotron_b025_P2_r1,A,analytics,P2,,37.5000,75.0000,44.0217,18,4,Morphological;POS;Emotion;Psycholinguistic;Knockoff
nemotron_b025_P2_r2,A,analytics,P2,,51.3158,75.0000,55.4348,18,4,Morphological;POS;Emotion;Psycholinguistic;Knockoff
nemotron_b025_P3_r1,A,analytics,P3,,52.3392,50.0000,51.9324,18,4,Morphological;POS;Emotion;Psycholinguistic;Knockoff
nemotron_b025_P3_r2,A,analytics,P3,,54.0936,50.0000,53.3816,18,4,Morphological;POS;Emotion;Psycholinguistic;Knockoff
nemotron_b026_P1_r1,A,analytics,P1,,47.8070,100.0000,56.8841,18,4,Morphological;POS;Emotion;Psycholinguistic;Knockoff
nemotron_b026_P1_r2,A,analytics,P1,,60.0146,100.0000,66.9686,18,4,Morphological;POS;Emotion;Psycholinguistic;Knockoff
nemotron_b026_P2_r1,A,analytics,P2,,39.4737,100.0000,50.0000,18,4,Morphological;POS;Emotion;Psycholinguistic;Knockoff
nemotron_b026_P2_r2,A,analytics,P2,,50.0000,100.0000,58.6957,18,4,Morphological;POS;Emotion;Psycholinguistic;Knockoff
nemotron_b026_P3_r1,A,analytics,P3,,60.2339,37.5000,56.2802,18,4,Morphological;POS;Emotion;Psycholinguistic;Knockoff
nemotron_b026_P3_r2,A,analytics,P3,,61.8421,62.5000,61.9565,18,4,Morphological;POS;Emotion;Psycholinguistic;Knockoff
nemotron_b027_P1_r1,A,analytics,P1,,49.0497,100.0000,57.9106,18,4,Morphological;POS;Emotion;Psycholinguistic;Knockoff
nemotron_b027_P1_r2,A,analytics,P1,,64.0351,100.0000,70.2899,18,4,Morphological;POS;Emotion;Psycholinguistic;Knockoff
nemotron_b027_P2_r1,A,analytics,P2,,51.3158,87.5000,57.6087,18,4,Morphological;POS;Emotion;Psycholinguistic;Knockoff
nemotron_b027_P2_r2,A,analytics,P2,,47.8070,87.5000,54.7101,18,4,Morphological;POS;Emotion;Psycholinguistic;Knockoff
nemotron_b027_P3_r1,A,analytics,P3,,59.0643,50.0000,57.4879,18,4,Morphological;POS;Emotion;Psycholinguistic;Knockoff
nemotron_b027_P3_r2,A,analytics,P3,,68.2018,50.0000,65.0362,18,4,Morphological;POS;Emotion;Psycholinguistic;Knockoff
nemotron_b028_P1_r1,A,analytics,P1,,51.5351,100.0000,59.9638,18,4,Morphological;POS;Emotion;Psycholinguistic;Knockoff
nemotron_b028_P1_r2,A,analytics,P1,,57.9678,100.0000,65.2778,18,4,Morphological;POS;Emotion;Psycholinguistic;Knockoff
nemotron_b028_P2_r1,A,analytics,P2,,51.9006,87.5000,58.0918,18,4,Morphological;POS;Emotion;Psycholinguistic;Knockoff
nemotron_b028_P2_r2,A,analytics,P2,,49.2690,75.0000,53.7440,18,4,Morphological;POS;Emotion;Psycholinguistic;Knockoff
nemotron_b028_P3_r1,A,analytics,P3,,51.4620,75.0000,55.5556,18,4,Morphological;POS;Emotion;Psycholinguistic;Knockoff
nemotron_b029_P1_r1,A,analytics,P1,,73.1725,50.0000,69.1425,18,4,Morphological;POS;Emotion;Psycholinguistic;Knockoff
nemotron_b029_P1_r2,A,analytics,P1,,54.6784,100.0000,62.5604,18,4,Morphological;POS;Emotion;Psycholinguistic;Knockoff
nemotron_b029_P2_r1,A,analytics,P2,,52.3392,87.5000,58.4541,18,4,Morphological;POS;Emotion;Psycholinguistic;Knockoff
nemotron_b029_P2_r2,A,analytics,P2,,60.5994,87.5000,65.2778,18,4,Morphological;POS;Emotion;Psycholinguistic;Knockoff
nemotron_b029_P3_r1,A,analytics,P3,,36.2573,50.0000,38.6473,18,4,Morphological;POS;Emotion;Psycholinguistic;Knockoff
nemotron_b029_P3_r2,A,analytics,P3,,50.7310,50.0000,50.6039,18,4,Morphological;POS;Emotion;Psycholinguistic;Knockoff
nemotron_b030_P1_r1,A,analytics,P1,,42.5439,87.5000,50.3623,18,4,Morphological;POS;Emotion;Psycholinguistic;Knockoff
nemotron_b030_P1_r2,A,analytics,P1,,47.8070,100.0000,56.8841,18,4,Morphological;POS;Emotion;Psycholinguistic;Knockoff
nemotron_b030_P2_r1,A,analytics,P2,,60.0877,100.0000,67.0290,18,4,Morphological;POS;Emotion;Psycholinguistic;Knockoff
nemotron_b030_P2_r2,A,analytics,P2,,46.9298,100.0000,56.1594,18,4,Morphological;POS;Emotion;Psycholinguistic;Knockoff
nemotron_b030_P3_r1,A,analytics,P3,,53.6550,75.0000,57.3671,18,4,Morphological;POS;Emotion;Psycholinguistic;Knockoff
nemotron_b030_P3_r2,A,analytics,P3,,46.2719,62.5000,49.0942,18,4,Morphological;POS;Emotion;Psycholinguistic;Knockoff
nemotron_b031_P1_r1,A,commercial,P1,,29.2398,100.0000,41.5459,18,4,Morphological;POS;Emotion;Psycholinguistic;Knockoff
nemotron_b031_P1_r2,A,commercial,P1,,58.9181,100.0000,66.0628,18,4,Morphological;POS;Emotion;Psycholinguistic;Knockoff
nemotron_b031_P2_r1,A,commercial,P2,,46.9298,87.5000,53.9855,18,4,Morphological;POS;Emotion;Psycholinguistic;Knockoff
nemotron_b031_P2_r2,A,commercial,P2,,48.8304,87.5000,55.5556,18,4,Morphological;POS;Emotion;Psycholinguistic;Knockoff
nemotron_b031_P3_r1,A,commercial,P3,,57.6023,50.0000,56.2802,18,4,Morphological;POS;Emotion;Psycholinguistic;Knockoff
nemotron_b031_P3_r2,A,commercial,P3,,54.3860,37.5000,51.4493,18,4,Morphological;POS;Emotion;Psycholinguistic;Knockoff
nemotron_b032_P1_r1,A,commercial,P1,,59.5760,100.0000,66.6063,18,4,Morphological;POS;Emotion;Psycholinguistic;Knockoff
nemotron_b032_P1_r2,A,commercial,P1,,51.9737,100.0000,60.3261,18,4,Morphological;POS;Emotion;Psycholinguistic;Knockoff
nemotron_b032_P2_r1,A,commercial,P2,,46.2719,87.5000,53.4420,18,4,Morphological;POS;Emotion;Psycholinguistic;Knockoff
nemotron_b032_P2_r2,A,commercial,P2,,40.0585,75.0000,46.1353,18,4,Morphological;POS;Emotion;Psycholinguistic;Knockoff
nemotron_b032_P3_r1,A,commercial,P3,,57.6023,50.0000,56.2802,18,4,Morphological;POS;Emotion;Psycholinguistic;Knockoff
nemotron_b032_P3_r2,A,commercial,P3,,49.2690,75.0000,53.7440,18,4,Morphological;POS;Emotion;Psycholinguistic;Knockoff
nemotron_b033_P1_r1,A,commercial,P1,,44.7368,100.0000,54.3478,18,4,Morphological;POS;Emotion;Psycholinguistic;Knockoff
nemotron_b033_P1_r2,A,commercial,P1,,40.0585,75.0000,46.1353,18,4,Morphological;POS;Emotion;Psycholinguistic;Knockoff
nemotron_b033_P2_r1,A,commercial,P2,,53.9474,100.0000,61.9565,18,4,Morphological;POS;Emotion;Psycholinguistic;Knockoff
nemotron_b033_P2_r2,A,commercial,P2,,51.7544,100.0000,60.1449,18,4,Morphological;POS;Emotion;Psycholinguistic;Knockoff
nemotron_b033_P3_r1,A,commercial,P3,,48.0263,75.0000,52.7174,18,4,Morphological;POS;Emotion;Psycholinguistic;Knockoff
nemotron_b033_P3_r2,A,commercial,P3,,44.1520,0.0000,36.4734,18,4,Morphological;POS;Emotion;Psycholinguistic;Knockoff
nemotron_b034_P1_r1,A,commercial,P1,,50.5848,87.5000,57.0048,18,4,Morphological;POS;Emotion;Psycholinguistic;Knockoff
nemotron_b034_P1_r2,A,commercial,P1,,57.6023,75.0000,60.6280,18,4,Morphological;POS;Emotion;Psycholinguistic;Knockoff
nemotron_b034_P2_r1,A,commercial,P2,,49.5614,100.0000,58.3333,18,4,Morphological;POS;Emotion;Psycholinguistic;Knockoff
nemotron_b034_P2_r2,A,commercial,P2,,43.4211,87.5000,51.0870,18,4,Morphological;POS;Emotion;Psycholinguistic;Knockoff
nemotron_b034_P3_r1,A,commercial,P3,,59.6491,50.0000,57.9710,18,4,Morphological;POS;Emotion;Psycholinguistic;Knockoff
nemotron_b034_P3_r2,A,commercial,P3,,44.5906,87.5000,52.0531,18,4,Morphological;POS;Emotion;Psycholinguistic;Knockoff
nemotron_b035_P1_r1,A,commercial,P1,,60.6725,75.0000,63.1643,18,4,Morphological;POS;Emotion;Psycholinguistic;Knockoff
nemotron_b035_P1_r2,A,commercial,P1,,37.4269,75.0000,43.9614,18,4,Morphological;POS;Emotion;Psycholinguistic;Knockoff
nemotron_b035_P2_r1,A,commercial,P2,,26.5351,75.0000,34.9638,18,4,Morphological;POS;Emotion;Psycholinguistic;Knockoff
nemotron_b035_P2_r2,A,commercial,P2,,54.2398,87.5000,60.0242,18,4,Morphological;POS;Emotion;Psycholinguistic;Knockoff
nemotron_b035_P3_r1,A,commercial,P3,,58.7719,12.5000,50.7246,18,4,Morphological;POS;Emotion;Psycholinguistic;Knockoff
nemotron_b035_P3_r2,A,commercial,P3,,65.7895,37.5000,60.8696,18,4,Morphological;POS;Emotion;Psycholinguistic;Knockoff
nemotron_b036_P1_r1,A,commercial,P1,,30.8480,75.0000,38.5266,18,4,Morphological;POS;Emotion;Psycholinguistic;Knockoff
nemotron_b036_P1_r2,A,commercial,P1,,47.2222,100.0000,56.4010,18,4,Morphological;POS;Emotion;Psycholinguistic;Knockoff
nemotron_b036_P2_r1,A,commercial,P2,,57.8947,100.0000,65.2174,18,4,Morphological;POS;Emotion;Psycholinguistic;Knockoff
nemotron_b036_P2_r2,A,commercial,P2,,57.3830,87.5000,62.6208,18,4,Morphological;POS;Emotion;Psycholinguistic;Knockoff
nemotron_b036_P3_r1,A,commercial,P3,,50.2924,87.5000,56.7633,18,4,Morphological;POS;Emotion;Psycholinguistic;Knockoff
nemotron_b036_P3_r2,A,commercial,P3,,52.7778,37.5000,50.1208,18,4,Morphological;POS;Emotion;Psycholinguistic;Knockoff
nemotron_b037_P1_r1,A,commercial,P1,,35.3801,75.0000,42.2705,18,4,Morphological;POS;Emotion;Psycholinguistic;Knockoff
nemotron_b037_P1_r2,A,commercial,P1,,27.0468,75.0000,35.3865,18,4,Morphological;POS;Emotion;Psycholinguistic;Knockoff
nemotron_b037_P2_r1,A,commercial,P2,,48.3918,87.5000,55.1932,18,4,Morphological;POS;Emotion;Psycholinguistic;Knockoff
nemotron_b037_P2_r2,A,commercial,P2,,44.2982,87.5000,51.8116,18,4,Morphological;POS;Emotion;Psycholinguistic;Knockoff
nemotron_b037_P3_r1,A,commercial,P3,,59.1374,37.5000,55.3744,18,4,Morphological;POS;Emotion;Psycholinguistic;Knockoff
nemotron_b037_P3_r2,A,commercial,P3,,38.4503,50.0000,40.4589,18,4,Morphological;POS;Emotion;Psycholinguistic;Knockoff
nemotron_b038_P1_r1,A,commercial,P1,,35.8187,100.0000,46.9807,18,4,Morphological;POS;Emotion;Psycholinguistic;Knockoff
nemotron_b038_P1_r2,A,commercial,P1,,45.7602,100.0000,55.1932,18,4,Morphological;POS;Emotion;Psycholinguistic;Knockoff
nemotron_b038_P2_r1,A,commercial,P2,,37.2807,87.5000,46.0145,18,4,Morphological;POS;Emotion;Psycholinguistic;Knockoff
nemotron_b038_P2_r2,A,commercial,P2,,23.2456,87.5000,34.4203,18,4,Morphological;POS;Emotion;Psycholinguistic;Knockoff
nemotron_b038_P3_r1,A,commercial,P3,,58.3333,62.5000,59.0580,18,4,Morphological;POS;Emotion;Psycholinguistic;Knockoff
nemotron_b038_P3_r2,A,commercial,P3,,56.2135,50.0000,55.1329,18,4,Morphological;POS;Emotion;Psycholinguistic;Knockoff
nemotron_b039_P1_r1,A,commercial,P1,,50.2924,75.0000,54.5894,18,4,Morphological;POS;Emotion;Psycholinguistic;Knockoff
nemotron_b039_P1_r2,A,commercial,P1,,43.6404,75.0000,49.0942,18,4,Morphological;POS;Emotion;Psycholinguistic;Knockoff
nemotron_b039_P2_r1,A,commercial,P2,,42.5439,100.0000,52.5362,18,4,Morphological;POS;Emotion;Psycholinguistic;Knockoff
nemotron_b039_P2_r2,A,commercial,P2,,53.2164,87.5000,59.1787,18,4,Morphological;POS;Emotion;Psycholinguistic;Knockoff
nemotron_b039_P3_r1,A,commercial,P3,,27.8509,75.0000,36.0507,18,4,Morphological;POS;Emotion;Psycholinguistic;Knockoff
nemotron_b039_P3_r2,A,commercial,P3,,53.5088,50.0000,52.8986,18,4,Morphological;POS;Emotion;Psycholinguistic;Knockoff
nemotron_b040_P1_r1,A,commercial,P1,,30.7749,100.0000,42.8140,18,4,Morphological;POS;Emotion;Psycholinguistic;Knockoff
nemotron_b040_P1_r2,A,commercial,P1,,57.4561,75.0000,60.5072,18,4,Morphological;POS;Emotion;Psycholinguistic;Knockoff
nemotron_b040_P2_r1,A,commercial,P2,,49.2690,62.5000,51.5700,18,4,Morphological;POS;Emotion;Psycholinguistic;Knockoff
nemotron_b040_P2_r2,A,commercial,P2,,48.9035,87.5000,55.6159,18,4,Morphological;POS;Emotion;Psycholinguistic;Knockoff
nemotron_b040_P3_r1,A,commercial,P3,,65.7895,37.5000,60.8696,18,4,Morphological;POS;Emotion;Psycholinguistic;Knockoff
nemotron_b040_P3_r2,A,commercial,P3,,57.6754,75.0000,60.6884,18,4,Morphological;POS;Emotion;Psycholinguistic;Knockoff
nemotron_b041_P1_r1,A,commercial,P1,,41.8860,87.5000,49.8188,18,4,Morphological;POS;Emotion;Psycholinguistic;Knockoff
nemotron_b041_P1_r2,A,commercial,P1,,50.5848,75.0000,54.8309,18,4,Morphological;POS;Emotion;Psycholinguistic;Knockoff
nemotron_b041_P2_r1,A,commercial,P2,,50.2924,87.5000,56.7633,18,4,Morphological;POS;Emotion;Psycholinguistic;Knockoff
nemotron_b041_P2_r2,A,commercial,P2,,46.0526,87.5000,53.2609,18,4,Morphological;POS;Emotion;Psycholinguistic;Knockoff
nemotron_b041_P3_r1,A,commercial,P3,,56.4327,0.0000,46.6184,18,4,Morphological;POS;Emotion;Psycholinguistic;Knockoff
nemotron_b041_P3_r2,A,commercial,P3,,50.5848,75.0000,54.8309,18,4,Morphological;POS;Emotion;Psycholinguistic;Knockoff
nemotron_b042_P1_r1,A,commercial,P1,,40.9357,100.0000,51.2077,18,4,Morphological;POS;Emotion;Psycholinguistic;Knockoff
nemotron_b042_P1_r2,A,commercial,P1,,42.9825,100.0000,52.8986,18,4,Morphological;POS;Emotion;Psycholinguistic;Knockoff
nemotron_b042_P2_r1,A,commercial,P2,,55.2632,87.5000,60.8696,18,4,Morphological;POS;Emotion;Psycholinguistic;Knockoff
nemotron_b042_P2_r2,A,commercial,P2,,56.5789,87.5000,61.9565,18,4,Morphological;POS;Emotion;Psycholinguistic;Knockoff
nemotron_b042_P3_r1,A,commercial,P3,,55.1170,50.0000,54.2271,18,4,Morphological;POS;Emotion;Psycholinguistic;Knockoff
nemotron_b042_P3_r2,A,commercial,P3,,66.7398,37.5000,61.6546,18,4,Morphological;POS;Emotion;Psycholinguistic;Knockoff
nemotron_b043_P1_r1,A,commercial,P1,,41.4474,87.5000,49.4565,18,4,Morphological;POS;Emotion;Psycholinguistic;Knockoff
nemotron_b043_P1_r2,A,commercial,P1,,54.4591,75.0000,58.0314,18,4,Morphological;POS;Emotion;Psycholinguistic;Knockoff
nemotron_b043_P2_r1,A,commercial,P2,,49.2690,87.5000,55.9179,18,4,Morphological;POS;Emotion;Psycholinguistic;Knockoff
nemotron_b043_P2_r2,A,commercial,P2,,48.2456,100.0000,57.2464,18,4,Morphological;POS;Emotion;Psycholinguistic;Knockoff
nemotron_b043_P3_r1,A,commercial,P3,,60.8187,0.0000,50.2415,18,4,Morphological;POS;Emotion;Psycholinguistic;Knockoff
nemotron_b043_P3_r2,A,commercial,P3,,66.4474,50.0000,63.5870,18,4,Morphological;POS;Emotion;Psycholinguistic;Knockoff
nemotron_b044_P1_r1,A,commercial,P1,,29.0936,100.0000,41.4251,18,4,Morphological;POS;Emotion;Psycholinguistic;Knockoff
nemotron_b044_P1_r2,A,commercial,P1,,30.7749,100.0000,42.8140,18,4,Morphological;POS;Emotion;Psycholinguistic;Knockoff
nemotron_b044_P2_r1,A,commercial,P2,,46.2719,100.0000,55.6159,18,4,Morphological;POS;Emotion;Psycholinguistic;Knockoff
nemotron_b044_P2_r2,A,commercial,P2,,47.8070,100.0000,56.8841,18,4,Morphological;POS;Emotion;Psycholinguistic;Knockoff
nemotron_b044_P3_r1,A,commercial,P3,,47.5146,75.0000,52.2947,18,4,Morphological;POS;Emotion;Psycholinguistic;Knockoff
nemotron_b044_P3_r2,A,commercial,P3,,62.5731,37.5000,58.2126,18,4,Morphological;POS;Emotion;Psycholinguistic;Knockoff
nemotron_b045_P1_r1,A,commercial,P1,,44.1520,75.0000,49.5169,18,4,Morphological;POS;Emotion;Psycholinguistic;Knockoff
nemotron_b045_P1_r2,A,commercial,P1,,54.4591,100.0000,62.3792,18,4,Morphological;POS;Emotion;Psycholinguistic;Knockoff
nemotron_b045_P2_r1,A,commercial,P2,,50.7310,100.0000,59.2995,18,4,Morphological;POS;Emotion;Psycholinguistic;Knockoff
nemotron_b045_P2_r2,A,commercial,P2,,49.2690,87.5000,55.9179,18,4,Morphological;POS;Emotion;Psycholinguistic;Knockoff
nemotron_b045_P3_r1,A,commercial,P3,,54.3860,62.5000,55.7971,18,4,Morphological;POS;Emotion;Psycholinguistic;Knockoff
nemotron_b045_P3_r2,A,commercial,P3,,59.7953,75.0000,62.4396,18,4,Morphological;POS;Emotion;Psycholinguistic;Knockoff
gpt_b001_P1_r1,A,seo,P1,,56.4327,0.0000,46.6184,18,4,Morphological;POS;Emotion;Psycholinguistic;Knockoff
gpt_b001_P1_r2,A,seo,P1,,42.0322,12.5000,36.8961,18,4,Morphological;POS;Emotion;Psycholinguistic;Knockoff
gpt_b001_P2_r1,A,seo,P2,,56.1404,75.0000,59.4203,18,4,Morphological;POS;Emotion;Psycholinguistic;Knockoff
gpt_b001_P2_r2,A,seo,P2,,38.8889,87.5000,47.3430,18,4,Morphological;POS;Emotion;Psycholinguistic;Knockoff
gpt_b001_P3_r1,A,seo,P3,,61.6959,0.0000,50.9662,18,4,Morphological;POS;Emotion;Psycholinguistic;Knockoff
gpt_b001_P3_r2,A,seo,P3,,45.9064,25.0000,42.2705,18,4,Morphological;POS;Emotion;Psycholinguistic;Knockoff
gpt_b002_P1_r1,A,seo,P1,,52.0468,0.0000,42.9952,18,4,Morphological;POS;Emotion;Psycholinguistic;Knockoff
gpt_b002_P1_r2,A,seo,P1,,41.1550,37.5000,40.5193,18,4,Morphological;POS;Emotion;Psycholinguistic;Knockoff
gpt_b002_P2_r1,A,seo,P2,,42.3977,87.5000,50.2415,18,4,Morphological;POS;Emotion;Psycholinguistic;Knockoff
gpt_b002_P2_r2,A,seo,P2,,47.1491,75.0000,51.9928,18,4,Morphological;POS;Emotion;Psycholinguistic;Knockoff
gpt_b002_P3_r1,A,seo,P3,,55.2632,0.0000,45.6522,18,4,Morphological;POS;Emotion;Psycholinguistic;Knockoff
gpt_b002_P3_r2,A,seo,P3,,36.7690,12.5000,32.5483,18,4,Morphological;POS;Emotion;Psycholinguistic;Knockoff
gpt_b003_P1_r1,A,seo,P1,,50.2193,0.0000,41.4855,18,4,Morphological;POS;Emotion;Psycholinguistic;Knockoff
gpt_b003_P1_r2,A,seo,P1,,56.5789,75.0000,59.7826,18,4,Morphological;POS;Emotion;Psycholinguistic;Knockoff
gpt_b003_P2_r1,A,seo,P2,,45.2485,75.0000,50.4227,18,4,Morphological;POS;Emotion;Psycholinguistic;Knockoff
gpt_b003_P2_r2,A,seo,P2,,40.2047,87.5000,48.4300,18,4,Morphological;POS;Emotion;Psycholinguistic;Knockoff
gpt_b003_P3_r1,A,seo,P3,,58.6988,0.0000,48.4903,18,4,Morphological;POS;Emotion;Psycholinguistic;Knockoff
gpt_b003_P3_r2,A,seo,P3,,50.5848,12.5000,43.9614,18,4,Morphological;POS;Emotion;Psycholinguistic;Knockoff
gpt_b004_P1_r1,A,seo,P1,,50.2924,0.0000,41.5459,18,4,Morphological;POS;Emotion;Psycholinguistic;Knockoff
gpt_b004_P1_r2,A,seo,P1,,46.1988,37.5000,44.6860,18,4,Morphological;POS;Emotion;Psycholinguistic;Knockoff
gpt_b004_P2_r1,A,seo,P2,,36.2573,75.0000,42.9952,18,4,Morphological;POS;Emotion;Psycholinguistic;Knockoff
gpt_b004_P2_r2,A,seo,P2,,45.1023,87.5000,52.4758,18,4,Morphological;POS;Emotion;Psycholinguistic;Knockoff
gpt_b004_P3_r1,A,seo,P3,,42.3977,0.0000,35.0242,18,4,Morphological;POS;Emotion;Psycholinguistic;Knockoff
gpt_b004_P3_r2,A,seo,P3,,33.3333,12.5000,29.7101,18,4,Morphological;POS;Emotion;Psycholinguistic;Knockoff
gpt_b005_P1_r1,A,seo,P1,,63.9620,0.0000,52.8382,18,4,Morphological;POS;Emotion;Psycholinguistic;Knockoff
gpt_b005_P1_r2,A,seo,P1,,66.7398,12.5000,57.3068,18,4,Morphological;POS;Emotion;Psycholinguistic;Knockoff
gpt_b005_P2_r1,A,seo,P2,,63.4503,75.0000,65.4589,18,4,Morphological;POS;Emotion;Psycholinguistic;Knockoff
gpt_b005_P2_r2,A,seo,P2,,66.9591,75.0000,68.3575,18,4,Morphological;POS;Emotion;Psycholinguistic;Knockoff
gpt_b005_P3_r1,A,seo,P3,,76.0234,0.0000,62.8019,18,4,Morphological;POS;Emotion;Psycholinguistic;Knockoff
gpt_b005_P3_r2,A,seo,P3,,70.9064,12.5000,60.7488,18,4,Morphological;POS;Emotion;Psycholinguistic;Knockoff
gpt_b006_P1_r1,A,seo,P1,,38.8889,0.0000,32.1256,18,4,Morphological;POS;Emotion;Psycholinguistic;Knockoff
gpt_b006_P1_r2,A,seo,P1,,50.4386,25.0000,46.0145,18,4,Morphological;POS;Emotion;Psycholinguistic;Knockoff
gpt_b006_P2_r1,A,seo,P2,,43.2749,75.0000,48.7923,18,4,Morphological;POS;Emotion;Psycholinguistic;Knockoff
gpt_b006_P2_r2,A,seo,P2,,38.3041,87.5000,46.8599,18,4,Morphological;POS;Emotion;Psycholinguistic;Knockoff
gpt_b006_P3_r1,A,seo,P3,,55.5556,0.0000,45.8937,18,4,Morphological;POS;Emotion;Psycholinguistic;Knockoff
gpt_b006_P3_r2,A,seo,P3,,54.5322,25.0000,49.3961,18,4,Morphological;POS;Emotion;Psycholinguistic;Knockoff
gpt_b007_P1_r1,A,seo,P1,,47.6608,0.0000,39.3720,18,4,Morphological;POS;Emotion;Psycholinguistic;Knockoff
gpt_b007_P1_r2,A,seo,P1,,47.0760,25.0000,43.2367,18,4,Morphological;POS;Emotion;Psycholinguistic;Knockoff
gpt_b007_P2_r1,A,seo,P2,,53.3626,87.5000,59.2995,18,4,Morphological;POS;Emotion;Psycholinguistic;Knockoff
gpt_b007_P2_r2,A,seo,P2,,48.2456,87.5000,55.0725,18,4,Morphological;POS;Emotion;Psycholinguistic;Knockoff
gpt_b007_P3_r1,A,seo,P3,,44.1520,0.0000,36.4734,18,4,Morphological;POS;Emotion;Psycholinguistic;Knockoff
gpt_b007_P3_r2,A,seo,P3,,44.7368,62.5000,47.8261,18,4,Morphological;POS;Emotion;Psycholinguistic;Knockoff
gpt_b008_P1_r1,A,seo,P1,,46.1257,12.5000,40.2778,18,4,Morphological;POS;Emotion;Psycholinguistic;Knockoff
gpt_b008_P1_r2,A,seo,P1,,46.3450,25.0000,42.6329,18,4,Morphological;POS;Emotion;Psycholinguistic;Knockoff
gpt_b008_P2_r1,A,seo,P2,,43.8596,75.0000,49.2754,18,4,Morphological;POS;Emotion;Psycholinguistic;Knockoff
gpt_b008_P2_r2,A,seo,P2,,56.4327,87.5000,61.8357,18,4,Morphological;POS;Emotion;Psycholinguistic;Knockoff
gpt_b008_P3_r1,A,seo,P3,,45.6871,50.0000,46.4372,18,4,Morphological;POS;Emotion;Psycholinguistic;Knockoff
gpt_b008_P3_r2,A,seo,P3,,34.6491,62.5000,39.4928,18,4,Morphological;POS;Emotion;Psycholinguistic;Knockoff
gpt_b009_P1_r1,A,seo,P1,,57.1637,25.0000,51.5700,18,4,Morphological;POS;Emotion;Psycholinguistic;Knockoff
gpt_b009_P1_r2,A,seo,P1,,42.0322,12.5000,36.8961,18,4,Morphological;POS;Emotion;Psycholinguistic;Knockoff
gpt_b009_P2_r1,A,seo,P2,,47.5877,87.5000,54.5290,18,4,Morphological;POS;Emotion;Psycholinguistic;Knockoff
gpt_b009_P2_r2,A,seo,P2,,49.6345,87.5000,56.2198,18,4,Morphological;POS;Emotion;Psycholinguistic;Knockoff
gpt_b009_P3_r1,A,seo,P3,,55.7018,37.5000,52.5362,18,4,Morphological;POS;Emotion;Psycholinguistic;Knockoff
gpt_b009_P3_r2,A,seo,P3,,47.1491,12.5000,41.1232,18,4,Morphological;POS;Emotion;Psycholinguistic;Knockoff
gpt_b010_P1_r1,A,seo,P1,,32.9678,12.5000,29.4082,18,4,Morphological;POS;Emotion;Psycholinguistic;Knockoff
gpt_b010_P1_r2,A,seo,P1,,45.9064,25.0000,42.2705,18,4,Morphological;POS;Emotion;Psycholinguistic;Knockoff
gpt_b010_P2_r1,A,seo,P2,,39.1813,87.5000,47.5845,18,4,Morphological;POS;Emotion;Psycholinguistic;Knockoff
gpt_b010_P2_r2,A,seo,P2,,49.6345,75.0000,54.0459,18,4,Morphological;POS;Emotion;Psycholinguistic;Knockoff
gpt_b010_P3_r1,A,seo,P3,,37.1345,12.5000,32.8502,18,4,Morphological;POS;Emotion;Psycholinguistic;Knockoff
gpt_b010_P3_r2,A,seo,P3,,42.9825,12.5000,37.6812,18,4,Morphological;POS;Emotion;Psycholinguistic;Knockoff
gpt_b011_P1_r1,A,seo,P1,,46.6374,25.0000,42.8744,18,4,Morphological;POS;Emotion;Psycholinguistic;Knockoff
gpt_b011_P1_r2,A,seo,P1,,53.7281,25.0000,48.7319,18,4,Morphological;POS;Emotion;Psycholinguistic;Knockoff
gpt_b011_P2_r1,A,seo,P2,,41.9591,87.5000,49.8792,18,4,Morphological;POS;Emotion;Psycholinguistic;Knockoff
gpt_b011_P2_r2,A,seo,P2,,51.6082,75.0000,55.6763,18,4,Morphological;POS;Emotion;Psycholinguistic;Knockoff
gpt_b011_P3_r1,A,seo,P3,,46.1257,12.5000,40.2778,18,4,Morphological;POS;Emotion;Psycholinguistic;Knockoff
gpt_b011_P3_r2,A,seo,P3,,52.5585,25.0000,47.7657,18,4,Morphological;POS;Emotion;Psycholinguistic;Knockoff
gpt_b012_P1_r1,A,seo,P1,,66.0819,12.5000,56.7633,18,4,Morphological;POS;Emotion;Psycholinguistic;Knockoff
gpt_b012_P1_r2,A,seo,P1,,69.0058,12.5000,59.1787,18,4,Morphological;POS;Emotion;Psycholinguistic;Knockoff
gpt_b012_P2_r1,A,seo,P2,,61.4766,75.0000,63.8285,18,4,Morphological;POS;Emotion;Psycholinguistic;Knockoff
gpt_b012_P2_r2,A,seo,P2,,53.5088,75.0000,57.2464,18,4,Morphological;POS;Emotion;Psycholinguistic;Knockoff
gpt_b012_P3_r1,A,seo,P3,,60.3801,12.5000,52.0531,18,4,Morphological;POS;Emotion;Psycholinguistic;Knockoff
gpt_b012_P3_r2,A,seo,P3,,66.3012,12.5000,56.9444,18,4,Morphological;POS;Emotion;Psycholinguistic;Knockoff
gpt_b013_P1_r1,A,seo,P1,,60.5263,50.0000,58.6957,18,4,Morphological;POS;Emotion;Psycholinguistic;Knockoff
gpt_b013_P1_r2,A,seo,P1,,55.1170,37.5000,52.0531,18,4,Morphological;POS;Emotion;Psycholinguistic;Knockoff
gpt_b013_P2_r1,A,seo,P2,,53.8012,75.0000,57.4879,18,4,Morphological;POS;Emotion;Psycholinguistic;Knockoff
gpt_b013_P2_r2,A,seo,P2,,36.9152,75.0000,43.5386,18,4,Morphological;POS;Emotion;Psycholinguistic;Knockoff
gpt_b013_P3_r1,A,seo,P3,,58.1140,12.5000,50.1812,18,4,Morphological;POS;Emotion;Psycholinguistic;Knockoff
gpt_b013_P3_r2,A,seo,P3,,64.5468,12.5000,55.4952,18,4,Morphological;POS;Emotion;Psycholinguistic;Knockoff
gpt_b014_P1_r1,A,seo,P1,,70.2485,12.5000,60.2053,18,4,Morphological;POS;Emotion;Psycholinguistic;Knockoff
gpt_b014_P1_r2,A,seo,P1,,61.0380,25.0000,54.7705,18,4,Morphological;POS;Emotion;Psycholinguistic;Knockoff
gpt_b014_P2_r1,A,seo,P2,,68.7135,75.0000,69.8068,18,4,Morphological;POS;Emotion;Psycholinguistic;Knockoff
gpt_b014_P2_r2,A,seo,P2,,55.2632,87.5000,60.8696,18,4,Morphological;POS;Emotion;Psycholinguistic;Knockoff
gpt_b014_P3_r1,A,seo,P3,,60.8918,12.5000,52.4758,18,4,Morphological;POS;Emotion;Psycholinguistic;Knockoff
gpt_b014_P3_r2,A,seo,P3,,70.1754,12.5000,60.1449,18,4,Morphological;POS;Emotion;Psycholinguistic;Knockoff
gpt_b015_P1_r1,A,seo,P1,,57.8216,25.0000,52.1135,18,4,Morphological;POS;Emotion;Psycholinguistic;Knockoff
gpt_b015_P1_r2,A,seo,P1,,56.1404,12.5000,48.5507,18,4,Morphological;POS;Emotion;Psycholinguistic;Knockoff
gpt_b015_P2_r1,A,seo,P2,,48.2456,87.5000,55.0725,18,4,Morphological;POS;Emotion;Psycholinguistic;Knockoff
gpt_b015_P2_r2,A,seo,P2,,56.4327,75.0000,59.6618,18,4,Morphological;POS;Emotion;Psycholinguistic;Knockoff
gpt_b015_P3_r1,A,seo,P3,,52.5585,25.0000,47.7657,18,4,Morphological;POS;Emotion;Psycholinguistic;Knockoff
gpt_b015_P3_r2,A,seo,P3,,63.7427,12.5000,54.8309,18,4,Morphological;POS;Emotion;Psycholinguistic;Knockoff
gpt_b016_P1_r1,A,analytics,P1,,67.0322,37.5000,61.8961,18,4,Morphological;POS;Emotion;Psycholinguistic;Knockoff
gpt_b016_P1_r2,A,analytics,P1,,62.4269,0.0000,51.5700,18,4,Morphological;POS;Emotion;Psycholinguistic;Knockoff
gpt_b016_P2_r1,A,analytics,P2,,59.7953,62.5000,60.2657,18,4,Morphological;POS;Emotion;Psycholinguistic;Knockoff
gpt_b016_P2_r2,A,analytics,P2,,48.6111,50.0000,48.8527,18,4,Morphological;POS;Emotion;Psycholinguistic;Knockoff
gpt_b016_P3_r1,A,analytics,P3,,67.5439,25.0000,60.1449,18,4,Morphological;POS;Emotion;Psycholinguistic;Knockoff
gpt_b016_P3_r2,A,analytics,P3,,63.0848,0.0000,52.1135,18,4,Morphological;POS;Emotion;Psycholinguistic;Knockoff
gpt_b017_P1_r1,A,analytics,P1,,52.2661,12.5000,45.3502,18,4,Morphological;POS;Emotion;Psycholinguistic;Knockoff
gpt_b017_P1_r2,A,analytics,P1,,39.1813,0.0000,32.3671,18,4,Morphological;POS;Emotion;Psycholinguistic;Knockoff
gpt_b017_P2_r1,A,analytics,P2,,49.0497,50.0000,49.2150,18,4,Morphological;POS;Emotion;Psycholinguistic;Knockoff
gpt_b017_P2_r2,A,analytics,P2,,46.1257,62.5000,48.9734,18,4,Morphological;POS;Emotion;Psycholinguistic;Knockoff
gpt_b017_P3_r1,A,analytics,P3,,53.4357,12.5000,46.3164,18,4,Morphological;POS;Emotion;Psycholinguistic;Knockoff
gpt_b017_P3_r2,A,analytics,P3,,75.9503,12.5000,64.9155,18,4,Morphological;POS;Emotion;Psycholinguistic;Knockoff
gpt_b018_P1_r1,A,analytics,P1,,44.9561,12.5000,39.3116,18,4,Morphological;POS;Emotion;Psycholinguistic;Knockoff
gpt_b018_P1_r2,A,analytics,P1,,57.7485,0.0000,47.7053,18,4,Morphological;POS;Emotion;Psycholinguistic;Knockoff
gpt_b018_P2_r1,A,analytics,P2,,45.0292,50.0000,45.8937,18,4,Morphological;POS;Emotion;Psycholinguistic;Knockoff
gpt_b018_P2_r2,A,analytics,P2,,51.1696,50.0000,50.9662,18,4,Morphological;POS;Emotion;Psycholinguistic;Knockoff
gpt_b018_P3_r1,A,analytics,P3,,62.5000,0.0000,51.6304,18,4,Morphological;POS;Emotion;Psycholinguistic;Knockoff
gpt_b018_P3_r2,A,analytics,P3,,49.1228,0.0000,40.5797,18,4,Morphological;POS;Emotion;Psycholinguistic;Knockoff
gpt_b019_P1_r1,A,analytics,P1,,41.8129,37.5000,41.0628,18,4,Morphological;POS;Emotion;Psycholinguistic;Knockoff
gpt_b019_P1_r2,A,analytics,P1,,45.7602,12.5000,39.9758,18,4,Morphological;POS;Emotion;Psycholinguistic;Knockoff
gpt_b019_P2_r1,A,analytics,P2,,62.8655,50.0000,60.6280,18,4,Morphological;POS;Emotion;Psycholinguistic;Knockoff
gpt_b019_P2_r2,A,analytics,P2,,43.7135,62.5000,46.9807,18,4,Morphological;POS;Emotion;Psycholinguistic;Knockoff
gpt_b019_P3_r1,A,analytics,P3,,50.9503,12.5000,44.2633,18,4,Morphological;POS;Emotion;Psycholinguistic;Knockoff
gpt_b019_P3_r2,A,analytics,P3,,47.6608,12.5000,41.5459,18,4,Morphological;POS;Emotion;Psycholinguistic;Knockoff
gpt_b020_P1_r1,A,analytics,P1,,54.4591,12.5000,47.1618,18,4,Morphological;POS;Emotion;Psycholinguistic;Knockoff
gpt_b020_P1_r2,A,analytics,P1,,61.9883,12.5000,53.3816,18,4,Morphological;POS;Emotion;Psycholinguistic;Knockoff
gpt_b020_P2_r1,A,analytics,P2,,47.6608,50.0000,48.0676,18,4,Morphological;POS;Emotion;Psycholinguistic;Knockoff
gpt_b020_P2_r2,A,analytics,P2,,45.6140,50.0000,46.3768,18,4,Morphological;POS;Emotion;Psycholinguistic;Knockoff
gpt_b020_P3_r1,A,analytics,P3,,58.4795,12.5000,50.4831,18,4,Morphological;POS;Emotion;Psycholinguistic;Knockoff
gpt_b020_P3_r2,A,analytics,P3,,67.5439,0.0000,55.7971,18,4,Morphological;POS;Emotion;Psycholinguistic;Knockoff
gpt_b021_P1_r1,A,analytics,P1,,54.0205,0.0000,44.6256,18,4,Morphological;POS;Emotion;Psycholinguistic;Knockoff
gpt_b021_P1_r2,A,analytics,P1,,68.3480,12.5000,58.6353,18,4,Morphological;POS;Emotion;Psycholinguistic;Knockoff
gpt_b021_P2_r1,A,analytics,P2,,43.2749,62.5000,46.6184,18,4,Morphological;POS;Emotion;Psycholinguistic;Knockoff
gpt_b021_P2_r2,A,analytics,P2,,54.6784,62.5000,56.0386,18,4,Morphological;POS;Emotion;Psycholinguistic;Knockoff
gpt_b021_P3_r1,A,analytics,P3,,58.4064,0.0000,48.2488,18,4,Morphological;POS;Emotion;Psycholinguistic;Knockoff
gpt_b021_P3_r2,A,analytics,P3,,63.4503,0.0000,52.4155,18,4,Morphological;POS;Emotion;Psycholinguistic;Knockoff
gpt_b022_P1_r1,A,analytics,P1,,43.7865,12.5000,38.3454,18,4,Morphological;POS;Emotion;Psycholinguistic;Knockoff
gpt_b022_P1_r2,A,analytics,P1,,46.4912,12.5000,40.5797,18,4,Morphological;POS;Emotion;Psycholinguistic;Knockoff
gpt_b022_P2_r1,A,analytics,P2,,50.2924,50.0000,50.2415,18,4,Morphological;POS;Emotion;Psycholinguistic;Knockoff
gpt_b022_P2_r2,A,analytics,P2,,44.3713,62.5000,47.5242,18,4,Morphological;POS;Emotion;Psycholinguistic;Knockoff
gpt_b022_P3_r1,A,analytics,P3,,47.5877,0.0000,39.3116,18,4,Morphological;POS;Emotion;Psycholinguistic;Knockoff
gpt_b022_P3_r2,A,analytics,P3,,40.8626,0.0000,33.7560,18,4,Morphological;POS;Emotion;Psycholinguistic;Knockoff
gpt_b023_P1_r1,A,analytics,P1,,58.5526,12.5000,50.5435,18,4,Morphological;POS;Emotion;Psycholinguistic;Knockoff
gpt_b023_P1_r2,A,analytics,P1,,68.2018,0.0000,56.3406,18,4,Morphological;POS;Emotion;Psycholinguistic;Knockoff
gpt_b023_P2_r1,A,analytics,P2,,50.0000,50.0000,50.0000,18,4,Morphological;POS;Emotion;Psycholinguistic;Knockoff
gpt_b023_P2_r2,A,analytics,P2,,39.6199,62.5000,43.5990,18,4,Morphological;POS;Emotion;Psycholinguistic;Knockoff
gpt_b023_P3_r1,A,analytics,P3,,64.9123,0.0000,53.6232,18,4,Morphological;POS;Emotion;Psycholinguistic;Knockoff
gpt_b023_P3_r2,A,analytics,P3,,43.5673,0.0000,35.9903,18,4,Morphological;POS;Emotion;Psycholinguistic;Knockoff
gpt_b024_P1_r1,A,analytics,P1,,57.4561,0.0000,47.4638,18,4,Morphological;POS;Emotion;Psycholinguistic;Knockoff
gpt_b024_P1_r2,A,analytics,P1,,48.8304,50.0000,49.0338,18,4,Morphological;POS;Emotion;Psycholinguistic;Knockoff
gpt_b024_P2_r1,A,analytics,P2,,42.3977,62.5000,45.8937,18,4,Morphological;POS;Emotion;Psycholinguistic;Knockoff
gpt_b024_P2_r2,A,analytics,P2,,58.7719,50.0000,57.2464,18,4,Morphological;POS;Emotion;Psycholinguistic;Knockoff
gpt_b024_P3_r1,A,analytics,P3,,48.3918,0.0000,39.9758,18,4,Morphological;POS;Emotion;Psycholinguistic;Knockoff
gpt_b024_P3_r2,A,analytics,P3,,55.4825,12.5000,48.0072,18,4,Morphological;POS;Emotion;Psycholinguistic;Knockoff
gpt_b025_P1_r1,A,analytics,P1,,67.3246,0.0000,55.6159,18,4,Morphological;POS;Emotion;Psycholinguistic;Knockoff
gpt_b025_P1_r2,A,analytics,P1,,56.8713,0.0000,46.9807,18,4,Morphological;POS;Emotion;Psycholinguistic;Knockoff
gpt_b025_P2_r1,A,analytics,P2,,66.3743,62.5000,65.7005,18,4,Morphological;POS;Emotion;Psycholinguistic;Knockoff
gpt_b025_P2_r2,A,analytics,P2,,50.8041,50.0000,50.6643,18,4,Morphological;POS;Emotion;Psycholinguistic;Knockoff
gpt_b025_P3_r1,A,analytics,P3,,48.2456,25.0000,44.2029,18,4,Morphological;POS;Emotion;Psycholinguistic;Knockoff
gpt_b025_P3_r2,A,analytics,P3,,36.2573,0.0000,29.9517,18,4,Morphological;POS;Emotion;Psycholinguistic;Knockoff
gpt_b026_P1_r1,A,analytics,P1,,71.4181,12.5000,61.1715,18,4,Morphological;POS;Emotion;Psycholinguistic;Knockoff
gpt_b026_P1_r2,A,analytics,P1,,49.5614,0.0000,40.9420,18,4,Morphological;POS;Emotion;Psycholinguistic;Knockoff
gpt_b026_P2_r1,A,analytics,P2,,44.9561,62.5000,48.0072,18,4,Morphological;POS;Emotion;Psycholinguistic;Knockoff
gpt_b026_P2_r2,A,analytics,P2,,43.2749,62.5000,46.6184,18,4,Morphological;POS;Emotion;Psycholinguistic;Knockoff
gpt_b026_P3_r1,A,analytics,P3,,60.8187,25.0000,54.5894,18,4,Morphological;POS;Emotion;Psycholinguistic;Knockoff
gpt_b026_P3_r2,A,analytics,P3,,60.8187,12.5000,52.4155,18,4,Morphological;POS;Emotion;Psycholinguistic;Knockoff
gpt_b027_P1_r1,A,analytics,P1,,45.6140,25.0000,42.0290,18,4,Morphological;POS;Emotion;Psycholinguistic;Knockoff
gpt_b027_P1_r2,A,analytics,P1,,40.8626,0.0000,33.7560,18,4,Morphological;POS;Emotion;Psycholinguistic;Knockoff
gpt_b027_P2_r1,A,analytics,P2,,35.9649,62.5000,40.5797,18,4,Morphological;POS;Emotion;Psycholinguistic;Knockoff
gpt_b027_P2_r2,A,analytics,P2,,40.0585,62.5000,43.9614,18,4,Morphological;POS;Emotion;Psycholinguistic;Knockoff
gpt_b027_P3_r1,A,analytics,P3,,44.7368,37.5000,43.4783,18,4,Morphological;POS;Emotion;Psycholinguistic;Knockoff
gpt_b027_P3_r2,A,analytics,P3,,43.8596,12.5000,38.4058,18,4,Morphological;POS;Emotion;Psycholinguistic;Knockoff
gpt_b028_P1_r1,A,analytics,P1,,44.0058,0.0000,36.3527,18,4,Morphological;POS;Emotion;Psycholinguistic;Knockoff
gpt_b028_P1_r2,A,analytics,P1,,44.7368,12.5000,39.1304,18,4,Morphological;POS;Emotion;Psycholinguistic;Knockoff
gpt_b028_P2_r1,A,analytics,P2,,39.8392,62.5000,43.7802,18,4,Morphological;POS;Emotion;Psycholinguistic;Knockoff
gpt_b028_P2_r2,A,analytics,P2,,37.2807,75.0000,43.8406,18,4,Morphological;POS;Emotion;Psycholinguistic;Knockoff
gpt_b028_P3_r1,A,analytics,P3,,46.2719,37.5000,44.7464,18,4,Morphological;POS;Emotion;Psycholinguistic;Knockoff
gpt_b028_P3_r2,A,analytics,P3,,56.2865,0.0000,46.4976,18,4,Morphological;POS;Emotion;Psycholinguistic;Knockoff
gpt_b029_P1_r1,A,analytics,P1,,43.0556,12.5000,37.7415,18,4,Morphological;POS;Emotion;Psycholinguistic;Knockoff
gpt_b029_P1_r2,A,analytics,P1,,45.9064,0.0000,37.9227,18,4,Morphological;POS;Emotion;Psycholinguistic;Knockoff
gpt_b029_P2_r1,A,analytics,P2,,40.7895,50.0000,42.3913,18,4,Morphological;POS;Emotion;Psycholinguistic;Knockoff
gpt_b029_P2_r2,A,analytics,P2,,52.7047,50.0000,52.2343,18,4,Morphological;POS;Emotion;Psycholinguistic;Knockoff
gpt_b029_P3_r1,A,analytics,P3,,50.3655,12.5000,43.7802,18,4,Morphological;POS;Emotion;Psycholinguistic;Knockoff
gpt_b029_P3_r2,A,analytics,P3,,49.2690,0.0000,40.7005,18,4,Morphological;POS;Emotion;Psycholinguistic;Knockoff
gpt_b030_P1_r1,A,analytics,P1,,47.8801,12.5000,41.7271,18,4,Morphological;POS;Emotion;Psycholinguistic;Knockoff
gpt_b030_P1_r2,A,analytics,P1,,44.4444,25.0000,41.0628,18,4,Morphological;POS;Emotion;Psycholinguistic;Knockoff
gpt_b030_P2_r1,A,analytics,P2,,53.6550,37.5000,50.8454,18,4,Morphological;POS;Emotion;Psycholinguistic;Knockoff
gpt_b030_P2_r2,A,analytics,P2,,51.1696,50.0000,50.9662,18,4,Morphological;POS;Emotion;Psycholinguistic;Knockoff
gpt_b030_P3_r1,A,analytics,P3,,37.4269,0.0000,30.9179,18,4,Morphological;POS;Emotion;Psycholinguistic;Knockoff
gpt_b030_P3_r2,A,analytics,P3,,51.2427,0.0000,42.3309,18,4,Morphological;POS;Emotion;Psycholinguistic;Knockoff
gpt_b031_P1_r1,A,commercial,P1,,33.4064,12.5000,29.7705,18,4,Morphological;POS;Emotion;Psycholinguistic;Knockoff
gpt_b031_P1_r2,A,commercial,P1,,27.9240,12.5000,25.2415,18,4,Morphological;POS;Emotion;Psycholinguistic;Knockoff
gpt_b031_P2_r1,A,commercial,P2,,39.2544,62.5000,43.2971,18,4,Morphological;POS;Emotion;Psycholinguistic;Knockoff
gpt_b031_P2_r2,A,commercial,P2,,40.0585,62.5000,43.9614,18,4,Morphological;POS;Emotion;Psycholinguistic;Knockoff
gpt_b031_P3_r1,A,commercial,P3,,34.5029,12.5000,30.6763,18,4,Morphological;POS;Emotion;Psycholinguistic;Knockoff
gpt_b031_P3_r2,A,commercial,P3,,42.6901,12.5000,37.4396,18,4,Morphological;POS;Emotion;Psycholinguistic;Knockoff
gpt_b032_P1_r1,A,commercial,P1,,65.7895,12.5000,56.5217,18,4,Morphological;POS;Emotion;Psycholinguistic;Knockoff
gpt_b032_P1_r2,A,commercial,P1,,56.4327,0.0000,46.6184,18,4,Morphological;POS;Emotion;Psycholinguistic;Knockoff
gpt_b032_P2_r1,A,commercial,P2,,28.3626,50.0000,32.1256,18,4,Morphological;POS;Emotion;Psycholinguistic;Knockoff
gpt_b032_P2_r2,A,commercial,P2,,40.6433,62.5000,44.4444,18,4,Morphological;POS;Emotion;Psycholinguistic;Knockoff
gpt_b032_P3_r1,A,commercial,P3,,69.2982,25.0000,61.5942,18,4,Morphological;POS;Emotion;Psycholinguistic;Knockoff
gpt_b032_P3_r2,A,commercial,P3,,66.9591,12.5000,57.4879,18,4,Morphological;POS;Emotion;Psycholinguistic;Knockoff
gpt_b033_P1_r1,A,commercial,P1,,58.3333,12.5000,50.3623,18,4,Morphological;POS;Emotion;Psycholinguistic;Knockoff
gpt_b033_P1_r2,A,commercial,P1,,56.1404,12.5000,48.5507,18,4,Morphological;POS;Emotion;Psycholinguistic;Knockoff
gpt_b033_P2_r1,A,commercial,P2,,59.0643,50.0000,57.4879,18,4,Morphological;POS;Emotion;Psycholinguistic;Knockoff
gpt_b033_P2_r2,A,commercial,P2,,49.4152,50.0000,49.5169,18,4,Morphological;POS;Emotion;Psycholinguistic;Knockoff
gpt_b033_P3_r1,A,commercial,P3,,48.0263,12.5000,41.8478,18,4,Morphological;POS;Emotion;Psycholinguistic;Knockoff
gpt_b033_P3_r2,A,commercial,P3,,63.5234,0.0000,52.4758,18,4,Morphological;POS;Emotion;Psycholinguistic;Knockoff
gpt_b034_P1_r1,A,commercial,P1,,40.2778,25.0000,37.6208,18,4,Morphological;POS;Emotion;Psycholinguistic;Knockoff
gpt_b034_P1_r2,A,commercial,P1,,47.5877,25.0000,43.6594,18,4,Morphological;POS;Emotion;Psycholinguistic;Knockoff
gpt_b034_P2_r1,A,commercial,P2,,52.0468,50.0000,51.6908,18,4,Morphological;POS;Emotion;Psycholinguistic;Knockoff
gpt_b034_P2_r2,A,commercial,P2,,41.4474,62.5000,45.1087,18,4,Morphological;POS;Emotion;Psycholinguistic;Knockoff
gpt_b034_P3_r1,A,commercial,P3,,35.3070,0.0000,29.1667,18,4,Morphological;POS;Emotion;Psycholinguistic;Knockoff
gpt_b034_P3_r2,A,commercial,P3,,39.8392,0.0000,32.9106,18,4,Morphological;POS;Emotion;Psycholinguistic;Knockoff
gpt_b035_P1_r1,A,commercial,P1,,47.3684,0.0000,39.1304,18,4,Morphological;POS;Emotion;Psycholinguistic;Knockoff
gpt_b035_P1_r2,A,commercial,P1,,48.9035,12.5000,42.5725,18,4,Morphological;POS;Emotion;Psycholinguistic;Knockoff
gpt_b035_P2_r1,A,commercial,P2,,42.1053,50.0000,43.4783,18,4,Morphological;POS;Emotion;Psycholinguistic;Knockoff
gpt_b035_P2_r2,A,commercial,P2,,45.6140,62.5000,48.5507,18,4,Morphological;POS;Emotion;Psycholinguistic;Knockoff
gpt_b035_P3_r1,A,commercial,P3,,45.3216,12.5000,39.6135,18,4,Morphological;POS;Emotion;Psycholinguistic;Knockoff
gpt_b035_P3_r2,A,commercial,P3,,42.6170,0.0000,35.2053,18,4,Morphological;POS;Emotion;Psycholinguistic;Knockoff
gpt_b036_P1_r1,A,commercial,P1,,53.0702,12.5000,46.0145,18,4,Morphological;POS;Emotion;Psycholinguistic;Knockoff
gpt_b036_P1_r2,A,commercial,P1,,49.7807,12.5000,43.2971,18,4,Morphological;POS;Emotion;Psycholinguistic;Knockoff
gpt_b036_P2_r1,A,commercial,P2,,49.8538,50.0000,49.8792,18,4,Morphological;POS;Emotion;Psycholinguistic;Knockoff
gpt_b036_P2_r2,A,commercial,P2,,47.6608,62.5000,50.2415,18,4,Morphological;POS;Emotion;Psycholinguistic;Knockoff
gpt_b036_P3_r1,A,commercial,P3,,54.1667,0.0000,44.7464,18,4,Morphological;POS;Emotion;Psycholinguistic;Knockoff
gpt_b036_P3_r2,A,commercial,P3,,44.7368,0.0000,36.9565,18,4,Morphological;POS;Emotion;Psycholinguistic;Knockoff
gpt_b037_P1_r1,A,commercial,P1,,35.0146,25.0000,33.2729,18,4,Morphological;POS;Emotion;Psycholinguistic;Knockoff
gpt_b037_P1_r2,A,commercial,P1,,53.3626,25.0000,48.4300,18,4,Morphological;POS;Emotion;Psycholinguistic;Knockoff
gpt_b037_P2_r1,A,commercial,P2,,46.1257,75.0000,51.1473,18,4,Morphological;POS;Emotion;Psycholinguistic;Knockoff
gpt_b037_P2_r2,A,commercial,P2,,38.7427,75.0000,45.0483,18,4,Morphological;POS;Emotion;Psycholinguistic;Knockoff
gpt_b037_P3_r1,A,commercial,P3,,58.3333,12.5000,50.3623,18,4,Morphological;POS;Emotion;Psycholinguistic;Knockoff
gpt_b037_P3_r2,A,commercial,P3,,36.7690,0.0000,30.3744,18,4,Morphological;POS;Emotion;Psycholinguistic;Knockoff
gpt_b038_P1_r1,A,commercial,P1,,48.8304,12.5000,42.5121,18,4,Morphological;POS;Emotion;Psycholinguistic;Knockoff
gpt_b038_P1_r2,A,commercial,P1,,49.4152,12.5000,42.9952,18,4,Morphological;POS;Emotion;Psycholinguistic;Knockoff
gpt_b038_P2_r1,A,commercial,P2,,53.8012,62.5000,55.3140,18,4,Morphological;POS;Emotion;Psycholinguistic;Knockoff
gpt_b038_P2_r2,A,commercial,P2,,34.5760,62.5000,39.4324,18,4,Morphological;POS;Emotion;Psycholinguistic;Knockoff
gpt_b038_P3_r1,A,commercial,P3,,57.6023,0.0000,47.5845,18,4,Morphological;POS;Emotion;Psycholinguistic;Knockoff
gpt_b038_P3_r2,A,commercial,P3,,56.9444,0.0000,47.0411,18,4,Morphological;POS;Emotion;Psycholinguistic;Knockoff
gpt_b039_P1_r1,A,commercial,P1,,51.0234,12.5000,44.3237,18,4,Morphological;POS;Emotion;Psycholinguistic;Knockoff
gpt_b039_P1_r2,A,commercial,P1,,54.8977,12.5000,47.5242,18,4,Morphological;POS;Emotion;Psycholinguistic;Knockoff
gpt_b039_P2_r1,A,commercial,P2,,65.2047,62.5000,64.7343,18,4,Morphological;POS;Emotion;Psycholinguistic;Knockoff
gpt_b039_P2_r2,A,commercial,P2,,35.7456,62.5000,40.3986,18,4,Morphological;POS;Emotion;Psycholinguistic;Knockoff
gpt_b039_P3_r1,A,commercial,P3,,47.2953,0.0000,39.0700,18,4,Morphological;POS;Emotion;Psycholinguistic;Knockoff
gpt_b039_P3_r2,A,commercial,P3,,51.1696,12.5000,44.4444,18,4,Morphological;POS;Emotion;Psycholinguistic;Knockoff
gpt_b040_P1_r1,A,commercial,P1,,63.3772,50.0000,61.0507,18,4,Morphological;POS;Emotion;Psycholinguistic;Knockoff
gpt_b040_P1_r2,A,commercial,P1,,57.0175,25.0000,51.4493,18,4,Morphological;POS;Emotion;Psycholinguistic;Knockoff
gpt_b040_P2_r1,A,commercial,P2,,62.2807,50.0000,60.1449,18,4,Morphological;POS;Emotion;Psycholinguistic;Knockoff
gpt_b040_P2_r2,A,commercial,P2,,60.5263,62.5000,60.8696,18,4,Morphological;POS;Emotion;Psycholinguistic;Knockoff
gpt_b040_P3_r1,A,commercial,P3,,55.6287,0.0000,45.9541,18,4,Morphological;POS;Emotion;Psycholinguistic;Knockoff
gpt_b040_P3_r2,A,commercial,P3,,75.0000,0.0000,61.9565,18,4,Morphological;POS;Emotion;Psycholinguistic;Knockoff
gpt_b041_P1_r1,A,commercial,P1,,60.9649,0.0000,50.3623,18,4,Morphological;POS;Emotion;Psycholinguistic;Knockoff
gpt_b041_P1_r2,A,commercial,P1,,54.0936,12.5000,46.8599,18,4,Morphological;POS;Emotion;Psycholinguistic;Knockoff
gpt_b041_P2_r1,A,commercial,P2,,47.6608,62.5000,50.2415,18,4,Morphological;POS;Emotion;Psycholinguistic;Knockoff
gpt_b041_P2_r2,A,commercial,P2,,42.1053,62.5000,45.6522,18,4,Morphological;POS;Emotion;Psycholinguistic;Knockoff
gpt_b041_P3_r1,A,commercial,P3,,42.9825,12.5000,37.6812,18,4,Morphological;POS;Emotion;Psycholinguistic;Knockoff
gpt_b041_P3_r2,A,commercial,P3,,54.8246,0.0000,45.2899,18,4,Morphological;POS;Emotion;Psycholinguistic;Knockoff
gpt_b042_P1_r1,A,commercial,P1,,51.6082,0.0000,42.6329,18,4,Morphological;POS;Emotion;Psycholinguistic;Knockoff
gpt_b042_P1_r2,A,commercial,P1,,63.5965,12.5000,54.7101,18,4,Morphological;POS;Emotion;Psycholinguistic;Knockoff
gpt_b042_P2_r1,A,commercial,P2,,48.7573,62.5000,51.1473,18,4,Morphological;POS;Emotion;Psycholinguistic;Knockoff
gpt_b042_P2_r2,A,commercial,P2,,47.8801,62.5000,50.4227,18,4,Morphological;POS;Emotion;Psycholinguistic;Knockoff
gpt_b042_P3_r1,A,commercial,P3,,56.8713,37.5000,53.5024,18,4,Morphological;POS;Emotion;Psycholinguistic;Knockoff
gpt_b042_P3_r2,A,commercial,P3,,41.3012,12.5000,36.2923,18,4,Morphological;POS;Emotion;Psycholinguistic;Knockoff
gpt_b043_P1_r1,A,commercial,P1,,52.5585,0.0000,43.4179,18,4,Morphological;POS;Emotion;Psycholinguistic;Knockoff
gpt_b043_P1_r2,A,commercial,P1,,37.3538,50.0000,39.5531,18,4,Morphological;POS;Emotion;Psycholinguistic;Knockoff
gpt_b043_P2_r1,A,commercial,P2,,59.2836,62.5000,59.8430,18,4,Morphological;POS;Emotion;Psycholinguistic;Knockoff
gpt_b043_P2_r2,A,commercial,P2,,58.1871,50.0000,56.7633,18,4,Morphological;POS;Emotion;Psycholinguistic;Knockoff
gpt_b043_P3_r1,A,commercial,P3,,59.8684,12.5000,51.6304,18,4,Morphological;POS;Emotion;Psycholinguistic;Knockoff
gpt_b043_P3_r2,A,commercial,P3,,63.0848,0.0000,52.1135,18,4,Morphological;POS;Emotion;Psycholinguistic;Knockoff
gpt_b044_P1_r1,A,commercial,P1,,40.2778,12.5000,35.4469,18,4,Morphological;POS;Emotion;Psycholinguistic;Knockoff
gpt_b044_P1_r2,A,commercial,P1,,45.3216,25.0000,41.7874,18,4,Morphological;POS;Emotion;Psycholinguistic;Knockoff
gpt_b044_P2_r1,A,commercial,P2,,41.3012,62.5000,44.9879,18,4,Morphological;POS;Emotion;Psycholinguistic;Knockoff
gpt_b044_P2_r2,A,commercial,P2,,36.2573,62.5000,40.8213,18,4,Morphological;POS;Emotion;Psycholinguistic;Knockoff
gpt_b044_P3_r1,A,commercial,P3,,40.0585,12.5000,35.2657,18,4,Morphological;POS;Emotion;Psycholinguistic;Knockoff
gpt_b044_P3_r2,A,commercial,P3,,31.8713,12.5000,28.5024,18,4,Morphological;POS;Emotion;Psycholinguistic;Knockoff
gpt_b045_P1_r1,A,commercial,P1,,46.1257,12.5000,40.2778,18,4,Morphological;POS;Emotion;Psycholinguistic;Knockoff
gpt_b045_P1_r2,A,commercial,P1,,46.4912,0.0000,38.4058,18,4,Morphological;POS;Emotion;Psycholinguistic;Knockoff
gpt_b045_P2_r1,A,commercial,P2,,39.7661,62.5000,43.7198,18,4,Morphological;POS;Emotion;Psycholinguistic;Knockoff
gpt_b045_P2_r2,A,commercial,P2,,38.0117,62.5000,42.2705,18,4,Morphological;POS;Emotion;Psycholinguistic;Knockoff
gpt_b045_P3_r1,A,commercial,P3,,51.4620,50.0000,51.2077,18,4,Morphological;POS;Emotion;Psycholinguistic;Knockoff
gpt_b045_P3_r2,A,commercial,P3,,61.6959,0.0000,50.9662,18,4,Morphological;POS;Emotion;Psycholinguistic;Knockoff
real_claude_b021_P1_r1,A,analytics,P1,,32.0906,62.5000,37.3792,18,4,Morphological;POS;Emotion;Psycholinguistic;Knockoff
human_hard_rusltc_0001,H,translation,,,52.1930,12.5000,45.2899,18,4,Morphological;POS;Emotion;Psycholinguistic;Knockoff
human_hard_rusltc_0002,H,translation,,,53.9474,12.5000,46.7391,18,4,Morphological;POS;Emotion;Psycholinguistic;Knockoff
human_hard_rusltc_0003,H,translation,,,62.0614,0.0000,51.2681,18,4,Morphological;POS;Emotion;Psycholinguistic;Knockoff
human_hard_rusltc_0004,H,translation,,,41.5936,50.0000,43.0556,18,4,Morphological;POS;Emotion;Psycholinguistic;Knockoff
human_hard_rusltc_0005,H,translation,,,47.3684,0.0000,39.1304,17,4,Morphological;POS;Emotion;Psycholinguistic;Knockoff
human_hard_rusltc_0006,H,translation,,,40.7164,0.0000,33.6353,18,4,Morphological;POS;Emotion;Psycholinguistic;Knockoff
human_hard_rusltc_0007,H,translation,,,42.9825,37.5000,42.0290,18,4,Morphological;POS;Emotion;Psycholinguistic;Knockoff
human_hard_rusltc_0008,H,translation,,,47.0760,50.0000,47.5845,18,4,Morphological;POS;Emotion;Psycholinguistic;Knockoff
human_hard_rusltc_0009,H,translation,,,54.5322,12.5000,47.2222,18,4,Morphological;POS;Emotion;Psycholinguistic;Knockoff
human_hard_rusltc_0010,H,translation,,,52.7047,12.5000,45.7126,18,4,Morphological;POS;Emotion;Psycholinguistic;Knockoff
human_hard_rusltc_0011,H,translation,,,66.8129,25.0000,59.5411,18,4,Morphological;POS;Emotion;Psycholinguistic;Knockoff
human_hard_rusltc_0012,H,translation,,,54.0936,12.5000,46.8599,18,4,Morphological;POS;Emotion;Psycholinguistic;Knockoff
human_hard_rusltc_0013,H,translation,,,72.8070,0.0000,60.1449,17,4,Morphological;POS;Emotion;Psycholinguistic;Knockoff
human_hard_rusltc_0014,H,translation,,,33.7719,25.0000,32.2464,18,4,Morphological;POS;Emotion;Psycholinguistic;Knockoff
human_hard_rusltc_0015,H,translation,,,40.1316,0.0000,33.1522,17,4,Morphological;POS;Emotion;Psycholinguistic;Knockoff
human_hard_rusltc_0016,H,translation,,,59.5029,50.0000,57.8502,18,4,Morphological;POS;Emotion;Psycholinguistic;Knockoff
human_hard_rusltc_0017,H,translation,,,66.8129,50.0000,63.8889,18,4,Morphological;POS;Emotion;Psycholinguistic;Knockoff
human_hard_rusltc_0018,H,translation,,,40.5702,0.0000,33.5145,17,4,Morphological;POS;Emotion;Psycholinguistic;Knockoff
human_hard_rusltc_0019,H,translation,,,48.9035,0.0000,40.3986,18,4,Morphological;POS;Emotion;Psycholinguistic;Knockoff
human_hard_rusltc_0020,H,translation,,,45.7602,50.0000,46.4976,18,4,Morphological;POS;Emotion;Psycholinguistic;Knockoff
human_hard_rusltc_0021,H,translation,,,50.4386,25.0000,46.0145,18,4,Morphological;POS;Emotion;Psycholinguistic;Knockoff
human_hard_rusltc_0022,H,translation,,,73.0263,25.0000,64.6739,18,4,Morphological;POS;Emotion;Psycholinguistic;Knockoff
human_hard_rusltc_0023,H,translation,,,65.6433,0.0000,54.2271,17,4,Morphological;POS;Emotion;Psycholinguistic;Knockoff
human_hard_rusltc_0024,H,translation,,,37.2807,0.0000,30.7971,18,4,Morphological;POS;Emotion;Psycholinguistic;Knockoff
human_hard_rusltc_0025,H,translation,,,59.6491,50.0000,57.9710,18,4,Morphological;POS;Emotion;Psycholinguistic;Knockoff
human_hard_rusltc_0026,H,translation,,,46.8567,0.0000,38.7077,17,4,Morphological;POS;Emotion;Psycholinguistic;Knockoff
human_hard_rusltc_0027,H,translation,,,56.7251,0.0000,46.8599,18,4,Morphological;POS;Emotion;Psycholinguistic;Knockoff
human_hard_rusltc_0028,H,translation,,,52.9971,25.0000,48.1280,18,4,Morphological;POS;Emotion;Psycholinguistic;Knockoff
human_hard_rusltc_0029,H,translation,,,42.3246,0.0000,34.9638,17,4,Morphological;POS;Emotion;Psycholinguistic;Knockoff
human_hard_rusltc_0030,H,translation,,,68.9327,0.0000,56.9444,17,4,Morphological;POS;Emotion;Psycholinguistic;Knockoff
human_hard_rusltc_0031,H,translation,,,24.6345,0.0000,20.3502,17,4,Morphological;POS;Emotion;Psycholinguistic;Knockoff
human_hard_rusltc_0032,H,translation,,,33.3333,0.0000,27.5362,17,4,Morphological;POS;Emotion;Psycholinguistic;Knockoff
human_hard_rusltc_0033,H,translation,,,35.4532,12.5000,31.4614,18,4,Morphological;POS;Emotion;Psycholinguistic;Knockoff
human_hard_rusltc_0034,H,translation,,,35.3070,25.0000,33.5145,18,4,Morphological;POS;Emotion;Psycholinguistic;Knockoff
human_hard_rusltc_0035,H,translation,,,51.1696,0.0000,42.2705,17,4,Morphological;POS;Emotion;Psycholinguistic;Knockoff
human_hard_rusltc_0036,H,translation,,,58.6988,25.0000,52.8382,18,4,Morphological;POS;Emotion;Psycholinguistic;Knockoff
human_hard_rusltc_0037,H,translation,,,64.2544,0.0000,53.0797,17,4,Morphological;POS;Emotion;Psycholinguistic;Knockoff
human_hard_rusltc_0038,H,translation,,,28.8012,0.0000,23.7923,17,4,Morphological;POS;Emotion;Psycholinguistic;Knockoff
human_hard_rusltc_0039,H,translation,,,31.2865,50.0000,34.5411,17,4,Morphological;POS;Emotion;Psycholinguistic;Knockoff
human_hard_rusltc_0040,H,translation,,,64.1813,0.0000,53.0193,17,4,Morphological;POS;Emotion;Psycholinguistic;Knockoff
human_hard_rusltc_0041,H,translation,,,45.7602,0.0000,37.8019,17,4,Morphological;POS;Emotion;Psycholinguistic;Knockoff
human_hard_rusltc_0042,H,translation,,,67.6170,25.0000,60.2053,18,4,Morphological;POS;Emotion;Psycholinguistic;Knockoff
human_hard_rusltc_0043,H,translation,,,39.9123,0.0000,32.9710,17,4,Morphological;POS;Emotion;Psycholinguistic;Knockoff
human_hard_rusltc_0044,H,translation,,,46.9298,0.0000,38.7681,17,4,Morphological;POS;Emotion;Psycholinguistic;Knockoff
human_hard_rusltc_0045,H,translation,,,30.9942,12.5000,27.7778,18,4,Morphological;POS;Emotion;Psycholinguistic;Knockoff
human_hard_rusltc_0046,H,translation,,,48.6842,25.0000,44.5652,18,4,Morphological;POS;Emotion;Psycholinguistic;Knockoff
human_hard_rusltc_0047,H,translation,,,40.4971,0.0000,33.4541,17,4,Morphological;POS;Emotion;Psycholinguistic;Knockoff
human_hard_rusltc_0048,H,translation,,,52.3392,12.5000,45.4106,18,4,Morphological;POS;Emotion;Psycholinguistic;Knockoff
human_hard_rusltc_0049,H,translation,,,51.0234,0.0000,42.1498,17,4,Morphological;POS;Emotion;Psycholinguistic;Knockoff
human_hard_rusltc_0050,H,translation,,,66.6667,0.0000,55.0725,17,4,Morphological;POS;Emotion;Psycholinguistic;Knockoff
human_hard_rusltc_0051,H,translation,,,45.2485,0.0000,37.3792,17,4,Morphological;POS;Emotion;Psycholinguistic;Knockoff
human_hard_rusltc_0052,H,translation,,,43.0556,12.5000,37.7415,18,4,Morphological;POS;Emotion;Psycholinguistic;Knockoff
human_hard_rusltc_0053,H,translation,,,53.3626,12.5000,46.2560,18,4,Morphological;POS;Emotion;Psycholinguistic;Knockoff
human_hard_rusltc_0054,H,translation,,,51.3158,0.0000,42.3913,17,4,Morphological;POS;Emotion;Psycholinguistic;Knockoff
human_hard_rusltc_0055,H,translation,,,43.8596,25.0000,40.5797,18,4,Morphological;POS;Emotion;Psycholinguistic;Knockoff
human_hard_rusltc_0056,H,translation,,,41.6667,50.0000,43.1159,18,4,Morphological;POS;Emotion;Psycholinguistic;Knockoff
human_hard_rusltc_0057,H,translation,,,31.0673,0.0000,25.6643,17,4,Morphological;POS;Emotion;Psycholinguistic;Knockoff
human_hard_rusltc_0058,H,translation,,,63.8889,12.5000,54.9517,18,4,Morphological;POS;Emotion;Psycholinguistic;Knockoff
human_hard_rusltc_0059,H,translation,,,61.5497,25.0000,55.1932,18,4,Morphological;POS;Emotion;Psycholinguistic;Knockoff
human_hard_rusltc_0060,H,translation,,,55.4094,12.5000,47.9469,18,4,Morphological;POS;Emotion;Psycholinguistic;Knockoff
human_hard_rusltc_0061,H,translation,,,28.9474,12.5000,26.0870,18,4,Morphological;POS;Emotion;Psycholinguistic;Knockoff
human_hard_rusltc_0062,H,translation,,,50.0000,12.5000,43.4783,18,4,Morphological;POS;Emotion;Psycholinguistic;Knockoff
human_hard_rusltc_0063,H,translation,,,76.9006,12.5000,65.7005,18,4,Morphological;POS;Emotion;Psycholinguistic;Knockoff
human_hard_rusltc_0064,H,translation,,,55.3363,0.0000,45.7126,17,4,Morphological;POS;Emotion;Psycholinguistic;Knockoff
human_hard_rusltc_0065,H,translation,,,55.7018,25.0000,50.3623,18,4,Morphological;POS;Emotion;Psycholinguistic;Knockoff
human_hard_rusltc_0066,H,translation,,,49.4883,25.0000,45.2295,18,4,Morphological;POS;Emotion;Psycholinguistic;Knockoff
human_hard_rusltc_0067,H,translation,,,60.3801,12.5000,52.0531,18,4,Morphological;POS;Emotion;Psycholinguistic;Knockoff
human_hard_rusltc_0068,H,translation,,,21.0526,0.0000,17.3913,17,4,Morphological;POS;Emotion;Psycholinguistic;Knockoff
human_hard_rusltc_0069,H,translation,,,59.7222,12.5000,51.5097,18,4,Morphological;POS;Emotion;Psycholinguistic;Knockoff
human_hard_rusltc_0070,H,translation,,,73.2456,25.0000,64.8551,18,4,Morphological;POS;Emotion;Psycholinguistic;Knockoff
human_hard_rusltc_0071,H,translation,,,40.7164,50.0000,42.3309,18,4,Morphological;POS;Emotion;Psycholinguistic;Knockoff
human_hard_rusltc_0072,H,translation,,,55.9942,50.0000,54.9517,18,4,Morphological;POS;Emotion;Psycholinguistic;Knockoff
human_hard_rusltc_0073,H,translation,,,66.3743,0.0000,54.8309,17,4,Morphological;POS;Emotion;Psycholinguistic;Knockoff
human_science_spbgu_0001,H,science,,3,42.9825,0.0000,35.5072,17,4,Morphological;POS;Emotion;Psycholinguistic;Knockoff
human_science_spbgu_0002,H,science,,3,50.0000,0.0000,41.3043,18,4,Morphological;POS;Emotion;Psycholinguistic;Knockoff
human_science_spbgu_0003,H,science,,3,59.3567,25.0000,53.3816,18,4,Morphological;POS;Emotion;Psycholinguistic;Knockoff
human_science_spbgu_0004,H,science,,3,33.1140,37.5000,33.8768,18,4,Morphological;POS;Emotion;Psycholinguistic;Knockoff
human_science_spbgu_0005,H,science,,3,44.4444,0.0000,36.7150,18,4,Morphological;POS;Emotion;Psycholinguistic;Knockoff
human_science_spbgu_0006,H,science,,3,52.7778,12.5000,45.7729,18,4,Morphological;POS;Emotion;Psycholinguistic;Knockoff
human_science_spbgu_0007,H,science,,3,44.1520,12.5000,38.6473,18,4,Morphological;POS;Emotion;Psycholinguistic;Knockoff
human_science_spbgu_0008,H,science,,3,53.8012,12.5000,46.6184,18,4,Morphological;POS;Emotion;Psycholinguistic;Knockoff
human_science_spbgu_0009,H,science,,3,55.9211,0.0000,46.1957,17,4,Morphological;POS;Emotion;Psycholinguistic;Knockoff
human_science_spbgu_0010,H,science,,3,44.4444,0.0000,36.7150,17,4,Morphological;POS;Emotion;Psycholinguistic;Knockoff
human_science_spbgu_0011,H,science,,3,62.5731,37.5000,58.2126,18,4,Morphological;POS;Emotion;Psycholinguistic;Knockoff
human_science_spbgu_0012,H,science,,3,55.9211,12.5000,48.3696,18,4,Morphological;POS;Emotion;Psycholinguistic;Knockoff
human_science_spbgu_0013,H,science,,3,54.4591,50.0000,53.6836,18,4,Morphological;POS;Emotion;Psycholinguistic;Knockoff
human_science_spbgu_0014,H,science,,3,52.1930,0.0000,43.1159,17,4,Morphological;POS;Emotion;Psycholinguistic;Knockoff
human_science_spbgu_0015,H,science,,3,58.4795,50.0000,57.0048,18,4,Morphological;POS;Emotion;Psycholinguistic;Knockoff
human_science_spbgu_0016,H,science,,3,39.4737,37.5000,39.1304,18,4,Morphological;POS;Emotion;Psycholinguistic;Knockoff
human_science_spbgu_0017,H,science,,3,56.7982,50.0000,55.6159,18,4,Morphological;POS;Emotion;Psycholinguistic;Knockoff
human_science_spbgu_0018,H,science,,3,50.9503,0.0000,42.0894,17,4,Morphological;POS;Emotion;Psycholinguistic;Knockoff
human_science_spbgu_0019,H,science,,3,50.8041,50.0000,50.6643,18,4,Morphological;POS;Emotion;Psycholinguistic;Knockoff
human_science_spbgu_0020,H,science,,3,44.4444,25.0000,41.0628,18,4,Morphological;POS;Emotion;Psycholinguistic;Knockoff
human_science_spbgu_0021,H,science,,3,67.6170,12.5000,58.0314,18,4,Morphological;POS;Emotion;Psycholinguistic;Knockoff
human_science_spbgu_0022,H,science,,3,61.5497,12.5000,53.0193,18,4,Morphological;POS;Emotion;Psycholinguistic;Knockoff
human_science_spbgu_0023,H,science,,3,52.4123,37.5000,49.8188,18,4,Morphological;POS;Emotion;Psycholinguistic;Knockoff
human_science_spbgu_0024,H,science,,3,60.2339,12.5000,51.9324,18,4,Morphological;POS;Emotion;Psycholinguistic;Knockoff
human_science_spbgu_0025,H,science,,3,59.0643,50.0000,57.4879,18,4,Morphological;POS;Emotion;Psycholinguistic;Knockoff
human_science_spbgu_0026,H,science,,3,63.7427,0.0000,52.6570,18,4,Morphological;POS;Emotion;Psycholinguistic;Knockoff
human_science_spbgu_0027,H,science,,3,40.2047,50.0000,41.9082,18,4,Morphological;POS;Emotion;Psycholinguistic;Knockoff
human_science_spbgu_0028,H,science,,3,49.1228,37.5000,47.1014,18,4,Morphological;POS;Emotion;Psycholinguistic;Knockoff
human_science_spbgu_0029,H,science,,3,71.9298,0.0000,59.4203,17,4,Morphological;POS;Emotion;Psycholinguistic;Knockoff
human_science_spbgu_0030,H,science,,3,49.1228,37.5000,47.1014,18,4,Morphological;POS;Emotion;Psycholinguistic;Knockoff
human_science_spbgu_0031,H,science,,3,38.4503,75.0000,44.8068,18,4,Morphological;POS;Emotion;Psycholinguistic;Knockoff
human_science_spbgu_0032,H,science,,3,49.3421,37.5000,47.2826,18,4,Morphological;POS;Emotion;Psycholinguistic;Knockoff
human_science_spbgu_0033,H,science,,3,18.5673,0.0000,15.3382,18,4,Morphological;POS;Emotion;Psycholinguistic;Knockoff
human_science_spbgu_0034,H,science,,3,54.7515,12.5000,47.4034,18,4,Morphological;POS;Emotion;Psycholinguistic;Knockoff
human_science_spbgu_0035,H,science,,3,52.9240,50.0000,52.4155,18,4,Morphological;POS;Emotion;Psycholinguistic;Knockoff
human_science_spbgu_0036,H,science,,3,57.9678,0.0000,47.8865,17,4,Morphological;POS;Emotion;Psycholinguistic;Knockoff
human_science_spbgu_0037,H,science,,3,69.6637,25.0000,61.8961,18,4,Morphological;POS;Emotion;Psycholinguistic;Knockoff
human_science_spbgu_0038,H,science,,3,39.9123,12.5000,35.1449,18,4,Morphological;POS;Emotion;Psycholinguistic;Knockoff
human_science_spbgu_0039,H,science,,3,75.2924,50.0000,70.8937,18,4,Morphological;POS;Emotion;Psycholinguistic;Knockoff
human_science_spbgu_0040,H,science,,3,62.5731,50.0000,60.3865,18,4,Morphological;POS;Emotion;Psycholinguistic;Knockoff
human_science_spbgu_0041,H,science,,3,39.6930,75.0000,45.8333,18,4,Morphological;POS;Emotion;Psycholinguistic;Knockoff
human_science_spbgu_0042,H,science,,3,53.0702,0.0000,43.8406,17,4,Morphological;POS;Emotion;Psycholinguistic;Knockoff
human_science_spbgu_0043,H,science,,3,67.5439,37.5000,62.3188,18,4,Morphological;POS;Emotion;Psycholinguistic;Knockoff
human_science_spbgu_0044,H,science,,3,68.7865,0.0000,56.8237,17,4,Morphological;POS;Emotion;Psycholinguistic;Knockoff
human_science_spbgu_0045,H,science,,3,47.7339,12.5000,41.6063,18,4,Morphological;POS;Emotion;Psycholinguistic;Knockoff
human_science_spbgu_0046,H,science,,3,53.2895,37.5000,50.5435,18,4,Morphological;POS;Emotion;Psycholinguistic;Knockoff
human_science_spbgu_0048,H,science,,3,50.6579,12.5000,44.0217,18,4,Morphological;POS;Emotion;Psycholinguistic;Knockoff
human_science_spbgu_0049,H,science,,3,41.3012,0.0000,34.1184,17,4,Morphological;POS;Emotion;Psycholinguistic;Knockoff
human_science_spbgu_0050,H,science,,3,68.7865,0.0000,56.8237,17,4,Morphological;POS;Emotion;Psycholinguistic;Knockoff
human_science_spbgu_0054,H,science,,3,56.5789,37.5000,53.2609,18,4,Morphological;POS;Emotion;Psycholinguistic;Knockoff
human_science_spbgu_0055,H,science,,3,69.0789,0.0000,57.0652,17,4,Morphological;POS;Emotion;Psycholinguistic;Knockoff
human_science_spbgu_0057,H,science,,3,50.5848,12.5000,43.9614,18,4,Morphological;POS;Emotion;Psycholinguistic;Knockoff
human_science_spbgu_0059,H,science,,3,56.5058,25.0000,51.0266,18,4,Morphological;POS;Emotion;Psycholinguistic;Knockoff
human_science_spbgu_0060,H,science,,3,35.7456,0.0000,29.5290,18,4,Morphological;POS;Emotion;Psycholinguistic;Knockoff
human_prose_taiga_arzamas_0001,H,prose,,0,52.7778,25.0000,47.9469,18,4,Morphological;POS;Emotion;Psycholinguistic;Knockoff
human_prose_taiga_arzamas_0002,H,prose,,0,34.2105,25.0000,32.6087,18,4,Morphological;POS;Emotion;Psycholinguistic;Knockoff
human_prose_taiga_arzamas_0003,H,prose,,0,34.6491,0.0000,28.6232,18,4,Morphological;POS;Emotion;Psycholinguistic;Knockoff
human_prose_taiga_arzamas_0004,H,prose,,0,49.5614,0.0000,40.9420,18,4,Morphological;POS;Emotion;Psycholinguistic;Knockoff
human_prose_taiga_arzamas_0005,H,prose,,0,59.1374,0.0000,48.8527,18,4,Morphological;POS;Emotion;Psycholinguistic;Knockoff
human_prose_taiga_arzamas_0006,H,prose,,0,43.7135,0.0000,36.1111,17,4,Morphological;POS;Emotion;Psycholinguistic;Knockoff
human_prose_taiga_arzamas_0007,H,prose,,0,45.0292,0.0000,37.1981,18,4,Morphological;POS;Emotion;Psycholinguistic;Knockoff
human_prose_taiga_arzamas_0008,H,prose,,0,43.1287,25.0000,39.9758,18,4,Morphological;POS;Emotion;Psycholinguistic;Knockoff
human_prose_taiga_arzamas_0009,H,prose,,0,46.9298,0.0000,38.7681,18,4,Morphological;POS;Emotion;Psycholinguistic;Knockoff
human_prose_taiga_arzamas_0010,H,prose,,0,63.8158,0.0000,52.7174,18,4,Morphological;POS;Emotion;Psycholinguistic;Knockoff
human_prose_taiga_arzamas_0011,H,prose,,0,38.3772,0.0000,31.7029,18,4,Morphological;POS;Emotion;Psycholinguistic;Knockoff
human_prose_taiga_arzamas_0012,H,prose,,0,62.6462,25.0000,56.0990,18,4,Morphological;POS;Emotion;Psycholinguistic;Knockoff
human_prose_taiga_arzamas_0013,H,prose,,0,30.7018,25.0000,29.7101,18,4,Morphological;POS;Emotion;Psycholinguistic;Knockoff
human_prose_taiga_arzamas_0014,H,prose,,0,50.3655,0.0000,41.6063,18,4,Morphological;POS;Emotion;Psycholinguistic;Knockoff
human_prose_taiga_arzamas_0015,H,prose,,0,46.4181,12.5000,40.5193,18,4,Morphological;POS;Emotion;Psycholinguistic;Knockoff
human_prose_taiga_arzamas_0016,H,prose,,0,41.3012,0.0000,34.1184,18,4,Morphological;POS;Emotion;Psycholinguistic;Knockoff
human_prose_taiga_arzamas_0017,H,prose,,0,67.1053,0.0000,55.4348,18,4,Morphological;POS;Emotion;Psycholinguistic;Knockoff
human_prose_taiga_arzamas_0018,H,prose,,0,45.8333,0.0000,37.8623,18,4,Morphological;POS;Emotion;Psycholinguistic;Knockoff
human_prose_taiga_arzamas_0019,H,prose,,0,33.2602,25.0000,31.8237,18,4,Morphological;POS;Emotion;Psycholinguistic;Knockoff
human_prose_taiga_arzamas_0020,H,prose,,0,65.3509,0.0000,53.9855,18,4,Morphological;POS;Emotion;Psycholinguistic;Knockoff
human_prose_taiga_arzamas_0021,H,prose,,0,32.3830,0.0000,26.7512,18,4,Morphological;POS;Emotion;Psycholinguistic;Knockoff
human_prose_taiga_arzamas_0022,H,prose,,0,30.8480,25.0000,29.8309,18,4,Morphological;POS;Emotion;Psycholinguistic;Knockoff
human_prose_taiga_arzamas_0023,H,prose,,0,44.8830,0.0000,37.0773,18,4,Morphological;POS;Emotion;Psycholinguistic;Knockoff
human_prose_taiga_arzamas_0024,H,prose,,0,35.2339,25.0000,33.4541,18,4,Morphological;POS;Emotion;Psycholinguistic;Knockoff
human_prose_taiga_arzamas_0025,H,prose,,0,46.7836,0.0000,38.6473,18,4,Morphological;POS;Emotion;Psycholinguistic;Knockoff
human_prose_taiga_arzamas_0026,H,prose,,0,59.0643,25.0000,53.1401,18,4,Morphological;POS;Emotion;Psycholinguistic;Knockoff
human_prose_taiga_arzamas_0027,H,prose,,0,56.5789,0.0000,46.7391,18,4,Morphological;POS;Emotion;Psycholinguistic;Knockoff
human_prose_taiga_arzamas_0028,H,prose,,0,46.2719,0.0000,38.2246,18,4,Morphological;POS;Emotion;Psycholinguistic;Knockoff
human_prose_taiga_arzamas_0029,H,prose,,0,50.9503,0.0000,42.0894,18,4,Morphological;POS;Emotion;Psycholinguistic;Knockoff
human_prose_taiga_arzamas_0030,H,prose,,0,44.2982,0.0000,36.5942,18,4,Morphological;POS;Emotion;Psycholinguistic;Knockoff
human_prose_taiga_arzamas_0031,H,prose,,0,54.3860,25.0000,49.2754,18,4,Morphological;POS;Emotion;Psycholinguistic;Knockoff
human_prose_taiga_arzamas_0032,H,prose,,0,55.5556,0.0000,45.8937,18,4,Morphological;POS;Emotion;Psycholinguistic;Knockoff
human_prose_taiga_arzamas_0033,H,prose,,0,21.4912,0.0000,17.7536,18,4,Morphological;POS;Emotion;Psycholinguistic;Knockoff
human_prose_taiga_arzamas_0034,H,prose,,0,59.4298,0.0000,49.0942,18,4,Morphological;POS;Emotion;Psycholinguistic;Knockoff
human_prose_taiga_arzamas_0035,H,prose,,0,51.9006,0.0000,42.8744,18,4,Morphological;POS;Emotion;Psycholinguistic;Knockoff
human_prose_taiga_arzamas_0036,H,prose,,0,33.0409,0.0000,27.2947,18,4,Morphological;POS;Emotion;Psycholinguistic;Knockoff
human_prose_taiga_arzamas_0037,H,prose,,0,37.5731,0.0000,31.0386,18,4,Morphological;POS;Emotion;Psycholinguistic;Knockoff
human_prose_taiga_arzamas_0038,H,prose,,0,50.7310,0.0000,41.9082,18,4,Morphological;POS;Emotion;Psycholinguistic;Knockoff
human_prose_taiga_arzamas_0039,H,prose,,0,39.5468,25.0000,37.0169,18,4,Morphological;POS;Emotion;Psycholinguistic;Knockoff
human_prose_taiga_arzamas_0040,H,prose,,0,49.7807,25.0000,45.4710,18,4,Morphological;POS;Emotion;Psycholinguistic;Knockoff
human_prose_taiga_arzamas_0041,H,prose,,0,41.3743,0.0000,34.1787,18,4,Morphological;POS;Emotion;Psycholinguistic;Knockoff
human_prose_taiga_arzamas_0042,H,prose,,0,50.9503,0.0000,42.0894,18,4,Morphological;POS;Emotion;Psycholinguistic;Knockoff
human_prose_taiga_arzamas_0043,H,prose,,0,43.4211,0.0000,35.8696,18,4,Morphological;POS;Emotion;Psycholinguistic;Knockoff
human_prose_taiga_arzamas_0044,H,prose,,0,43.3480,12.5000,37.9831,18,4,Morphological;POS;Emotion;Psycholinguistic;Knockoff
human_prose_taiga_arzamas_0045,H,prose,,0,49.4152,0.0000,40.8213,18,4,Morphological;POS;Emotion;Psycholinguistic;Knockoff
human_prose_taiga_arzamas_0046,H,prose,,0,23.1725,0.0000,19.1425,18,4,Morphological;POS;Emotion;Psycholinguistic;Knockoff
human_prose_taiga_arzamas_0047,H,prose,,0,39.3275,0.0000,32.4879,17,4,Morphological;POS;Emotion;Psycholinguistic;Knockoff
human_prose_taiga_arzamas_0048,H,prose,,0,31.8713,0.0000,26.3285,18,4,Morphological;POS;Emotion;Psycholinguistic;Knockoff
human_prose_taiga_arzamas_0049,H,prose,,0,49.5614,0.0000,40.9420,18,4,Morphological;POS;Emotion;Psycholinguistic;Knockoff
human_prose_taiga_arzamas_0050,H,prose,,0,29.0936,12.5000,26.2077,18,4,Morphological;POS;Emotion;Psycholinguistic;Knockoff
human_prose_taiga_arzamas_0051,H,prose,,0,47.2222,0.0000,39.0097,18,4,Morphological;POS;Emotion;Psycholinguistic;Knockoff
human_prose_taiga_arzamas_0052,H,prose,,0,35.0146,0.0000,28.9251,17,4,Morphological;POS;Emotion;Psycholinguistic;Knockoff
human_prose_taiga_arzamas_0053,H,prose,,0,57.4561,25.0000,51.8116,18,4,Morphological;POS;Emotion;Psycholinguistic;Knockoff
human_prose_taiga_arzamas_0054,H,prose,,0,52.1199,0.0000,43.0556,18,4,Morphological;POS;Emotion;Psycholinguistic;Knockoff
human_prose_taiga_arzamas_0055,H,prose,,0,48.9766,0.0000,40.4589,18,4,Morphological;POS;Emotion;Psycholinguistic;Knockoff
human_prose_taiga_arzamas_0056,H,prose,,0,52.5585,25.0000,47.7657,18,4,Morphological;POS;Emotion;Psycholinguistic;Knockoff
human_prose_taiga_arzamas_0057,H,prose,,0,49.5614,25.0000,45.2899,18,4,Morphological;POS;Emotion;Psycholinguistic;Knockoff
human_prose_taiga_arzamas_0058,H,prose,,0,39.7661,25.0000,37.1981,17,4,Morphological;POS;Emotion;Psycholinguistic;Knockoff
human_prose_taiga_arzamas_0059,H,prose,,0,50.5848,25.0000,46.1353,18,4,Morphological;POS;Emotion;Psycholinguistic;Knockoff
human_prose_taiga_arzamas_0060,H,prose,,0,43.9327,0.0000,36.2923,18,4,Morphological;POS;Emotion;Psycholinguistic;Knockoff
human_news_gazeta_0001,H,news,,1,60.2339,0.0000,49.7585,17,4,Morphological;POS;Emotion;Psycholinguistic;Knockoff
human_news_gazeta_0002,H,news,,1,51.4620,0.0000,42.5121,17,4,Morphological;POS;Emotion;Psycholinguistic;Knockoff
human_news_gazeta_0003,H,news,,1,46.1257,0.0000,38.1039,17,4,Morphological;POS;Emotion;Psycholinguistic;Knockoff
human_news_gazeta_0004,H,news,,1,42.0322,0.0000,34.7222,17,4,Morphological;POS;Emotion;Psycholinguistic;Knockoff
human_news_gazeta_0005,H,news,,1,34.6491,0.0000,28.6232,17,4,Morphological;POS;Emotion;Psycholinguistic;Knockoff
human_news_gazeta_0006,H,news,,1,50.8041,0.0000,41.9686,17,4,Morphological;POS;Emotion;Psycholinguistic;Knockoff
human_news_gazeta_0007,H,news,,1,29.2398,0.0000,24.1546,17,4,Morphological;POS;Emotion;Psycholinguistic;Knockoff
human_news_gazeta_0008,H,news,,1,49.7076,0.0000,41.0628,17,4,Morphological;POS;Emotion;Psycholinguistic;Knockoff
human_news_gazeta_0009,H,news,,1,38.0117,0.0000,31.4010,17,4,Morphological;POS;Emotion;Psycholinguistic;Knockoff
human_news_gazeta_0010,H,news,,1,39.6930,0.0000,32.7899,17,4,Morphological;POS;Emotion;Psycholinguistic;Knockoff
human_news_gazeta_0011,H,news,,1,58.9181,0.0000,48.6715,17,4,Morphological;POS;Emotion;Psycholinguistic;Knockoff
human_news_gazeta_0012,H,news,,1,50.2924,0.0000,41.5459,17,4,Morphological;POS;Emotion;Psycholinguistic;Knockoff
human_news_gazeta_0013,H,news,,1,59.9415,0.0000,49.5169,17,4,Morphological;POS;Emotion;Psycholinguistic;Knockoff
human_news_gazeta_0014,H,news,,1,33.6257,0.0000,27.7778,17,4,Morphological;POS;Emotion;Psycholinguistic;Knockoff
human_news_gazeta_0015,H,news,,1,44.8830,0.0000,37.0773,17,4,Morphological;POS;Emotion;Psycholinguistic;Knockoff
human_news_gazeta_0016,H,news,,1,31.9444,0.0000,26.3889,17,4,Morphological;POS;Emotion;Psycholinguistic;Knockoff
human_news_gazeta_0017,H,news,,1,57.7485,0.0000,47.7053,17,4,Morphological;POS;Emotion;Psycholinguistic;Knockoff
human_news_gazeta_0018,H,news,,1,49.8538,0.0000,41.1836,17,4,Morphological;POS;Emotion;Psycholinguistic;Knockoff
human_news_gazeta_0019,H,news,,1,63.4503,0.0000,52.4155,17,4,Morphological;POS;Emotion;Psycholinguistic;Knockoff
human_news_gazeta_0020,H,news,,1,42.2515,0.0000,34.9034,17,4,Morphological;POS;Emotion;Psycholinguistic;Knockoff
human_news_gazeta_0021,H,news,,1,51.0234,0.0000,42.1498,17,4,Morphological;POS;Emotion;Psycholinguistic;Knockoff
human_news_gazeta_0022,H,news,,1,55.6287,0.0000,45.9541,17,4,Morphological;POS;Emotion;Psycholinguistic;Knockoff
human_news_gazeta_0023,H,news,,1,49.8538,0.0000,41.1836,17,4,Morphological;POS;Emotion;Psycholinguistic;Knockoff
human_news_gazeta_0024,H,news,,1,56.7982,0.0000,46.9203,17,4,Morphological;POS;Emotion;Psycholinguistic;Knockoff
human_news_gazeta_0025,H,news,,1,35.7456,0.0000,29.5290,17,4,Morphological;POS;Emotion;Psycholinguistic;Knockoff
human_news_gazeta_0026,H,news,,1,39.9123,0.0000,32.9710,17,4,Morphological;POS;Emotion;Psycholinguistic;Knockoff
human_news_gazeta_0027,H,news,,1,44.0789,0.0000,36.4130,17,4,Morphological;POS;Emotion;Psycholinguistic;Knockoff
human_news_gazeta_0028,H,news,,1,40.4971,0.0000,33.4541,17,4,Morphological;POS;Emotion;Psycholinguistic;Knockoff
human_news_gazeta_0029,H,news,,1,56.4327,0.0000,46.6184,17,4,Morphological;POS;Emotion;Psycholinguistic;Knockoff
human_news_gazeta_0030,H,news,,1,55.7018,0.0000,46.0145,17,4,Morphological;POS;Emotion;Psycholinguistic;Knockoff
human_news_gazeta_0031,H,news,,1,45.3216,0.0000,37.4396,17,4,Morphological;POS;Emotion;Psycholinguistic;Knockoff
human_news_gazeta_0032,H,news,,1,37.2807,0.0000,30.7971,17,4,Morphological;POS;Emotion;Psycholinguistic;Knockoff
human_news_gazeta_0033,H,news,,1,35.6725,0.0000,29.4686,17,4,Morphological;POS;Emotion;Psycholinguistic;Knockoff
human_news_gazeta_0034,H,news,,1,59.8684,0.0000,49.4565,17,4,Morphological;POS;Emotion;Psycholinguistic;Knockoff
human_news_gazeta_0035,H,news,,1,51.6082,0.0000,42.6329,17,4,Morphological;POS;Emotion;Psycholinguistic;Knockoff
human_news_gazeta_0036,H,news,,1,61.5497,0.0000,50.8454,17,4,Morphological;POS;Emotion;Psycholinguistic;Knockoff
human_news_gazeta_0037,H,news,,1,55.5556,0.0000,45.8937,17,4,Morphological;POS;Emotion;Psycholinguistic;Knockoff
human_news_gazeta_0038,H,news,,1,39.1813,0.0000,32.3671,17,4,Morphological;POS;Emotion;Psycholinguistic;Knockoff
human_news_gazeta_0039,H,news,,1,54.5322,0.0000,45.0483,17,4,Morphological;POS;Emotion;Psycholinguistic;Knockoff
human_news_gazeta_0040,H,news,,1,30.4094,0.0000,25.1208,17,4,Morphological;POS;Emotion;Psycholinguistic;Knockoff
human_news_gazeta_0041,H,news,,1,43.2018,0.0000,35.6884,17,4,Morphological;POS;Emotion;Psycholinguistic;Knockoff
human_news_gazeta_0042,H,news,,1,55.5556,0.0000,45.8937,17,4,Morphological;POS;Emotion;Psycholinguistic;Knockoff
human_news_gazeta_0043,H,news,,1,65.2778,0.0000,53.9251,17,4,Morphological;POS;Emotion;Psycholinguistic;Knockoff
human_news_gazeta_0044,H,news,,1,48.6842,0.0000,40.2174,17,4,Morphological;POS;Emotion;Psycholinguistic;Knockoff
human_news_gazeta_0045,H,news,,1,40.2047,0.0000,33.2126,17,4,Morphological;POS;Emotion;Psycholinguistic;Knockoff
human_news_gazeta_0046,H,news,,1,38.9620,0.0000,32.1860,17,4,Morphological;POS;Emotion;Psycholinguistic;Knockoff
human_news_gazeta_0047,H,news,,1,58.1140,0.0000,48.0072,17,4,Morphological;POS;Emotion;Psycholinguistic;Knockoff
human_news_gazeta_0048,H,news,,1,44.2982,0.0000,36.5942,17,4,Morphological;POS;Emotion;Psycholinguistic;Knockoff
human_news_gazeta_0049,H,news,,1,52.2661,0.0000,43.1763,17,4,Morphological;POS;Emotion;Psycholinguistic;Knockoff
human_news_gazeta_0050,H,news,,1,63.3772,0.0000,52.3551,17,4,Morphological;POS;Emotion;Psycholinguistic;Knockoff
human_news_gazeta_0051,H,news,,1,40.4971,0.0000,33.4541,17,4,Morphological;POS;Emotion;Psycholinguistic;Knockoff
human_news_gazeta_0052,H,news,,1,50.3655,0.0000,41.6063,17,4,Morphological;POS;Emotion;Psycholinguistic;Knockoff
human_news_gazeta_0053,H,news,,1,32.8216,0.0000,27.1135,17,4,Morphological;POS;Emotion;Psycholinguistic;Knockoff
human_news_gazeta_0054,H,news,,1,54.0936,0.0000,44.6860,17,4,Morphological;POS;Emotion;Psycholinguistic;Knockoff
human_news_gazeta_0055,H,news,,1,36.5497,0.0000,30.1932,17,4,Morphological;POS;Emotion;Psycholinguistic;Knockoff
human_news_gazeta_0056,H,news,,1,36.4035,0.0000,30.0725,17,4,Morphological;POS;Emotion;Psycholinguistic;Knockoff
human_news_gazeta_0057,H,news,,1,63.1579,0.0000,52.1739,17,4,Morphological;POS;Emotion;Psycholinguistic;Knockoff
human_news_gazeta_0058,H,news,,1,57.1637,0.0000,47.2222,17,4,Morphological;POS;Emotion;Psycholinguistic;Knockoff
human_news_gazeta_0059,H,news,,1,53.7281,0.0000,44.3841,17,4,Morphological;POS;Emotion;Psycholinguistic;Knockoff
human_news_gazeta_0060,H,news,,1,59.9415,0.0000,49.5169,17,4,Morphological;POS;Emotion;Psycholinguistic;Knockoff
human_science_spbgu_0061,H,science,,3,64.6199,25.0000,57.7295,18,4,Morphological;POS;Emotion;Psycholinguistic;Knockoff
human_science_spbgu_0062,H,science,,3,52.9971,37.5000,50.3019,18,4,Morphological;POS;Emotion;Psycholinguistic;Knockoff
human_science_spbgu_0063,H,science,,3,71.1257,25.0000,63.1039,18,4,Morphological;POS;Emotion;Psycholinguistic;Knockoff
human_science_spbgu_0064,H,science,,3,72.9532,0.0000,60.2657,17,4,Morphological;POS;Emotion;Psycholinguistic;Knockoff
human_science_spbgu_0065,H,science,,3,62.2807,0.0000,51.4493,17,4,Morphological;POS;Emotion;Psycholinguistic;Knockoff
human_science_cyberleninka_0067,H,science,,3,47.8070,12.5000,41.6667,18,4,Morphological;POS;Emotion;Psycholinguistic;Knockoff
human_seo_devaka_ru_0001,H,seo,,2,39.0351,37.5000,38.7681,18,4,Morphological;POS;Emotion;Psycholinguistic;Knockoff
human_seo_devaka_ru_0002,H,seo,,2,44.1520,25.0000,40.8213,18,4,Morphological;POS;Emotion;Psycholinguistic;Knockoff
human_seo_devaka_ru_0003,H,seo,,2,45.0292,37.5000,43.7198,18,4,Morphological;POS;Emotion;Psycholinguistic;Knockoff
human_seo_devaka_ru_0004,H,seo,,2,57.7485,12.5000,49.8792,18,4,Morphological;POS;Emotion;Psycholinguistic;Knockoff
human_seo_devaka_ru_0005,H,seo,,2,58.9181,25.0000,53.0193,18,4,Morphological;POS;Emotion;Psycholinguistic;Knockoff
human_seo_devaka_ru_0006,H,seo,,2,42.3977,0.0000,35.0242,18,4,Morphological;POS;Emotion;Psycholinguistic;Knockoff
human_seo_devaka_ru_0007,H,seo,,2,61.6228,12.5000,53.0797,18,4,Morphological;POS;Emotion;Psycholinguistic;Knockoff
human_seo_devaka_ru_0008,H,seo,,2,32.0906,25.0000,30.8575,18,4,Morphological;POS;Emotion;Psycholinguistic;Knockoff
human_seo_devaka_ru_0009,H,seo,,2,37.8655,25.0000,35.6280,18,4,Morphological;POS;Emotion;Psycholinguistic;Knockoff
human_seo_devaka_ru_0011,H,seo,,2,37.2807,12.5000,32.9710,18,4,Morphological;POS;Emotion;Psycholinguistic;Knockoff
human_seo_devaka_ru_0012,H,seo,,2,56.7251,12.5000,49.0338,18,4,Morphological;POS;Emotion;Psycholinguistic;Knockoff
human_seo_devaka_ru_0013,H,seo,,2,37.4269,25.0000,35.2657,18,4,Morphological;POS;Emotion;Psycholinguistic;Knockoff
human_seo_devaka_ru_0014,H,seo,,2,38.0117,25.0000,35.7488,18,4,Morphological;POS;Emotion;Psycholinguistic;Knockoff
human_seo_devaka_ru_0017,H,seo,,2,31.9444,0.0000,26.3889,18,4,Morphological;POS;Emotion;Psycholinguistic;Knockoff
human_seo_devaka_ru_0018,H,seo,,2,44.4444,12.5000,38.8889,18,4,Morphological;POS;Emotion;Psycholinguistic;Knockoff
human_seo_devaka_ru_0019,H,seo,,2,41.0088,37.5000,40.3986,18,4,Morphological;POS;Emotion;Psycholinguistic;Knockoff
human_seo_optimizatorsha_ru_0001,H,seo,,2,38.8889,0.0000,32.1256,18,4,Morphological;POS;Emotion;Psycholinguistic;Knockoff
human_seo_optimizatorsha_ru_0002,H,seo,,2,26.4620,37.5000,28.3816,18,4,Morphological;POS;Emotion;Psycholinguistic;Knockoff
human_seo_optimizatorsha_ru_0003,H,seo,,2,47.7339,25.0000,43.7802,18,4,Morphological;POS;Emotion;Psycholinguistic;Knockoff
human_seo_optimizatorsha_ru_0004,H,seo,,2,27.7047,0.0000,22.8865,18,4,Morphological;POS;Emotion;Psycholinguistic;Knockoff
human_seo_optimizatorsha_ru_0005,H,seo,,2,53.2895,25.0000,48.3696,18,4,Morphological;POS;Emotion;Psycholinguistic;Knockoff
human_seo_seoprofy_ua_0001,H,seo,,2,55.5556,37.5000,52.4155,18,4,Morphological;POS;Emotion;Psycholinguistic;Knockoff
human_seo_seoprofy_ua_0002,H,seo,,2,41.5205,12.5000,36.4734,18,4,Morphological;POS;Emotion;Psycholinguistic;Knockoff
human_seo_seoprofy_ua_0003,H,seo,,2,21.7836,25.0000,22.3430,18,4,Morphological;POS;Emotion;Psycholinguistic;Knockoff
human_seo_sosnovskij_ru_0001,H,seo,,2,55.4825,12.5000,48.0072,18,4,Morphological;POS;Emotion;Psycholinguistic;Knockoff
human_seo_sosnovskij_ru_0002,H,seo,,2,75.1462,25.0000,66.4251,18,4,Morphological;POS;Emotion;Psycholinguistic;Knockoff
human_seo_sosnovskij_ru_0003,H,seo,,2,30.7018,50.0000,34.0580,18,4,Morphological;POS;Emotion;Psycholinguistic;Knockoff
human_seo_sosnovskij_ru_0004,H,seo,,2,79.3129,25.0000,69.8671,18,4,Morphological;POS;Emotion;Psycholinguistic;Knockoff
human_seo_sosnovskij_ru_0005,H,seo,,2,42.4708,12.5000,37.2585,18,4,Morphological;POS;Emotion;Psycholinguistic;Knockoff
human_seo_sosnovskij_ru_0006,H,seo,,2,87.7924,12.5000,74.6981,18,4,Morphological;POS;Emotion;Psycholinguistic;Knockoff
human_seo_sosnovskij_ru_0007,H,seo,,2,45.1754,0.0000,37.3188,18,4,Morphological;POS;Emotion;Psycholinguistic;Knockoff
human_seo_sosnovskij_ru_0010,H,seo,,2,59.6491,25.0000,53.6232,18,4,Morphological;POS;Emotion;Psycholinguistic;Knockoff
human_seo_sosnovskij_ru_0011,H,seo,,2,37.8655,25.0000,35.6280,18,4,Morphological;POS;Emotion;Psycholinguistic;Knockoff
human_seo_sosnovskij_ru_0012,H,seo,,2,51.9006,0.0000,42.8744,18,4,Morphological;POS;Emotion;Psycholinguistic;Knockoff
human_seo_drmax_su_0001,H,seo,,2,48.8304,37.5000,46.8599,18,4,Morphological;POS;Emotion;Psycholinguistic;Knockoff
human_seo_drmax_su_0002,H,seo,,2,40.8626,12.5000,35.9300,18,4,Morphological;POS;Emotion;Psycholinguistic;Knockoff
human_seo_shakin_ru_0001,H,seo,,2,46.5643,12.5000,40.6401,18,4,Morphological;POS;Emotion;Psycholinguistic;Knockoff
human_seo_shakin_ru_0002,H,seo,,2,18.9327,50.0000,24.3357,18,4,Morphological;POS;Emotion;Psycholinguistic;Knockoff
human_seo_shakin_ru_0003,H,seo,,2,52.1199,12.5000,45.2295,18,4,Morphological;POS;Emotion;Psycholinguistic;Knockoff
human_seo_madcats_ru_0001,H,seo,,2,33.8450,0.0000,27.9589,18,4,Morphological;POS;Emotion;Psycholinguistic;Knockoff
human_seo_madcats_ru_0002,H,seo,,2,50.2924,25.0000,45.8937,18,4,Morphological;POS;Emotion;Psycholinguistic;Knockoff
human_seo_madcats_ru_0003,H,seo,,2,33.8450,25.0000,32.3068,18,4,Morphological;POS;Emotion;Psycholinguistic;Knockoff
human_seo_madcats_ru_0004,H,seo,,2,69.2982,0.0000,57.2464,18,4,Morphological;POS;Emotion;Psycholinguistic;Knockoff
human_seo_seopulses_ru_0001,H,seo,,2,32.6023,12.5000,29.1063,18,4,Morphological;POS;Emotion;Psycholinguistic;Knockoff
human_seo_seopulses_ru_0002,H,seo,,2,41.5205,0.0000,34.2995,18,4,Morphological;POS;Emotion;Psycholinguistic;Knockoff
human_seo_seopulses_ru_0003,H,seo,,2,26.4620,37.5000,28.3816,18,4,Morphological;POS;Emotion;Psycholinguistic;Knockoff
human_seo_seopulses_ru_0004,H,seo,,2,43.4211,25.0000,40.2174,18,4,Morphological;POS;Emotion;Psycholinguistic;Knockoff
human_seo_seopulses_ru_0005,H,seo,,2,44.7368,0.0000,36.9565,18,4,Morphological;POS;Emotion;Psycholinguistic;Knockoff
human_seo_texterra_ru_0001,H,seo,,2,37.4269,0.0000,30.9179,18,4,Morphological;POS;Emotion;Psycholinguistic;Knockoff
human_seo_texterra_ru_0002,H,seo,,2,24.4883,0.0000,20.2295,18,4,Morphological;POS;Emotion;Psycholinguistic;Knockoff
human_seo_texterra_ru_0003,H,seo,,2,40.4240,12.5000,35.5676,18,4,Morphological;POS;Emotion;Psycholinguistic;Knockoff
human_seo_texterra_ru_0004,H,seo,,2,42.3246,12.5000,37.1377,18,4,Morphological;POS;Emotion;Psycholinguistic;Knockoff
human_seo_texterra_ru_0005,H,seo,,2,56.5789,12.5000,48.9130,18,4,Morphological;POS;Emotion;Psycholinguistic;Knockoff
human_seo_texterra_ru_0006,H,seo,,2,50.4386,0.0000,41.6667,18,4,Morphological;POS;Emotion;Psycholinguistic;Knockoff
human_seo_texterra_ru_0007,H,seo,,2,34.7222,12.5000,30.8575,18,4,Morphological;POS;Emotion;Psycholinguistic;Knockoff
human_seo_texterra_ru_0008,H,seo,,2,76.0234,0.0000,62.8019,18,4,Morphological;POS;Emotion;Psycholinguistic;Knockoff
human_seo_texterra_ru_0009,H,seo,,2,65.7164,12.5000,56.4614,18,4,Morphological;POS;Emotion;Psycholinguistic;Knockoff
human_seo_texterra_ru_0010,H,seo,,2,43.5673,12.5000,38.1643,18,4,Morphological;POS;Emotion;Psycholinguistic;Knockoff
human_seo_texterra_ru_0011,H,seo,,2,40.2047,12.5000,35.3865,18,4,Morphological;POS;Emotion;Psycholinguistic;Knockoff
human_seo_texterra_ru_0012,H,seo,,2,42.9094,0.0000,35.4469,18,4,Morphological;POS;Emotion;Psycholinguistic;Knockoff
human_seo_texterra_ru_0013,H,seo,,2,36.9152,12.5000,32.6691,18,4,Morphological;POS;Emotion;Psycholinguistic;Knockoff
human_seo_devaka_ru_0020,H,seo,,2,39.5468,12.5000,34.8430,18,4,Morphological;POS;Emotion;Psycholinguistic;Knockoff
human_seo_devaka_ru_0021,H,seo,,2,46.5643,25.0000,42.8140,18,4,Morphological;POS;Emotion;Psycholinguistic;Knockoff
human_seo_devaka_ru_0022,H,seo,,2,50.7310,12.5000,44.0821,18,4,Morphological;POS;Emotion;Psycholinguistic;Knockoff
human_seo_devaka_ru_0023,H,seo,,2,30.1170,37.5000,31.4010,18,4,Morphological;POS;Emotion;Psycholinguistic;Knockoff
human_seo_devaka_ru_0024,H,seo,,2,49.7807,25.0000,45.4710,18,4,Morphological;POS;Emotion;Psycholinguistic;Knockoff
human_seo_devaka_ru_0025,H,seo,,2,42.8363,12.5000,37.5604,18,4,Morphological;POS;Emotion;Psycholinguistic;Knockoff
human_seo_devaka_ru_0026,H,seo,,2,57.0906,12.5000,49.3357,18,4,Morphological;POS;Emotion;Psycholinguistic;Knockoff
human_seo_devaka_ru_0027,H,seo,,2,43.4942,25.0000,40.2778,18,4,Morphological;POS;Emotion;Psycholinguistic;Knockoff
human_seo_devaka_ru_0028,H,seo,,2,62.5000,25.0000,55.9783,18,4,Morphological;POS;Emotion;Psycholinguistic;Knockoff
human_seo_devaka_ru_0029,H,seo,,2,34.4298,12.5000,30.6159,18,4,Morphological;POS;Emotion;Psycholinguistic;Knockoff
human_seo_devaka_ru_0030,H,seo,,2,41.4474,12.5000,36.4130,18,4,Morphological;POS;Emotion;Psycholinguistic;Knockoff
human_seo_devaka_ru_0031,H,seo,,2,37.5731,12.5000,33.2126,18,4,Morphological;POS;Emotion;Psycholinguistic;Knockoff
human_seo_texterra_ru_0014,H,seo,,2,45.6140,12.5000,39.8551,18,4,Morphological;POS;Emotion;Psycholinguistic;Knockoff
human_seo_texterra_ru_0015,H,seo,,2,43.8596,0.0000,36.2319,18,4,Morphological;POS;Emotion;Psycholinguistic;Knockoff
human_seo_texterra_ru_0016,H,seo,,2,36.2573,12.5000,32.1256,18,4,Morphological;POS;Emotion;Psycholinguistic;Knockoff
human_seo_texterra_ru_0017,H,seo,,2,36.2573,12.5000,32.1256,18,4,Morphological;POS;Emotion;Psycholinguistic;Knockoff
human_seo_texterra_ru_0018,H,seo,,2,29.9708,0.0000,24.7585,18,4,Morphological;POS;Emotion;Psycholinguistic;Knockoff
human_seo_sosnovskij_ru_0013,H,seo,,2,40.9357,0.0000,33.8164,18,4,Morphological;POS;Emotion;Psycholinguistic;Knockoff
human_seo_sosnovskij_ru_0014,H,seo,,2,57.6023,37.5000,54.1063,18,4,Morphological;POS;Emotion;Psycholinguistic;Knockoff
human_seo_sosnovskij_ru_0015,H,seo,,2,64.0351,25.0000,57.2464,18,4,Morphological;POS;Emotion;Psycholinguistic;Knockoff
human_seo_sosnovskij_ru_0018,H,seo,,2,57.6023,12.5000,49.7585,18,4,Morphological;POS;Emotion;Psycholinguistic;Knockoff
human_seo_sosnovskij_ru_0019,H,seo,,2,48.5380,0.0000,40.0966,18,4,Morphological;POS;Emotion;Psycholinguistic;Knockoff
human_seo_sosnovskij_ru_0021,H,seo,,2,53.8012,50.0000,53.1401,18,4,Morphological;POS;Emotion;Psycholinguistic;Knockoff
human_seo_sosnovskij_ru_0022,H,seo,,2,49.4883,50.0000,49.5773,18,4,Morphological;POS;Emotion;Psycholinguistic;Knockoff
human_seo_madcats_ru_0005,H,seo,,2,59.2836,0.0000,48.9734,18,4,Morphological;POS;Emotion;Psycholinguistic;Knockoff
human_seo_madcats_ru_0006,H,seo,,2,34.8684,12.5000,30.9783,18,4,Morphological;POS;Emotion;Psycholinguistic;Knockoff
human_seo_madcats_ru_0007,H,seo,,2,50.8041,25.0000,46.3164,18,4,Morphological;POS;Emotion;Psycholinguistic;Knockoff
human_seo_madcats_ru_0008,H,seo,,2,53.4357,12.5000,46.3164,18,4,Morphological;POS;Emotion;Psycholinguistic;Knockoff
human_seo_madcats_ru_0009,H,seo,,2,34.4298,12.5000,30.6159,18,4,Morphological;POS;Emotion;Psycholinguistic;Knockoff
human_seo_madcats_ru_0010,H,seo,,2,24.7807,12.5000,22.6449,18,4,Morphological;POS;Emotion;Psycholinguistic;Knockoff
human_seo_madcats_ru_0012,H,seo,,2,48.0994,12.5000,41.9082,18,4,Morphological;POS;Emotion;Psycholinguistic;Knockoff
human_seo_drmax_su_0003,H,seo,,2,52.0468,25.0000,47.3430,18,4,Morphological;POS;Emotion;Psycholinguistic;Knockoff
human_seo_drmax_su_0004,H,seo,,2,57.5292,12.5000,49.6981,18,4,Morphological;POS;Emotion;Psycholinguistic;Knockoff
human_seo_drmax_su_0005,H,seo,,2,61.1842,0.0000,50.5435,18,4,Morphological;POS;Emotion;Psycholinguistic;Knockoff
human_seo_drmax_su_0006,H,seo,,2,44.4444,12.5000,38.8889,18,4,Morphological;POS;Emotion;Psycholinguistic;Knockoff
human_seo_drmax_su_0007,H,seo,,2,51.1696,12.5000,44.4444,18,4,Morphological;POS;Emotion;Psycholinguistic;Knockoff
human_seo_drmax_su_0008,H,seo,,2,55.4825,0.0000,45.8333,18,4,Morphological;POS;Emotion;Psycholinguistic;Knockoff
human_seo_devaka_ru_0032,H,seo,,2,38.9620,12.5000,34.3599,18,4,Morphological;POS;Emotion;Psycholinguistic;Knockoff
human_seo_devaka_ru_0033,H,seo,,2,51.4620,12.5000,44.6860,18,4,Morphological;POS;Emotion;Psycholinguistic;Knockoff
human_seo_devaka_ru_0034,H,seo,,2,39.4737,12.5000,34.7826,18,4,Morphological;POS;Emotion;Psycholinguistic;Knockoff
human_seo_devaka_ru_0035,H,seo,,2,47.2222,12.5000,41.1836,18,4,Morphological;POS;Emotion;Psycholinguistic;Knockoff
human_seo_devaka_ru_0036,H,seo,,2,29.8246,12.5000,26.8116,18,4,Morphological;POS;Emotion;Psycholinguistic;Knockoff
